index,cluster
0,2
1,2
2,2
3,2
4,1
5,2
6,0
7,2
8,1
9,0
10,1
11,1
12,2
13,2
14,0
15,0
16,1
17,2
18,2
19,1
20,1
21,2
22,1
23,1
24,1
25,0
26,2
27,0
28,2
29,0
30,2
31,2
32,1
33,2
34,1
35,1
36,1
37,1
38,2
39,0
40,1
41,2
42,0
43,1
44,2
45,0
46,1
47,1
48,1
49,1
50,2
51,0
52,1
53,2
54,1
55,1
56,0
57,1
58,2
59,1
60,2
61,1
62,2
63,2
64,1
65,1
66,1
67,1
68,2
69,1
70,2
71,2
72,2
73,1
74,1
75,1
76,1
77,1
78,0
79,1
80,2
81,1
82,2
83,1
84,1
85,2
86,2
87,2
88,2
89,1
90,1
91,2
92,2
93,1
94,1
95,2
96,1
97,2
98,1
99,1
100,2
101,2
102,2
103,1
104,2
105,2
106,1
107,1
108,1
109,2
110,1
111,2
112,1
113,2
114,1
115,2
116,0
117,2
118,1
119,2
120,1
121,2
122,1
123,2
124,2
125,0
126,2
127,2
128,0
129,2
130,0
131,2
132,0
133,1
134,2
135,1
136,1
137,2
138,1
139,2
140,2
141,0
142,1
143,2
144,2
145,2
146,2
147,2
148,1
149,1
150,2
151,0
152,2
153,0
154,1
155,1
156,2
157,1
158,1
159,2
160,1
161,0
162,2
163,2
164,2
165,1
166,2
167,1
168,2
169,1
170,1
171,2
172,0
173,1
174,1
175,1
176,1
177,2
178,1
179,2
180,0
181,2
182,0
183,2
184,2
185,1
186,1
187,1
188,0
189,2
190,2
191,0
192,0
193,0
194,1
195,1
196,1
197,1
198,1
199,2
200,2
201,2
202,0
203,0
204,0
205,1
206,2
207,2
208,1
209,2
210,2
211,2
212,1
213,2
214,2
215,1
216,0
217,0
218,2
219,2
220,2
221,0
222,1
223,2
224,1
225,0
226,1
227,0
228,2
229,2
230,1
231,2
232,2
233,1
234,2
235,1
236,0
237,1
238,2
239,1
240,1
241,1
242,2
243,1
244,0
245,2
246,1
247,2
248,2
249,2
250,1
251,2
252,2
253,2
254,2
255,0
256,2
257,1
258,1
259,2
260,0
261,1
262,2
263,0
264,2
265,1
266,1
267,1
268,0
269,1
270,1
271,2
272,1
273,2
274,2
275,1
276,1
277,2
278,2
279,0
280,1
281,2
282,1
283,2
284,2
285,2
286,0
287,1
288,1
289,2
290,1
291,0
292,0
293,1
294,1
295,2
296,2
297,0
298,1
299,2
300,0
301,0
302,2
303,1
304,2
305,1
306,1
307,1
308,2
309,1
310,2
311,1
312,1
313,0
314,2
315,1
316,2
317,2
318,2
319,2
320,2
321,1
322,0
323,2
324,1
325,1
326,0
327,1
328,2
329,2
330,2
331,2
332,0
333,2
334,2
335,0
336,2
337,2
338,1
339,1
340,0
341,2
342,2
343,1
344,0
345,0
346,0
347,2
348,2
349,1
350,1
351,2
352,0
353,2
354,2
355,2
356,2
357,0
358,0
359,2
360,1
361,1
362,2
363,2
364,1
365,0
366,2
367,2
368,0
369,1
370,2
371,0
372,2
373,0
374,2
375,1
376,1
377,2
378,1
379,2
380,2
381,1
382,1
383,0
384,1
385,2
386,2
387,2
388,1
389,2
390,1
391,0
392,1
393,2
394,2
395,2
396,2
397,0
398,0
399,0
400,2
401,1
402,0
403,1
404,2
405,2
406,2
407,0
408,1
409,2
410,1
411,2
412,2
413,0
414,2
415,2
416,1
417,1
418,0
419,2
420,2
421,2
422,2
423,0
424,2
425,1
426,1
427,2
428,2
429,1
430,2
431,2
432,2
433,2
434,2
435,1
436,1
437,1
438,2
439,0
440,2
441,1
442,1
443,1
444,2
445,2
446,1
447,1
448,2
449,1
450,2
451,0
452,2
453,2
454,2
455,2
456,1
457,2
458,2
459,2
460,1
461,2
462,2
463,1
464,0
465,1
466,2
467,1
468,2
469,2
470,1
471,1
472,2
473,0
474,2
475,2
476,2
477,2
478,2
479,2
480,2
481,0
482,2
483,2
484,1
485,1
486,2
487,1
488,2
489,1
490,2
491,1
492,1
493,1
494,1
495,2
496,2
497,0
498,0
499,2
500,0
501,2
502,2
503,1
504,1
505,1
506,2
507,0
508,1
509,2
510,2
511,2
512,2
513,2
514,2
515,2
516,0
517,1
518,0
519,2
520,2
521,2
522,2
523,2
524,0
525,2
526,1
527,2
528,2
529,0
530,2
531,2
532,1
533,1
534,0
535,2
536,2
537,2
538,1
539,2
540,1
541,2
542,1
543,2
544,0
545,2
546,0
547,2
548,2
549,2
550,1
551,1
552,1
553,2
554,1
555,2
556,1
557,1
558,1
559,0
560,1
561,0
562,1
563,2
564,2
565,2
566,0
567,2
568,1
569,1
570,1
571,1
572,2
573,0
574,2
575,2
576,1
577,2
578,1
579,0
580,2
581,0
582,1
583,1
584,0
585,0
586,1
587,0
588,1
589,1
590,1
591,2
592,1
593,2
594,0
595,1
596,0
597,2
598,0
599,1
600,0
601,2
602,2
603,2
604,0
605,0
606,2
607,1
608,1
609,0
610,2
611,2
612,1
613,1
614,2
615,1
616,1
617,0
618,2
619,1
620,2
621,0
622,0
623,2
624,2
625,2
626,1
627,1
628,1
629,0
630,2
631,0
632,2
633,0
634,0
635,2
636,1
637,1
638,0
639,0
640,1
641,2
642,1
643,2
644,1
645,0
646,1
647,1
648,1
649,2
650,2
651,2
652,0
653,2
654,1
655,0
656,2
657,2
658,1
659,0
660,0
661,1
662,2
663,2
664,0
665,1
666,0
667,2
668,0
669,2
670,2
671,1
672,1
673,1
674,2
675,2
676,2
677,1
678,0
679,1
680,0
681,2
682,1
683,1
684,2
685,0
686,1
687,0
688,0
689,1
690,2
691,0
692,0
693,2
694,2
695,1
696,1
697,0
698,1
699,2
700,2
701,2
702,1
703,0
704,2
705,1
706,2
707,2
708,1
709,2
710,1
711,1
712,2
713,2
714,1
715,2
716,2
717,0
718,0
719,1
720,1
721,0
722,2
723,1
724,0
725,0
726,2
727,1
728,1
729,1
730,2
731,2
732,2
733,2
734,2
735,0
736,1
737,2
738,2
739,2
740,1
741,1
742,1
743,2
744,0
745,1
746,1
747,0
748,1
749,1
750,1
751,2
752,1
753,0
754,0
755,1
756,1
757,1
758,1
759,2
760,1
761,2
762,2
763,0
764,2
765,2
766,0
767,2
768,1
769,2
770,1
771,0
772,2
773,0
774,0
775,1
776,1
777,0
778,2
779,1
780,1
781,1
782,1
783,0
784,1
785,2
786,2
787,1
788,1
789,2
790,1
791,0
792,1
793,1
794,0
795,1
796,0
797,2
798,0
799,2
800,2
801,1
802,1
803,2
804,0
805,0
806,1
807,0
808,2
809,2
810,0
811,2
812,0
813,1
814,1
815,2
816,0
817,1
818,0
819,1
820,1
821,1
822,0
823,1
824,0
825,2
826,1
827,0
828,2
829,2
830,1
831,1
832,2
833,1
834,0
835,0
836,2
837,2
838,1
839,1
840,0
841,1
842,2
843,1
844,2
845,2
846,0
847,0
848,2
849,0
850,0
851,1
852,0
853,1
854,2
855,2
856,1
857,1
858,1
859,2
860,2
861,1
862,1
863,1
864,2
865,2
866,2
867,2
868,1
869,1
870,2
871,2
872,2
873,2
874,1
875,1
876,2
877,1
878,0
879,2
880,2
881,0
882,0
883,2
884,0
885,0
886,0
887,2
888,1
889,2
890,1
891,0
892,0
893,2
894,0
895,1
896,2
897,2
898,0
899,0
900,2
901,0
902,1
903,2
904,2
905,1
906,1
907,0
908,2
909,2
910,1
911,1
912,2
913,2
914,2
915,2
916,1
917,1
918,2
919,2
920,2
921,1
922,0
923,2
924,0
925,1
926,1
927,1
928,2
929,2
930,0
931,1
932,2
933,1
934,1
935,2
936,1
937,2
938,2
939,2
940,0
941,2
942,1
943,2
944,2
945,0
946,1
947,2
948,1
949,2
950,2
951,0
952,0
953,2
954,2
955,0
956,2
957,2
958,2
959,2
960,1
961,1
962,1
963,1
964,1
965,1
966,1
967,2
968,0
969,0
970,0
971,2
972,2
973,0
974,1
975,1
976,0
977,1
978,0
979,1
980,2
981,0
982,1
983,0
984,0
985,1
986,1
987,2
988,2
989,0
990,2
991,1
992,2
993,1
994,2
995,0
996,2
997,1
998,0
999,0
1000,1
1001,0
1002,2
1003,1
1004,2
1005,1
1006,2
1007,2
1008,1
1009,2
1010,0
1011,1
1012,1
1013,0
1014,0
1015,2
1016,2
1017,1
1018,2
1019,0
1020,2
1021,1
1022,0
1023,2
1024,2
1025,1
1026,1
1027,1
1028,2
1029,2
1030,1
1031,2
1032,2
1033,1
1034,0
1035,2
1036,2
1037,0
1038,1
1039,1
1040,1
1041,2
1042,1
1043,1
1044,0
1045,0
1046,2
1047,1
1048,2
1049,2
1050,2
1051,2
1052,1
1053,2
1054,1
1055,2
1056,2
1057,0
1058,0
1059,1
1060,1
1061,0
1062,1
1063,1
1064,1
1065,2
1066,0
1067,0
1068,1
1069,1
1070,2
1071,0
1072,2
1073,0
1074,1
1075,1
1076,2
1077,2
1078,1
1079,2
1080,0
1081,1
1082,2
1083,1
1084,1
1085,2
1086,2
1087,1
1088,2
1089,1
1090,1
1091,1
1092,1
1093,1
1094,2
1095,2
1096,0
1097,0
1098,0
1099,0
1100,2
1101,2
1102,2
1103,0
1104,2
1105,1
1106,1
1107,2
1108,0
1109,0
1110,0
1111,1
1112,2
1113,2
1114,1
1115,0
1116,2
1117,0
1118,2
1119,2
1120,2
1121,1
1122,0
1123,2
1124,1
1125,1
1126,2
1127,1
1128,2
1129,2
1130,2
1131,2
1132,2
1133,0
1134,0
1135,1
1136,2
1137,2
1138,1
1139,2
1140,2
1141,2
1142,2
1143,2
1144,2
1145,2
1146,0
1147,1
1148,2
1149,2
1150,2
1151,2
1152,2
1153,2
1154,1
1155,0
1156,0
1157,1
1158,0
1159,1
1160,2
1161,0
1162,1
1163,0
1164,2
1165,2
1166,1
1167,0
1168,1
1169,2
1170,1
1171,2
1172,2
1173,1
1174,2
1175,2
1176,0
1177,2
1178,2
1179,1
1180,1
1181,1
1182,0
1183,2
1184,2
1185,1
1186,2
1187,2
1188,1
1189,1
1190,2
1191,2
1192,0
1193,0
1194,1
1195,1
1196,1
1197,1
1198,2
1199,1
1200,0
1201,2
1202,2
1203,2
1204,0
1205,1
1206,2
1207,0
1208,2
1209,0
1210,2
1211,1
1212,1
1213,2
1214,2
1215,2
1216,1
1217,2
1218,1
1219,1
1220,0
1221,1
1222,2
1223,2
1224,1
1225,0
1226,0
1227,2
1228,1
1229,2
1230,2
1231,0
1232,1
1233,2
1234,2
1235,2
1236,2
1237,1
1238,2
1239,2
1240,2
1241,1
1242,2
1243,1
1244,0
1245,2
1246,1
1247,2
1248,1
1249,1
1250,1
1251,1
1252,1
1253,1
1254,1
1255,2
1256,0
1257,0
1258,2
1259,1
1260,2
1261,1
1262,1
1263,0
1264,0
1265,2
1266,1
1267,1
1268,1
1269,2
1270,2
1271,2
1272,2
1273,2
1274,1
1275,0
1276,1
1277,2
1278,2
1279,2
1280,1
1281,1
1282,2
1283,1
1284,0
1285,1
1286,0
1287,2
1288,2
1289,2
1290,2
1291,1
1292,1
1293,2
1294,0
1295,2
1296,2
1297,0
1298,0
1299,2
1300,0
1301,2
1302,2
1303,1
1304,1
1305,0
1306,1
1307,1
1308,1
1309,2
1310,0
1311,2
1312,1
1313,2
1314,1
1315,2
1316,1
1317,1
1318,1
1319,1
1320,2
1321,0
1322,0
1323,2
1324,2
1325,0
1326,1
1327,1
1328,1
1329,1
1330,2
1331,2
1332,2
1333,1
1334,0
1335,0
1336,2
1337,0
1338,0
1339,2
1340,1
1341,1
1342,2
1343,0
1344,1
1345,1
1346,0
1347,2
1348,0
1349,0
1350,1
1351,0
1352,2
1353,1
1354,0
1355,1
1356,2
1357,0
1358,2
1359,1
1360,2
1361,2
1362,1
1363,1
1364,2
1365,2
1366,2
1367,2
1368,0
1369,2
1370,1
1371,2
1372,1
1373,1
1374,0
1375,2
1376,0
1377,1
1378,1
1379,2
1380,2
1381,0
1382,2
1383,1
1384,2
1385,1
1386,2
1387,1
1388,0
1389,2
1390,2
1391,2
1392,2
1393,1
1394,0
1395,1
1396,2
1397,1
1398,0
1399,2
1400,1
1401,2
1402,0
1403,0
1404,0
1405,2
1406,2
1407,1
1408,2
1409,2
1410,2
1411,0
1412,0
1413,0
1414,1
1415,2
1416,0
1417,0
1418,1
1419,2
1420,2
1421,1
1422,2
1423,0
1424,1
1425,2
1426,2
1427,1
1428,2
1429,2
1430,2
1431,0
1432,2
1433,2
1434,2
1435,2
1436,2
1437,0
1438,0
1439,2
1440,2
1441,2
1442,2
1443,0
1444,1
1445,2
1446,1
1447,2
1448,2
1449,2
1450,1
1451,2
1452,2
1453,1
1454,2
1455,2
1456,2
1457,1
1458,2
1459,1
1460,0
1461,2
1462,1
1463,1
1464,1
1465,1
1466,1
1467,1
1468,2
1469,1
1470,2
1471,1
1472,1
1473,1
1474,2
1475,1
1476,1
1477,1
1478,2
1479,2
1480,1
1481,1
1482,0
1483,0
1484,2
1485,0
1486,2
1487,2
1488,1
1489,2
1490,1
1491,0
1492,1
1493,1
1494,1
1495,1
1496,0
1497,1
1498,1
1499,1
1500,1
1501,1
1502,1
1503,2
1504,0
1505,1
1506,0
1507,2
1508,1
1509,2
1510,1
1511,2
1512,0
1513,1
1514,2
1515,2
1516,0
1517,0
1518,2
1519,1
1520,2
1521,2
1522,2
1523,1
1524,1
1525,0
1526,2
1527,0
1528,1
1529,1
1530,2
1531,2
1532,2
1533,2
1534,2
1535,2
1536,2
1537,2
1538,1
1539,2
1540,2
1541,2
1542,2
1543,2
1544,2
1545,2
1546,1
1547,1
1548,2
1549,0
1550,2
1551,2
1552,2
1553,2
1554,1
1555,0
1556,0
1557,1
1558,1
1559,2
1560,2
1561,1
1562,1
1563,1
1564,2
1565,2
1566,2
1567,1
1568,2
1569,0
1570,2
1571,1
1572,2
1573,2
1574,0
1575,2
1576,2
1577,0
1578,2
1579,1
1580,2
1581,0
1582,2
1583,0
1584,2
1585,2
1586,0
1587,2
1588,0
1589,1
1590,2
1591,1
1592,0
1593,2
1594,1
1595,0
1596,1
1597,1
1598,0
1599,2
1600,0
1601,2
1602,0
1603,0
1604,2
1605,2
1606,2
1607,2
1608,2
1609,1
1610,2
1611,0
1612,0
1613,2
1614,0
1615,1
1616,2
1617,1
1618,2
1619,1
1620,0
1621,0
1622,2
1623,2
1624,0
1625,1
1626,2
1627,2
1628,0
1629,0
1630,1
1631,0
1632,2
1633,1
1634,2
1635,1
1636,1
1637,2
1638,2
1639,1
1640,1
1641,1
1642,0
1643,2
1644,0
1645,2
1646,2
1647,2
1648,0
1649,2
1650,1
1651,2
1652,1
1653,2
1654,0
1655,0
1656,1
1657,1
1658,2
1659,1
1660,0
1661,1
1662,2
1663,0
1664,1
1665,2
1666,2
1667,1
1668,2
1669,0
1670,2
1671,0
1672,0
1673,1
1674,0
1675,0
1676,0
1677,0
1678,2
1679,0
1680,2
1681,1
1682,2
1683,2
1684,1
1685,2
1686,0
1687,1
1688,2
1689,1
1690,1
1691,1
1692,0
1693,2
1694,1
1695,2
1696,2
1697,0
1698,1
1699,2
1700,2
1701,2
1702,1
1703,2
1704,1
1705,0
1706,2
1707,1
1708,1
1709,2
1710,0
1711,2
1712,1
1713,0
1714,1
1715,1
1716,0
1717,2
1718,0
1719,2
1720,1
1721,2
1722,2
1723,1
1724,2
1725,0
1726,2
1727,1
1728,0
1729,2
1730,2
1731,1
1732,1
1733,1
1734,0
1735,0
1736,2
1737,1
1738,1
1739,0
1740,0
1741,1
1742,2
1743,1
1744,1
1745,1
1746,1
1747,0
1748,1
1749,1
1750,2
1751,1
1752,0
1753,2
1754,0
1755,0
1756,1
1757,2
1758,0
1759,1
1760,1
1761,2
1762,2
1763,1
1764,2
1765,1
1766,0
1767,1
1768,0
1769,1
1770,2
1771,2
1772,2
1773,1
1774,1
1775,1
1776,0
1777,2
1778,0
1779,2
1780,1
1781,2
1782,2
1783,1
1784,2
1785,1
1786,2
1787,2
1788,0
1789,1
1790,1
1791,2
1792,1
1793,2
1794,0
1795,1
1796,1
1797,1
1798,2
1799,0
1800,1
1801,2
1802,2
1803,1
1804,2
1805,2
1806,0
1807,1
1808,2
1809,1
1810,1
1811,2
1812,1
1813,1
1814,2
1815,2
1816,2
1817,0
1818,0
1819,0
1820,0
1821,2
1822,2
1823,2
1824,2
1825,0
1826,0
1827,0
1828,2
1829,2
1830,0
1831,1
1832,2
1833,1
1834,0
1835,2
1836,2
1837,2
1838,1
1839,2
1840,1
1841,2
1842,1
1843,2
1844,2
1845,1
1846,1
1847,1
1848,2
1849,2
1850,0
1851,2
1852,2
1853,2
1854,0
1855,1
1856,1
1857,2
1858,1
1859,0
1860,2
1861,1
1862,1
1863,2
1864,2
1865,0
1866,1
1867,1
1868,0
1869,1
1870,1
1871,0
1872,2
1873,2
1874,1
1875,0
1876,2
1877,2
1878,2
1879,2
1880,2
1881,2
1882,2
1883,1
1884,2
1885,2
1886,1
1887,0
1888,1
1889,2
1890,0
1891,2
1892,2
1893,2
1894,2
1895,2
1896,2
1897,2
1898,2
1899,2
1900,1
1901,0
1902,2
1903,2
1904,2
1905,1
1906,1
1907,0
1908,2
1909,1
1910,1
1911,1
1912,1
1913,1
1914,2
1915,1
1916,1
1917,0
1918,2
1919,1
1920,2
1921,2
1922,2
1923,2
1924,1
1925,2
1926,1
1927,2
1928,2
1929,1
1930,2
1931,0
1932,1
1933,2
1934,0
1935,2
1936,2
1937,2
1938,2
1939,1
1940,2
1941,2
1942,0
1943,0
1944,2
1945,1
1946,0
1947,2
1948,1
1949,0
1950,0
1951,2
1952,2
1953,2
1954,2
1955,1
1956,2
1957,2
1958,2
1959,2
1960,1
1961,1
1962,1
1963,0
1964,2
1965,2
1966,1
1967,1
1968,1
1969,0
1970,0
1971,2
1972,1
1973,1
1974,0
1975,0
1976,2
1977,1
1978,1
1979,1
1980,1
1981,2
1982,1
1983,2
1984,2
1985,2
1986,1
1987,2
1988,1
1989,0
1990,2
1991,1
1992,2
1993,1
1994,1
1995,0
1996,2
1997,2
1998,2
1999,1
2000,0
2001,0
2002,0
2003,2
2004,2
2005,2
2006,2
2007,0
2008,1
2009,0
2010,2
2011,1
2012,2
2013,2
2014,0
2015,0
2016,1
2017,2
2018,2
2019,2
2020,1
2021,1
2022,2
2023,1
2024,2
2025,0
2026,1
2027,1
2028,0
2029,2
2030,2
2031,2
2032,1
2033,1
2034,2
2035,1
2036,2
2037,2
2038,2
2039,0
2040,1
2041,0
2042,2
2043,0
2044,0
2045,2
2046,0
2047,2
2048,2
2049,1
2050,1
2051,2
2052,2
2053,2
2054,0
2055,2
2056,2
2057,1
2058,2
2059,1
2060,2
2061,1
2062,1
2063,2
2064,1
2065,2
2066,0
2067,2
2068,1
2069,0
2070,2
2071,2
2072,0
2073,1
2074,1
2075,1
2076,2
2077,1
2078,1
2079,0
2080,0
2081,2
2082,2
2083,1
2084,2
2085,0
2086,2
2087,0
2088,1
2089,2
2090,1
2091,1
2092,1
2093,2
2094,1
2095,2
2096,2
2097,0
2098,1
2099,0
2100,1
2101,1
2102,0
2103,0
2104,2
2105,2
2106,2
2107,0
2108,2
2109,0
2110,2
2111,0
2112,1
2113,1
2114,2
2115,1
2116,0
2117,0
2118,2
2119,2
2120,2
2121,2
2122,1
2123,1
2124,2
2125,0
2126,1
2127,2
2128,2
2129,2
2130,0
2131,1
2132,1
2133,1
2134,2
2135,2
2136,2
2137,2
2138,2
2139,0
2140,1
2141,2
2142,2
2143,0
2144,0
2145,2
2146,0
2147,2
2148,1
2149,2
2150,0
2151,0
2152,1
2153,2
2154,2
2155,2
2156,0
2157,2
2158,1
2159,1
2160,1
2161,0
2162,1
2163,0
2164,1
2165,1
2166,0
2167,2
2168,2
2169,2
2170,2
2171,2
2172,2
2173,2
2174,2
2175,0
2176,2
2177,1
2178,1
2179,2
2180,0
2181,0
2182,1
2183,2
2184,0
2185,1
2186,0
2187,0
2188,1
2189,2
2190,1
2191,1
2192,1
2193,2
2194,2
2195,0
2196,0
2197,1
2198,2
2199,1
2200,0
2201,0
2202,2
2203,2
2204,2
2205,0
2206,0
2207,2
2208,2
2209,1
2210,2
2211,2
2212,1
2213,0
2214,2
2215,2
2216,2
2217,0
2218,1
2219,0
2220,0
2221,2
2222,2
2223,1
2224,1
2225,2
2226,0
2227,1
2228,0
2229,2
2230,2
2231,1
2232,0
2233,0
2234,0
2235,0
2236,0
2237,2
2238,2
2239,2
2240,2
2241,0
2242,1
2243,2
2244,1
2245,0
2246,2
2247,2
2248,1
2249,2
2250,1
2251,1
2252,2
2253,0
2254,1
2255,0
2256,2
2257,1
2258,2
2259,2
2260,1
2261,1
2262,2
2263,2
2264,2
2265,2
2266,2
2267,2
2268,0
2269,1
2270,2
2271,0
2272,1
2273,1
2274,0
2275,0
2276,0
2277,1
2278,1
2279,0
2280,0
2281,1
2282,2
2283,2
2284,1
2285,1
2286,1
2287,2
2288,1
2289,2
2290,1
2291,2
2292,1
2293,2
2294,0
2295,2
2296,2
2297,0
2298,1
2299,2
2300,0
2301,1
2302,2
2303,0
2304,2
2305,0
2306,0
2307,0
2308,0
2309,0
2310,2
2311,2
2312,1
2313,0
2314,0
2315,1
2316,1
2317,2
2318,1
2319,2
2320,2
2321,2
2322,2
2323,2
2324,2
2325,0
2326,0
2327,1
2328,2
2329,2
2330,1
2331,2
2332,1
2333,1
2334,2
2335,0
2336,2
2337,1
2338,2
2339,2
2340,0
2341,2
2342,1
2343,0
2344,2
2345,0
2346,2
2347,1
2348,0
2349,0
2350,1
2351,2
2352,2
2353,1
2354,0
2355,1
2356,2
2357,2
2358,2
2359,1
2360,2
2361,0
2362,0
2363,2
2364,2
2365,0
2366,2
2367,1
2368,2
2369,1
2370,0
2371,0
2372,1
2373,2
2374,2
2375,2
2376,2
2377,1
2378,2
2379,2
2380,1
2381,0
2382,2
2383,0
2384,1
2385,2
2386,2
2387,2
2388,2
2389,2
2390,2
2391,1
2392,2
2393,1
2394,1
2395,2
2396,0
2397,0
2398,1
2399,1
2400,0
2401,2
2402,0
2403,2
2404,0
2405,1
2406,2
2407,1
2408,2
2409,2
2410,0
2411,2
2412,0
2413,0
2414,1
2415,2
2416,1
2417,1
2418,2
2419,1
2420,1
2421,0
2422,2
2423,2
2424,2
2425,1
2426,2
2427,2
2428,2
2429,1
2430,1
2431,0
2432,1
2433,2
2434,1
2435,0
2436,2
2437,2
2438,1
2439,1
2440,1
2441,0
2442,1
2443,2
2444,2
2445,0
2446,0
2447,0
2448,0
2449,0
2450,0
2451,2
2452,2
2453,2
2454,1
2455,2
2456,2
2457,0
2458,0
2459,2
2460,0
2461,1
2462,2
2463,0
2464,1
2465,1
2466,1
2467,0
2468,2
2469,1
2470,2
2471,2
2472,0
2473,1
2474,1
2475,2
2476,0
2477,1
2478,2
2479,1
2480,2
2481,1
2482,1
2483,2
2484,1
2485,0
2486,1
2487,2
2488,2
2489,2
2490,1
2491,1
2492,2
2493,1
2494,0
2495,2
2496,2
2497,1
2498,2
2499,2
2500,2
2501,1
2502,0
2503,1
2504,2
2505,2
2506,1
2507,2
2508,1
2509,1
2510,2
2511,2
2512,2
2513,1
2514,2
2515,2
2516,1
2517,2
2518,0
2519,2
2520,2
2521,2
2522,2
2523,2
2524,0
2525,2
2526,0
2527,1
2528,2
2529,2
2530,2
2531,2
2532,0
2533,1
2534,1
2535,1
2536,1
2537,1
2538,2
2539,0
2540,2
2541,2
2542,1
2543,2
2544,1
2545,0
2546,2
2547,2
2548,2
2549,1
2550,1
2551,1
2552,2
2553,1
2554,1
2555,0
2556,1
2557,1
2558,2
2559,0
2560,0
2561,1
2562,1
2563,2
2564,0
2565,2
2566,2
2567,0
2568,2
2569,0
2570,0
2571,2
2572,2
2573,0
2574,1
2575,1
2576,2
2577,2
2578,1
2579,2
2580,1
2581,1
2582,1
2583,1
2584,2
2585,2
2586,0
2587,0
2588,1
2589,2
2590,1
2591,2
2592,1
2593,0
2594,2
2595,2
2596,1
2597,1
2598,2
2599,1
2600,0
2601,2
2602,2
2603,2
2604,2
2605,1
2606,2
2607,2
2608,2
2609,0
2610,2
2611,1
2612,0
2613,0
2614,2
2615,0
2616,2
2617,2
2618,2
2619,0
2620,2
2621,0
2622,2
2623,2
2624,2
2625,2
2626,0
2627,0
2628,1
2629,1
2630,0
2631,0
2632,0
2633,2
2634,1
2635,1
2636,2
2637,1
2638,0
2639,0
2640,2
2641,2
2642,2
2643,1
2644,2
2645,2
2646,2
2647,1
2648,0
2649,2
2650,0
2651,1
2652,0
2653,1
2654,1
2655,2
2656,0
2657,1
2658,0
2659,0
2660,2
2661,1
2662,0
2663,1
2664,2
2665,0
2666,0
2667,1
2668,2
2669,2
2670,0
2671,2
2672,1
2673,1
2674,0
2675,1
2676,2
2677,2
2678,1
2679,1
2680,1
2681,2
2682,2
2683,2
2684,2
2685,2
2686,2
2687,0
2688,2
2689,1
2690,1
2691,1
2692,0
2693,0
2694,2
2695,2
2696,2
2697,0
2698,2
2699,2
2700,2
2701,0
2702,0
2703,2
2704,0
2705,2
2706,1
2707,1
2708,1
2709,1
2710,1
2711,2
2712,1
2713,1
2714,2
2715,2
2716,2
2717,2
2718,0
2719,1
2720,0
2721,1
2722,2
2723,1
2724,0
2725,1
2726,1
2727,2
2728,1
2729,1
2730,2
2731,0
2732,2
2733,2
2734,2
2735,2
2736,1
2737,2
2738,2
2739,0
2740,1
2741,1
2742,2
2743,0
2744,1
2745,2
2746,2
2747,1
2748,2
2749,2
2750,2
2751,0
2752,1
2753,1
2754,2
2755,2
2756,1
2757,1
2758,1
2759,2
2760,1
2761,0
2762,1
2763,2
2764,0
2765,2
2766,2
2767,2
2768,1
2769,2
2770,2
2771,0
2772,1
2773,0
2774,2
2775,1
2776,2
2777,0
2778,1
2779,1
2780,0
2781,0
2782,1
2783,1
2784,0
2785,0
2786,2
2787,2
2788,0
2789,1
2790,2
2791,1
2792,2
2793,1
2794,1
2795,2
2796,1
2797,0
2798,2
2799,1
2800,1
2801,2
2802,1
2803,1
2804,2
2805,2
2806,2
2807,1
2808,1
2809,2
2810,2
2811,1
2812,0
2813,1
2814,1
2815,1
2816,1
2817,0
2818,2
2819,1
2820,0
2821,1
2822,2
2823,1
2824,0
2825,1
2826,1
2827,1
2828,2
2829,1
2830,2
2831,1
2832,0
2833,2
2834,0
2835,1
2836,0
2837,2
2838,0
2839,0
2840,0
2841,1
2842,1
2843,1
2844,2
2845,2
2846,1
2847,0
2848,2
2849,2
2850,1
2851,2
2852,2
2853,1
2854,1
2855,2
2856,1
2857,2
2858,2
2859,2
2860,1
2861,2
2862,1
2863,0
2864,1
2865,2
2866,0
2867,2
2868,2
2869,2
2870,0
2871,0
2872,1
2873,2
2874,0
2875,1
2876,1
2877,0
2878,1
2879,1
2880,1
2881,0
2882,1
2883,1
2884,1
2885,2
2886,1
2887,1
2888,0
2889,0
2890,1
2891,0
2892,1
2893,1
2894,2
2895,1
2896,2
2897,2
2898,0
2899,2
2900,2
2901,1
2902,2
2903,1
2904,0
2905,2
2906,2
2907,2
2908,2
2909,2
2910,0
2911,2
2912,2
2913,2
2914,1
2915,1
2916,0
2917,0
2918,1
2919,0
2920,1
2921,2
2922,1
2923,0
2924,2
2925,2
2926,2
2927,2
2928,2
2929,2
2930,2
2931,2
2932,2
2933,1
2934,2
2935,2
2936,1
2937,1
2938,2
2939,2
2940,1
2941,1
2942,0
2943,2
2944,0
2945,2
2946,2
2947,2
2948,2
2949,0
2950,2
2951,1
2952,2
2953,1
2954,0
2955,2
2956,0
2957,2
2958,1
2959,2
2960,2
2961,1
2962,2
2963,0
2964,1
2965,1
2966,2
2967,1
2968,1
2969,2
2970,1
2971,1
2972,1
2973,2
2974,0
2975,2
2976,0
2977,2
2978,0
2979,2
2980,0
2981,2
2982,2
2983,2
2984,0
2985,1
2986,1
2987,1
2988,1
2989,1
2990,2
2991,1
2992,2
2993,0
2994,1
2995,0
2996,1
2997,2
2998,0
2999,0
3000,2
3001,0
3002,1
3003,0
3004,0
3005,2
3006,2
3007,2
3008,2
3009,1
3010,2
3011,2
3012,1
3013,1
3014,0
3015,1
3016,1
3017,2
3018,1
3019,2
3020,2
3021,1
3022,2
3023,0
3024,1
3025,0
3026,0
3027,0
3028,0
3029,1
3030,2
3031,2
3032,2
3033,1
3034,1
3035,2
3036,1
3037,2
3038,2
3039,2
3040,0
3041,2
3042,0
3043,1
3044,2
3045,1
3046,2
3047,0
3048,1
3049,1
3050,2
3051,1
3052,2
3053,0
3054,1
3055,0
3056,1
3057,0
3058,0
3059,2
3060,2
3061,1
3062,2
3063,1
3064,1
3065,1
3066,1
3067,1
3068,2
3069,1
3070,2
3071,2
3072,1
3073,1
3074,1
3075,0
3076,1
3077,2
3078,1
3079,0
3080,2
3081,1
3082,0
3083,2
3084,2
3085,2
3086,2
3087,2
3088,1
3089,0
3090,0
3091,2
3092,2
3093,0
3094,2
3095,2
3096,1
3097,0
3098,2
3099,1
3100,1
3101,2
3102,2
3103,2
3104,2
3105,1
3106,2
3107,2
3108,0
3109,0
3110,2
3111,2
3112,0
3113,0
3114,0
3115,0
3116,1
3117,2
3118,1
3119,0
3120,2
3121,2
3122,2
3123,1
3124,1
3125,2
3126,2
3127,1
3128,2
3129,0
3130,2
3131,2
3132,0
3133,1
3134,1
3135,1
3136,2
3137,2
3138,0
3139,0
3140,0
3141,1
3142,1
3143,0
3144,2
3145,2
3146,0
3147,1
3148,2
3149,2
3150,1
3151,1
3152,2
3153,1
3154,0
3155,1
3156,2
3157,0
3158,2
3159,1
3160,0
3161,2
3162,2
3163,2
3164,1
3165,1
3166,2
3167,2
3168,1
3169,2
3170,2
3171,1
3172,0
3173,0
3174,0
3175,1
3176,1
3177,1
3178,1
3179,1
3180,2
3181,2
3182,2
3183,2
3184,0
3185,0
3186,1
3187,0
3188,0
3189,1
3190,1
3191,0
3192,0
3193,0
3194,2
3195,2
3196,2
3197,1
3198,0
3199,1
3200,2
3201,0
3202,1
3203,1
3204,0
3205,2
3206,2
3207,2
3208,1
3209,2
3210,2
3211,2
3212,0
3213,0
3214,1
3215,0
3216,1
3217,2
3218,2
3219,1
3220,2
3221,1
3222,2
3223,2
3224,1
3225,2
3226,0
3227,2
3228,1
3229,1
3230,2
3231,0
3232,1
3233,1
3234,2
3235,1
3236,2
3237,1
3238,2
3239,2
3240,1
3241,2
3242,1
3243,1
3244,0
3245,2
3246,2
3247,1
3248,2
3249,1
3250,2
3251,2
3252,2
3253,1
3254,2
3255,2
3256,2
3257,0
3258,0
3259,2
3260,2
3261,1
3262,0
3263,2
3264,2
3265,2
3266,2
3267,1
3268,2
3269,1
3270,0
3271,0
3272,1
3273,1
3274,2
3275,2
3276,2
3277,1
3278,1
3279,2
3280,0
3281,2
3282,2
3283,2
3284,2
3285,0
3286,2
3287,0
3288,2
3289,1
3290,2
3291,0
3292,1
3293,1
3294,1
3295,0
3296,1
3297,2
3298,0
3299,0
3300,1
3301,2
3302,1
3303,2
3304,1
3305,1
3306,1
3307,2
3308,2
3309,1
3310,2
3311,1
3312,0
3313,1
3314,2
3315,0
3316,0
3317,2
3318,1
3319,1
3320,0
3321,1
3322,1
3323,2
3324,1
3325,0
3326,1
3327,0
3328,2
3329,2
3330,2
3331,2
3332,0
3333,1
3334,0
3335,2
3336,2
3337,0
3338,2
3339,0
3340,1
3341,0
3342,0
3343,1
3344,0
3345,2
3346,0
3347,0
3348,1
3349,1
3350,2
3351,2
3352,1
3353,2
3354,2
3355,1
3356,2
3357,1
3358,2
3359,2
3360,1
3361,0
3362,2
3363,2
3364,2
3365,2
3366,1
3367,1
3368,1
3369,2
3370,0
3371,2
3372,2
3373,1
3374,0
3375,0
3376,1
3377,2
3378,2
3379,0
3380,2
3381,1
3382,2
3383,2
3384,0
3385,2
3386,1
3387,0
3388,0
3389,0
3390,2
3391,2
3392,1
3393,2
3394,0
3395,2
3396,2
3397,1
3398,2
3399,0
3400,0
3401,2
3402,1
3403,0
3404,2
3405,1
3406,0
3407,1
3408,2
3409,2
3410,2
3411,2
3412,2
3413,1
3414,1
3415,0
3416,2
3417,0
3418,0
3419,1
3420,1
3421,1
3422,1
3423,0
3424,1
3425,0
3426,1
3427,1
3428,1
3429,1
3430,2
3431,1
3432,2
3433,1
3434,2
3435,2
3436,0
3437,0
3438,0
3439,0
3440,2
3441,1
3442,1
3443,0
3444,1
3445,1
3446,2
3447,2
3448,0
3449,2
3450,2
3451,0
3452,0
3453,1
3454,0
3455,1
3456,0
3457,1
3458,1
3459,2
3460,2
3461,0
3462,1
3463,2
3464,1
3465,1
3466,2
3467,1
3468,0
3469,2
3470,2
3471,1
3472,1
3473,0
3474,2
3475,1
3476,2
3477,1
3478,2
3479,2
3480,1
3481,0
3482,2
3483,0
3484,1
3485,1
3486,2
3487,2
3488,1
3489,1
3490,2
3491,1
3492,0
3493,0
3494,1
3495,2
3496,1
3497,1
3498,1
3499,2
3500,2
3501,2
3502,1
3503,0
3504,2
3505,2
3506,1
3507,2
3508,1
3509,1
3510,2
3511,2
3512,2
3513,2
3514,2
3515,0
3516,2
3517,2
3518,2
3519,2
3520,2
3521,1
3522,2
3523,2
3524,0
3525,2
3526,2
3527,2
3528,2
3529,2
3530,1
3531,2
3532,2
3533,2
3534,2
3535,0
3536,0
3537,1
3538,0
3539,1
3540,0
3541,1
3542,0
3543,2
3544,1
3545,1
3546,2
3547,1
3548,1
3549,0
3550,2
3551,1
3552,1
3553,1
3554,2
3555,0
3556,0
3557,2
3558,2
3559,2
3560,1
3561,1
3562,2
3563,0
3564,0
3565,0
3566,1
3567,2
3568,2
3569,2
3570,0
3571,2
3572,1
3573,2
3574,2
3575,2
3576,2
3577,1
3578,1
3579,0
3580,2
3581,2
3582,1
3583,2
3584,2
3585,2
3586,0
3587,1
3588,2
3589,2
3590,2
3591,1
3592,0
3593,1
3594,1
3595,1
3596,1
3597,0
3598,1
3599,1
3600,0
3601,2
3602,0
3603,1
3604,2
3605,0
3606,0
3607,0
3608,2
3609,2
3610,2
3611,0
3612,1
3613,2
3614,1
3615,2
3616,1
3617,0
3618,2
3619,2
3620,2
3621,1
3622,0
3623,2
3624,0
3625,1
3626,0
3627,1
3628,2
3629,2
3630,0
3631,1
3632,1
3633,0
3634,0
3635,2
3636,0
3637,1
3638,1
3639,1
3640,1
3641,1
3642,2
3643,1
3644,2
3645,0
3646,2
3647,1
3648,0
3649,0
3650,1
3651,2
3652,2
3653,2
3654,2
3655,1
3656,0
3657,0
3658,2
3659,0
3660,2
3661,1
3662,1
3663,0
3664,1
3665,1
3666,0
3667,1
3668,1
3669,1
3670,0
3671,2
3672,2
3673,0
3674,1
3675,2
3676,1
3677,1
3678,1
3679,2
3680,2
3681,2
3682,1
3683,1
3684,2
3685,0
3686,1
3687,1
3688,2
3689,0
3690,2
3691,2
3692,1
3693,1
3694,2
3695,1
3696,1
3697,0
3698,0
3699,1
3700,1
3701,1
3702,2
3703,2
3704,1
3705,2
3706,2
3707,2
3708,2
3709,0
3710,1
3711,1
3712,1
3713,1
3714,2
3715,2
3716,2
3717,0
3718,2
3719,2
3720,2
3721,2
3722,2
3723,1
3724,1
3725,1
3726,2
3727,0
3728,0
3729,2
3730,0
3731,2
3732,1
3733,1
3734,2
3735,2
3736,1
3737,1
3738,1
3739,1
3740,2
3741,1
3742,0
3743,1
3744,0
3745,1
3746,1
3747,2
3748,2
3749,2
3750,2
3751,0
3752,2
3753,1
3754,2
3755,0
3756,1
3757,2
3758,2
3759,2
3760,1
3761,1
3762,2
3763,2
3764,0
3765,1
3766,1
3767,1
3768,0
3769,1
3770,0
3771,2
3772,0
3773,2
3774,2
3775,1
3776,2
3777,0
3778,1
3779,1
3780,2
3781,2
3782,0
3783,2
3784,2
3785,0
3786,2
3787,1
3788,0
3789,0
3790,1
3791,1
3792,2
3793,1
3794,2
3795,1
3796,0
3797,0
3798,2
3799,1
3800,2
3801,2
3802,2
3803,0
3804,0
3805,2
3806,2
3807,2
3808,2
3809,2
3810,2
3811,1
3812,2
3813,2
3814,1
3815,0
3816,1
3817,1
3818,0
3819,2
3820,2
3821,2
3822,2
3823,2
3824,2
3825,0
3826,0
3827,0
3828,2
3829,0
3830,0
3831,2
3832,0
3833,1
3834,0
3835,0
3836,2
3837,1
3838,1
3839,1
3840,0
3841,2
3842,1
3843,1
3844,2
3845,1
3846,2
3847,1
3848,0
3849,2
3850,2
3851,1
3852,2
3853,1
3854,0
3855,2
3856,1
3857,0
3858,1
3859,1
3860,2
3861,1
3862,1
3863,1
3864,2
3865,2
3866,1
3867,1
3868,0
3869,1
3870,2
3871,1
3872,2
3873,0
3874,2
3875,2
3876,2
3877,0
3878,1
3879,0
3880,2
3881,2
3882,1
3883,0
3884,2
3885,2
3886,1
3887,1
3888,2
3889,2
3890,2
3891,2
3892,0
3893,2
3894,1
3895,1
3896,0
3897,0
3898,1
3899,2
3900,2
3901,2
3902,2
3903,2
3904,2
3905,0
3906,2
3907,0
3908,0
3909,0
3910,1
3911,2
3912,1
3913,2
3914,1
3915,0
3916,1
3917,2
3918,2
3919,1
3920,2
3921,2
3922,2
3923,2
3924,2
3925,2
3926,2
3927,0
3928,2
3929,2
3930,1
3931,0
3932,2
3933,1
3934,2
3935,0
3936,1
3937,1
3938,2
3939,1
3940,2
3941,1
3942,2
3943,2
3944,0
3945,0
3946,1
3947,2
3948,0
3949,1
3950,2
3951,0
3952,2
3953,2
3954,2
3955,1
3956,0
3957,2
3958,1
3959,0
3960,2
3961,1
3962,1
3963,1
3964,2
3965,1
3966,2
3967,2
3968,2
3969,1
3970,2
3971,1
3972,1
3973,1
3974,2
3975,2
3976,0
3977,2
3978,1
3979,0
3980,2
3981,1
3982,2
3983,2
3984,2
3985,0
3986,1
3987,2
3988,1
3989,2
3990,1
3991,1
3992,1
3993,2
3994,2
3995,2
3996,2
3997,0
3998,2
3999,1
4000,1
4001,1
4002,2
4003,1
4004,1
4005,1
4006,0
4007,0
4008,2
4009,2
4010,1
4011,2
4012,1
4013,1
4014,0
4015,0
4016,2
4017,2
4018,2
4019,1
4020,1
4021,0
4022,0
4023,2
4024,1
4025,2
4026,2
4027,2
4028,1
4029,2
4030,1
4031,0
4032,1
4033,2
4034,1
4035,1
4036,2
4037,1
4038,1
4039,0
4040,1
4041,1
4042,2
4043,1
4044,2
4045,2
4046,0
4047,2
4048,2
4049,1
4050,1
4051,0
4052,0
4053,0
4054,1
4055,1
4056,2
4057,2
4058,1
4059,0
4060,1
4061,2
4062,1
4063,0
4064,0
4065,2
4066,2
4067,2
4068,0
4069,2
4070,1
4071,1
4072,2
4073,1
4074,0
4075,0
4076,1
4077,2
4078,2
4079,1
4080,2
4081,2
4082,0
4083,2
4084,0
4085,2
4086,2
4087,2
4088,1
4089,2
4090,2
4091,2
4092,1
4093,1
4094,0
4095,0
4096,1
4097,2
4098,2
4099,0
4100,2
4101,1
4102,2
4103,1
4104,1
4105,0
4106,0
4107,2
4108,0
4109,0
4110,2
4111,2
4112,0
4113,0
4114,2
4115,2
4116,2
4117,1
4118,2
4119,2
4120,2
4121,1
4122,1
4123,2
4124,1
4125,2
4126,2
4127,0
4128,2
4129,2
4130,0
4131,0
4132,1
4133,1
4134,2
4135,1
4136,1
4137,1
4138,1
4139,1
4140,0
4141,1
4142,0
4143,2
4144,2
4145,2
4146,1
4147,0
4148,2
4149,0
4150,1
4151,1
4152,0
4153,2
4154,1
4155,0
4156,2
4157,1
4158,0
4159,1
4160,0
4161,1
4162,0
4163,1
4164,2
4165,1
4166,2
4167,2
4168,0
4169,0
4170,1
4171,2
4172,1
4173,1
4174,2
4175,2
4176,2
4177,2
4178,2
4179,1
4180,2
4181,2
4182,0
4183,0
4184,2
4185,1
4186,1
4187,0
4188,1
4189,2
4190,2
4191,2
4192,2
4193,2
4194,2
4195,0
4196,2
4197,0
4198,1
4199,1
4200,2
4201,0
4202,0
4203,0
4204,0
4205,0
4206,2
4207,2
4208,1
4209,1
4210,1
4211,1
4212,0
4213,1
4214,2
4215,0
4216,2
4217,0
4218,2
4219,0
4220,1
4221,1
4222,1
4223,1
4224,2
4225,2
4226,1
4227,0
4228,0
4229,1
4230,1
4231,2
4232,1
4233,0
4234,2
4235,2
4236,0
4237,2
4238,2
4239,1
4240,0
4241,1
4242,1
4243,1
4244,2
4245,2
4246,0
4247,1
4248,2
4249,2
4250,1
4251,2
4252,1
4253,2
4254,2
4255,0
4256,1
4257,1
4258,2
4259,1
4260,1
4261,2
4262,2
4263,2
4264,1
4265,2
4266,2
4267,1
4268,2
4269,0
4270,1
4271,0
4272,1
4273,2
4274,2
4275,2
4276,2
4277,2
4278,0
4279,2
4280,2
4281,1
4282,1
4283,1
4284,0
4285,1
4286,1
4287,0
4288,1
4289,1
4290,2
4291,0
4292,1
4293,1
4294,1
4295,0
4296,1
4297,1
4298,0
4299,2
4300,2
4301,1
4302,2
4303,0
4304,2
4305,1
4306,1
4307,1
4308,2
4309,2
4310,2
4311,1
4312,2
4313,2
4314,2
4315,2
4316,2
4317,1
4318,2
4319,1
4320,2
4321,1
4322,1
4323,2
4324,2
4325,1
4326,2
4327,0
4328,1
4329,2
4330,1
4331,2
4332,1
4333,2
4334,2
4335,1
4336,0
4337,1
4338,2
4339,0
4340,2
4341,2
4342,2
4343,1
4344,2
4345,0
4346,2
4347,1
4348,1
4349,2
4350,1
4351,0
4352,1
4353,2
4354,0
4355,0
4356,0
4357,2
4358,0
4359,0
4360,2
4361,1
4362,2
4363,2
4364,2
4365,1
4366,1
4367,2
4368,1
4369,1
4370,0
4371,1
4372,1
4373,2
4374,1
4375,2
4376,1
4377,1
4378,1
4379,0
4380,2
4381,2
4382,1
4383,2
4384,1
4385,0
4386,2
4387,2
4388,0
4389,1
4390,2
4391,2
4392,1
4393,0
4394,2
4395,2
4396,2
4397,2
4398,1
4399,0
4400,0
4401,1
4402,2
4403,2
4404,1
4405,0
4406,0
4407,1
4408,2
4409,2
4410,0
4411,2
4412,2
4413,2
4414,2
4415,1
4416,2
4417,2
4418,2
4419,0
4420,1
4421,2
4422,1
4423,2
4424,2
4425,2
4426,1
4427,2
4428,0
4429,0
4430,0
4431,2
4432,2
4433,1
4434,2
4435,1
4436,0
4437,0
4438,2
4439,1
4440,2
4441,0
4442,2
4443,1
4444,1
4445,2
4446,1
4447,0
4448,2
4449,2
4450,0
4451,1
4452,1
4453,1
4454,2
4455,1
4456,2
4457,2
4458,0
4459,0
4460,0
4461,0
4462,1
4463,1
4464,0
4465,2
4466,2
4467,0
4468,1
4469,2
4470,2
4471,1
4472,1
4473,0
4474,2
4475,2
4476,2
4477,0
4478,2
4479,2
4480,0
4481,2
4482,1
4483,1
4484,2
4485,1
4486,1
4487,1
4488,2
4489,2
4490,1
4491,1
4492,1
4493,1
4494,1
4495,1
4496,1
4497,0
4498,0
4499,0
4500,0
4501,2
4502,0
4503,0
4504,1
4505,1
4506,0
4507,2
4508,2
4509,2
4510,1
4511,2
4512,2
4513,1
4514,1
4515,2
4516,0
4517,2
4518,2
4519,0
4520,2
4521,0
4522,2
4523,0
4524,1
4525,0
4526,1
4527,1
4528,0
4529,1
4530,2
4531,2
4532,0
4533,2
4534,2
4535,1
4536,2
4537,2
4538,1
4539,2
4540,1
4541,2
4542,1
4543,2
4544,2
4545,2
4546,0
4547,1
4548,1
4549,2
4550,2
4551,2
4552,2
4553,0
4554,2
4555,2
4556,2
4557,0
4558,1
4559,1
4560,0
4561,2
4562,0
4563,1
4564,0
4565,1
4566,0
4567,2
4568,1
4569,2
4570,1
4571,0
4572,2
4573,2
4574,1
4575,2
4576,1
4577,1
4578,1
4579,0
4580,1
4581,0
4582,1
4583,2
4584,2
4585,2
4586,2
4587,1
4588,0
4589,2
4590,0
4591,2
4592,1
4593,2
4594,0
4595,2
4596,0
4597,0
4598,2
4599,2
4600,2
4601,2
4602,1
4603,2
4604,0
4605,2
4606,2
4607,2
4608,2
4609,1
4610,2
4611,2
4612,0
4613,0
4614,0
4615,2
4616,1
4617,0
4618,2
4619,0
4620,0
4621,2
4622,2
4623,1
4624,2
4625,0
4626,2
4627,1
4628,2
4629,1
4630,0
4631,2
4632,1
4633,1
4634,0
4635,2
4636,0
4637,1
4638,2
4639,0
4640,2
4641,0
4642,2
4643,2
4644,0
4645,1
4646,2
4647,0
4648,2
4649,2
4650,2
4651,2
4652,2
4653,0
4654,2
4655,2
4656,2
4657,0
4658,2
4659,2
4660,1
4661,2
4662,2
4663,2
4664,2
4665,0
4666,0
4667,2
4668,2
4669,1
4670,0
4671,2
4672,2
4673,0
4674,1
4675,1
4676,0
4677,1
4678,2
4679,0
4680,1
4681,2
4682,1
4683,1
4684,0
4685,1
4686,0
4687,0
4688,2
4689,0
4690,1
4691,1
4692,1
4693,1
4694,2
4695,1
4696,1
4697,2
4698,1
4699,1
4700,1
4701,1
4702,1
4703,1
4704,2
4705,0
4706,2
4707,2
4708,0
4709,0
4710,2
4711,0
4712,1
4713,2
4714,2
4715,1
4716,1
4717,1
4718,0
4719,1
4720,2
4721,2
4722,1
4723,1
4724,0
4725,1
4726,2
4727,2
4728,1
4729,0
4730,0
4731,2
4732,2
4733,0
4734,0
4735,1
4736,0
4737,1
4738,1
4739,2
4740,1
4741,1
4742,2
4743,1
4744,2
4745,2
4746,2
4747,2
4748,0
4749,0
4750,2
4751,1
4752,2
4753,2
4754,1
4755,2
4756,1
4757,2
4758,1
4759,2
4760,1
4761,2
4762,2
4763,2
4764,0
4765,0
4766,0
4767,1
4768,0
4769,0
4770,1
4771,0
4772,2
4773,2
4774,0
4775,2
4776,0
4777,2
4778,1
4779,1
4780,0
4781,1
4782,0
4783,0
4784,2
4785,1
4786,0
4787,1
4788,2
4789,1
4790,0
4791,1
4792,2
4793,1
4794,2
4795,0
4796,1
4797,1
4798,2
4799,2
4800,0
4801,1
4802,2
4803,2
4804,1
4805,1
4806,0
4807,1
4808,2
4809,0
4810,1
4811,2
4812,0
4813,1
4814,1
4815,2
4816,2
4817,1
4818,0
4819,1
4820,2
4821,1
4822,0
4823,0
4824,2
4825,1
4826,2
4827,1
4828,1
4829,2
4830,0
4831,2
4832,2
4833,1
4834,1
4835,2
4836,2
4837,2
4838,1
4839,2
4840,2
4841,2
4842,2
4843,0
4844,2
4845,1
4846,1
4847,1
4848,2
4849,0
4850,2
4851,0
4852,1
4853,1
4854,2
4855,0
4856,1
4857,0
4858,1
4859,1
4860,1
4861,1
4862,0
4863,0
4864,0
4865,1
4866,1
4867,2
4868,2
4869,0
4870,0
4871,1
4872,2
4873,1
4874,0
4875,1
4876,0
4877,2
4878,1
4879,2
4880,2
4881,2
4882,1
4883,2
4884,2
4885,2
4886,2
4887,1
4888,2
4889,1
4890,0
4891,0
4892,1
4893,1
4894,0
4895,0
4896,1
4897,0
4898,2
4899,2
4900,2
4901,0
4902,2
4903,2
4904,2
4905,1
4906,2
4907,0
4908,1
4909,2
4910,1
4911,1
4912,2
4913,1
4914,1
4915,2
4916,2
4917,2
4918,2
4919,2
4920,1
4921,0
4922,1
4923,1
4924,0
4925,2
4926,0
4927,2
4928,2
4929,0
4930,1
4931,1
4932,0
4933,2
4934,1
4935,0
4936,2
4937,2
4938,2
4939,2
4940,1
4941,1
4942,1
4943,1
4944,2
4945,2
4946,2
4947,2
4948,0
4949,2
4950,2
4951,1
4952,1
4953,1
4954,2
4955,1
4956,2
4957,2
4958,1
4959,2
4960,1
4961,1
4962,1
4963,1
4964,2
4965,2
4966,2
4967,1
4968,0
4969,0
4970,1
4971,1
4972,0
4973,1
4974,2
4975,1
4976,1
4977,0
4978,0
4979,1
4980,2
4981,2
4982,2
4983,2
4984,2
4985,0
4986,2
4987,1
4988,1
4989,2
4990,1
4991,2
4992,1
4993,0
4994,0
4995,0
4996,2
4997,1
4998,2
4999,2
5000,0
5001,0
5002,2
5003,2
5004,0
5005,0
5006,0
5007,2
5008,2
5009,2
5010,2
5011,0
5012,2
5013,2
5014,2
5015,1
5016,2
5017,1
5018,2
5019,0
5020,0
5021,2
5022,1
5023,1
5024,2
5025,1
5026,2
5027,0
5028,0
5029,1
5030,2
5031,2
5032,2
5033,0
5034,1
5035,1
5036,2
5037,2
5038,0
5039,2
5040,2
5041,1
5042,2
5043,1
5044,2
5045,1
5046,0
5047,1
5048,0
5049,2
5050,2
5051,1
5052,2
5053,2
5054,1
5055,2
5056,1
5057,2
5058,0
5059,2
5060,2
5061,2
5062,0
5063,1
5064,1
5065,2
5066,0
5067,2
5068,0
5069,2
5070,0
5071,2
5072,1
5073,2
5074,1
5075,2
5076,1
5077,0
5078,2
5079,0
5080,2
5081,1
5082,1
5083,1
5084,0
5085,1
5086,2
5087,2
5088,1
5089,1
5090,0
5091,0
5092,2
5093,0
5094,2
5095,1
5096,1
5097,2
5098,2
5099,2
5100,1
5101,2
5102,0
5103,2
5104,2
5105,2
5106,0
5107,2
5108,1
5109,2
5110,1
5111,0
5112,1
5113,1
5114,1
5115,1
5116,1
5117,2
5118,1
5119,0
5120,2
5121,0
5122,1
5123,2
5124,0
5125,1
5126,0
5127,0
5128,1
5129,2
5130,0
5131,0
5132,0
5133,1
5134,1
5135,2
5136,2
5137,1
5138,1
5139,0
5140,2
5141,2
5142,2
5143,0
5144,2
5145,2
5146,0
5147,0
5148,1
5149,1
5150,1
5151,0
5152,0
5153,0
5154,2
5155,2
5156,2
5157,2
5158,1
5159,2
5160,2
5161,0
5162,2
5163,2
5164,1
5165,1
5166,2
5167,1
5168,0
5169,2
5170,2
5171,0
5172,1
5173,1
5174,1
5175,2
5176,2
5177,0
5178,2
5179,2
5180,1
5181,1
5182,0
5183,2
5184,1
5185,1
5186,1
5187,1
5188,2
5189,2
5190,1
5191,1
5192,2
5193,0
5194,1
5195,1
5196,0
5197,2
5198,0
5199,1
5200,2
5201,2
5202,2
5203,0
5204,1
5205,2
5206,0
5207,1
5208,2
5209,2
5210,1
5211,1
5212,2
5213,1
5214,2
5215,2
5216,1
5217,2
5218,0
5219,2
5220,1
5221,2
5222,2
5223,2
5224,2
5225,1
5226,0
5227,2
5228,0
5229,0
5230,0
5231,2
5232,2
5233,1
5234,1
5235,0
5236,1
5237,2
5238,1
5239,1
5240,2
5241,2
5242,2
5243,1
5244,0
5245,1
5246,0
5247,2
5248,2
5249,0
5250,1
5251,1
5252,2
5253,1
5254,0
5255,1
5256,0
5257,2
5258,1
5259,0
5260,0
5261,1
5262,1
5263,2
5264,2
5265,0
5266,0
5267,2
5268,2
5269,1
5270,2
5271,2
5272,2
5273,0
5274,2
5275,2
5276,1
5277,1
5278,1
5279,2
5280,0
5281,1
5282,1
5283,2
5284,2
5285,2
5286,1
5287,1
5288,1
5289,1
5290,1
5291,1
5292,1
5293,1
5294,1
5295,2
5296,2
5297,1
5298,0
5299,1
5300,2
5301,2
5302,1
5303,2
5304,2
5305,1
5306,2
5307,2
5308,0
5309,2
5310,2
5311,0
5312,0
5313,2
5314,0
5315,2
5316,1
5317,1
5318,2
5319,2
5320,0
5321,1
5322,1
5323,2
5324,0
5325,1
5326,2
5327,1
5328,0
5329,0
5330,2
5331,2
5332,1
5333,1
5334,2
5335,0
5336,2
5337,0
5338,2
5339,1
5340,2
5341,2
5342,2
5343,1
5344,1
5345,2
5346,2
5347,0
5348,2
5349,1
5350,2
5351,1
5352,1
5353,0
5354,2
5355,1
5356,1
5357,1
5358,1
5359,0
5360,2
5361,2
5362,2
5363,2
5364,1
5365,1
5366,2
5367,2
5368,1
5369,2
5370,1
5371,2
5372,2
5373,2
5374,1
5375,2
5376,1
5377,2
5378,2
5379,2
5380,1
5381,1
5382,1
5383,2
5384,2
5385,1
5386,0
5387,2
5388,2
5389,0
5390,0
5391,2
5392,2
5393,0
5394,1
5395,2
5396,2
5397,0
5398,2
5399,1
5400,1
5401,2
5402,2
5403,0
5404,2
5405,1
5406,0
5407,2
5408,2
5409,0
5410,2
5411,0
5412,1
5413,0
5414,0
5415,0
5416,2
5417,0
5418,2
5419,2
5420,0
5421,1
5422,1
5423,2
5424,1
5425,0
5426,2
5427,2
5428,0
5429,0
5430,2
5431,1
5432,0
5433,2
5434,0
5435,2
5436,1
5437,2
5438,1
5439,2
5440,2
5441,2
5442,2
5443,0
5444,2
5445,2
5446,0
5447,2
5448,1
5449,1
5450,2
5451,2
5452,1
5453,1
5454,0
5455,2
5456,2
5457,2
5458,2
5459,2
5460,2
5461,2
5462,1
5463,1
5464,1
5465,0
5466,1
5467,2
5468,2
5469,0
5470,2
5471,2
5472,1
5473,2
5474,1
5475,2
5476,1
5477,1
5478,2
5479,1
5480,2
5481,1
5482,2
5483,1
5484,2
5485,1
5486,0
5487,0
5488,2
5489,0
5490,0
5491,1
5492,2
5493,2
5494,1
5495,2
5496,2
5497,1
5498,1
5499,1
5500,2
5501,2
5502,2
5503,1
5504,2
5505,2
5506,1
5507,2
5508,1
5509,2
5510,2
5511,2
5512,2
5513,2
5514,2
5515,2
5516,0
5517,0
5518,2
5519,1
5520,1
5521,1
5522,1
5523,1
5524,1
5525,1
5526,1
5527,2
5528,2
5529,1
5530,2
5531,2
5532,1
5533,0
5534,2
5535,1
5536,0
5537,2
5538,2
5539,2
5540,1
5541,2
5542,1
5543,2
5544,0
5545,2
5546,2
5547,1
5548,1
5549,1
5550,2
5551,1
5552,0
5553,0
5554,1
5555,2
5556,2
5557,0
5558,2
5559,0
5560,2
5561,2
5562,2
5563,1
5564,1
5565,0
5566,2
5567,2
5568,1
5569,2
5570,2
5571,2
5572,2
5573,2
5574,2
5575,1
5576,1
5577,2
5578,0
5579,1
5580,1
5581,2
5582,1
5583,0
5584,1
5585,1
5586,2
5587,1
5588,2
5589,0
5590,1
5591,2
5592,0
5593,1
5594,0
5595,0
5596,1
5597,1
5598,2
5599,2
5600,0
5601,1
5602,0
5603,2
5604,1
5605,0
5606,0
5607,2
5608,2
5609,0
5610,2
5611,2
5612,1
5613,2
5614,1
5615,2
5616,1
5617,1
5618,1
5619,2
5620,0
5621,2
5622,0
5623,2
5624,2
5625,0
5626,2
5627,1
5628,1
5629,1
5630,0
5631,1
5632,1
5633,0
5634,1
5635,2
5636,1
5637,0
5638,2
5639,1
5640,2
5641,1
5642,0
5643,2
5644,1
5645,1
5646,0
5647,2
5648,2
5649,1
5650,1
5651,0
5652,2
5653,0
5654,1
5655,2
5656,2
5657,1
5658,2
5659,0
5660,1
5661,1
5662,2
5663,2
5664,0
5665,1
5666,2
5667,1
5668,2
5669,0
5670,2
5671,1
5672,2
5673,0
5674,2
5675,1
5676,0
5677,2
5678,2
5679,1
5680,2
5681,0
5682,2
5683,1
5684,1
5685,2
5686,0
5687,2
5688,2
5689,2
5690,1
5691,0
5692,2
5693,0
5694,2
5695,2
5696,2
5697,0
5698,2
5699,1
5700,0
5701,0
5702,2
5703,2
5704,2
5705,2
5706,1
5707,0
5708,0
5709,1
5710,2
5711,1
5712,1
5713,2
5714,0
5715,2
5716,0
5717,0
5718,2
5719,0
5720,0
5721,2
5722,2
5723,2
5724,2
5725,2
5726,2
5727,1
5728,1
5729,0
5730,2
5731,2
5732,0
5733,2
5734,2
5735,0
5736,1
5737,1
5738,1
5739,1
5740,2
5741,1
5742,1
5743,1
5744,2
5745,2
5746,2
5747,1
5748,1
5749,1
5750,0
5751,1
5752,0
5753,0
5754,1
5755,2
5756,1
5757,2
5758,2
5759,1
5760,1
5761,1
5762,2
5763,1
5764,0
5765,2
5766,1
5767,0
5768,0
5769,0
5770,1
5771,0
5772,0
5773,2
5774,1
5775,2
5776,2
5777,2
5778,2
5779,0
5780,0
5781,1
5782,2
5783,2
5784,0
5785,2
5786,2
5787,1
5788,1
5789,1
5790,2
5791,1
5792,2
5793,1
5794,0
5795,1
5796,1
5797,1
5798,2
5799,2
5800,1
5801,1
5802,0
5803,0
5804,2
5805,1
5806,0
5807,2
5808,0
5809,1
5810,1
5811,2
5812,2
5813,1
5814,1
5815,1
5816,0
5817,2
5818,1
5819,2
5820,1
5821,2
5822,2
5823,2
5824,0
5825,2
5826,1
5827,2
5828,1
5829,0
5830,2
5831,1
5832,1
5833,2
5834,1
5835,2
5836,1
5837,1
5838,2
5839,2
5840,1
5841,1
5842,2
5843,1
5844,1
5845,0
5846,1
5847,2
5848,2
5849,0
5850,2
5851,0
5852,0
5853,2
5854,1
5855,1
5856,0
5857,2
5858,2
5859,1
5860,1
5861,0
5862,0
5863,1
5864,1
5865,2
5866,1
5867,2
5868,2
5869,0
5870,0
5871,2
5872,2
5873,1
5874,1
5875,2
5876,1
5877,2
5878,1
5879,1
5880,0
5881,2
5882,1
5883,2
5884,2
5885,0
5886,2
5887,2
5888,1
5889,1
5890,2
5891,2
5892,2
5893,2
5894,1
5895,2
5896,2
5897,1
5898,1
5899,1
5900,1
5901,2
5902,0
5903,0
5904,1
5905,1
5906,1
5907,2
5908,1
5909,2
5910,0
5911,2
5912,0
5913,1
5914,1
5915,2
5916,1
5917,1
5918,2
5919,0
5920,0
5921,2
5922,1
5923,2
5924,2
5925,1
5926,2
5927,2
5928,2
5929,1
5930,1
5931,2
5932,2
5933,0
5934,1
5935,1
5936,0
5937,2
5938,1
5939,2
5940,2
5941,1
5942,2
5943,1
5944,2
5945,2
5946,2
5947,2
5948,1
5949,0
5950,2
5951,2
5952,1
5953,2
5954,0
5955,2
5956,2
5957,1
5958,2
5959,2
5960,0
5961,1
5962,1
5963,2
5964,1
5965,2
5966,0
5967,2
5968,1
5969,2
5970,2
5971,2
5972,2
5973,0
5974,1
5975,1
5976,2
5977,1
5978,0
5979,1
5980,0
5981,2
5982,2
5983,1
5984,1
5985,1
5986,2
5987,2
5988,0
5989,2
5990,1
5991,2
5992,2
5993,2
5994,2
5995,1
5996,1
5997,0
5998,2
5999,1
6000,1
6001,2
6002,1
6003,1
6004,2
6005,0
6006,1
6007,2
6008,1
6009,1
6010,1
6011,1
6012,1
6013,2
6014,0
6015,2
6016,2
6017,1
6018,0
6019,2
6020,0
6021,2
6022,1
6023,2
6024,1
6025,1
6026,1
6027,0
6028,1
6029,1
6030,1
6031,1
6032,2
6033,1
6034,1
6035,2
6036,0
6037,2
6038,2
6039,2
6040,1
6041,2
6042,2
6043,0
6044,2
6045,0
6046,0
6047,1
6048,2
6049,2
6050,2
6051,1
6052,0
6053,1
6054,1
6055,2
6056,0
6057,2
6058,2
6059,2
6060,2
6061,2
6062,2
6063,1
6064,2
6065,2
6066,2
6067,2
6068,1
6069,1
6070,2
6071,2
6072,2
6073,2
6074,2
6075,1
6076,1
6077,2
6078,2
6079,2
6080,0
6081,1
6082,0
6083,2
6084,1
6085,1
6086,2
6087,2
6088,0
6089,0
6090,2
6091,2
6092,2
6093,1
6094,1
6095,1
6096,2
6097,2
6098,0
6099,1
6100,0
6101,1
6102,2
6103,0
6104,2
6105,2
6106,2
6107,2
6108,1
6109,2
6110,1
6111,1
6112,2
6113,1
6114,0
6115,2
6116,2
6117,2
6118,0
6119,0
6120,2
6121,0
6122,1
6123,2
6124,2
6125,0
6126,1
6127,1
6128,1
6129,1
6130,1
6131,2
6132,0
6133,0
6134,0
6135,1
6136,1
6137,2
6138,0
6139,1
6140,2
6141,1
6142,2
6143,2
6144,1
6145,1
6146,1
6147,0
6148,2
6149,2
6150,1
6151,2
6152,0
6153,1
6154,2
6155,0
6156,2
6157,2
6158,2
6159,2
6160,0
6161,0
6162,2
6163,2
6164,2
6165,2
6166,0
6167,0
6168,1
6169,2
6170,2
6171,1
6172,1
6173,1
6174,0
6175,2
6176,1
6177,2
6178,2
6179,0
6180,0
6181,0
6182,0
6183,1
6184,2
6185,2
6186,1
6187,2
6188,0
6189,2
6190,1
6191,2
6192,1
6193,2
6194,2
6195,1
6196,0
6197,0
6198,2
6199,2
6200,2
6201,1
6202,0
6203,1
6204,0
6205,2
6206,1
6207,1
6208,0
6209,1
6210,2
6211,2
6212,2
6213,1
6214,1
6215,0
6216,0
6217,2
6218,0
6219,2
6220,2
6221,2
6222,2
6223,0
6224,0
6225,1
6226,2
6227,1
6228,2
6229,0
6230,2
6231,1
6232,2
6233,1
6234,1
6235,2
6236,1
6237,0
6238,1
6239,1
6240,2
6241,2
6242,2
6243,0
6244,2
6245,2
6246,2
6247,0
6248,2
6249,1
6250,2
6251,1
6252,1
6253,2
6254,2
6255,1
6256,1
6257,1
6258,0
6259,1
6260,2
6261,0
6262,1
6263,2
6264,1
6265,2
6266,0
6267,2
6268,0
6269,2
6270,1
6271,1
6272,1
6273,0
6274,2
6275,0
6276,2
6277,2
6278,2
6279,2
6280,2
6281,2
6282,0
6283,0
6284,2
6285,1
6286,0
6287,2
6288,2
6289,1
6290,2
6291,2
6292,2
6293,2
6294,0
6295,1
6296,2
6297,1
6298,1
6299,1
6300,0
6301,2
6302,0
6303,2
6304,2
6305,2
6306,2
6307,2
6308,2
6309,2
6310,0
6311,1
6312,1
6313,2
6314,2
6315,0
6316,2
6317,1
6318,0
6319,1
6320,2
6321,0
6322,2
6323,2
6324,2
6325,1
6326,2
6327,1
6328,2
6329,1
6330,2
6331,2
6332,1
6333,0
6334,2
6335,0
6336,2
6337,1
6338,1
6339,2
6340,2
6341,2
6342,2
6343,2
6344,1
6345,1
6346,1
6347,0
6348,1
6349,2
6350,2
6351,2
6352,1
6353,0
6354,1
6355,1
6356,1
6357,2
6358,0
6359,0
6360,1
6361,2
6362,1
6363,1
6364,2
6365,0
6366,2
6367,2
6368,0
6369,1
6370,2
6371,1
6372,1
6373,1
6374,1
6375,2
6376,1
6377,2
6378,2
6379,2
6380,0
6381,2
6382,2
6383,1
6384,2
6385,1
6386,0
6387,2
6388,1
6389,2
6390,1
6391,1
6392,1
6393,0
6394,1
6395,2
6396,0
6397,0
6398,2
6399,2
6400,0
6401,2
6402,2
6403,1
6404,1
6405,2
6406,0
6407,0
6408,1
6409,2
6410,1
6411,2
6412,1
6413,1
6414,1
6415,2
6416,0
6417,2
6418,0
6419,1
6420,1
6421,2
6422,2
6423,0
6424,2
6425,2
6426,0
6427,1
6428,0
6429,1
6430,2
6431,0
6432,2
6433,2
6434,1
6435,1
6436,2
6437,2
6438,0
6439,1
6440,1
6441,2
6442,2
6443,1
6444,1
6445,2
6446,0
6447,0
6448,2
6449,2
6450,2
6451,0
6452,0
6453,0
6454,2
6455,0
6456,0
6457,2
6458,2
6459,2
6460,1
6461,0
6462,2
6463,2
6464,0
6465,1
6466,2
6467,2
6468,2
6469,2
6470,1
6471,1
6472,1
6473,1
6474,1
6475,0
6476,2
6477,0
6478,2
6479,2
6480,2
6481,2
6482,2
6483,2
6484,2
6485,1
6486,1
6487,2
6488,0
6489,1
6490,2
6491,2
6492,2
6493,1
6494,2
6495,2
6496,0
6497,2
6498,2
6499,1
6500,0
6501,0
6502,0
6503,1
6504,2
6505,0
6506,1
6507,1
6508,1
6509,2
6510,2
6511,2
6512,0
6513,2
6514,2
6515,2
6516,0
6517,2
6518,0
6519,1
6520,0
6521,2
6522,1
6523,0
6524,0
6525,0
6526,1
6527,0
6528,2
6529,2
6530,2
6531,1
6532,2
6533,2
6534,0
6535,1
6536,0
6537,2
6538,1
6539,1
6540,1
6541,2
6542,1
6543,2
6544,2
6545,0
6546,0
6547,2
6548,0
6549,1
6550,0
6551,2
6552,0
6553,1
6554,1
6555,2
6556,1
6557,1
6558,1
6559,2
6560,2
6561,0
6562,1
6563,2
6564,2
6565,2
6566,1
6567,2
6568,0
6569,1
6570,1
6571,0
6572,2
6573,0
6574,2
6575,0
6576,1
6577,1
6578,0
6579,1
6580,1
6581,1
6582,2
6583,1
6584,1
6585,2
6586,1
6587,2
6588,2
6589,0
6590,2
6591,2
6592,2
6593,1
6594,2
6595,2
6596,0
6597,1
6598,0
6599,1
6600,2
6601,1
6602,1
6603,2
6604,2
6605,0
6606,1
6607,2
6608,1
6609,2
6610,2
6611,0
6612,2
6613,2
6614,2
6615,2
6616,2
6617,0
6618,0
6619,2
6620,1
6621,2
6622,0
6623,1
6624,2
6625,2
6626,2
6627,1
6628,0
6629,1
6630,0
6631,0
6632,0
6633,0
6634,1
6635,0
6636,2
6637,1
6638,2
6639,0
6640,2
6641,1
6642,2
6643,0
6644,2
6645,1
6646,1
6647,0
6648,2
6649,1
6650,2
6651,1
6652,0
6653,0
6654,2
6655,2
6656,1
6657,2
6658,2
6659,0
6660,2
6661,1
6662,0
6663,2
6664,2
6665,2
6666,0
6667,2
6668,2
6669,2
6670,2
6671,2
6672,2
6673,2
6674,2
6675,2
6676,2
6677,0
6678,2
6679,2
6680,0
6681,1
6682,2
6683,1
6684,0
6685,1
6686,1
6687,1
6688,1
6689,1
6690,0
6691,1
6692,1
6693,0
6694,1
6695,1
6696,2
6697,0
6698,2
6699,1
6700,2
6701,2
6702,1
6703,1
6704,2
6705,2
6706,2
6707,0
6708,2
6709,0
6710,2
6711,2
6712,1
6713,2
6714,1
6715,0
6716,2
6717,1
6718,1
6719,2
6720,0
6721,0
6722,2
6723,2
6724,1
6725,2
6726,2
6727,1
6728,2
6729,2
6730,0
6731,1
6732,1
6733,1
6734,2
6735,2
6736,0
6737,2
6738,0
6739,2
6740,2
6741,1
6742,1
6743,2
6744,1
6745,2
6746,0
6747,1
6748,2
6749,2
6750,2
6751,0
6752,2
6753,0
6754,1
6755,1
6756,2
6757,2
6758,0
6759,0
6760,2
6761,2
6762,0
6763,2
6764,0
6765,1
6766,1
6767,1
6768,1
6769,2
6770,0
6771,2
6772,2
6773,2
6774,0
6775,0
6776,0
6777,1
6778,2
6779,2
6780,2
6781,2
6782,1
6783,2
6784,2
6785,1
6786,2
6787,1
6788,2
6789,1
6790,2
6791,1
6792,1
6793,0
6794,0
6795,2
6796,2
6797,2
6798,0
6799,1
6800,2
6801,2
6802,1
6803,0
6804,0
6805,0
6806,1
6807,2
6808,2
6809,2
6810,2
6811,1
6812,1
6813,1
6814,2
6815,0
6816,1
6817,1
6818,0
6819,1
6820,1
6821,2
6822,1
6823,1
6824,0
6825,0
6826,0
6827,0
6828,1
6829,1
6830,2
6831,0
6832,1
6833,2
6834,1
6835,1
6836,2
6837,2
6838,1
6839,1
6840,2
6841,0
6842,2
6843,1
6844,1
6845,1
6846,2
6847,2
6848,0
6849,2
6850,1
6851,1
6852,1
6853,1
6854,2
6855,2
6856,1
6857,0
6858,0
6859,2
6860,1
6861,1
6862,1
6863,1
6864,2
6865,1
6866,1
6867,2
6868,1
6869,0
6870,1
6871,2
6872,1
6873,0
6874,1
6875,1
6876,2
6877,0
6878,2
6879,2
6880,1
6881,0
6882,2
6883,1
6884,2
6885,2
6886,1
6887,2
6888,2
6889,0
6890,1
6891,1
6892,0
6893,2
6894,2
6895,2
6896,0
6897,2
6898,2
6899,1
6900,0
6901,1
6902,0
6903,0
6904,2
6905,2
6906,2
6907,2
6908,2
6909,2
6910,2
6911,2
6912,0
6913,1
6914,1
6915,2
6916,0
6917,2
6918,2
6919,1
6920,0
6921,1
6922,2
6923,2
6924,2
6925,1
6926,1
6927,2
6928,2
6929,2
6930,2
6931,0
6932,2
6933,1
6934,2
6935,0
6936,0
6937,2
6938,1
6939,0
6940,0
6941,0
6942,1
6943,2
6944,1
6945,0
6946,2
6947,2
6948,0
6949,1
6950,2
6951,1
6952,1
6953,2
6954,1
6955,2
6956,1
6957,1
6958,1
6959,2
6960,1
6961,1
6962,0
6963,2
6964,2
6965,2
6966,0
6967,0
6968,1
6969,2
6970,2
6971,2
6972,1
6973,2
6974,0
6975,2
6976,2
6977,2
6978,2
6979,1
6980,2
6981,2
6982,2
6983,1
6984,1
6985,2
6986,1
6987,1
6988,0
6989,1
6990,1
6991,0
6992,2
6993,1
6994,1
6995,1
6996,2
6997,1
6998,0
6999,1
7000,1
7001,0
7002,2
7003,0
7004,0
7005,2
7006,1
7007,1
7008,0
7009,0
7010,2
7011,2
7012,1
7013,0
7014,2
7015,1
7016,1
7017,1
7018,0
7019,1
7020,1
7021,2
7022,1
7023,1
7024,2
7025,1
7026,0
7027,2
7028,2
7029,2
7030,2
7031,0
7032,2
7033,2
7034,1
7035,2
7036,2
7037,2
7038,0
7039,1
7040,2
7041,0
7042,1
7043,1
7044,2
7045,1
7046,1
7047,2
7048,1
7049,0
7050,1
7051,1
7052,0
7053,2
7054,0
7055,1
7056,1
7057,1
7058,0
7059,2
7060,1
7061,2
7062,0
7063,2
7064,2
7065,0
7066,2
7067,0
7068,1
7069,2
7070,2
7071,2
7072,1
7073,2
7074,1
7075,0
7076,1
7077,1
7078,1
7079,0
7080,1
7081,1
7082,1
7083,1
7084,2
7085,0
7086,2
7087,1
7088,0
7089,2
7090,2
7091,1
7092,1
7093,2
7094,1
7095,2
7096,2
7097,2
7098,0
7099,0
7100,2
7101,1
7102,1
7103,0
7104,1
7105,2
7106,1
7107,2
7108,0
7109,1
7110,2
7111,0
7112,2
7113,0
7114,1
7115,2
7116,1
7117,1
7118,2
7119,2
7120,2
7121,1
7122,2
7123,0
7124,2
7125,2
7126,1
7127,1
7128,0
7129,1
7130,1
7131,2
7132,1
7133,2
7134,0
7135,1
7136,2
7137,1
7138,1
7139,1
7140,1
7141,2
7142,0
7143,1
7144,1
7145,1
7146,1
7147,2
7148,2
7149,0
7150,0
7151,2
7152,2
7153,0
7154,2
7155,2
7156,2
7157,2
7158,1
7159,1
7160,2
7161,2
7162,1
7163,2
7164,2
7165,0
7166,0
7167,0
7168,0
7169,1
7170,2
7171,2
7172,1
7173,1
7174,2
7175,1
7176,0
7177,2
7178,2
7179,2
7180,1
7181,1
7182,2
7183,0
7184,2
7185,2
7186,1
7187,2
7188,2
7189,0
7190,2
7191,0
7192,0
7193,2
7194,2
7195,1
7196,1
7197,1
7198,0
7199,1
7200,2
7201,1
7202,1
7203,0
7204,1
7205,2
7206,0
7207,2
7208,1
7209,0
7210,2
7211,0
7212,1
7213,1
7214,0
7215,2
7216,2
7217,1
7218,1
7219,1
7220,2
7221,1
7222,1
7223,2
7224,1
7225,1
7226,1
7227,0
7228,1
7229,1
7230,2
7231,2
7232,1
7233,2
7234,2
7235,0
7236,2
7237,1
7238,2
7239,1
7240,2
7241,0
7242,0
7243,2
7244,0
7245,2
7246,0
7247,2
7248,2
7249,2
7250,1
7251,1
7252,2
7253,2
7254,2
7255,0
7256,2
7257,2
7258,2
7259,0
7260,1
7261,1
7262,1
7263,2
7264,0
7265,0
7266,0
7267,2
7268,2
7269,2
7270,0
7271,1
7272,2
7273,1
7274,2
7275,2
7276,2
7277,1
7278,2
7279,2
7280,1
7281,1
7282,2
7283,0
7284,1
7285,2
7286,2
7287,1
7288,0
7289,1
7290,2
7291,2
7292,0
7293,2
7294,1
7295,1
7296,1
7297,2
7298,2
7299,1
7300,2
7301,2
7302,1
7303,2
7304,1
7305,2
7306,0
7307,2
7308,2
7309,1
7310,0
7311,2
7312,0
7313,1
7314,2
7315,1
7316,2
7317,1
7318,0
7319,1
7320,1
7321,2
7322,0
7323,2
7324,2
7325,1
7326,1
7327,2
7328,2
7329,2
7330,2
7331,0
7332,2
7333,1
7334,0
7335,1
7336,0
7337,1
7338,1
7339,2
7340,2
7341,2
7342,1
7343,0
7344,1
7345,0
7346,2
7347,1
7348,2
7349,2
7350,2
7351,2
7352,2
7353,0
7354,0
7355,2
7356,2
7357,0
7358,2
7359,0
7360,1
7361,2
7362,2
7363,2
7364,2
7365,2
7366,2
7367,2
7368,0
7369,1
7370,1
7371,1
7372,0
7373,2
7374,1
7375,0
7376,2
7377,0
7378,1
7379,2
7380,2
7381,0
7382,2
7383,2
7384,0
7385,1
7386,1
7387,2
7388,2
7389,1
7390,2
7391,2
7392,1
7393,0
7394,2
7395,1
7396,2
7397,2
7398,2
7399,0
7400,1
7401,2
7402,1
7403,1
7404,1
7405,1
7406,2
7407,2
7408,2
7409,2
7410,2
7411,2
7412,2
7413,1
7414,2
7415,2
7416,1
7417,2
7418,2
7419,2
7420,0
7421,0
7422,1
7423,1
7424,2
7425,1
7426,1
7427,0
7428,2
7429,1
7430,0
7431,2
7432,2
7433,1
7434,2
7435,1
7436,1
7437,1
7438,2
7439,2
7440,1
7441,1
7442,2
7443,1
7444,0
7445,0
7446,2
7447,1
7448,2
7449,2
7450,1
7451,0
7452,2
7453,2
7454,0
7455,1
7456,2
7457,2
7458,1
7459,2
7460,2
7461,1
7462,1
7463,0
7464,2
7465,2
7466,1
7467,1
7468,1
7469,2
7470,1
7471,0
7472,2
7473,1
7474,1
7475,1
7476,1
7477,1
7478,2
7479,2
7480,2
7481,2
7482,1
7483,1
7484,2
7485,2
7486,2
7487,1
7488,0
7489,2
7490,1
7491,1
7492,0
7493,0
7494,0
7495,2
7496,1
7497,1
7498,0
7499,1
7500,0
7501,1
7502,1
7503,2
7504,1
7505,0
7506,1
7507,2
7508,2
7509,2
7510,1
7511,1
7512,2
7513,2
7514,2
7515,1
7516,2
7517,2
7518,1
7519,2
7520,0
7521,0
7522,0
7523,1
7524,1
7525,0
7526,1
7527,0
7528,2
7529,1
7530,2
7531,1
7532,2
7533,2
7534,2
7535,1
7536,2
7537,2
7538,2
7539,2
7540,1
7541,2
7542,2
7543,2
7544,1
7545,2
7546,1
7547,2
7548,1
7549,2
7550,2
7551,1
7552,0
7553,1
7554,1
7555,0
7556,1
7557,1
7558,0
7559,1
7560,0
7561,0
7562,2
7563,2
7564,0
7565,2
7566,2
7567,1
7568,2
7569,0
7570,0
7571,2
7572,2
7573,1
7574,1
7575,1
7576,0
7577,0
7578,2
7579,2
7580,2
7581,2
7582,1
7583,1
7584,0
7585,0
7586,2
7587,1
7588,2
7589,1
7590,1
7591,1
7592,2
7593,0
7594,2
7595,1
7596,0
7597,1
7598,1
7599,1
7600,2
7601,2
7602,2
7603,0
7604,1
7605,2
7606,2
7607,1
7608,1
7609,2
7610,2
7611,0
7612,0
7613,1
7614,2
7615,2
7616,0
7617,2
7618,1
7619,2
7620,1
7621,1
7622,2
7623,1
7624,1
7625,1
7626,1
7627,1
7628,1
7629,1
7630,2
7631,2
7632,2
7633,1
7634,2
7635,2
7636,0
7637,1
7638,2
7639,2
7640,0
7641,2
7642,2
7643,2
7644,1
7645,2
7646,2
7647,2
7648,2
7649,0
7650,2
7651,2
7652,0
7653,2
7654,1
7655,1
7656,0
7657,1
7658,1
7659,2
7660,0
7661,2
7662,0
7663,0
7664,0
7665,2
7666,1
7667,0
7668,0
7669,2
7670,2
7671,1
7672,2
7673,0
7674,2
7675,2
7676,0
7677,1
7678,1
7679,2
7680,1
7681,2
7682,2
7683,2
7684,1
7685,0
7686,2
7687,1
7688,0
7689,0
7690,0
7691,1
7692,2
7693,0
7694,2
7695,1
7696,1
7697,1
7698,0
7699,2
7700,1
7701,0
7702,2
7703,2
7704,0
7705,2
7706,0
7707,2
7708,1
7709,2
7710,0
7711,0
7712,2
7713,2
7714,2
7715,1
7716,2
7717,2
7718,2
7719,1
7720,1
7721,2
7722,0
7723,2
7724,2
7725,1
7726,1
7727,1
7728,1
7729,2
7730,1
7731,2
7732,1
7733,1
7734,2
7735,2
7736,0
7737,1
7738,0
7739,0
7740,2
7741,2
7742,2
7743,2
7744,2
7745,0
7746,2
7747,1
7748,0
7749,2
7750,0
7751,2
7752,0
7753,1
7754,2
7755,2
7756,2
7757,0
7758,2
7759,0
7760,2
7761,2
7762,2
7763,2
7764,1
7765,0
7766,0
7767,2
7768,0
7769,2
7770,1
7771,0
7772,2
7773,2
7774,2
7775,0
7776,0
7777,0
7778,1
7779,2
7780,2
7781,0
7782,2
7783,2
7784,2
7785,1
7786,0
7787,2
7788,2
7789,2
7790,2
7791,2
7792,2
7793,1
7794,0
7795,2
7796,1
7797,0
7798,1
7799,1
7800,2
7801,1
7802,2
7803,2
7804,1
7805,0
7806,0
7807,1
7808,2
7809,1
7810,2
7811,1
7812,0
7813,0
7814,1
7815,2
7816,2
7817,0
7818,1
7819,2
7820,0
7821,1
7822,1
7823,0
7824,2
7825,0
7826,1
7827,2
7828,1
7829,0
7830,1
7831,2
7832,0
7833,2
7834,2
7835,1
7836,2
7837,2
7838,2
7839,1
7840,2
7841,0
7842,2
7843,2
7844,2
7845,0
7846,2
7847,2
7848,2
7849,2
7850,1
7851,2
7852,1
7853,0
7854,0
7855,2
7856,1
7857,1
7858,0
7859,1
7860,0
7861,1
7862,1
7863,2
7864,2
7865,0
7866,1
7867,0
7868,1
7869,2
7870,2
7871,2
7872,0
7873,0
7874,0
7875,0
7876,1
7877,1
7878,1
7879,1
7880,2
7881,2
7882,2
7883,1
7884,1
7885,2
7886,1
7887,2
7888,0
7889,0
7890,2
7891,2
7892,2
7893,0
7894,2
7895,1
7896,0
7897,1
7898,2
7899,0
7900,1
7901,0
7902,1
7903,1
7904,1
7905,2
7906,1
7907,2
7908,2
7909,0
7910,2
7911,2
7912,0
7913,0
7914,2
7915,1
7916,2
7917,2
7918,1
7919,2
7920,2
7921,2
7922,2
7923,0
7924,2
7925,0
7926,1
7927,2
7928,1
7929,2
7930,2
7931,2
7932,0
7933,2
7934,2
7935,2
7936,0
7937,2
7938,2
7939,1
7940,1
7941,1
7942,0
7943,2
7944,2
7945,2
7946,2
7947,2
7948,2
7949,1
7950,2
7951,1
7952,1
7953,0
7954,1
7955,1
7956,2
7957,2
7958,2
7959,2
7960,2
7961,1
7962,1
7963,1
7964,2
7965,2
7966,2
7967,2
7968,1
7969,2
7970,0
7971,0
7972,2
7973,1
7974,2
7975,2
7976,0
7977,1
7978,1
7979,2
7980,2
7981,2
7982,2
7983,0
7984,2
7985,1
7986,0
7987,2
7988,2
7989,2
7990,0
7991,0
7992,2
7993,2
7994,1
7995,2
7996,2
7997,0
7998,2
7999,1
8000,1
8001,2
8002,1
8003,0
8004,1
8005,0
8006,2
8007,1
8008,1
8009,0
8010,1
8011,2
8012,0
8013,2
8014,1
8015,0
8016,0
8017,1
8018,0
8019,2
8020,0
8021,1
8022,2
8023,0
8024,1
8025,2
8026,2
8027,2
8028,2
8029,2
8030,1
8031,1
8032,1
8033,1
8034,1
8035,2
8036,2
8037,0
8038,0
8039,2
8040,2
8041,1
8042,1
8043,0
8044,1
8045,2
8046,1
8047,2
8048,1
8049,0
8050,0
8051,2
8052,2
8053,0
8054,2
8055,0
8056,0
8057,2
8058,1
8059,1
8060,2
8061,0
8062,0
8063,2
8064,0
8065,1
8066,2
8067,1
8068,0
8069,0
8070,1
8071,2
8072,1
8073,2
8074,0
8075,2
8076,1
8077,0
8078,1
8079,0
8080,2
8081,0
8082,1
8083,1
8084,1
8085,2
8086,1
8087,2
8088,2
8089,2
8090,0
8091,2
8092,2
8093,2
8094,1
8095,2
8096,2
8097,1
8098,1
8099,2
8100,2
8101,1
8102,2
8103,0
8104,2
8105,0
8106,1
8107,2
8108,2
8109,2
8110,0
8111,2
8112,2
8113,2
8114,1
8115,2
8116,2
8117,2
8118,2
8119,2
8120,0
8121,2
8122,2
8123,2
8124,2
8125,1
8126,0
8127,2
8128,0
8129,2
8130,1
8131,2
8132,1
8133,1
8134,1
8135,2
8136,2
8137,1
8138,2
8139,2
8140,2
8141,2
8142,2
8143,1
8144,2
8145,1
8146,2
8147,2
8148,0
8149,0
8150,2
8151,1
8152,2
8153,2
8154,2
8155,2
8156,2
8157,2
8158,2
8159,2
8160,1
8161,2
8162,0
8163,2
8164,2
8165,1
8166,0
8167,1
8168,0
8169,2
8170,2
8171,2
8172,1
8173,2
8174,2
8175,1
8176,0
8177,2
8178,2
8179,1
8180,1
8181,0
8182,1
8183,2
8184,2
8185,2
8186,1
8187,0
8188,2
8189,2
8190,2
8191,1
8192,2
8193,2
8194,1
8195,2
8196,2
8197,1
8198,0
8199,0
8200,1
8201,1
8202,1
8203,2
8204,1
8205,2
8206,2
8207,1
8208,1
8209,1
8210,1
8211,0
8212,1
8213,2
8214,2
8215,2
8216,0
8217,0
8218,1
8219,0
8220,0
8221,2
8222,2
8223,2
8224,2
8225,1
8226,0
8227,2
8228,2
8229,2
8230,2
8231,1
8232,1
8233,1
8234,1
8235,2
8236,1
8237,1
8238,2
8239,2
8240,0
8241,1
8242,2
8243,2
8244,0
8245,2
8246,1
8247,2
8248,2
8249,2
8250,2
8251,1
8252,1
8253,1
8254,2
8255,1
8256,1
8257,2
8258,0
8259,1
8260,2
8261,2
8262,0
8263,0
8264,2
8265,1
8266,2
8267,1
8268,0
8269,2
8270,0
8271,1
8272,1
8273,0
8274,2
8275,2
8276,2
8277,1
8278,2
8279,1
8280,1
8281,0
8282,2
8283,1
8284,1
8285,0
8286,2
8287,2
8288,0
8289,2
8290,1
8291,2
8292,0
8293,2
8294,2
8295,2
8296,2
8297,0
8298,2
8299,2
8300,2
8301,2
8302,0
8303,2
8304,2
8305,1
8306,2
8307,2
8308,2
8309,1
8310,1
8311,1
8312,1
8313,1
8314,1
8315,2
8316,1
8317,0
8318,0
8319,1
8320,1
8321,2
8322,2
8323,0
8324,2
8325,2
8326,0
8327,0
8328,2
8329,2
8330,0
8331,2
8332,1
8333,1
8334,0
8335,0
8336,1
8337,0
8338,2
8339,1
8340,0
8341,2
8342,2
8343,1
8344,2
8345,1
8346,2
8347,2
8348,2
8349,1
8350,2
8351,1
8352,2
8353,1
8354,2
8355,1
8356,1
8357,2
8358,2
8359,1
8360,1
8361,2
8362,0
8363,1
8364,1
8365,1
8366,0
8367,0
8368,1
8369,1
8370,2
8371,2
8372,2
8373,0
8374,2
8375,2
8376,2
8377,2
8378,1
8379,2
8380,2
8381,1
8382,2
8383,1
8384,1
8385,2
8386,2
8387,0
8388,1
8389,2
8390,0
8391,0
8392,2
8393,1
8394,2
8395,1
8396,1
8397,1
8398,1
8399,2
8400,1
8401,1
8402,2
8403,2
8404,1
8405,1
8406,2
8407,2
8408,0
8409,2
8410,1
8411,2
8412,2
8413,2
8414,2
8415,2
8416,2
8417,0
8418,2
8419,0
8420,2
8421,0
8422,1
8423,0
8424,2
8425,1
8426,2
8427,2
8428,0
8429,2
8430,1
8431,2
8432,2
8433,2
8434,2
8435,1
8436,2
8437,1
8438,0
8439,0
8440,2
8441,1
8442,2
8443,0
8444,1
8445,2
8446,2
8447,2
8448,1
8449,2
8450,2
8451,1
8452,1
8453,2
8454,2
8455,0
8456,1
8457,2
8458,2
8459,2
8460,1
8461,0
8462,1
8463,0
8464,0
8465,2
8466,1
8467,0
8468,1
8469,1
8470,1
8471,2
8472,1
8473,1
8474,0
8475,2
8476,2
8477,0
8478,1
8479,0
8480,2
8481,2
8482,1
8483,0
8484,1
8485,0
8486,2
8487,1
8488,1
8489,1
8490,2
8491,2
8492,2
8493,0
8494,2
8495,2
8496,0
8497,2
8498,2
8499,2
8500,0
8501,1
8502,2
8503,0
8504,0
8505,1
8506,0
8507,0
8508,2
8509,2
8510,2
8511,1
8512,2
8513,1
8514,2
8515,1
8516,1
8517,2
8518,2
8519,0
8520,2
8521,2
8522,1
8523,1
8524,0
8525,0
8526,1
8527,2
8528,2
8529,1
8530,0
8531,1
8532,2
8533,1
8534,0
8535,0
8536,2
8537,0
8538,2
8539,2
8540,1
8541,2
8542,2
8543,2
8544,2
8545,0
8546,1
8547,1
8548,1
8549,2
8550,2
8551,0
8552,1
8553,2
8554,1
8555,2
8556,2
8557,1
8558,0
8559,0
8560,2
8561,2
8562,1
8563,2
8564,1
8565,1
8566,1
8567,0
8568,1
8569,2
8570,2
8571,2
8572,1
8573,2
8574,2
8575,2
8576,0
8577,2
8578,1
8579,1
8580,2
8581,1
8582,1
8583,0
8584,1
8585,2
8586,2
8587,2
8588,1
8589,2
8590,1
8591,0
8592,1
8593,1
8594,1
8595,1
8596,0
8597,2
8598,2
8599,0
8600,0
8601,2
8602,1
8603,1
8604,2
8605,2
8606,0
8607,2
8608,1
8609,1
8610,2
8611,0
8612,2
8613,1
8614,2
8615,2
8616,1
8617,1
8618,1
8619,0
8620,1
8621,1
8622,2
8623,1
8624,2
8625,2
8626,1
8627,1
8628,2
8629,2
8630,1
8631,2
8632,1
8633,2
8634,0
8635,1
8636,2
8637,1
8638,2
8639,0
8640,2
8641,0
8642,2
8643,0
8644,0
8645,1
8646,0
8647,1
8648,0
8649,2
8650,1
8651,2
8652,0
8653,0
8654,2
8655,2
8656,1
8657,1
8658,0
8659,0
8660,1
8661,1
8662,2
8663,1
8664,1
8665,2
8666,2
8667,2
8668,2
8669,1
8670,2
8671,2
8672,2
8673,1
8674,1
8675,2
8676,0
8677,1
8678,1
8679,1
8680,2
8681,0
8682,1
8683,2
8684,2
8685,2
8686,2
8687,0
8688,2
8689,1
8690,2
8691,2
8692,2
8693,0
8694,2
8695,1
8696,0
8697,1
8698,2
8699,2
8700,1
8701,0
8702,1
8703,2
8704,2
8705,1
8706,2
8707,1
8708,0
8709,2
8710,2
8711,2
8712,1
8713,2
8714,1
8715,2
8716,0
8717,1
8718,2
8719,2
8720,2
8721,2
8722,1
8723,2
8724,1
8725,0
8726,1
8727,2
8728,1
8729,1
8730,1
8731,2
8732,2
8733,1
8734,0
8735,2
8736,2
8737,2
8738,1
8739,2
8740,1
8741,1
8742,0
8743,1
8744,1
8745,0
8746,1
8747,1
8748,0
8749,2
8750,1
8751,1
8752,2
8753,2
8754,1
8755,1
8756,0
8757,2
8758,0
8759,1
8760,2
8761,1
8762,0
8763,1
8764,0
8765,2
8766,2
8767,0
8768,2
8769,0
8770,2
8771,0
8772,1
8773,1
8774,2
8775,1
8776,1
8777,0
8778,1
8779,1
8780,2
8781,2
8782,2
8783,2
8784,0
8785,2
8786,0
8787,2
8788,0
8789,2
8790,1
8791,0
8792,2
8793,2
8794,1
8795,1
8796,1
8797,2
8798,1
8799,0
8800,0
8801,2
8802,0
8803,0
8804,1
8805,1
8806,0
8807,1
8808,2
8809,2
8810,2
8811,1
8812,1
8813,1
8814,1
8815,2
8816,1
8817,0
8818,1
8819,1
8820,1
8821,2
8822,1
8823,0
8824,2
8825,2
8826,1
8827,2
8828,2
8829,2
8830,2
8831,2
8832,1
8833,1
8834,2
8835,1
8836,2
8837,0
8838,2
8839,1
8840,1
8841,0
8842,2
8843,1
8844,2
8845,0
8846,0
8847,1
8848,1
8849,2
8850,0
8851,2
8852,2
8853,2
8854,1
8855,1
8856,1
8857,2
8858,0
8859,1
8860,1
8861,1
8862,1
8863,0
8864,2
8865,2
8866,0
8867,2
8868,2
8869,0
8870,2
8871,1
8872,1
8873,1
8874,2
8875,2
8876,0
8877,0
8878,2
8879,2
8880,2
8881,1
8882,2
8883,1
8884,1
8885,1
8886,2
8887,2
8888,1
8889,2
8890,2
8891,0
8892,1
8893,0
8894,2
8895,2
8896,2
8897,1
8898,2
8899,1
8900,0
8901,2
8902,2
8903,2
8904,0
8905,1
8906,1
8907,2
8908,2
8909,0
8910,2
8911,1
8912,1
8913,2
8914,1
8915,0
8916,2
8917,1
8918,0
8919,2
8920,2
8921,0
8922,2
8923,2
8924,2
8925,2
8926,2
8927,2
8928,2
8929,0
8930,1
8931,2
8932,1
8933,1
8934,2
8935,2
8936,1
8937,2
8938,0
8939,2
8940,2
8941,1
8942,2
8943,2
8944,2
8945,2
8946,1
8947,1
8948,2
8949,1
8950,0
8951,1
8952,0
8953,1
8954,2
8955,1
8956,0
8957,2
8958,2
8959,2
8960,2
8961,1
8962,1
8963,0
8964,1
8965,2
8966,2
8967,1
8968,0
8969,0
8970,2
8971,2
8972,1
8973,1
8974,2
8975,0
8976,1
8977,1
8978,0
8979,0
8980,2
8981,1
8982,2
8983,0
8984,2
8985,0
8986,0
8987,2
8988,0
8989,2
8990,1
8991,1
8992,2
8993,2
8994,2
8995,2
8996,1
8997,1
8998,1
8999,0
9000,0
9001,0
9002,1
9003,2
9004,2
9005,2
9006,2
9007,2
9008,0
9009,1
9010,0
9011,1
9012,1
9013,2
9014,2
9015,1
9016,0
9017,0
9018,0
9019,0
9020,0
9021,2
9022,2
9023,0
9024,2
9025,2
9026,2
9027,0
9028,2
9029,1
9030,0
9031,1
9032,2
9033,1
9034,1
9035,2
9036,1
9037,0
9038,1
9039,2
9040,2
9041,2
9042,0
9043,2
9044,2
9045,1
9046,1
9047,0
9048,0
9049,0
9050,2
9051,0
9052,2
9053,1
9054,1
9055,1
9056,0
9057,1
9058,1
9059,1
9060,1
9061,2
9062,2
9063,1
9064,1
9065,2
9066,2
9067,1
9068,1
9069,0
9070,2
9071,0
9072,0
9073,2
9074,1
9075,2
9076,1
9077,2
9078,2
9079,1
9080,1
9081,2
9082,1
9083,2
9084,0
9085,2
9086,1
9087,2
9088,1
9089,1
9090,1
9091,1
9092,1
9093,2
9094,1
9095,2
9096,2
9097,1
9098,1
9099,1
9100,1
9101,2
9102,1
9103,2
9104,1
9105,1
9106,1
9107,1
9108,0
9109,1
9110,2
9111,1
9112,2
9113,0
9114,0
9115,0
9116,2
9117,0
9118,2
9119,2
9120,0
9121,0
9122,1
9123,0
9124,2
9125,1
9126,2
9127,0
9128,0
9129,1
9130,1
9131,1
9132,2
9133,0
9134,1
9135,2
9136,2
9137,0
9138,1
9139,1
9140,1
9141,2
9142,1
9143,2
9144,0
9145,2
9146,2
9147,0
9148,2
9149,2
9150,0
9151,1
9152,2
9153,2
9154,1
9155,1
9156,2
9157,0
9158,0
9159,2
9160,1
9161,2
9162,1
9163,2
9164,0
9165,0
9166,1
9167,0
9168,2
9169,0
9170,2
9171,1
9172,2
9173,2
9174,1
9175,1
9176,2
9177,1
9178,1
9179,0
9180,2
9181,1
9182,1
9183,1
9184,2
9185,0
9186,2
9187,1
9188,2
9189,2
9190,2
9191,1
9192,2
9193,1
9194,2
9195,1
9196,0
9197,1
9198,0
9199,2
9200,0
9201,2
9202,2
9203,2
9204,0
9205,2
9206,1
9207,0
9208,1
9209,1
9210,1
9211,1
9212,2
9213,2
9214,2
9215,1
9216,2
9217,2
9218,0
9219,2
9220,1
9221,0
9222,1
9223,1
9224,1
9225,1
9226,2
9227,2
9228,1
9229,1
9230,0
9231,1
9232,2
9233,2
9234,0
9235,0
9236,1
9237,2
9238,2
9239,2
9240,1
9241,2
9242,2
9243,2
9244,0
9245,1
9246,2
9247,2
9248,0
9249,0
9250,2
9251,2
9252,2
9253,2
9254,0
9255,2
9256,0
9257,1
9258,1
9259,1
9260,0
9261,2
9262,2
9263,0
9264,2
9265,1
9266,1
9267,1
9268,2
9269,1
9270,2
9271,1
9272,0
9273,0
9274,2
9275,2
9276,1
9277,2
9278,2
9279,1
9280,2
9281,2
9282,2
9283,0
9284,2
9285,1
9286,0
9287,2
9288,2
9289,1
9290,2
9291,2
9292,1
9293,0
9294,1
9295,0
9296,1
9297,0
9298,1
9299,2
9300,2
9301,0
9302,2
9303,2
9304,1
9305,2
9306,1
9307,2
9308,0
9309,1
9310,1
9311,1
9312,2
9313,0
9314,1
9315,1
9316,0
9317,2
9318,1
9319,2
9320,2
9321,1
9322,0
9323,1
9324,2
9325,0
9326,0
9327,0
9328,1
9329,1
9330,1
9331,2
9332,2
9333,1
9334,2
9335,2
9336,2
9337,1
9338,2
9339,0
9340,0
9341,1
9342,2
9343,2
9344,1
9345,1
9346,0
9347,1
9348,1
9349,2
9350,1
9351,2
9352,0
9353,0
9354,1
9355,1
9356,0
9357,0
9358,1
9359,1
9360,2
9361,2
9362,2
9363,0
9364,0
9365,0
9366,0
9367,2
9368,2
9369,1
9370,0
9371,0
9372,1
9373,0
9374,1
9375,1
9376,0
9377,1
9378,2
9379,2
9380,2
9381,0
9382,1
9383,1
9384,2
9385,1
9386,2
9387,2
9388,2
9389,0
9390,1
9391,2
9392,0
9393,2
9394,2
9395,1
9396,0
9397,2
9398,2
9399,1
9400,0
9401,2
9402,2
9403,1
9404,2
9405,1
9406,0
9407,2
9408,1
9409,0
9410,2
9411,0
9412,2
9413,0
9414,2
9415,1
9416,2
9417,0
9418,2
9419,1
9420,0
9421,1
9422,0
9423,2
9424,1
9425,2
9426,0
9427,0
9428,1
9429,1
9430,0
9431,1
9432,1
9433,1
9434,0
9435,2
9436,1
9437,2
9438,0
9439,1
9440,2
9441,1
9442,2
9443,1
9444,2
9445,0
9446,0
9447,2
9448,1
9449,0
9450,2
9451,1
9452,1
9453,1
9454,0
9455,2
9456,1
9457,2
9458,0
9459,1
9460,0
9461,2
9462,2
9463,2
9464,0
9465,2
9466,1
9467,1
9468,1
9469,0
9470,2
9471,1
9472,2
9473,1
9474,0
9475,1
9476,2
9477,2
9478,0
9479,1
9480,1
9481,1
9482,1
9483,0
9484,1
9485,1
9486,1
9487,2
9488,2
9489,2
9490,2
9491,2
9492,2
9493,2
9494,1
9495,2
9496,2
9497,2
9498,0
9499,1
9500,0
9501,2
9502,1
9503,0
9504,2
9505,2
9506,0
9507,2
9508,2
9509,2
9510,2
9511,1
9512,1
9513,1
9514,2
9515,1
9516,0
9517,1
9518,1
9519,2
9520,2
9521,1
9522,1
9523,2
9524,0
9525,0
9526,0
9527,2
9528,2
9529,0
9530,2
9531,1
9532,2
9533,1
9534,0
9535,2
9536,2
9537,2
9538,1
9539,0
9540,2
9541,2
9542,0
9543,2
9544,1
9545,2
9546,0
9547,2
9548,2
9549,2
9550,0
9551,2
9552,2
9553,2
9554,0
9555,2
9556,1
9557,2
9558,2
9559,1
9560,1
9561,2
9562,1
9563,1
9564,2
9565,1
9566,2
9567,1
9568,2
9569,2
9570,0
9571,2
9572,1
9573,0
9574,0
9575,2
9576,2
9577,2
9578,0
9579,2
9580,2
9581,1
9582,2
9583,2
9584,1
9585,2
9586,2
9587,2
9588,1
9589,1
9590,0
9591,2
9592,2
9593,2
9594,2
9595,2
9596,0
9597,2
9598,2
9599,0
9600,2
9601,0
9602,2
9603,2
9604,1
9605,2
9606,2
9607,0
9608,0
9609,0
9610,1
9611,2
9612,0
9613,1
9614,1
9615,1
9616,2
9617,1
9618,0
9619,2
9620,1
9621,2
9622,0
9623,2
9624,1
9625,2
9626,0
9627,0
9628,0
9629,2
9630,1
9631,0
9632,0
9633,1
9634,2
9635,1
9636,2
9637,2
9638,1
9639,2
9640,2
9641,2
9642,1
9643,1
9644,0
9645,0
9646,1
9647,2
9648,1
9649,1
9650,1
9651,0
9652,1
9653,1
9654,0
9655,1
9656,0
9657,2
9658,2
9659,1
9660,0
9661,2
9662,1
9663,0
9664,2
9665,2
9666,2
9667,2
9668,1
9669,1
9670,2
9671,1
9672,1
9673,0
9674,2
9675,1
9676,2
9677,2
9678,2
9679,1
9680,1
9681,2
9682,1
9683,1
9684,1
9685,0
9686,2
9687,0
9688,1
9689,1
9690,1
9691,1
9692,1
9693,2
9694,2
9695,2
9696,1
9697,2
9698,2
9699,1
9700,0
9701,1
9702,1
9703,2
9704,1
9705,2
9706,1
9707,2
9708,1
9709,2
9710,1
9711,0
9712,1
9713,1
9714,2
9715,1
9716,1
9717,2
9718,2
9719,2
9720,0
9721,2
9722,2
9723,1
9724,0
9725,1
9726,1
9727,1
9728,1
9729,2
9730,0
9731,1
9732,1
9733,2
9734,2
9735,2
9736,2
9737,2
9738,2
9739,2
9740,2
9741,2
9742,2
9743,1
9744,2
9745,1
9746,1
9747,1
9748,0
9749,1
9750,2
9751,0
9752,2
9753,1
9754,2
9755,1
9756,0
9757,1
9758,0
9759,1
9760,0
9761,2
9762,2
9763,0
9764,2
9765,0
9766,1
9767,1
9768,1
9769,1
9770,2
9771,1
9772,2
9773,2
9774,2
9775,1
9776,2
9777,0
9778,2
9779,2
9780,1
9781,1
9782,2
9783,2
9784,2
9785,2
9786,2
9787,1
9788,2
9789,1
9790,1
9791,2
9792,2
9793,0
9794,1
9795,2
9796,0
9797,1
9798,0
9799,0
9800,2
9801,1
9802,2
9803,0
9804,2
9805,1
9806,1
9807,0
9808,1
9809,1
9810,2
9811,2
9812,2
9813,2
9814,1
9815,1
9816,2
9817,2
9818,1
9819,1
9820,0
9821,2
9822,1
9823,2
9824,1
9825,1
9826,0
9827,2
9828,2
9829,0
9830,0
9831,0
9832,1
9833,0
9834,1
9835,1
9836,0
9837,0
9838,1
9839,0
9840,1
9841,2
9842,2
9843,2
9844,2
9845,1
9846,2
9847,0
9848,0
9849,1
9850,1
9851,0
9852,2
9853,0
9854,1
9855,2
9856,1
9857,0
9858,1
9859,2
9860,0
9861,2
9862,0
9863,2
9864,2
9865,1
9866,0
9867,2
9868,0
9869,0
9870,0
9871,2
9872,1
9873,2
9874,2
9875,0
9876,2
9877,2
9878,1
9879,1
9880,1
9881,2
9882,2
9883,0
9884,0
9885,1
9886,2
9887,2
9888,2
9889,1
9890,0
9891,2
9892,1
9893,0
9894,0
9895,0
9896,0
9897,2
9898,0
9899,2
9900,0
9901,2
9902,2
9903,2
9904,2
9905,2
9906,2
9907,0
9908,1
9909,1
9910,1
9911,0
9912,2
9913,0
9914,0
9915,2
9916,0
9917,2
9918,1
9919,2
9920,1
9921,0
9922,0
9923,1
9924,0
9925,2
9926,0
9927,0
9928,0
9929,1
9930,1
9931,2
9932,0
9933,1
9934,0
9935,2
9936,2
9937,0
9938,1
9939,0
9940,1
9941,1
9942,0
9943,2
9944,1
9945,0
9946,1
9947,0
9948,2
9949,1
9950,0
9951,0
9952,1
9953,2
9954,0
9955,2
9956,1
9957,0
9958,2
9959,1
9960,1
9961,2
9962,2
9963,1
9964,2
9965,2
9966,2
9967,1
9968,2
9969,2
9970,2
9971,0
9972,2
9973,1
9974,2
9975,2
9976,2
9977,2
9978,1
9979,1
9980,2
9981,2
9982,1
9983,2
9984,1
9985,2
9986,2
9987,2
9988,0
9989,1
9990,0
9991,2
9992,2
9993,2
9994,0
9995,2
9996,0
9997,2
9998,1
9999,0
10000,1
10001,1
10002,1
10003,1
10004,0
10005,1
10006,2
10007,1
10008,2
10009,2
10010,2
10011,2
10012,2
10013,2
10014,2
10015,1
10016,2
10017,2
10018,1
10019,2
10020,2
10021,2
10022,1
10023,1
10024,0
10025,1
10026,2
10027,0
10028,2
10029,1
10030,2
10031,2
10032,1
10033,2
10034,2
10035,2
10036,0
10037,2
10038,2
10039,0
10040,2
10041,1
10042,2
10043,2
10044,1
10045,0
10046,2
10047,2
10048,2
10049,1
10050,1
10051,2
10052,1
10053,2
10054,1
10055,2
10056,1
10057,2
10058,2
10059,1
10060,2
10061,0
10062,2
10063,2
10064,2
10065,2
10066,2
10067,2
10068,2
10069,2
10070,0
10071,2
10072,1
10073,2
10074,0
10075,2
10076,1
10077,1
10078,1
10079,0
10080,1
10081,1
10082,1
10083,2
10084,1
10085,2
10086,1
10087,2
10088,1
10089,2
10090,2
10091,0
10092,2
10093,0
10094,1
10095,2
10096,1
10097,1
10098,1
10099,1
10100,2
10101,1
10102,2
10103,1
10104,2
10105,2
10106,1
10107,2
10108,2
10109,0
10110,2
10111,0
10112,2
10113,2
10114,2
10115,2
10116,0
10117,2
10118,1
10119,1
10120,2
10121,0
10122,2
10123,1
10124,2
10125,0
10126,1
10127,2
10128,2
10129,1
10130,2
10131,1
10132,2
10133,1
10134,2
10135,2
10136,1
10137,1
10138,0
10139,1
10140,1
10141,2
10142,2
10143,1
10144,2
10145,2
10146,1
10147,1
10148,2
10149,2
10150,2
10151,2
10152,1
10153,1
10154,0
10155,1
10156,1
10157,0
10158,0
10159,0
10160,2
10161,2
10162,1
10163,0
10164,1
10165,2
10166,1
10167,0
10168,0
10169,2
10170,0
10171,0
10172,1
10173,2
10174,2
10175,2
10176,2
10177,2
10178,2
10179,1
10180,1
10181,2
10182,0
10183,2
10184,1
10185,1
10186,1
10187,0
10188,2
10189,1
10190,1
10191,2
10192,1
10193,1
10194,2
10195,2
10196,2
10197,2
10198,1
10199,2
10200,2
10201,1
10202,2
10203,0
10204,2
10205,2
10206,2
10207,0
10208,0
10209,0
10210,1
10211,1
10212,0
10213,0
10214,0
10215,1
10216,0
10217,2
10218,2
10219,2
10220,0
10221,1
10222,1
10223,1
10224,1
10225,2
10226,1
10227,2
10228,0
10229,0
10230,2
10231,0
10232,2
10233,2
10234,2
10235,1
10236,2
10237,2
10238,2
10239,2
10240,1
10241,2
10242,1
10243,0
10244,2
10245,2
10246,2
10247,2
10248,2
10249,1
10250,1
10251,0
10252,0
10253,1
10254,0
10255,1
10256,1
10257,0
10258,0
10259,2
10260,2
10261,1
10262,0
10263,0
10264,0
10265,2
10266,0
10267,2
10268,1
10269,0
10270,1
10271,0
10272,0
10273,1
10274,1
10275,0
10276,1
10277,1
10278,1
10279,2
10280,1
10281,2
10282,2
10283,2
10284,0
10285,2
10286,0
10287,1
10288,0
10289,1
10290,1
10291,2
10292,2
10293,1
10294,1
10295,2
10296,0
10297,1
10298,1
10299,0
10300,2
10301,0
10302,0
10303,1
10304,1
10305,1
10306,2
10307,2
10308,0
10309,1
10310,0
10311,2
10312,0
10313,1
10314,1
10315,0
10316,0
10317,1
10318,0
10319,1
10320,1
10321,2
10322,0
10323,1
10324,1
10325,1
10326,0
10327,2
10328,1
10329,2
10330,2
10331,2
10332,1
10333,0
10334,1
10335,1
10336,2
10337,1
10338,2
10339,2
10340,2
10341,0
10342,2
10343,1
10344,1
10345,2
10346,1
10347,0
10348,2
10349,0
10350,0
10351,2
10352,2
10353,2
10354,2
10355,1
10356,1
10357,0
10358,1
10359,0
10360,1
10361,2
10362,0
10363,2
10364,2
10365,0
10366,0
10367,0
10368,0
10369,2
10370,0
10371,0
10372,1
10373,2
10374,1
10375,2
10376,1
10377,2
10378,2
10379,2
10380,1
10381,0
10382,1
10383,1
10384,2
10385,1
10386,1
10387,2
10388,0
10389,2
10390,1
10391,1
10392,0
10393,1
10394,2
10395,1
10396,1
10397,2
10398,2
10399,1
10400,2
10401,0
10402,2
10403,2
10404,1
10405,2
10406,0
10407,2
10408,2
10409,1
10410,2
10411,2
10412,2
10413,1
10414,2
10415,2
10416,1
10417,2
10418,2
10419,2
10420,0
10421,2
10422,2
10423,1
10424,1
10425,2
10426,2
10427,0
10428,2
10429,2
10430,0
10431,1
10432,1
10433,0
10434,2
10435,1
10436,0
10437,0
10438,1
10439,2
10440,2
10441,1
10442,2
10443,1
10444,2
10445,1
10446,0
10447,1
10448,1
10449,1
10450,0
10451,2
10452,2
10453,2
10454,1
10455,1
10456,2
10457,2
10458,0
10459,2
10460,2
10461,2
10462,2
10463,2
10464,1
10465,2
10466,1
10467,1
10468,2
10469,0
10470,1
10471,1
10472,2
10473,1
10474,2
10475,1
10476,2
10477,2
10478,1
10479,1
10480,0
10481,2
10482,2
10483,2
10484,2
10485,2
10486,2
10487,1
10488,0
10489,1
10490,2
10491,2
10492,0
10493,0
10494,1
10495,0
10496,1
10497,1
10498,1
10499,0
10500,2
10501,0
10502,1
10503,2
10504,2
10505,2
10506,1
10507,1
10508,0
10509,2
10510,2
10511,2
10512,1
10513,1
10514,0
10515,0
10516,2
10517,1
10518,2
10519,0
10520,2
10521,1
10522,2
10523,1
10524,2
10525,2
10526,1
10527,2
10528,2
10529,1
10530,0
10531,2
10532,2
10533,0
10534,0
10535,1
10536,0
10537,2
10538,2
10539,1
10540,2
10541,1
10542,1
10543,1
10544,1
10545,2
10546,1
10547,2
10548,1
10549,2
10550,0
10551,0
10552,2
10553,2
10554,1
10555,0
10556,2
10557,0
10558,2
10559,2
10560,2
10561,1
10562,2
10563,2
10564,0
10565,1
10566,1
10567,2
10568,2
10569,0
10570,2
10571,2
10572,2
10573,1
10574,2
10575,0
10576,2
10577,2
10578,2
10579,2
10580,2
10581,0
10582,1
10583,2
10584,2
10585,2
10586,2
10587,0
10588,2
10589,2
10590,2
10591,2
10592,1
10593,0
10594,1
10595,2
10596,0
10597,2
10598,1
10599,0
10600,2
10601,1
10602,1
10603,2
10604,1
10605,2
10606,2
10607,1
10608,2
10609,2
10610,0
10611,2
10612,1
10613,0
10614,2
10615,2
10616,1
10617,2
10618,2
10619,2
10620,1
10621,2
10622,0
10623,1
10624,1
10625,1
10626,0
10627,0
10628,1
10629,2
10630,0
10631,2
10632,2
10633,0
10634,0
10635,1
10636,1
10637,1
10638,2
10639,1
10640,0
10641,0
10642,1
10643,1
10644,1
10645,2
10646,0
10647,2
10648,1
10649,2
10650,0
10651,1
10652,1
10653,1
10654,1
10655,2
10656,2
10657,1
10658,0
10659,0
10660,1
10661,1
10662,2
10663,1
10664,0
10665,2
10666,1
10667,0
10668,2
10669,0
10670,1
10671,1
10672,1
10673,2
10674,0
10675,1
10676,2
10677,2
10678,2
10679,1
10680,2
10681,1
10682,0
10683,1
10684,1
10685,2
10686,0
10687,0
10688,1
10689,1
10690,1
10691,0
10692,2
10693,0
10694,2
10695,0
10696,1
10697,1
10698,1
10699,2
10700,1
10701,0
10702,1
10703,1
10704,1
10705,2
10706,2
10707,1
10708,2
10709,2
10710,2
10711,0
10712,2
10713,2
10714,2
10715,2
10716,0
10717,1
10718,2
10719,1
10720,1
10721,2
10722,0
10723,1
10724,1
10725,1
10726,1
10727,2
10728,1
10729,1
10730,1
10731,2
10732,2
10733,2
10734,2
10735,1
10736,1
10737,1
10738,1
10739,2
10740,0
10741,0
10742,0
10743,2
10744,1
10745,1
10746,1
10747,1
10748,0
10749,0
10750,2
10751,1
10752,0
10753,2
10754,2
10755,2
10756,2
10757,0
10758,2
10759,2
10760,2
10761,0
10762,1
10763,1
10764,2
10765,1
10766,1
10767,0
10768,0
10769,0
10770,1
10771,0
10772,1
10773,2
10774,0
10775,1
10776,1
10777,2
10778,1
10779,1
10780,2
10781,1
10782,2
10783,1
10784,1
10785,1
10786,2
10787,0
10788,2
10789,2
10790,2
10791,0
10792,0
10793,1
10794,2
10795,1
10796,1
10797,0
10798,2
10799,2
10800,2
10801,2
10802,2
10803,1
10804,0
10805,2
10806,1
10807,1
10808,2
10809,2
10810,1
10811,0
10812,2
10813,1
10814,0
10815,0
10816,1
10817,1
10818,0
10819,2
10820,0
10821,0
10822,2
10823,2
10824,1
10825,0
10826,0
10827,1
10828,1
10829,0
10830,1
10831,0
10832,2
10833,1
10834,2
10835,0
10836,1
10837,0
10838,1
10839,0
10840,2
10841,2
10842,0
10843,0
10844,0
10845,2
10846,0
10847,1
10848,2
10849,2
10850,2
10851,0
10852,0
10853,2
10854,1
10855,1
10856,2
10857,0
10858,2
10859,1
10860,2
10861,2
10862,0
10863,2
10864,0
10865,2
10866,2
10867,2
10868,0
10869,1
10870,1
10871,1
10872,0
10873,2
10874,1
10875,2
10876,1
10877,1
10878,2
10879,1
10880,2
10881,1
10882,2
10883,2
10884,1
10885,0
10886,2
10887,2
10888,1
10889,1
10890,0
10891,2
10892,2
10893,2
10894,2
10895,1
10896,2
10897,1
10898,2
10899,0
10900,1
10901,0
10902,1
10903,0
10904,2
10905,0
10906,1
10907,2
10908,1
10909,0
10910,0
10911,0
10912,2
10913,1
10914,1
10915,1
10916,1
10917,2
10918,2
10919,2
10920,2
10921,0
10922,1
10923,0
10924,2
10925,0
10926,2
10927,1
10928,2
10929,1
10930,1
10931,0
10932,0
10933,1
10934,2
10935,2
10936,2
10937,2
10938,2
10939,0
10940,2
10941,2
10942,0
10943,2
10944,2
10945,1
10946,1
10947,1
10948,2
10949,1
10950,1
10951,2
10952,1
10953,1
10954,2
10955,1
10956,1
10957,1
10958,1
10959,1
10960,0
10961,1
10962,2
10963,2
10964,1
10965,2
10966,0
10967,2
10968,1
10969,2
10970,0
10971,2
10972,1
10973,2
10974,1
10975,1
10976,2
10977,1
10978,2
10979,2
10980,0
10981,1
10982,2
10983,1
10984,1
10985,1
10986,1
10987,2
10988,0
10989,1
10990,1
10991,1
10992,2
10993,0
10994,2
10995,1
10996,1
10997,1
10998,2
10999,2
11000,2
11001,1
11002,0
11003,2
11004,0
11005,2
11006,2
11007,0
11008,0
11009,2
11010,2
11011,2
11012,2
11013,1
11014,2
11015,1
11016,2
11017,2
11018,2
11019,0
11020,2
11021,1
11022,1
11023,2
11024,2
11025,0
11026,0
11027,2
11028,0
11029,0
11030,2
11031,2
11032,1
11033,1
11034,2
11035,1
11036,2
11037,0
11038,2
11039,2
11040,0
11041,0
11042,1
11043,2
11044,0
11045,2
11046,1
11047,0
11048,2
11049,2
11050,2
11051,2
11052,1
11053,2
11054,2
11055,2
11056,1
11057,1
11058,0
11059,1
11060,1
11061,2
11062,2
11063,1
11064,1
11065,2
11066,2
11067,1
11068,2
11069,1
11070,0
11071,1
11072,2
11073,0
11074,0
11075,2
11076,0
11077,0
11078,0
11079,2
11080,2
11081,0
11082,0
11083,2
11084,2
11085,2
11086,2
11087,1
11088,1
11089,1
11090,0
11091,2
11092,1
11093,2
11094,1
11095,0
11096,2
11097,1
11098,2
11099,2
11100,2
11101,1
11102,2
11103,1
11104,0
11105,2
11106,1
11107,2
11108,2
11109,0
11110,2
11111,2
11112,2
11113,1
11114,1
11115,0
11116,1
11117,0
11118,0
11119,2
11120,2
11121,0
11122,2
11123,2
11124,1
11125,2
11126,0
11127,0
11128,2
11129,2
11130,1
11131,2
11132,2
11133,0
11134,0
11135,1
11136,1
11137,0
11138,2
11139,1
11140,0
11141,2
11142,1
11143,1
11144,2
11145,2
11146,1
11147,2
11148,2
11149,1
11150,2
11151,2
11152,1
11153,0
11154,2
11155,2
11156,2
11157,2
11158,2
11159,2
11160,2
11161,2
11162,1
11163,2
11164,2
11165,2
11166,1
11167,1
11168,2
11169,0
11170,2
11171,1
11172,0
11173,2
11174,2
11175,0
11176,2
11177,0
11178,1
11179,1
11180,2
11181,1
11182,1
11183,0
11184,2
11185,1
11186,2
11187,1
11188,2
11189,2
11190,0
11191,1
11192,0
11193,0
11194,2
11195,0
11196,2
11197,2
11198,1
11199,1
11200,2
11201,1
11202,2
11203,0
11204,0
11205,2
11206,1
11207,0
11208,1
11209,1
11210,2
11211,1
11212,1
11213,1
11214,1
11215,0
11216,0
11217,1
11218,1
11219,2
11220,1
11221,1
11222,0
11223,0
11224,1
11225,2
11226,2
11227,2
11228,2
11229,0
11230,1
11231,1
11232,2
11233,0
11234,1
11235,2
11236,0
11237,0
11238,2
11239,1
11240,2
11241,2
11242,1
11243,2
11244,2
11245,2
11246,2
11247,0
11248,1
11249,2
11250,2
11251,0
11252,2
11253,1
11254,0
11255,2
11256,2
11257,1
11258,0
11259,1
11260,2
11261,2
11262,1
11263,1
11264,2
11265,1
11266,0
11267,1
11268,2
11269,1
11270,2
11271,2
11272,1
11273,1
11274,2
11275,2
11276,2
11277,1
11278,2
11279,2
11280,1
11281,2
11282,2
11283,1
11284,0
11285,2
11286,2
11287,2
11288,1
11289,2
11290,2
11291,0
11292,1
11293,0
11294,0
11295,0
11296,1
11297,1
11298,1
11299,1
11300,2
11301,1
11302,0
11303,1
11304,1
11305,0
11306,2
11307,1
11308,0
11309,0
11310,0
11311,2
11312,2
11313,2
11314,2
11315,2
11316,1
11317,2
11318,0
11319,2
11320,0
11321,1
11322,0
11323,0
11324,2
11325,2
11326,0
11327,1
11328,1
11329,2
11330,0
11331,1
11332,0
11333,2
11334,0
11335,2
11336,2
11337,0
11338,1
11339,1
11340,2
11341,2
11342,2
11343,1
11344,0
11345,1
11346,1
11347,1
11348,2
11349,0
11350,2
11351,2
11352,1
11353,2
11354,0
11355,2
11356,2
11357,2
11358,2
11359,0
11360,0
11361,2
11362,0
11363,1
11364,0
11365,2
11366,1
11367,0
11368,0
11369,1
11370,1
11371,0
11372,2
11373,1
11374,0
11375,1
11376,1
11377,2
11378,2
11379,1
11380,2
11381,2
11382,2
11383,2
11384,1
11385,2
11386,1
11387,0
11388,1
11389,0
11390,2
11391,0
11392,2
11393,1
11394,2
11395,0
11396,1
11397,1
11398,1
11399,1
11400,2
11401,1
11402,2
11403,2
11404,2
11405,2
11406,1
11407,1
11408,0
11409,2
11410,1
11411,1
11412,2
11413,0
11414,0
11415,2
11416,1
11417,2
11418,2
11419,1
11420,1
11421,0
11422,1
11423,1
11424,1
11425,2
11426,1
11427,1
11428,0
11429,0
11430,1
11431,2
11432,0
11433,0
11434,0
11435,2
11436,0
11437,0
11438,1
11439,1
11440,2
11441,2
11442,1
11443,2
11444,1
11445,1
11446,2
11447,2
11448,2
11449,0
11450,2
11451,2
11452,2
11453,1
11454,0
11455,1
11456,1
11457,1
11458,0
11459,1
11460,2
11461,1
11462,2
11463,0
11464,2
11465,1
11466,1
11467,1
11468,2
11469,1
11470,1
11471,2
11472,0
11473,2
11474,1
11475,1
11476,1
11477,2
11478,1
11479,2
11480,2
11481,1
11482,2
11483,1
11484,0
11485,2
11486,0
11487,2
11488,2
11489,0
11490,1
11491,1
11492,0
11493,1
11494,2
11495,2
11496,0
11497,2
11498,0
11499,1
11500,1
11501,2
11502,1
11503,2
11504,2
11505,2
11506,1
11507,2
11508,2
11509,1
11510,0
11511,0
11512,2
11513,1
11514,2
11515,1
11516,2
11517,1
11518,0
11519,2
11520,0
11521,0
11522,2
11523,1
11524,2
11525,1
11526,1
11527,2
11528,1
11529,2
11530,1
11531,1
11532,1
11533,2
11534,2
11535,0
11536,2
11537,0
11538,2
11539,0
11540,1
11541,2
11542,2
11543,2
11544,1
11545,1
11546,0
11547,2
11548,1
11549,2
11550,2
11551,0
11552,1
11553,0
11554,2
11555,1
11556,2
11557,0
11558,0
11559,2
11560,0
11561,2
11562,2
11563,2
11564,1
11565,1
11566,0
11567,1
11568,2
11569,1
11570,1
11571,2
11572,1
11573,2
11574,1
11575,1
11576,2
11577,0
11578,1
11579,1
11580,2
11581,0
11582,2
11583,0
11584,1
11585,2
11586,2
11587,2
11588,1
11589,2
11590,2
11591,0
11592,0
11593,1
11594,0
11595,2
11596,1
11597,2
11598,1
11599,2
11600,2
11601,2
11602,2
11603,0
11604,2
11605,2
11606,2
11607,0
11608,1
11609,2
11610,2
11611,0
11612,1
11613,1
11614,1
11615,0
11616,2
11617,2
11618,1
11619,0
11620,2
11621,1
11622,2
11623,1
11624,0
11625,1
11626,2
11627,1
11628,0
11629,2
11630,1
11631,0
11632,1
11633,1
11634,0
11635,2
11636,2
11637,2
11638,1
11639,0
11640,2
11641,0
11642,1
11643,2
11644,2
11645,2
11646,1
11647,1
11648,1
11649,2
11650,1
11651,2
11652,2
11653,2
11654,1
11655,1
11656,1
11657,0
11658,1
11659,1
11660,2
11661,1
11662,2
11663,2
11664,0
11665,0
11666,0
11667,1
11668,1
11669,0
11670,1
11671,1
11672,0
11673,1
11674,2
11675,2
11676,2
11677,0
11678,2
11679,2
11680,0
11681,1
11682,0
11683,1
11684,1
11685,1
11686,2
11687,1
11688,1
11689,2
11690,1
11691,1
11692,2
11693,2
11694,2
11695,2
11696,1
11697,2
11698,1
11699,2
11700,2
11701,1
11702,0
11703,2
11704,1
11705,2
11706,1
11707,2
11708,1
11709,2
11710,1
11711,2
11712,2
11713,2
11714,1
11715,1
11716,0
11717,1
11718,1
11719,2
11720,2
11721,0
11722,2
11723,0
11724,2
11725,2
11726,1
11727,1
11728,1
11729,1
11730,1
11731,2
11732,2
11733,2
11734,1
11735,0
11736,0
11737,2
11738,2
11739,1
11740,2
11741,0
11742,1
11743,2
11744,0
11745,2
11746,2
11747,0
11748,2
11749,2
11750,2
11751,2
11752,1
11753,2
11754,2
11755,0
11756,1
11757,2
11758,2
11759,2
11760,2
11761,2
11762,2
11763,1
11764,0
11765,1
11766,1
11767,0
11768,0
11769,0
11770,2
11771,2
11772,2
11773,1
11774,2
11775,2
11776,2
11777,2
11778,1
11779,1
11780,2
11781,2
11782,1
11783,2
11784,2
11785,1
11786,0
11787,1
11788,1
11789,2
11790,2
11791,0
11792,2
11793,0
11794,1
11795,1
11796,1
11797,2
11798,2
11799,0
11800,1
11801,2
11802,1
11803,1
11804,2
11805,0
11806,1
11807,2
11808,0
11809,1
11810,1
11811,2
11812,1
11813,2
11814,2
11815,2
11816,1
11817,0
11818,2
11819,0
11820,1
11821,0
11822,1
11823,1
11824,1
11825,2
11826,1
11827,2
11828,1
11829,1
11830,2
11831,0
11832,2
11833,2
11834,2
11835,0
11836,2
11837,2
11838,2
11839,2
11840,2
11841,2
11842,0
11843,2
11844,2
11845,2
11846,1
11847,0
11848,2
11849,0
11850,2
11851,1
11852,2
11853,2
11854,1
11855,2
11856,2
11857,1
11858,1
11859,1
11860,2
11861,2
11862,2
11863,2
11864,1
11865,2
11866,2
11867,1
11868,2
11869,1
11870,1
11871,2
11872,2
11873,1
11874,1
11875,2
11876,1
11877,1
11878,2
11879,2
11880,2
11881,2
11882,1
11883,2
11884,0
11885,1
11886,2
11887,1
11888,0
11889,2
11890,1
11891,1
11892,2
11893,0
11894,0
11895,2
11896,1
11897,1
11898,0
11899,2
11900,1
11901,2
11902,1
11903,2
11904,1
11905,2
11906,1
11907,1
11908,2
11909,1
11910,2
11911,1
11912,1
11913,2
11914,1
11915,2
11916,1
11917,2
11918,1
11919,1
11920,1
11921,1
11922,2
11923,0
11924,1
11925,2
11926,0
11927,2
11928,1
11929,0
11930,1
11931,1
11932,2
11933,1
11934,2
11935,2
11936,1
11937,1
11938,2
11939,2
11940,1
11941,2
11942,2
11943,2
11944,2
11945,1
11946,2
11947,2
11948,1
11949,1
11950,2
11951,2
11952,0
11953,2
11954,2
11955,0
11956,2
11957,2
11958,1
11959,1
11960,2
11961,2
11962,1
11963,1
11964,1
11965,2
11966,2
11967,0
11968,1
11969,2
11970,0
11971,0
11972,1
11973,2
11974,1
11975,1
11976,0
11977,1
11978,2
11979,2
11980,0
11981,1
11982,2
11983,0
11984,0
11985,2
11986,2
11987,0
11988,2
11989,2
11990,0
11991,0
11992,1
11993,1
11994,0
11995,1
11996,2
11997,2
11998,2
11999,2
12000,2
12001,2
12002,1
12003,1
12004,2
12005,2
12006,1
12007,2
12008,2
12009,2
12010,2
12011,2
12012,1
12013,0
12014,0
12015,1
12016,1
12017,1
12018,2
12019,1
12020,2
12021,2
12022,2
12023,2
12024,1
12025,1
12026,0
12027,2
12028,1
12029,0
12030,2
12031,0
12032,1
12033,0
12034,1
12035,0
12036,1
12037,1
12038,2
12039,1
12040,1
12041,1
12042,0
12043,2
12044,0
12045,0
12046,0
12047,0
12048,1
12049,2
12050,1
12051,1
12052,0
12053,1
12054,0
12055,0
12056,2
12057,1
12058,1
12059,2
12060,2
12061,0
12062,1
12063,1
12064,1
12065,2
12066,2
12067,0
12068,1
12069,2
12070,1
12071,1
12072,0
12073,1
12074,0
12075,1
12076,2
12077,1
12078,1
12079,2
12080,2
12081,2
12082,1
12083,2
12084,2
12085,0
12086,1
12087,1
12088,0
12089,1
12090,2
12091,2
12092,2
12093,1
12094,0
12095,0
12096,2
12097,2
12098,2
12099,1
12100,0
12101,2
12102,0
12103,0
12104,2
12105,0
12106,1
12107,2
12108,1
12109,2
12110,2
12111,2
12112,0
12113,1
12114,2
12115,2
12116,2
12117,1
12118,0
12119,0
12120,0
12121,2
12122,2
12123,2
12124,0
12125,0
12126,2
12127,2
12128,2
12129,1
12130,2
12131,2
12132,2
12133,2
12134,1
12135,2
12136,2
12137,2
12138,0
12139,1
12140,2
12141,2
12142,2
12143,1
12144,1
12145,2
12146,2
12147,2
12148,2
12149,0
12150,2
12151,2
12152,0
12153,0
12154,2
12155,2
12156,0
12157,1
12158,0
12159,2
12160,2
12161,1
12162,1
12163,1
12164,0
12165,1
12166,0
12167,2
12168,2
12169,2
12170,1
12171,2
12172,1
12173,1
12174,0
12175,1
12176,0
12177,1
12178,0
12179,2
12180,1
12181,0
12182,1
12183,2
12184,2
12185,0
12186,2
12187,0
12188,1
12189,1
12190,0
12191,1
12192,0
12193,1
12194,2
12195,2
12196,0
12197,2
12198,1
12199,0
12200,0
12201,2
12202,2
12203,2
12204,2
12205,2
12206,0
12207,2
12208,2
12209,1
12210,0
12211,2
12212,2
12213,2
12214,2
12215,2
12216,1
12217,2
12218,2
12219,2
12220,1
12221,0
12222,1
12223,2
12224,2
12225,0
12226,1
12227,1
12228,0
12229,2
12230,2
12231,2
12232,0
12233,2
12234,0
12235,2
12236,1
12237,0
12238,2
12239,2
12240,0
12241,0
12242,2
12243,2
12244,0
12245,1
12246,2
12247,2
12248,2
12249,1
12250,2
12251,2
12252,1
12253,2
12254,0
12255,2
12256,2
12257,0
12258,1
12259,2
12260,1
12261,2
12262,2
12263,0
12264,1
12265,2
12266,0
12267,1
12268,0
12269,2
12270,0
12271,2
12272,0
12273,1
12274,0
12275,0
12276,2
12277,2
12278,2
12279,2
12280,1
12281,1
12282,0
12283,0
12284,2
12285,0
12286,0
12287,2
12288,1
12289,0
12290,1
12291,2
12292,0
12293,2
12294,2
12295,0
12296,2
12297,2
12298,2
12299,1
12300,2
12301,1
12302,0
12303,1
12304,2
12305,1
12306,1
12307,2
12308,1
12309,0
12310,1
12311,1
12312,1
12313,2
12314,0
12315,0
12316,2
12317,2
12318,1
12319,0
12320,1
12321,0
12322,2
12323,0
12324,1
12325,0
12326,2
12327,1
12328,1
12329,0
12330,2
12331,2
12332,2
12333,2
12334,2
12335,2
12336,2
12337,1
12338,2
12339,2
12340,1
12341,0
12342,2
12343,1
12344,2
12345,1
12346,1
12347,1
12348,1
12349,1
12350,1
12351,1
12352,1
12353,1
12354,1
12355,2
12356,1
12357,0
12358,1
12359,2
12360,1
12361,2
12362,0
12363,1
12364,1
12365,0
12366,2
12367,2
12368,0
12369,2
12370,2
12371,2
12372,2
12373,1
12374,2
12375,1
12376,1
12377,2
12378,0
12379,0
12380,1
12381,2
12382,1
12383,0
12384,0
12385,0
12386,2
12387,1
12388,2
12389,1
12390,0
12391,0
12392,1
12393,0
12394,0
12395,1
12396,2
12397,2
12398,2
12399,1
12400,2
12401,0
12402,1
12403,2
12404,1
12405,1
12406,2
12407,1
12408,1
12409,2
12410,2
12411,1
12412,0
12413,1
12414,2
12415,2
12416,0
12417,2
12418,0
12419,0
12420,2
12421,0
12422,0
12423,0
12424,1
12425,2
12426,2
12427,0
12428,1
12429,1
12430,2
12431,2
12432,1
12433,2
12434,1
12435,0
12436,0
12437,0
12438,1
12439,2
12440,0
12441,0
12442,2
12443,2
12444,1
12445,1
12446,2
12447,0
12448,1
12449,1
12450,1
12451,2
12452,1
12453,1
12454,1
12455,1
12456,2
12457,0
12458,2
12459,0
12460,1
12461,2
12462,2
12463,2
12464,2
12465,1
12466,1
12467,1
12468,2
12469,2
12470,2
12471,2
12472,2
12473,2
12474,2
12475,2
12476,2
12477,1
12478,1
12479,1
12480,2
12481,0
12482,1
12483,0
12484,1
12485,2
12486,1
12487,2
12488,0
12489,2
12490,2
12491,2
12492,2
12493,2
12494,2
12495,2
12496,1
12497,2
12498,0
12499,1
12500,1
12501,2
12502,2
12503,1
12504,0
12505,1
12506,1
12507,2
12508,0
12509,0
12510,2
12511,1
12512,0
12513,2
12514,0
12515,1
12516,0
12517,2
12518,1
12519,1
12520,2
12521,2
12522,0
12523,0
12524,2
12525,1
12526,2
12527,1
12528,1
12529,1
12530,2
12531,1
12532,2
12533,2
12534,2
12535,1
12536,1
12537,2
12538,1
12539,1
12540,0
12541,2
12542,2
12543,2
12544,2
12545,2
12546,1
12547,0
12548,0
12549,0
12550,2
12551,1
12552,2
12553,2
12554,1
12555,1
12556,2
12557,2
12558,2
12559,0
12560,0
12561,1
12562,1
12563,2
12564,2
12565,2
12566,2
12567,1
12568,2
12569,2
12570,0
12571,0
12572,2
12573,2
12574,1
12575,1
12576,0
12577,1
12578,1
12579,1
12580,1
12581,2
12582,2
12583,0
12584,2
12585,2
12586,0
12587,2
12588,1
12589,2
12590,0
12591,2
12592,0
12593,0
12594,0
12595,1
12596,0
12597,1
12598,1
12599,2
12600,0
12601,2
12602,2
12603,2
12604,2
12605,2
12606,2
12607,1
12608,2
12609,2
12610,0
12611,2
12612,0
12613,1
12614,1
12615,1
12616,2
12617,0
12618,2
12619,1
12620,0
12621,2
12622,1
12623,1
12624,2
12625,2
12626,1
12627,1
12628,2
12629,2
12630,0
12631,2
12632,1
12633,1
12634,1
12635,2
12636,0
12637,1
12638,0
12639,0
12640,2
12641,1
12642,0
12643,0
12644,2
12645,1
12646,0
12647,2
12648,1
12649,1
12650,2
12651,0
12652,1
12653,1
12654,1
12655,1
12656,2
12657,2
12658,2
12659,1
12660,0
12661,2
12662,2
12663,2
12664,0
12665,1
12666,0
12667,2
12668,2
12669,0
12670,1
12671,1
12672,2
12673,2
12674,1
12675,2
12676,1
12677,2
12678,1
12679,2
12680,2
12681,0
12682,2
12683,2
12684,2
12685,0
12686,2
12687,2
12688,1
12689,1
12690,0
12691,0
12692,2
12693,2
12694,2
12695,0
12696,2
12697,2
12698,1
12699,2
12700,2
12701,0
12702,0
12703,1
12704,1
12705,0
12706,1
12707,2
12708,0
12709,2
12710,2
12711,1
12712,1
12713,0
12714,1
12715,2
12716,2
12717,1
12718,1
12719,0
12720,1
12721,1
12722,2
12723,2
12724,2
12725,1
12726,2
12727,2
12728,0
12729,1
12730,1
12731,1
12732,2
12733,2
12734,2
12735,2
12736,2
12737,2
12738,2
12739,1
12740,0
12741,1
12742,1
12743,2
12744,1
12745,1
12746,1
12747,0
12748,1
12749,2
12750,1
12751,2
12752,2
12753,0
12754,1
12755,2
12756,0
12757,0
12758,2
12759,2
12760,2
12761,0
12762,2
12763,2
12764,2
12765,2
12766,2
12767,0
12768,1
12769,0
12770,1
12771,0
12772,0
12773,2
12774,2
12775,0
12776,1
12777,2
12778,2
12779,1
12780,2
12781,2
12782,2
12783,2
12784,2
12785,2
12786,2
12787,0
12788,1
12789,0
12790,2
12791,2
12792,1
12793,1
12794,1
12795,0
12796,1
12797,2
12798,2
12799,1
12800,0
12801,2
12802,2
12803,2
12804,1
12805,2
12806,2
12807,0
12808,2
12809,0
12810,1
12811,1
12812,1
12813,1
12814,0
12815,1
12816,2
12817,2
12818,1
12819,2
12820,1
12821,2
12822,0
12823,0
12824,0
12825,2
12826,2
12827,0
12828,2
12829,1
12830,1
12831,2
12832,1
12833,0
12834,2
12835,2
12836,1
12837,2
12838,1
12839,2
12840,0
12841,1
12842,2
12843,2
12844,0
12845,2
12846,2
12847,2
12848,2
12849,1
12850,1
12851,1
12852,2
12853,2
12854,1
12855,1
12856,1
12857,1
12858,2
12859,2
12860,0
12861,1
12862,1
12863,2
12864,0
12865,2
12866,2
12867,2
12868,1
12869,0
12870,0
12871,1
12872,0
12873,0
12874,2
12875,1
12876,2
12877,1
12878,1
12879,2
12880,2
12881,2
12882,1
12883,2
12884,2
12885,0
12886,2
12887,2
12888,2
12889,2
12890,1
12891,1
12892,0
12893,2
12894,1
12895,1
12896,0
12897,0
12898,1
12899,1
12900,1
12901,0
12902,1
12903,2
12904,1
12905,1
12906,0
12907,2
12908,2
12909,2
12910,2
12911,1
12912,2
12913,2
12914,1
12915,2
12916,1
12917,2
12918,1
12919,0
12920,2
12921,1
12922,0
12923,2
12924,0
12925,2
12926,0
12927,2
12928,1
12929,0
12930,2
12931,0
12932,2
12933,1
12934,1
12935,1
12936,2
12937,1
12938,2
12939,0
12940,2
12941,1
12942,1
12943,2
12944,1
12945,0
12946,2
12947,2
12948,2
12949,1
12950,2
12951,2
12952,0
12953,2
12954,2
12955,1
12956,0
12957,2
12958,1
12959,0
12960,0
12961,1
12962,2
12963,1
12964,2
12965,2
12966,2
12967,1
12968,1
12969,1
12970,2
12971,1
12972,1
12973,2
12974,0
12975,0
12976,1
12977,2
12978,0
12979,1
12980,0
12981,1
12982,1
12983,0
12984,0
12985,1
12986,2
12987,1
12988,0
12989,0
12990,0
12991,2
12992,2
12993,2
12994,2
12995,2
12996,2
12997,1
12998,1
12999,2
13000,2
13001,0
13002,1
13003,0
13004,1
13005,1
13006,2
13007,1
13008,1
13009,1
13010,0
13011,2
13012,1
13013,0
13014,0
13015,1
13016,0
13017,2
13018,2
13019,2
13020,1
13021,1
13022,1
13023,2
13024,1
13025,1
13026,1
13027,1
13028,2
13029,1
13030,2
13031,1
13032,2
13033,2
13034,2
13035,1
13036,2
13037,1
13038,1
13039,0
13040,0
13041,0
13042,2
13043,1
13044,1
13045,2
13046,2
13047,1
13048,1
13049,1
13050,2
13051,1
13052,1
13053,2
13054,2
13055,0
13056,1
13057,2
13058,2
13059,0
13060,2
13061,2
13062,2
13063,2
13064,2
13065,1
13066,1
13067,0
13068,2
13069,0
13070,2
13071,1
13072,1
13073,1
13074,1
13075,2
13076,0
13077,2
13078,0
13079,2
13080,1
13081,2
13082,1
13083,1
13084,1
13085,0
13086,2
13087,1
13088,2
13089,1
13090,1
13091,2
13092,1
13093,2
13094,1
13095,2
13096,1
13097,2
13098,0
13099,2
13100,2
13101,0
13102,1
13103,0
13104,0
13105,2
13106,2
13107,1
13108,2
13109,0
13110,0
13111,0
13112,0
13113,0
13114,2
13115,1
13116,2
13117,0
13118,0
13119,2
13120,1
13121,0
13122,1
13123,1
13124,2
13125,0
13126,1
13127,2
13128,2
13129,2
13130,0
13131,2
13132,2
13133,1
13134,0
13135,1
13136,2
13137,1
13138,2
13139,1
13140,2
13141,1
13142,2
13143,2
13144,2
13145,2
13146,2
13147,2
13148,2
13149,2
13150,1
13151,2
13152,2
13153,0
13154,0
13155,2
13156,0
13157,0
13158,2
13159,1
13160,1
13161,1
13162,2
13163,2
13164,1
13165,1
13166,2
13167,1
13168,0
13169,1
13170,2
13171,1
13172,2
13173,2
13174,1
13175,2
13176,0
13177,1
13178,2
13179,2
13180,2
13181,2
13182,1
13183,2
13184,2
13185,1
13186,0
13187,1
13188,1
13189,2
13190,2
13191,1
13192,1
13193,1
13194,1
13195,1
13196,2
13197,2
13198,2
13199,1
13200,1
13201,0
13202,0
13203,2
13204,0
13205,1
13206,2
13207,1
13208,0
13209,2
13210,2
13211,1
13212,0
13213,2
13214,0
13215,0
13216,2
13217,2
13218,1
13219,2
13220,0
13221,0
13222,1
13223,0
13224,2
13225,0
13226,1
13227,1
13228,1
13229,2
13230,2
13231,0
13232,0
13233,1
13234,1
13235,1
13236,2
13237,2
13238,2
13239,1
13240,2
13241,2
13242,1
13243,2
13244,1
13245,0
13246,1
13247,1
13248,0
13249,2
13250,1
13251,0
13252,1
13253,2
13254,0
13255,2
13256,0
13257,0
13258,1
13259,0
13260,1
13261,2
13262,2
13263,2
13264,1
13265,2
13266,2
13267,0
13268,2
13269,2
13270,0
13271,1
13272,1
13273,1
13274,2
13275,1
13276,2
13277,1
13278,0
13279,1
13280,1
13281,2
13282,2
13283,2
13284,0
13285,1
13286,1
13287,1
13288,0
13289,2
13290,2
13291,0
13292,2
13293,0
13294,0
13295,1
13296,0
13297,1
13298,1
13299,1
13300,2
13301,1
13302,1
13303,0
13304,2
13305,2
13306,2
13307,1
13308,2
13309,2
13310,2
13311,2
13312,0
13313,2
13314,1
13315,2
13316,1
13317,1
13318,1
13319,2
13320,2
13321,1
13322,1
13323,2
13324,2
13325,1
13326,0
13327,2
13328,2
13329,1
13330,0
13331,1
13332,0
13333,1
13334,2
13335,2
13336,2
13337,1
13338,2
13339,2
13340,2
13341,1
13342,1
13343,2
13344,1
13345,2
13346,2
13347,0
13348,0
13349,1
13350,0
13351,1
13352,1
13353,1
13354,1
13355,2
13356,2
13357,0
13358,2
13359,2
13360,2
13361,1
13362,2
13363,0
13364,1
13365,1
13366,2
13367,0
13368,1
13369,2
13370,0
13371,2
13372,0
13373,1
13374,2
13375,2
13376,1
13377,2
13378,2
13379,2
13380,2
13381,1
13382,0
13383,2
13384,2
13385,2
13386,2
13387,1
13388,2
13389,2
13390,0
13391,1
13392,2
13393,1
13394,2
13395,2
13396,0
13397,2
13398,2
13399,2
13400,0
13401,1
13402,2
13403,0
13404,0
13405,0
13406,2
13407,2
13408,0
13409,2
13410,1
13411,1
13412,2
13413,2
13414,1
13415,2
13416,0
13417,2
13418,2
13419,2
13420,0
13421,1
13422,1
13423,1
13424,2
13425,0
13426,2
13427,1
13428,2
13429,2
13430,2
13431,2
13432,1
13433,0
13434,2
13435,1
13436,1
13437,0
13438,2
13439,1
13440,2
13441,0
13442,1
13443,2
13444,1
13445,1
13446,1
13447,1
13448,2
13449,2
13450,2
13451,2
13452,2
13453,0
13454,1
13455,0
13456,1
13457,2
13458,2
13459,2
13460,2
13461,2
13462,2
13463,0
13464,0
13465,1
13466,1
13467,1
13468,1
13469,2
13470,1
13471,2
13472,0
13473,2
13474,2
13475,0
13476,1
13477,0
13478,0
13479,0
13480,2
13481,2
13482,0
13483,2
13484,1
13485,1
13486,2
13487,1
13488,2
13489,0
13490,1
13491,1
13492,2
13493,1
13494,1
13495,1
13496,1
13497,0
13498,2
13499,1
13500,2
13501,0
13502,0
13503,0
13504,2
13505,1
13506,0
13507,1
13508,2
13509,1
13510,1
13511,0
13512,2
13513,1
13514,0
13515,2
13516,2
13517,2
13518,2
13519,0
13520,1
13521,2
13522,2
13523,2
13524,0
13525,1
13526,2
13527,2
13528,1
13529,2
13530,1
13531,1
13532,1
13533,2
13534,1
13535,1
13536,1
13537,2
13538,0
13539,2
13540,2
13541,2
13542,2
13543,2
13544,2
13545,1
13546,2
13547,1
13548,2
13549,2
13550,2
13551,1
13552,2
13553,2
13554,2
13555,1
13556,1
13557,1
13558,2
13559,2
13560,2
13561,0
13562,0
13563,0
13564,2
13565,1
13566,2
13567,2
13568,1
13569,2
13570,1
13571,2
13572,2
13573,0
13574,2
13575,1
13576,2
13577,1
13578,2
13579,2
13580,2
13581,1
13582,2
13583,2
13584,0
13585,1
13586,1
13587,0
13588,1
13589,1
13590,2
13591,1
13592,2
13593,0
13594,2
13595,2
13596,2
13597,2
13598,2
13599,0
13600,2
13601,2
13602,0
13603,2
13604,0
13605,0
13606,1
13607,0
13608,2
13609,2
13610,0
13611,1
13612,2
13613,1
13614,0
13615,0
13616,1
13617,0
13618,2
13619,2
13620,2
13621,2
13622,2
13623,2
13624,2
13625,1
13626,1
13627,0
13628,1
13629,0
13630,1
13631,2
13632,2
13633,0
13634,2
13635,2
13636,1
13637,0
13638,1
13639,1
13640,0
13641,1
13642,2
13643,1
13644,2
13645,0
13646,1
13647,0
13648,2
13649,1
13650,1
13651,2
13652,2
13653,2
13654,0
13655,1
13656,2
13657,2
13658,1
13659,1
13660,2
13661,2
13662,1
13663,0
13664,2
13665,2
13666,0
13667,2
13668,1
13669,2
13670,2
13671,0
13672,1
13673,1
13674,2
13675,2
13676,1
13677,0
13678,0
13679,0
13680,2
13681,1
13682,2
13683,0
13684,2
13685,0
13686,1
13687,2
13688,2
13689,0
13690,1
13691,2
13692,0
13693,1
13694,1
13695,2
13696,1
13697,2
13698,2
13699,2
13700,0
13701,1
13702,0
13703,0
13704,2
13705,0
13706,0
13707,2
13708,1
13709,2
13710,2
13711,2
13712,2
13713,2
13714,0
13715,0
13716,2
13717,2
13718,0
13719,2
13720,1
13721,1
13722,1
13723,1
13724,0
13725,1
13726,2
13727,1
13728,1
13729,2
13730,2
13731,2
13732,1
13733,1
13734,1
13735,2
13736,2
13737,0
13738,2
13739,1
13740,0
13741,2
13742,2
13743,1
13744,2
13745,0
13746,2
13747,1
13748,2
13749,2
13750,0
13751,2
13752,0
13753,1
13754,1
13755,2
13756,2
13757,1
13758,2
13759,2
13760,0
13761,2
13762,2
13763,1
13764,2
13765,1
13766,1
13767,2
13768,0
13769,2
13770,2
13771,1
13772,2
13773,1
13774,2
13775,2
13776,0
13777,2
13778,1
13779,2
13780,2
13781,1
13782,2
13783,1
13784,2
13785,1
13786,0
13787,0
13788,2
13789,2
13790,1
13791,1
13792,0
13793,2
13794,2
13795,2
13796,0
13797,2
13798,2
13799,2
13800,0
13801,2
13802,2
13803,2
13804,2
13805,1
13806,2
13807,2
13808,0
13809,0
13810,2
13811,2
13812,2
13813,1
13814,2
13815,0
13816,0
13817,2
13818,2
13819,0
13820,2
13821,2
13822,0
13823,2
13824,2
13825,2
13826,2
13827,2
13828,1
13829,0
13830,0
13831,2
13832,2
13833,0
13834,0
13835,1
13836,1
13837,0
13838,0
13839,2
13840,2
13841,2
13842,0
13843,0
13844,2
13845,2
13846,1
13847,2
13848,2
13849,0
13850,2
13851,2
13852,2
13853,0
13854,1
13855,1
13856,1
13857,1
13858,1
13859,2
13860,0
13861,2
13862,1
13863,2
13864,2
13865,1
13866,0
13867,2
13868,2
13869,1
13870,2
13871,0
13872,1
13873,1
13874,1
13875,1
13876,0
13877,1
13878,2
13879,2
13880,0
13881,1
13882,2
13883,2
13884,2
13885,1
13886,1
13887,2
13888,2
13889,1
13890,2
13891,1
13892,1
13893,2
13894,2
13895,0
13896,1
13897,1
13898,2
13899,2
13900,0
13901,1
13902,2
13903,0
13904,2
13905,2
13906,2
13907,0
13908,1
13909,1
13910,1
13911,2
13912,1
13913,1
13914,2
13915,1
13916,1
13917,2
13918,2
13919,1
13920,1
13921,1
13922,0
13923,0
13924,1
13925,0
13926,1
13927,2
13928,0
13929,2
13930,1
13931,2
13932,1
13933,2
13934,1
13935,1
13936,2
13937,2
13938,0
13939,0
13940,1
13941,2
13942,1
13943,1
13944,2
13945,0
13946,1
13947,0
13948,0
13949,2
13950,1
13951,2
13952,2
13953,2
13954,1
13955,1
13956,2
13957,2
13958,2
13959,2
13960,1
13961,0
13962,1
13963,2
13964,1
13965,1
13966,1
13967,2
13968,2
13969,2
13970,1
13971,2
13972,1
13973,0
13974,1
13975,1
13976,1
13977,1
13978,0
13979,2
13980,0
13981,2
13982,0
13983,2
13984,1
13985,2
13986,1
13987,1
13988,0
13989,0
13990,1
13991,1
13992,1
13993,2
13994,2
13995,2
13996,1
13997,0
13998,2
13999,1
14000,1
14001,0
14002,0
14003,2
14004,1
14005,1
14006,1
14007,1
14008,2
14009,1
14010,0
14011,1
14012,2
14013,1
14014,0
14015,1
14016,0
14017,2
14018,1
14019,1
14020,0
14021,0
14022,2
14023,0
14024,0
14025,1
14026,2
14027,1
14028,1
14029,2
14030,0
14031,1
14032,1
14033,2
14034,1
14035,0
14036,1
14037,1
14038,1
14039,0
14040,2
14041,1
14042,2
14043,2
14044,1
14045,2
14046,0
14047,0
14048,2
14049,2
14050,1
14051,1
14052,2
14053,0
14054,1
14055,2
14056,1
14057,2
14058,2
14059,1
14060,2
14061,0
14062,2
14063,1
14064,1
14065,2
14066,2
14067,2
14068,2
14069,1
14070,1
14071,2
14072,0
14073,1
14074,2
14075,0
14076,2
14077,2
14078,2
14079,1
14080,0
14081,2
14082,2
14083,0
14084,1
14085,1
14086,1
14087,2
14088,0
14089,1
14090,2
14091,2
14092,0
14093,1
14094,1
14095,0
14096,1
14097,1
14098,0
14099,2
14100,0
14101,0
14102,1
14103,0
14104,0
14105,1
14106,2
14107,1
14108,1
14109,2
14110,2
14111,0
14112,0
14113,1
14114,1
14115,2
14116,2
14117,2
14118,2
14119,1
14120,0
14121,2
14122,1
14123,2
14124,2
14125,2
14126,1
14127,2
14128,1
14129,2
14130,1
14131,1
14132,0
14133,2
14134,2
14135,0
14136,2
14137,0
14138,1
14139,0
14140,1
14141,2
14142,1
14143,2
14144,2
14145,2
14146,1
14147,2
14148,2
14149,2
14150,0
14151,1
14152,1
14153,2
14154,2
14155,2
14156,2
14157,2
14158,0
14159,2
14160,0
14161,2
14162,2
14163,2
14164,0
14165,1
14166,2
14167,0
14168,1
14169,0
14170,0
14171,2
14172,2
14173,2
14174,0
14175,2
14176,2
14177,2
14178,1
14179,0
14180,0
14181,2
14182,0
14183,1
14184,2
14185,1
14186,1
14187,0
14188,2
14189,2
14190,1
14191,0
14192,2
14193,0
14194,1
14195,2
14196,1
14197,1
14198,2
14199,0
14200,2
14201,0
14202,0
14203,2
14204,1
14205,1
14206,2
14207,2
14208,1
14209,1
14210,1
14211,2
14212,0
14213,1
14214,1
14215,1
14216,1
14217,0
14218,0
14219,2
14220,0
14221,1
14222,2
14223,0
14224,1
14225,1
14226,1
14227,2
14228,0
14229,1
14230,0
14231,2
14232,2
14233,2
14234,2
14235,0
14236,0
14237,1
14238,2
14239,0
14240,1
14241,0
14242,1
14243,2
14244,1
14245,2
14246,2
14247,2
14248,1
14249,0
14250,0
14251,2
14252,0
14253,2
14254,2
14255,2
14256,1
14257,1
14258,1
14259,2
14260,1
14261,1
14262,2
14263,1
14264,2
14265,0
14266,2
14267,2
14268,0
14269,1
14270,2
14271,2
14272,2
14273,1
14274,0
14275,2
14276,2
14277,1
14278,2
14279,2
14280,1
14281,2
14282,1
14283,1
14284,0
14285,1
14286,0
14287,2
14288,2
14289,0
14290,1
14291,2
14292,1
14293,2
14294,2
14295,2
14296,0
14297,1
14298,2
14299,2
14300,0
14301,2
14302,2
14303,0
14304,2
14305,0
14306,1
14307,1
14308,2
14309,2
14310,1
14311,2
14312,0
14313,0
14314,2
14315,2
14316,1
14317,2
14318,2
14319,2
14320,1
14321,0
14322,1
14323,2
14324,2
14325,1
14326,1
14327,2
14328,2
14329,0
14330,2
14331,1
14332,2
14333,2
14334,1
14335,1
14336,0
14337,2
14338,1
14339,1
14340,1
14341,0
14342,0
14343,0
14344,1
14345,2
14346,1
14347,0
14348,0
14349,0
14350,0
14351,2
14352,1
14353,2
14354,2
14355,1
14356,0
14357,2
14358,2
14359,2
14360,2
14361,2
14362,2
14363,0
14364,2
14365,1
14366,1
14367,1
14368,2
14369,2
14370,2
14371,2
14372,0
14373,2
14374,1
14375,2
14376,0
14377,2
14378,2
14379,2
14380,2
14381,0
14382,1
14383,1
14384,2
14385,0
14386,0
14387,2
14388,2
14389,1
14390,2
14391,2
14392,2
14393,1
14394,1
14395,1
14396,2
14397,1
14398,2
14399,1
14400,0
14401,2
14402,1
14403,1
14404,1
14405,2
14406,0
14407,1
14408,0
14409,1
14410,0
14411,2
14412,0
14413,0
14414,2
14415,1
14416,0
14417,1
14418,2
14419,2
14420,2
14421,1
14422,1
14423,2
14424,2
14425,0
14426,2
14427,0
14428,2
14429,2
14430,1
14431,2
14432,1
14433,2
14434,1
14435,2
14436,1
14437,0
14438,2
14439,2
14440,1
14441,1
14442,0
14443,0
14444,1
14445,2
14446,1
14447,2
14448,1
14449,1
14450,2
14451,0
14452,0
14453,1
14454,0
14455,1
14456,0
14457,2
14458,0
14459,2
14460,2
14461,2
14462,1
14463,1
14464,2
14465,1
14466,2
14467,2
14468,1
14469,2
14470,0
14471,0
14472,0
14473,2
14474,1
14475,2
14476,0
14477,2
14478,2
14479,1
14480,0
14481,2
14482,1
14483,0
14484,2
14485,1
14486,1
14487,1
14488,0
14489,2
14490,2
14491,0
14492,2
14493,1
14494,2
14495,1
14496,2
14497,1
14498,2
14499,2
14500,1
14501,0
14502,1
14503,2
14504,0
14505,0
14506,0
14507,2
14508,1
14509,0
14510,2
14511,2
14512,1
14513,1
14514,1
14515,2
14516,2
14517,1
14518,1
14519,1
14520,0
14521,2
14522,1
14523,2
14524,1
14525,1
14526,2
14527,1
14528,1
14529,2
14530,1
14531,2
14532,0
14533,1
14534,1
14535,0
14536,0
14537,2
14538,1
14539,0
14540,1
14541,2
14542,0
14543,2
14544,1
14545,2
14546,1
14547,2
14548,2
14549,1
14550,1
14551,2
14552,2
14553,0
14554,2
14555,1
14556,0
14557,1
14558,1
14559,2
14560,2
14561,2
14562,2
14563,2
14564,2
14565,2
14566,2
14567,0
14568,1
14569,1
14570,2
14571,1
14572,2
14573,0
14574,1
14575,0
14576,2
14577,2
14578,0
14579,1
14580,1
14581,1
14582,0
14583,2
14584,2
14585,1
14586,1
14587,1
14588,1
14589,1
14590,1
14591,0
14592,2
14593,0
14594,2
14595,1
14596,2
14597,2
14598,2
14599,1
14600,0
14601,0
14602,2
14603,1
14604,0
14605,2
14606,2
14607,2
14608,2
14609,1
14610,2
14611,1
14612,1
14613,0
14614,1
14615,0
14616,2
14617,1
14618,1
14619,2
14620,2
14621,0
14622,1
14623,1
14624,0
14625,1
14626,0
14627,0
14628,1
14629,1
14630,0
14631,1
14632,0
14633,2
14634,2
14635,2
14636,1
14637,0
14638,1
14639,2
14640,2
14641,2
14642,0
14643,1
14644,2
14645,1
14646,0
14647,0
14648,0
14649,2
14650,0
14651,1
14652,0
14653,2
14654,2
14655,1
14656,2
14657,1
14658,1
14659,2
14660,2
14661,2
14662,0
14663,2
14664,2
14665,2
14666,0
14667,0
14668,1
14669,0
14670,2
14671,0
14672,2
14673,0
14674,1
14675,0
14676,2
14677,1
14678,2
14679,1
14680,0
14681,1
14682,0
14683,1
14684,1
14685,2
14686,2
14687,2
14688,1
14689,1
14690,2
14691,1
14692,2
14693,0
14694,0
14695,1
14696,1
14697,0
14698,0
14699,2
14700,1
14701,1
14702,1
14703,0
14704,0
14705,0
14706,0
14707,1
14708,0
14709,2
14710,0
14711,2
14712,0
14713,1
14714,1
14715,0
14716,1
14717,2
14718,2
14719,2
14720,1
14721,1
14722,1
14723,2
14724,0
14725,1
14726,2
14727,0
14728,0
14729,0
14730,2
14731,0
14732,0
14733,2
14734,2
14735,1
14736,1
14737,1
14738,2
14739,1
14740,2
14741,1
14742,1
14743,1
14744,1
14745,0
14746,1
14747,1
14748,2
14749,0
14750,2
14751,1
14752,1
14753,0
14754,0
14755,2
14756,2
14757,0
14758,2
14759,2
14760,2
14761,1
14762,1
14763,1
14764,2
14765,0
14766,1
14767,2
14768,1
14769,1
14770,0
14771,1
14772,2
14773,1
14774,2
14775,1
14776,0
14777,0
14778,2
14779,0
14780,1
14781,2
14782,2
14783,0
14784,1
14785,0
14786,1
14787,1
14788,0
14789,2
14790,2
14791,1
14792,1
14793,2
14794,0
14795,0
14796,1
14797,2
14798,0
14799,0
14800,2
14801,1
14802,1
14803,2
14804,1
14805,1
14806,1
14807,0
14808,2
14809,0
14810,0
14811,1
14812,1
14813,1
14814,2
14815,2
14816,2
14817,1
14818,2
14819,2
14820,2
14821,1
14822,2
14823,2
14824,2
14825,2
14826,1
14827,2
14828,2
14829,2
14830,2
14831,0
14832,0
14833,1
14834,2
14835,1
14836,2
14837,2
14838,1
14839,2
14840,1
14841,1
14842,0
14843,1
14844,2
14845,0
14846,0
14847,1
14848,2
14849,1
14850,2
14851,1
14852,0
14853,2
14854,0
14855,2
14856,2
14857,2
14858,1
14859,1
14860,2
14861,1
14862,0
14863,1
14864,2
14865,1
14866,1
14867,2
14868,2
14869,2
14870,2
14871,1
14872,0
14873,1
14874,2
14875,2
14876,0
14877,1
14878,2
14879,2
14880,0
14881,0
14882,2
14883,1
14884,2
14885,1
14886,2
14887,0
14888,2
14889,0
14890,0
14891,2
14892,2
14893,0
14894,1
14895,1
14896,1
14897,1
14898,0
14899,2
14900,2
14901,2
14902,1
14903,2
14904,0
14905,2
14906,2
14907,1
14908,2
14909,2
14910,2
14911,2
14912,1
14913,1
14914,2
14915,2
14916,2
14917,1
14918,2
14919,2
14920,2
14921,2
14922,0
14923,0
14924,2
14925,1
14926,1
14927,1
14928,0
14929,2
14930,1
14931,1
14932,1
14933,2
14934,2
14935,2
14936,1
14937,2
14938,2
14939,1
14940,2
14941,0
14942,0
14943,1
14944,1
14945,1
14946,2
14947,0
14948,1
14949,2
14950,0
14951,0
14952,2
14953,1
14954,2
14955,0
14956,0
14957,2
14958,2
14959,2
14960,1
14961,2
14962,2
14963,0
14964,1
14965,0
14966,1
14967,0
14968,1
14969,2
14970,1
14971,2
14972,2
14973,0
14974,2
14975,1
14976,1
14977,1
14978,1
14979,0
14980,2
14981,1
14982,2
14983,1
14984,0
14985,0
14986,1
14987,1
14988,0
14989,1
14990,2
14991,1
14992,0
14993,2
14994,2
14995,0
14996,1
14997,1
14998,0
14999,2
15000,1
15001,2
15002,1
15003,2
15004,0
15005,2
15006,0
15007,0
15008,1
15009,1
15010,1
15011,2
15012,0
15013,2
15014,0
15015,0
15016,2
15017,2
15018,0
15019,0
15020,0
15021,1
15022,0
15023,0
15024,0
15025,1
15026,1
15027,2
15028,0
15029,2
15030,2
15031,1
15032,1
15033,1
15034,1
15035,2
15036,0
15037,2
15038,0
15039,1
15040,1
15041,2
15042,2
15043,1
15044,1
15045,1
15046,2
15047,2
15048,2
15049,0
15050,1
15051,0
15052,2
15053,2
15054,2
15055,2
15056,0
15057,0
15058,0
15059,1
15060,1
15061,1
15062,1
15063,0
15064,0
15065,1
15066,2
15067,1
15068,2
15069,1
15070,0
15071,0
15072,2
15073,1
15074,1
15075,2
15076,0
15077,1
15078,2
15079,2
15080,2
15081,2
15082,2
15083,2
15084,2
15085,2
15086,0
15087,2
15088,0
15089,0
15090,2
15091,2
15092,2
15093,2
15094,2
15095,2
15096,1
15097,1
15098,0
15099,1
15100,0
15101,0
15102,0
15103,2
15104,2
15105,2
15106,1
15107,1
15108,2
15109,2
15110,1
15111,1
15112,2
15113,1
15114,2
15115,0
15116,2
15117,2
15118,2
15119,0
15120,2
15121,2
15122,1
15123,2
15124,1
15125,2
15126,1
15127,2
15128,0
15129,2
15130,2
15131,0
15132,1
15133,1
15134,2
15135,0
15136,2
15137,2
15138,1
15139,0
15140,2
15141,1
15142,2
15143,2
15144,2
15145,0
15146,2
15147,2
15148,1
15149,2
15150,2
15151,1
15152,2
15153,1
15154,1
15155,0
15156,2
15157,2
15158,1
15159,2
15160,0
15161,1
15162,0
15163,1
15164,0
15165,1
15166,2
15167,1
15168,0
15169,0
15170,0
15171,0
15172,1
15173,2
15174,2
15175,2
15176,1
15177,2
15178,0
15179,0
15180,1
15181,1
15182,1
15183,0
15184,0
15185,1
15186,1
15187,2
15188,1
15189,1
15190,1
15191,1
15192,0
15193,0
15194,1
15195,2
15196,2
15197,1
15198,1
15199,2
15200,1
15201,2
15202,0
15203,0
15204,1
15205,2
15206,2
15207,0
15208,1
15209,0
15210,1
15211,1
15212,2
15213,1
15214,0
15215,1
15216,2
15217,2
15218,2
15219,2
15220,2
15221,0
15222,0
15223,0
15224,0
15225,2
15226,2
15227,2
15228,1
15229,1
15230,2
15231,2
15232,2
15233,2
15234,0
15235,0
15236,2
15237,2
15238,1
15239,2
15240,2
15241,1
15242,0
15243,2
15244,2
15245,0
15246,2
15247,1
15248,2
15249,0
15250,0
15251,1
15252,1
15253,1
15254,2
15255,2
15256,1
15257,2
15258,2
15259,2
15260,0
15261,2
15262,2
15263,1
15264,2
15265,2
15266,2
15267,2
15268,1
15269,1
15270,2
15271,2
15272,0
15273,2
15274,1
15275,2
15276,1
15277,0
15278,2
15279,0
15280,1
15281,2
15282,2
15283,2
15284,0
15285,2
15286,2
15287,0
15288,2
15289,0
15290,1
15291,2
15292,1
15293,2
15294,1
15295,1
15296,1
15297,1
15298,0
15299,2
15300,2
15301,2
15302,0
15303,0
15304,2
15305,0
15306,2
15307,1
15308,1
15309,2
15310,2
15311,1
15312,1
15313,1
15314,0
15315,1
15316,2
15317,0
15318,0
15319,2
15320,0
15321,1
15322,2
15323,0
15324,1
15325,1
15326,2
15327,1
15328,1
15329,2
15330,1
15331,1
15332,1
15333,2
15334,2
15335,1
15336,2
15337,2
15338,1
15339,1
15340,2
15341,2
15342,2
15343,1
15344,2
15345,0
15346,0
15347,1
15348,0
15349,2
15350,2
15351,2
15352,2
15353,0
15354,2
15355,0
15356,2
15357,2
15358,0
15359,2
15360,2
15361,1
15362,1
15363,2
15364,1
15365,0
15366,1
15367,1
15368,1
15369,1
15370,1
15371,2
15372,2
15373,1
15374,2
15375,1
15376,2
15377,1
15378,2
15379,1
15380,2
15381,1
15382,2
15383,1
15384,1
15385,0
15386,1
15387,1
15388,1
15389,0
15390,1
15391,1
15392,0
15393,1
15394,0
15395,0
15396,2
15397,2
15398,0
15399,1
15400,1
15401,2
15402,1
15403,1
15404,1
15405,1
15406,0
15407,1
15408,0
15409,1
15410,2
15411,1
15412,1
15413,2
15414,2
15415,2
15416,2
15417,2
15418,2
15419,0
15420,0
15421,1
15422,0
15423,0
15424,1
15425,1
15426,0
15427,1
15428,0
15429,2
15430,0
15431,1
15432,1
15433,1
15434,1
15435,1
15436,2
15437,1
15438,0
15439,1
15440,0
15441,2
15442,1
15443,2
15444,2
15445,2
15446,2
15447,2
15448,1
15449,1
15450,1
15451,2
15452,1
15453,2
15454,1
15455,1
15456,0
15457,0
15458,2
15459,2
15460,2
15461,2
15462,1
15463,1
15464,2
15465,2
15466,2
15467,0
15468,2
15469,2
15470,2
15471,2
15472,2
15473,1
15474,0
15475,0
15476,2
15477,2
15478,0
15479,1
15480,2
15481,0
15482,0
15483,1
15484,1
15485,0
15486,1
15487,0
15488,1
15489,1
15490,2
15491,2
15492,1
15493,1
15494,1
15495,1
15496,0
15497,1
15498,1
15499,2
15500,2
15501,2
15502,0
15503,1
15504,0
15505,0
15506,0
15507,2
15508,2
15509,2
15510,2
15511,1
15512,2
15513,2
15514,2
15515,1
15516,1
15517,0
15518,1
15519,1
15520,0
15521,2
15522,2
15523,1
15524,2
15525,2
15526,2
15527,0
15528,2
15529,1
15530,0
15531,1
15532,1
15533,1
15534,2
15535,1
15536,1
15537,2
15538,2
15539,2
15540,2
15541,2
15542,1
15543,2
15544,2
15545,1
15546,2
15547,2
15548,1
15549,0
15550,1
15551,2
15552,1
15553,1
15554,2
15555,0
15556,2
15557,0
15558,2
15559,1
15560,2
15561,1
15562,1
15563,0
15564,2
15565,1
15566,0
15567,2
15568,1
15569,1
15570,0
15571,2
15572,0
15573,2
15574,1
15575,1
15576,2
15577,0
15578,1
15579,0
15580,2
15581,1
15582,1
15583,0
15584,0
15585,1
15586,1
15587,1
15588,2
15589,0
15590,2
15591,2
15592,2
15593,2
15594,2
15595,0
15596,2
15597,1
15598,2
15599,2
15600,2
15601,2
15602,2
15603,2
15604,1
15605,2
15606,0
15607,0
15608,2
15609,2
15610,0
15611,1
15612,2
15613,1
15614,1
15615,0
15616,2
15617,1
15618,2
15619,2
15620,1
15621,2
15622,1
15623,1
15624,2
15625,2
15626,1
15627,2
15628,1
15629,1
15630,2
15631,1
15632,0
15633,1
15634,1
15635,1
15636,1
15637,1
15638,2
15639,1
15640,2
15641,2
15642,2
15643,2
15644,1
15645,1
15646,2
15647,2
15648,2
15649,2
15650,1
15651,1
15652,2
15653,0
15654,2
15655,0
15656,2
15657,0
15658,1
15659,2
15660,1
15661,1
15662,2
15663,1
15664,2
15665,2
15666,1
15667,0
15668,1
15669,2
15670,1
15671,1
15672,2
15673,2
15674,2
15675,1
15676,0
15677,1
15678,1
15679,0
15680,2
15681,2
15682,0
15683,1
15684,2
15685,0
15686,1
15687,1
15688,2
15689,2
15690,1
15691,0
15692,1
15693,1
15694,2
15695,2
15696,0
15697,0
15698,1
15699,1
15700,1
15701,0
15702,1
15703,2
15704,2
15705,2
15706,1
15707,2
15708,0
15709,1
15710,1
15711,2
15712,0
15713,1
15714,1
15715,1
15716,2
15717,1
15718,0
15719,1
15720,2
15721,2
15722,2
15723,0
15724,0
15725,2
15726,2
15727,1
15728,2
15729,1
15730,0
15731,2
15732,1
15733,1
15734,0
15735,0
15736,1
15737,0
15738,1
15739,0
15740,2
15741,2
15742,0
15743,1
15744,2
15745,1
15746,2
15747,0
15748,2
15749,1
15750,1
15751,2
15752,2
15753,1
15754,1
15755,0
15756,2
15757,0
15758,1
15759,2
15760,1
15761,2
15762,1
15763,0
15764,1
15765,2
15766,0
15767,0
15768,2
15769,2
15770,1
15771,2
15772,0
15773,2
15774,0
15775,0
15776,1
15777,1
15778,0
15779,1
15780,2
15781,1
15782,1
15783,1
15784,0
15785,2
15786,2
15787,2
15788,2
15789,0
15790,1
15791,1
15792,2
15793,2
15794,2
15795,1
15796,0
15797,0
15798,1
15799,0
15800,1
15801,2
15802,0
15803,1
15804,2
15805,1
15806,2
15807,2
15808,1
15809,2
15810,2
15811,2
15812,1
15813,2
15814,0
15815,2
15816,1
15817,1
15818,0
15819,1
15820,0
15821,1
15822,2
15823,2
15824,0
15825,1
15826,1
15827,2
15828,1
15829,2
15830,2
15831,1
15832,1
15833,2
15834,2
15835,2
15836,2
15837,0
15838,1
15839,1
15840,2
15841,1
15842,1
15843,2
15844,2
15845,1
15846,2
15847,2
15848,1
15849,1
15850,2
15851,0
15852,2
15853,2
15854,0
15855,2
15856,1
15857,2
15858,2
15859,2
15860,2
15861,0
15862,2
15863,0
15864,1
15865,2
15866,0
15867,2
15868,0
15869,2
15870,1
15871,1
15872,2
15873,1
15874,1
15875,2
15876,1
15877,1
15878,0
15879,2
15880,1
15881,0
15882,0
15883,2
15884,2
15885,2
15886,2
15887,1
15888,1
15889,0
15890,0
15891,2
15892,0
15893,1
15894,0
15895,0
15896,0
15897,1
15898,0
15899,2
15900,0
15901,2
15902,2
15903,2
15904,2
15905,2
15906,2
15907,1
15908,1
15909,2
15910,0
15911,1
15912,2
15913,2
15914,1
15915,1
15916,2
15917,2
15918,1
15919,0
15920,2
15921,2
15922,2
15923,0
15924,1
15925,0
15926,1
15927,2
15928,1
15929,1
15930,2
15931,2
15932,1
15933,1
15934,0
15935,2
15936,1
15937,1
15938,1
15939,1
15940,0
15941,1
15942,2
15943,2
15944,1
15945,2
15946,0
15947,0
15948,1
15949,0
15950,1
15951,2
15952,2
15953,1
15954,1
15955,1
15956,1
15957,1
15958,2
15959,0
15960,1
15961,2
15962,2
15963,0
15964,0
15965,1
15966,1
15967,1
15968,1
15969,2
15970,1
15971,2
15972,1
15973,0
15974,1
15975,2
15976,1
15977,1
15978,0
15979,1
15980,2
15981,2
15982,2
15983,2
15984,1
15985,0
15986,2
15987,2
15988,1
15989,2
15990,1
15991,2
15992,0
15993,0
15994,0
15995,2
15996,1
15997,1
15998,1
15999,0
16000,2
16001,2
16002,1
16003,2
16004,2
16005,2
16006,2
16007,2
16008,2
16009,0
16010,2
16011,1
16012,1
16013,0
16014,0
16015,0
16016,0
16017,1
16018,2
16019,1
16020,0
16021,0
16022,0
16023,2
16024,2
16025,1
16026,1
16027,1
16028,2
16029,2
16030,0
16031,1
16032,0
16033,2
16034,0
16035,1
16036,1
16037,1
16038,1
16039,0
16040,2
16041,1
16042,2
16043,2
16044,2
16045,1
16046,2
16047,2
16048,2
16049,1
16050,2
16051,1
16052,1
16053,0
16054,2
16055,2
16056,2
16057,0
16058,1
16059,2
16060,2
16061,2
16062,2
16063,1
16064,0
16065,1
16066,2
16067,1
16068,2
16069,0
16070,2
16071,1
16072,2
16073,2
16074,1
16075,1
16076,2
16077,0
16078,2
16079,1
16080,0
16081,1
16082,2
16083,1
16084,2
16085,1
16086,0
16087,1
16088,2
16089,1
16090,0
16091,2
16092,1
16093,2
16094,2
16095,2
16096,1
16097,0
16098,1
16099,0
16100,2
16101,0
16102,2
16103,1
16104,1
16105,2
16106,2
16107,2
16108,0
16109,0
16110,0
16111,1
16112,1
16113,2
16114,1
16115,1
16116,2
16117,0
16118,0
16119,1
16120,1
16121,0
16122,1
16123,1
16124,1
16125,2
16126,1
16127,0
16128,1
16129,1
16130,1
16131,2
16132,2
16133,0
16134,2
16135,2
16136,1
16137,2
16138,1
16139,2
16140,2
16141,0
16142,0
16143,1
16144,0
16145,2
16146,2
16147,2
16148,2
16149,2
16150,0
16151,0
16152,2
16153,2
16154,2
16155,0
16156,1
16157,1
16158,1
16159,1
16160,1
16161,1
16162,2
16163,1
16164,2
16165,0
16166,2
16167,2
16168,1
16169,2
16170,2
16171,1
16172,2
16173,2
16174,1
16175,1
16176,1
16177,1
16178,2
16179,1
16180,0
16181,0
16182,2
16183,2
16184,2
16185,1
16186,1
16187,1
16188,2
16189,1
16190,1
16191,2
16192,0
16193,2
16194,1
16195,0
16196,2
16197,2
16198,0
16199,2
16200,2
16201,0
16202,1
16203,2
16204,0
16205,2
16206,1
16207,0
16208,2
16209,2
16210,0
16211,2
16212,1
16213,2
16214,1
16215,0
16216,2
16217,2
16218,1
16219,0
16220,1
16221,2
16222,1
16223,0
16224,1
16225,1
16226,1
16227,2
16228,1
16229,2
16230,2
16231,1
16232,2
16233,2
16234,1
16235,2
16236,2
16237,2
16238,2
16239,2
16240,0
16241,2
16242,2
16243,2
16244,1
16245,2
16246,2
16247,2
16248,0
16249,2
16250,1
16251,2
16252,2
16253,2
16254,2
16255,2
16256,2
16257,2
16258,2
16259,0
16260,1
16261,0
16262,1
16263,0
16264,2
16265,2
16266,1
16267,1
16268,2
16269,2
16270,1
16271,2
16272,2
16273,2
16274,2
16275,1
16276,2
16277,2
16278,2
16279,1
16280,2
16281,1
16282,1
16283,1
16284,1
16285,2
16286,1
16287,2
16288,0
16289,2
16290,2
16291,2
16292,1
16293,0
16294,2
16295,1
16296,0
16297,1
16298,2
16299,1
16300,2
16301,2
16302,0
16303,1
16304,2
16305,1
16306,2
16307,2
16308,2
16309,2
16310,2
16311,1
16312,2
16313,2
16314,2
16315,1
16316,2
16317,0
16318,1
16319,0
16320,1
16321,2
16322,2
16323,1
16324,1
16325,2
16326,1
16327,1
16328,0
16329,2
16330,2
16331,1
16332,2
16333,2
16334,2
16335,2
16336,1
16337,2
16338,2
16339,1
16340,1
16341,0
16342,2
16343,0
16344,2
16345,2
16346,1
16347,1
16348,2
16349,1
16350,1
16351,2
16352,1
16353,0
16354,0
16355,2
16356,0
16357,2
16358,2
16359,2
16360,0
16361,2
16362,0
16363,0
16364,1
16365,0
16366,2
16367,2
16368,1
16369,1
16370,2
16371,2
16372,1
16373,1
16374,2
16375,2
16376,0
16377,1
16378,1
16379,0
16380,2
16381,0
16382,1
16383,1
16384,1
16385,0
16386,2
16387,2
16388,1
16389,2
16390,2
16391,1
16392,2
16393,2
16394,2
16395,2
16396,2
16397,2
16398,0
16399,0
16400,2
16401,2
16402,2
16403,2
16404,0
16405,2
16406,2
16407,1
16408,2
16409,2
16410,0
16411,0
16412,0
16413,1
16414,2
16415,0
16416,2
16417,0
16418,2
16419,1
16420,1
16421,2
16422,1
16423,2
16424,1
16425,2
16426,1
16427,0
16428,1
16429,1
16430,0
16431,2
16432,2
16433,1
16434,2
16435,2
16436,2
16437,0
16438,0
16439,2
16440,2
16441,0
16442,0
16443,0
16444,2
16445,1
16446,1
16447,0
16448,1
16449,1
16450,0
16451,0
16452,1
16453,1
16454,2
16455,0
16456,0
16457,2
16458,1
16459,2
16460,2
16461,1
16462,2
16463,1
16464,0
16465,1
16466,1
16467,1
16468,2
16469,1
16470,2
16471,0
16472,0
16473,2
16474,1
16475,2
16476,1
16477,2
16478,0
16479,0
16480,2
16481,1
16482,1
16483,1
16484,2
16485,2
16486,1
16487,1
16488,2
16489,2
16490,2
16491,2
16492,2
16493,0
16494,1
16495,2
16496,1
16497,1
16498,2
16499,2
16500,2
16501,1
16502,1
16503,0
16504,0
16505,2
16506,1
16507,1
16508,1
16509,0
16510,0
16511,2
16512,1
16513,2
16514,1
16515,0
16516,2
16517,2
16518,2
16519,2
16520,0
16521,2
16522,1
16523,2
16524,2
16525,0
16526,0
16527,2
16528,0
16529,2
16530,1
16531,2
16532,1
16533,0
16534,1
16535,0
16536,1
16537,0
16538,2
16539,0
16540,0
16541,2
16542,1
16543,1
16544,2
16545,2
16546,1
16547,1
16548,1
16549,2
16550,1
16551,0
16552,1
16553,2
16554,1
16555,1
16556,2
16557,2
16558,1
16559,1
16560,0
16561,1
16562,2
16563,1
16564,2
16565,0
16566,2
16567,1
16568,2
16569,2
16570,2
16571,2
16572,1
16573,1
16574,2
16575,1
16576,1
16577,0
16578,1
16579,2
16580,2
16581,2
16582,1
16583,1
16584,1
16585,0
16586,2
16587,0
16588,1
16589,2
16590,0
16591,1
16592,0
16593,2
16594,2
16595,2
16596,0
16597,1
16598,1
16599,1
16600,2
16601,2
16602,1
16603,2
16604,0
16605,1
16606,2
16607,1
16608,1
16609,1
16610,1
16611,2
16612,0
16613,2
16614,0
16615,1
16616,1
16617,1
16618,2
16619,2
16620,2
16621,0
16622,2
16623,1
16624,1
16625,0
16626,2
16627,2
16628,1
16629,2
16630,1
16631,2
16632,1
16633,2
16634,2
16635,1
16636,0
16637,1
16638,2
16639,2
16640,2
16641,2
16642,2
16643,2
16644,1
16645,1
16646,2
16647,1
16648,2
16649,2
16650,1
16651,2
16652,1
16653,2
16654,2
16655,0
16656,0
16657,1
16658,2
16659,2
16660,1
16661,1
16662,0
16663,0
16664,2
16665,2
16666,1
16667,1
16668,1
16669,2
16670,0
16671,0
16672,1
16673,1
16674,0
16675,2
16676,2
16677,2
16678,1
16679,2
16680,1
16681,2
16682,2
16683,1
16684,1
16685,1
16686,1
16687,0
16688,2
16689,2
16690,2
16691,0
16692,1
16693,0
16694,2
16695,2
16696,2
16697,0
16698,2
16699,0
16700,1
16701,1
16702,0
16703,2
16704,2
16705,1
16706,2
16707,2
16708,1
16709,0
16710,1
16711,1
16712,0
16713,1
16714,1
16715,1
16716,0
16717,1
16718,0
16719,2
16720,1
16721,0
16722,2
16723,2
16724,1
16725,0
16726,0
16727,2
16728,2
16729,0
16730,0
16731,2
16732,2
16733,0
16734,2
16735,0
16736,1
16737,2
16738,2
16739,1
16740,0
16741,0
16742,1
16743,1
16744,1
16745,0
16746,1
16747,2
16748,0
16749,2
16750,1
16751,1
16752,2
16753,0
16754,2
16755,1
16756,0
16757,1
16758,2
16759,2
16760,1
16761,0
16762,0
16763,2
16764,2
16765,2
16766,1
16767,1
16768,2
16769,1
16770,0
16771,2
16772,1
16773,0
16774,0
16775,0
16776,1
16777,1
16778,0
16779,2
16780,0
16781,2
16782,0
16783,2
16784,2
16785,1
16786,2
16787,1
16788,2
16789,0
16790,0
16791,2
16792,1
16793,1
16794,1
16795,2
16796,1
16797,2
16798,2
16799,0
16800,0
16801,1
16802,1
16803,2
16804,2
16805,0
16806,1
16807,2
16808,0
16809,2
16810,2
16811,1
16812,1
16813,1
16814,0
16815,2
16816,2
16817,1
16818,1
16819,0
16820,2
16821,0
16822,0
16823,0
16824,1
16825,2
16826,1
16827,0
16828,1
16829,0
16830,1
16831,0
16832,1
16833,1
16834,1
16835,0
16836,2
16837,2
16838,1
16839,2
16840,0
16841,2
16842,2
16843,0
16844,2
16845,1
16846,1
16847,1
16848,1
16849,2
16850,2
16851,1
16852,1
16853,1
16854,2
16855,1
16856,1
16857,0
16858,0
16859,2
16860,2
16861,2
16862,1
16863,0
16864,0
16865,1
16866,2
16867,2
16868,1
16869,2
16870,1
16871,2
16872,2
16873,2
16874,1
16875,2
16876,1
16877,2
16878,1
16879,1
16880,2
16881,1
16882,2
16883,2
16884,2
16885,2
16886,1
16887,1
16888,2
16889,2
16890,1
16891,2
16892,1
16893,2
16894,0
16895,1
16896,1
16897,2
16898,2
16899,2
16900,1
16901,0
16902,1
16903,2
16904,2
16905,0
16906,2
16907,1
16908,2
16909,1
16910,2
16911,2
16912,0
16913,2
16914,0
16915,2
16916,2
16917,2
16918,1
16919,2
16920,0
16921,0
16922,1
16923,2
16924,2
16925,2
16926,0
16927,2
16928,1
16929,1
16930,2
16931,2
16932,2
16933,0
16934,2
16935,1
16936,1
16937,2
16938,2
16939,2
16940,2
16941,0
16942,2
16943,2
16944,0
16945,0
16946,2
16947,1
16948,0
16949,0
16950,2
16951,0
16952,1
16953,1
16954,0
16955,0
16956,1
16957,1
16958,1
16959,0
16960,0
16961,1
16962,2
16963,2
16964,2
16965,0
16966,2
16967,2
16968,2
16969,1
16970,0
16971,1
16972,1
16973,1
16974,2
16975,2
16976,2
16977,1
16978,2
16979,0
16980,0
16981,2
16982,2
16983,0
16984,1
16985,2
16986,2
16987,1
16988,2
16989,2
16990,1
16991,2
16992,2
16993,2
16994,1
16995,2
16996,2
16997,1
16998,2
16999,2
17000,2
17001,0
17002,2
17003,0
17004,2
17005,1
17006,1
17007,0
17008,1
17009,1
17010,2
17011,2
17012,2
17013,1
17014,1
17015,2
17016,0
17017,1
17018,2
17019,1
17020,1
17021,2
17022,0
17023,2
17024,2
17025,2
17026,2
17027,1
17028,1
17029,2
17030,2
17031,1
17032,0
17033,0
17034,0
17035,2
17036,0
17037,2
17038,2
17039,1
17040,2
17041,2
17042,2
17043,2
17044,2
17045,2
17046,2
17047,2
17048,2
17049,1
17050,1
17051,0
17052,1
17053,2
17054,2
17055,0
17056,2
17057,1
17058,2
17059,2
17060,1
17061,1
17062,2
17063,1
17064,0
17065,1
17066,2
17067,2
17068,0
17069,0
17070,2
17071,2
17072,2
17073,2
17074,0
17075,2
17076,1
17077,1
17078,2
17079,2
17080,2
17081,2
17082,0
17083,2
17084,2
17085,1
17086,0
17087,1
17088,2
17089,2
17090,2
17091,2
17092,2
17093,1
17094,0
17095,2
17096,1
17097,0
17098,0
17099,0
17100,0
17101,2
17102,0
17103,1
17104,2
17105,0
17106,2
17107,2
17108,1
17109,1
17110,2
17111,2
17112,2
17113,0
17114,2
17115,0
17116,0
17117,1
17118,1
17119,1
17120,1
17121,1
17122,0
17123,1
17124,0
17125,2
17126,2
17127,1
17128,0
17129,1
17130,1
17131,2
17132,1
17133,0
17134,1
17135,1
17136,0
17137,1
17138,2
17139,2
17140,2
17141,1
17142,2
17143,1
17144,1
17145,1
17146,1
17147,2
17148,1
17149,0
17150,1
17151,0
17152,1
17153,1
17154,2
17155,0
17156,1
17157,2
17158,1
17159,1
17160,2
17161,0
17162,2
17163,0
17164,1
17165,2
17166,2
17167,2
17168,0
17169,1
17170,1
17171,2
17172,2
17173,2
17174,1
17175,2
17176,0
17177,1
17178,1
17179,0
17180,2
17181,0
17182,1
17183,2
17184,1
17185,1
17186,2
17187,2
17188,0
17189,0
17190,1
17191,2
17192,2
17193,1
17194,0
17195,1
17196,1
17197,2
17198,1
17199,0
17200,0
17201,0
17202,2
17203,0
17204,0
17205,2
17206,0
17207,2
17208,1
17209,0
17210,0
17211,1
17212,0
17213,2
17214,2
17215,2
17216,2
17217,2
17218,1
17219,1
17220,2
17221,1
17222,2
17223,0
17224,2
17225,0
17226,2
17227,2
17228,2
17229,2
17230,0
17231,1
17232,2
17233,2
17234,2
17235,0
17236,2
17237,2
17238,2
17239,0
17240,2
17241,1
17242,2
17243,2
17244,0
17245,1
17246,2
17247,2
17248,1
17249,1
17250,1
17251,2
17252,1
17253,2
17254,1
17255,1
17256,1
17257,1
17258,2
17259,1
17260,2
17261,0
17262,2
17263,1
17264,1
17265,1
17266,1
17267,2
17268,1
17269,2
17270,1
17271,2
17272,0
17273,1
17274,0
17275,0
17276,2
17277,1
17278,2
17279,0
17280,1
17281,1
17282,2
17283,2
17284,1
17285,1
17286,2
17287,1
17288,2
17289,1
17290,2
17291,1
17292,2
17293,0
17294,0
17295,1
17296,2
17297,1
17298,1
17299,2
17300,1
17301,0
17302,2
17303,2
17304,0
17305,0
17306,2
17307,1
17308,0
17309,1
17310,1
17311,2
17312,1
17313,0
17314,0
17315,1
17316,1
17317,1
17318,0
17319,2
17320,2
17321,0
17322,0
17323,2
17324,1
17325,2
17326,2
17327,0
17328,2
17329,1
17330,2
17331,1
17332,2
17333,0
17334,1
17335,2
17336,2
17337,2
17338,2
17339,1
17340,2
17341,1
17342,1
17343,2
17344,2
17345,0
17346,1
17347,1
17348,2
17349,1
17350,0
17351,1
17352,2
17353,0
17354,1
17355,0
17356,1
17357,1
17358,0
17359,1
17360,1
17361,1
17362,0
17363,1
17364,1
17365,0
17366,0
17367,0
17368,1
17369,2
17370,2
17371,1
17372,2
17373,1
17374,2
17375,2
17376,0
17377,2
17378,2
17379,1
17380,2
17381,0
17382,2
17383,2
17384,2
17385,2
17386,0
17387,0
17388,0
17389,0
17390,1
17391,0
17392,2
17393,2
17394,0
17395,1
17396,2
17397,2
17398,1
17399,2
17400,1
17401,1
17402,1
17403,1
17404,2
17405,2
17406,2
17407,1
17408,2
17409,1
17410,0
17411,2
17412,2
17413,2
17414,2
17415,2
17416,0
17417,2
17418,0
17419,0
17420,1
17421,0
17422,2
17423,2
17424,0
17425,1
17426,1
17427,0
17428,0
17429,2
17430,2
17431,1
17432,2
17433,2
17434,1
17435,2
17436,2
17437,1
17438,2
17439,1
17440,2
17441,1
17442,1
17443,2
17444,2
17445,2
17446,2
17447,2
17448,0
17449,1
17450,1
17451,2
17452,1
17453,1
17454,1
17455,1
17456,1
17457,2
17458,2
17459,1
17460,2
17461,1
17462,2
17463,1
17464,0
17465,2
17466,1
17467,1
17468,1
17469,1
17470,2
17471,1
17472,1
17473,2
17474,1
17475,2
17476,0
17477,1
17478,0
17479,0
17480,0
17481,2
17482,2
17483,1
17484,2
17485,0
17486,0
17487,0
17488,1
17489,2
17490,0
17491,2
17492,0
17493,2
17494,1
17495,0
17496,2
17497,2
17498,1
17499,2
17500,1
17501,1
17502,2
17503,0
17504,2
17505,1
17506,0
17507,1
17508,2
17509,1
17510,1
17511,0
17512,2
17513,2
17514,2
17515,2
17516,1
17517,1
17518,2
17519,1
17520,0
17521,0
17522,2
17523,1
17524,2
17525,2
17526,1
17527,2
17528,0
17529,2
17530,1
17531,2
17532,2
17533,2
17534,2
17535,2
17536,2
17537,1
17538,2
17539,0
17540,0
17541,2
17542,2
17543,0
17544,0
17545,1
17546,0
17547,1
17548,2
17549,1
17550,2
17551,2
17552,2
17553,2
17554,0
17555,0
17556,1
17557,2
17558,2
17559,2
17560,2
17561,0
17562,1
17563,2
17564,1
17565,1
17566,2
17567,1
17568,2
17569,1
17570,2
17571,2
17572,1
17573,1
17574,2
17575,2
17576,0
17577,2
17578,2
17579,2
17580,1
17581,2
17582,2
17583,2
17584,0
17585,1
17586,0
17587,0
17588,1
17589,1
17590,1
17591,2
17592,1
17593,0
17594,2
17595,2
17596,2
17597,2
17598,0
17599,2
17600,2
17601,1
17602,1
17603,2
17604,1
17605,0
17606,0
17607,1
17608,0
17609,2
17610,2
17611,2
17612,1
17613,2
17614,0
17615,2
17616,1
17617,2
17618,1
17619,1
17620,0
17621,0
17622,1
17623,1
17624,0
17625,2
17626,2
17627,0
17628,1
17629,0
17630,1
17631,2
17632,0
17633,0
17634,1
17635,2
17636,2
17637,0
17638,2
17639,1
17640,1
17641,2
17642,1
17643,0
17644,2
17645,2
17646,2
17647,0
17648,0
17649,2
17650,1
17651,2
17652,2
17653,1
17654,1
17655,2
17656,1
17657,0
17658,2
17659,1
17660,2
17661,1
17662,0
17663,1
17664,1
17665,2
17666,1
17667,2
17668,2
17669,0
17670,2
17671,2
17672,2
17673,1
17674,1
17675,2
17676,1
17677,2
17678,1
17679,1
17680,2
17681,1
17682,2
17683,2
17684,2
17685,2
17686,0
17687,2
17688,2
17689,0
17690,2
17691,1
17692,1
17693,1
17694,1
17695,2
17696,0
17697,0
17698,1
17699,2
17700,0
17701,2
17702,1
17703,0
17704,1
17705,2
17706,2
17707,2
17708,0
17709,2
17710,1
17711,2
17712,2
17713,1
17714,2
17715,1
17716,0
17717,0
17718,2
17719,1
17720,2
17721,0
17722,2
17723,1
17724,2
17725,1
17726,2
17727,0
17728,1
17729,1
17730,2
17731,1
17732,1
17733,2
17734,0
17735,2
17736,2
17737,0
17738,1
17739,1
17740,1
17741,1
17742,2
17743,2
17744,0
17745,0
17746,0
17747,2
17748,2
17749,2
17750,1
17751,2
17752,0
17753,2
17754,2
17755,2
17756,2
17757,1
17758,2
17759,0
17760,0
17761,1
17762,0
17763,0
17764,2
17765,1
17766,2
17767,0
17768,2
17769,0
17770,0
17771,0
17772,1
17773,1
17774,2
17775,1
17776,0
17777,2
17778,2
17779,1
17780,1
17781,2
17782,0
17783,1
17784,1
17785,2
17786,2
17787,1
17788,1
17789,0
17790,2
17791,2
17792,2
17793,1
17794,1
17795,2
17796,0
17797,1
17798,0
17799,0
17800,0
17801,1
17802,2
17803,0
17804,1
17805,2
17806,2
17807,1
17808,0
17809,0
17810,2
17811,0
17812,0
17813,1
17814,2
17815,2
17816,1
17817,2
17818,2
17819,2
17820,1
17821,0
17822,0
17823,1
17824,0
17825,1
17826,2
17827,2
17828,2
17829,2
17830,2
17831,1
17832,1
17833,0
17834,0
17835,1
17836,2
17837,2
17838,2
17839,2
17840,1
17841,1
17842,2
17843,2
17844,0
17845,2
17846,2
17847,1
17848,1
17849,1
17850,1
17851,1
17852,2
17853,2
17854,2
17855,2
17856,0
17857,1
17858,2
17859,0
17860,2
17861,2
17862,2
17863,2
17864,2
17865,1
17866,2
17867,2
17868,1
17869,2
17870,2
17871,0
17872,1
17873,0
17874,0
17875,2
17876,1
17877,1
17878,2
17879,2
17880,0
17881,0
17882,2
17883,0
17884,2
17885,0
17886,2
17887,2
17888,2
17889,1
17890,1
17891,2
17892,2
17893,0
17894,2
17895,2
17896,0
17897,1
17898,1
17899,1
17900,1
17901,2
17902,1
17903,2
17904,1
17905,2
17906,2
17907,1
17908,2
17909,2
17910,2
17911,1
17912,1
17913,0
17914,1
17915,2
17916,2
17917,2
17918,2
17919,0
17920,0
17921,0
17922,2
17923,2
17924,2
17925,1
17926,2
17927,1
17928,2
17929,2
17930,1
17931,1
17932,2
17933,1
17934,1
17935,1
17936,0
17937,0
17938,1
17939,2
17940,0
17941,1
17942,1
17943,1
17944,1
17945,1
17946,2
17947,2
17948,2
17949,1
17950,1
17951,2
17952,1
17953,1
17954,2
17955,2
17956,1
17957,0
17958,0
17959,2
17960,0
17961,2
17962,1
17963,2
17964,2
17965,2
17966,2
17967,2
17968,2
17969,1
17970,2
17971,1
17972,2
17973,2
17974,1
17975,1
17976,2
17977,0
17978,2
17979,1
17980,1
17981,0
17982,1
17983,0
17984,2
17985,1
17986,2
17987,1
17988,1
17989,0
17990,1
17991,2
17992,1
17993,1
17994,1
17995,2
17996,1
17997,2
17998,0
17999,0
18000,0
18001,0
18002,1
18003,1
18004,2
18005,2
18006,2
18007,1
18008,2
18009,1
18010,1
18011,1
18012,2
18013,2
18014,2
18015,0
18016,1
18017,1
18018,0
18019,1
18020,2
18021,2
18022,0
18023,2
18024,0
18025,2
18026,2
18027,2
18028,2
18029,2
18030,2
18031,1
18032,2
18033,2
18034,1
18035,1
18036,0
18037,2
18038,0
18039,0
18040,2
18041,2
18042,2
18043,1
18044,0
18045,1
18046,1
18047,1
18048,0
18049,1
18050,2
18051,2
18052,0
18053,2
18054,2
18055,2
18056,0
18057,0
18058,1
18059,1
18060,2
18061,2
18062,0
18063,1
18064,1
18065,2
18066,1
18067,0
18068,1
18069,2
18070,2
18071,2
18072,2
18073,2
18074,1
18075,0
18076,1
18077,2
18078,1
18079,0
18080,2
18081,1
18082,2
18083,2
18084,2
18085,2
18086,1
18087,2
18088,2
18089,0
18090,1
18091,1
18092,1
18093,1
18094,1
18095,2
18096,0
18097,1
18098,0
18099,1
18100,1
18101,2
18102,1
18103,0
18104,1
18105,2
18106,1
18107,1
18108,2
18109,2
18110,1
18111,1
18112,2
18113,2
18114,1
18115,2
18116,2
18117,1
18118,2
18119,2
18120,2
18121,2
18122,1
18123,1
18124,1
18125,2
18126,2
18127,0
18128,0
18129,0
18130,2
18131,0
18132,2
18133,0
18134,0
18135,2
18136,2
18137,1
18138,2
18139,2
18140,1
18141,2
18142,2
18143,2
18144,0
18145,2
18146,2
18147,2
18148,2
18149,0
18150,2
18151,2
18152,2
18153,2
18154,1
18155,2
18156,1
18157,2
18158,1
18159,1
18160,0
18161,0
18162,0
18163,2
18164,1
18165,1
18166,0
18167,0
18168,2
18169,1
18170,2
18171,0
18172,2
18173,2
18174,0
18175,2
18176,2
18177,2
18178,1
18179,0
18180,0
18181,2
18182,1
18183,1
18184,2
18185,2
18186,2
18187,1
18188,0
18189,1
18190,1
18191,2
18192,2
18193,2
18194,2
18195,2
18196,0
18197,2
18198,2
18199,2
18200,2
18201,0
18202,2
18203,0
18204,2
18205,2
18206,2
18207,1
18208,2
18209,2
18210,0
18211,1
18212,1
18213,1
18214,0
18215,2
18216,2
18217,1
18218,1
18219,2
18220,2
18221,2
18222,0
18223,2
18224,2
18225,2
18226,1
18227,1
18228,2
18229,0
18230,2
18231,2
18232,1
18233,1
18234,0
18235,1
18236,2
18237,1
18238,1
18239,1
18240,2
18241,0
18242,2
18243,2
18244,2
18245,2
18246,1
18247,2
18248,1
18249,1
18250,0
18251,2
18252,1
18253,0
18254,1
18255,1
18256,2
18257,1
18258,1
18259,0
18260,1
18261,0
18262,2
18263,2
18264,1
18265,1
18266,1
18267,2
18268,1
18269,0
18270,1
18271,2
18272,2
18273,2
18274,1
18275,1
18276,1
18277,1
18278,0
18279,0
18280,0
18281,2
18282,0
18283,0
18284,0
18285,0
18286,0
18287,2
18288,1
18289,1
18290,1
18291,2
18292,2
18293,1
18294,2
18295,2
18296,0
18297,0
18298,1
18299,1
18300,0
18301,0
18302,0
18303,0
18304,1
18305,1
18306,0
18307,1
18308,2
18309,2
18310,2
18311,2
18312,0
18313,2
18314,1
18315,1
18316,2
18317,2
18318,0
18319,1
18320,1
18321,2
18322,1
18323,0
18324,2
18325,0
18326,1
18327,1
18328,2
18329,2
18330,2
18331,1
18332,1
18333,2
18334,1
18335,2
18336,0
18337,2
18338,2
18339,1
18340,1
18341,2
18342,2
18343,2
18344,2
18345,1
18346,2
18347,0
18348,2
18349,2
18350,0
18351,1
18352,1
18353,2
18354,0
18355,2
18356,1
18357,0
18358,0
18359,2
18360,2
18361,2
18362,0
18363,2
18364,0
18365,1
18366,1
18367,1
18368,2
18369,2
18370,0
18371,2
18372,1
18373,1
18374,2
18375,2
18376,1
18377,1
18378,0
18379,2
18380,1
18381,1
18382,2
18383,2
18384,1
18385,0
18386,0
18387,2
18388,2
18389,1
18390,0
18391,2
18392,0
18393,0
18394,1
18395,2
18396,2
18397,0
18398,2
18399,2
18400,1
18401,0
18402,1
18403,0
18404,1
18405,0
18406,0
18407,2
18408,1
18409,2
18410,1
18411,2
18412,1
18413,2
18414,2
18415,1
18416,2
18417,2
18418,0
18419,2
18420,2
18421,1
18422,0
18423,2
18424,1
18425,2
18426,2
18427,1
18428,2
18429,0
18430,2
18431,1
18432,1
18433,0
18434,1
18435,2
18436,2
18437,2
18438,1
18439,2
18440,0
18441,2
18442,0
18443,2
18444,0
18445,2
18446,0
18447,0
18448,1
18449,0
18450,2
18451,2
18452,2
18453,0
18454,2
18455,0
18456,0
18457,2
18458,1
18459,2
18460,1
18461,0
18462,1
18463,0
18464,0
18465,0
18466,1
18467,0
18468,0
18469,2
18470,0
18471,0
18472,0
18473,2
18474,1
18475,2
18476,1
18477,2
18478,1
18479,0
18480,1
18481,1
18482,2
18483,1
18484,0
18485,0
18486,2
18487,2
18488,0
18489,2
18490,2
18491,2
18492,0
18493,1
18494,1
18495,2
18496,0
18497,2
18498,0
18499,2
18500,2
18501,0
18502,2
18503,1
18504,2
18505,1
18506,0
18507,0
18508,1
18509,2
18510,0
18511,0
18512,2
18513,2
18514,1
18515,2
18516,1
18517,0
18518,2
18519,0
18520,2
18521,1
18522,2
18523,0
18524,1
18525,0
18526,0
18527,2
18528,2
18529,1
18530,2
18531,2
18532,2
18533,2
18534,0
18535,1
18536,1
18537,1
18538,0
18539,2
18540,1
18541,2
18542,1
18543,2
18544,1
18545,1
18546,2
18547,2
18548,1
18549,1
18550,2
18551,2
18552,0
18553,2
18554,0
18555,2
18556,1
18557,0
18558,0
18559,2
18560,0
18561,2
18562,1
18563,2
18564,2
18565,1
18566,2
18567,1
18568,1
18569,2
18570,1
18571,1
18572,2
18573,0
18574,0
18575,1
18576,1
18577,2
18578,2
18579,0
18580,2
18581,2
18582,2
18583,0
18584,0
18585,0
18586,2
18587,1
18588,0
18589,2
18590,1
18591,2
18592,2
18593,0
18594,0
18595,0
18596,0
18597,1
18598,2
18599,0
18600,1
18601,2
18602,2
18603,1
18604,2
18605,2
18606,0
18607,2
18608,2
18609,1
18610,2
18611,2
18612,2
18613,2
18614,2
18615,0
18616,1
18617,0
18618,0
18619,1
18620,1
18621,2
18622,1
18623,1
18624,2
18625,2
18626,0
18627,2
18628,2
18629,1
18630,0
18631,1
18632,0
18633,2
18634,1
18635,0
18636,0
18637,2
18638,0
18639,1
18640,1
18641,0
18642,1
18643,1
18644,0
18645,1
18646,1
18647,2
18648,1
18649,2
18650,0
18651,1
18652,2
18653,2
18654,2
18655,0
18656,0
18657,2
18658,1
18659,2
18660,1
18661,1
18662,1
18663,0
18664,1
18665,1
18666,2
18667,2
18668,0
18669,2
18670,2
18671,2
18672,2
18673,1
18674,1
18675,0
18676,2
18677,2
18678,2
18679,0
18680,2
18681,2
18682,2
18683,2
18684,0
18685,1
18686,2
18687,2
18688,1
18689,1
18690,0
18691,2
18692,1
18693,0
18694,0
18695,0
18696,2
18697,2
18698,0
18699,1
18700,2
18701,2
18702,0
18703,2
18704,1
18705,1
18706,0
18707,2
18708,1
18709,1
18710,0
18711,0
18712,2
18713,2
18714,1
18715,1
18716,1
18717,2
18718,2
18719,1
18720,1
18721,2
18722,2
18723,1
18724,2
18725,1
18726,0
18727,2
18728,2
18729,0
18730,2
18731,1
18732,2
18733,2
18734,2
18735,2
18736,1
18737,1
18738,2
18739,2
18740,2
18741,0
18742,2
18743,2
18744,2
18745,2
18746,2
18747,1
18748,0
18749,1
18750,0
18751,1
18752,1
18753,2
18754,1
18755,0
18756,2
18757,2
18758,2
18759,1
18760,0
18761,1
18762,2
18763,2
18764,1
18765,1
18766,1
18767,2
18768,0
18769,0
18770,0
18771,1
18772,2
18773,2
18774,2
18775,1
18776,2
18777,0
18778,2
18779,1
18780,2
18781,2
18782,2
18783,2
18784,2
18785,2
18786,1
18787,1
18788,1
18789,2
18790,0
18791,1
18792,0
18793,1
18794,1
18795,1
18796,1
18797,2
18798,2
18799,1
18800,2
18801,1
18802,1
18803,0
18804,2
18805,0
18806,2
18807,2
18808,2
18809,1
18810,2
18811,1
18812,2
18813,1
18814,2
18815,2
18816,2
18817,2
18818,0
18819,2
18820,2
18821,0
18822,1
18823,1
18824,0
18825,2
18826,1
18827,2
18828,1
18829,0
18830,1
18831,0
18832,1
18833,2
18834,0
18835,1
18836,1
18837,2
18838,2
18839,0
18840,1
18841,2
18842,1
18843,2
18844,1
18845,2
18846,1
18847,2
18848,2
18849,0
18850,1
18851,1
18852,2
18853,2
18854,0
18855,2
18856,2
18857,1
18858,0
18859,2
18860,2
18861,2
18862,1
18863,2
18864,1
18865,2
18866,1
18867,1
18868,2
18869,0
18870,2
18871,1
18872,0
18873,2
18874,2
18875,2
18876,1
18877,2
18878,0
18879,2
18880,1
18881,1
18882,1
18883,1
18884,2
18885,2
18886,1
18887,2
18888,2
18889,1
18890,2
18891,1
18892,2
18893,2
18894,1
18895,2
18896,2
18897,2
18898,0
18899,0
18900,0
18901,0
18902,2
18903,2
18904,1
18905,2
18906,0
18907,2
18908,2
18909,2
18910,2
18911,2
18912,1
18913,2
18914,1
18915,1
18916,0
18917,1
18918,2
18919,1
18920,2
18921,2
18922,1
18923,2
18924,1
18925,1
18926,0
18927,0
18928,2
18929,1
18930,1
18931,1
18932,0
18933,1
18934,1
18935,2
18936,0
18937,1
18938,2
18939,2
18940,2
18941,2
18942,0
18943,0
18944,2
18945,2
18946,0
18947,2
18948,2
18949,1
18950,2
18951,1
18952,1
18953,0
18954,1
18955,2
18956,0
18957,2
18958,2
18959,1
18960,2
18961,2
18962,2
18963,0
18964,2
18965,1
18966,2
18967,2
18968,1
18969,1
18970,1
18971,2
18972,2
18973,1
18974,1
18975,0
18976,2
18977,0
18978,1
18979,0
18980,2
18981,1
18982,0
18983,0
18984,2
18985,1
18986,1
18987,2
18988,1
18989,1
18990,0
18991,0
18992,1
18993,1
18994,2
18995,0
18996,2
18997,1
18998,1
18999,1
19000,0
19001,2
19002,2
19003,1
19004,2
19005,2
19006,0
19007,2
19008,1
19009,1
19010,0
19011,1
19012,1
19013,2
19014,0
19015,2
19016,2
19017,0
19018,0
19019,2
19020,0
19021,1
19022,0
19023,1
19024,2
19025,1
19026,0
19027,2
19028,1
19029,2
19030,1
19031,2
19032,2
19033,1
19034,2
19035,2
19036,0
19037,1
19038,2
19039,2
19040,1
19041,1
19042,1
19043,1
19044,2
19045,1
19046,1
19047,0
19048,2
19049,0
19050,2
19051,1
19052,2
19053,0
19054,2
19055,0
19056,2
19057,2
19058,2
19059,1
19060,1
19061,1
19062,2
19063,2
19064,1
19065,1
19066,1
19067,2
19068,2
19069,0
19070,0
19071,0
19072,1
19073,2
19074,2
19075,2
19076,1
19077,1
19078,0
19079,0
19080,0
19081,2
19082,2
19083,1
19084,2
19085,0
19086,1
19087,2
19088,1
19089,1
19090,0
19091,2
19092,1
19093,1
19094,2
19095,1
19096,1
19097,1
19098,2
19099,2
19100,0
19101,2
19102,1
19103,2
19104,1
19105,2
19106,1
19107,2
19108,1
19109,1
19110,0
19111,0
19112,0
19113,2
19114,0
19115,1
19116,2
19117,2
19118,2
19119,2
19120,1
19121,2
19122,0
19123,1
19124,0
19125,1
19126,1
19127,0
19128,2
19129,1
19130,0
19131,2
19132,2
19133,0
19134,1
19135,1
19136,1
19137,0
19138,0
19139,2
19140,0
19141,1
19142,1
19143,1
19144,1
19145,1
19146,2
19147,0
19148,2
19149,0
19150,1
19151,2
19152,2
19153,1
19154,2
19155,1
19156,1
19157,2
19158,2
19159,2
19160,0
19161,1
19162,0
19163,2
19164,2
19165,2
19166,2
19167,1
19168,1
19169,2
19170,2
19171,2
19172,0
19173,1
19174,1
19175,1
19176,2
19177,1
19178,1
19179,2
19180,2
19181,2
19182,2
19183,2
19184,1
19185,0
19186,0
19187,2
19188,1
19189,1
19190,0
19191,0
19192,2
19193,0
19194,2
19195,0
19196,1
19197,1
19198,2
19199,0
19200,2
19201,0
19202,1
19203,1
19204,2
19205,0
19206,2
19207,1
19208,1
19209,1
19210,0
19211,2
19212,2
19213,0
19214,2
19215,2
19216,2
19217,1
19218,1
19219,1
19220,2
19221,2
19222,0
19223,1
19224,0
19225,1
19226,1
19227,1
19228,1
19229,2
19230,2
19231,2
19232,1
19233,2
19234,1
19235,1
19236,2
19237,0
19238,2
19239,0
19240,2
19241,0
19242,2
19243,2
19244,0
19245,1
19246,2
19247,1
19248,1
19249,1
19250,1
19251,0
19252,0
19253,0
19254,2
19255,2
19256,2
19257,2
19258,0
19259,1
19260,0
19261,0
19262,0
19263,0
19264,2
19265,2
19266,2
19267,0
19268,2
19269,2
19270,1
19271,0
19272,1
19273,1
19274,1
19275,0
19276,2
19277,2
19278,1
19279,2
19280,2
19281,0
19282,1
19283,2
19284,2
19285,2
19286,1
19287,1
19288,0
19289,1
19290,2
19291,2
19292,0
19293,2
19294,2
19295,1
19296,2
19297,1
19298,2
19299,0
19300,0
19301,2
19302,0
19303,0
19304,2
19305,2
19306,1
19307,1
19308,1
19309,0
19310,1
19311,1
19312,0
19313,0
19314,1
19315,1
19316,2
19317,2
19318,2
19319,2
19320,2
19321,2
19322,2
19323,2
19324,2
19325,2
19326,2
19327,0
19328,1
19329,2
19330,1
19331,0
19332,2
19333,2
19334,2
19335,1
19336,1
19337,2
19338,1
19339,2
19340,1
19341,1
19342,2
19343,2
19344,0
19345,1
19346,1
19347,0
19348,2
19349,2
19350,2
19351,0
19352,1
19353,1
19354,2
19355,1
19356,2
19357,1
19358,0
19359,2
19360,1
19361,1
19362,1
19363,1
19364,2
19365,0
19366,2
19367,2
19368,2
19369,0
19370,2
19371,0
19372,1
19373,1
19374,2
19375,2
19376,1
19377,0
19378,0
19379,1
19380,1
19381,1
19382,0
19383,2
19384,1
19385,2
19386,2
19387,0
19388,1
19389,1
19390,2
19391,1
19392,2
19393,0
19394,2
19395,2
19396,2
19397,1
19398,0
19399,0
19400,1
19401,2
19402,0
19403,2
19404,2
19405,2
19406,2
19407,0
19408,1
19409,2
19410,1
19411,2
19412,0
19413,1
19414,0
19415,0
19416,1
19417,1
19418,2
19419,1
19420,2
19421,2
19422,1
19423,0
19424,0
19425,2
19426,0
19427,2
19428,1
19429,1
19430,1
19431,0
19432,1
19433,1
19434,2
19435,1
19436,0
19437,0
19438,2
19439,2
19440,2
19441,1
19442,0
19443,2
19444,1
19445,2
19446,1
19447,1
19448,1
19449,2
19450,1
19451,2
19452,2
19453,0
19454,2
19455,0
19456,1
19457,2
19458,0
19459,0
19460,2
19461,0
19462,1
19463,2
19464,0
19465,0
19466,0
19467,1
19468,0
19469,1
19470,0
19471,2
19472,2
19473,2
19474,1
19475,0
19476,2
19477,0
19478,1
19479,1
19480,1
19481,1
19482,2
19483,1
19484,0
19485,2
19486,2
19487,1
19488,1
19489,1
19490,0
19491,1
19492,0
19493,2
19494,0
19495,0
19496,1
19497,0
19498,0
19499,2
19500,1
19501,1
19502,2
19503,1
19504,2
19505,0
19506,1
19507,0
19508,1
19509,2
19510,1
19511,1
19512,1
19513,1
19514,2
19515,2
19516,2
19517,1
19518,2
19519,0
19520,0
19521,2
19522,0
19523,0
19524,1
19525,2
19526,1
19527,1
19528,2
19529,2
19530,0
19531,1
19532,2
19533,2
19534,1
19535,0
19536,1
19537,0
19538,0
19539,1
19540,1
19541,2
19542,1
19543,0
19544,1
19545,0
19546,2
19547,0
19548,1
19549,2
19550,2
19551,2
19552,1
19553,1
19554,2
19555,0
19556,0
19557,0
19558,2
19559,2
19560,2
19561,1
19562,2
19563,2
19564,2
19565,0
19566,2
19567,0
19568,0
19569,2
19570,1
19571,2
19572,2
19573,2
19574,1
19575,0
19576,1
19577,2
19578,2
19579,2
19580,2
19581,1
19582,0
19583,0
19584,0
19585,0
19586,2
19587,0
19588,2
19589,2
19590,1
19591,1
19592,0
19593,0
19594,2
19595,2
19596,2
19597,1
19598,0
19599,2
19600,1
19601,2
19602,2
19603,1
19604,0
19605,1
19606,1
19607,2
19608,2
19609,1
19610,2
19611,1
19612,2
19613,2
19614,1
19615,1
19616,0
19617,2
19618,0
19619,2
19620,1
19621,0
19622,2
19623,2
19624,2
19625,1
19626,1
19627,2
19628,2
19629,2
19630,2
19631,0
19632,0
19633,1
19634,0
19635,0
19636,1
19637,0
19638,1
19639,2
19640,0
19641,1
19642,2
19643,0
19644,0
19645,2
19646,2
19647,2
19648,2
19649,0
19650,2
19651,2
19652,0
19653,1
19654,2
19655,0
19656,2
19657,0
19658,1
19659,1
19660,2
19661,0
19662,0
19663,2
19664,1
19665,2
19666,0
19667,2
19668,2
19669,1
19670,1
19671,2
19672,1
19673,2
19674,0
19675,1
19676,1
19677,1
19678,0
19679,1
19680,1
19681,0
19682,2
19683,1
19684,1
19685,2
19686,2
19687,1
19688,1
19689,1
19690,1
19691,2
19692,1
19693,1
19694,2
19695,0
19696,1
19697,1
19698,2
19699,2
19700,0
19701,2
19702,2
19703,2
19704,0
19705,1
19706,1
19707,0
19708,2
19709,2
19710,2
19711,2
19712,1
19713,2
19714,1
19715,1
19716,0
19717,2
19718,2
19719,1
19720,1
19721,2
19722,0
19723,2
19724,2
19725,2
19726,2
19727,2
19728,2
19729,1
19730,0
19731,0
19732,1
19733,2
19734,2
19735,0
19736,1
19737,0
19738,2
19739,2
19740,1
19741,2
19742,0
19743,0
19744,0
19745,0
19746,0
19747,1
19748,2
19749,2
19750,1
19751,2
19752,1
19753,2
19754,2
19755,2
19756,2
19757,2
19758,1
19759,2
19760,1
19761,1
19762,0
19763,1
19764,1
19765,1
19766,0
19767,1
19768,0
19769,1
19770,2
19771,1
19772,1
19773,1
19774,2
19775,1
19776,2
19777,2
19778,1
19779,1
19780,2
19781,2
19782,2
19783,2
19784,2
19785,1
19786,1
19787,2
19788,1
19789,2
19790,2
19791,2
19792,1
19793,0
19794,2
19795,1
19796,1
19797,0
19798,1
19799,0
19800,2
19801,2
19802,2
19803,2
19804,1
19805,1
19806,2
19807,2
19808,2
19809,2
19810,1
19811,1
19812,2
19813,2
19814,2
19815,2
19816,2
19817,2
19818,2
19819,2
19820,2
19821,0
19822,2
19823,1
19824,1
19825,1
19826,2
19827,1
19828,2
19829,2
19830,0
19831,2
19832,2
19833,1
19834,2
19835,1
19836,2
19837,1
19838,1
19839,2
19840,1
19841,2
19842,1
19843,2
19844,2
19845,1
19846,0
19847,2
19848,2
19849,0
19850,2
19851,2
19852,1
19853,0
19854,1
19855,2
19856,2
19857,2
19858,2
19859,1
19860,1
19861,1
19862,1
19863,2
19864,2
19865,2
19866,1
19867,2
19868,2
19869,2
19870,1
19871,2
19872,0
19873,1
19874,2
19875,2
19876,2
19877,2
19878,2
19879,2
19880,1
19881,0
19882,1
19883,1
19884,0
19885,0
19886,2
19887,2
19888,1
19889,2
19890,0
19891,1
19892,2
19893,2
19894,1
19895,1
19896,0
19897,2
19898,2
19899,2
19900,2
19901,0
19902,2
19903,2
19904,1
19905,1
19906,0
19907,1
19908,2
19909,2
19910,0
19911,1
19912,1
19913,2
19914,1
19915,2
19916,2
19917,2
19918,1
19919,1
19920,2
19921,1
19922,2
19923,2
19924,0
19925,2
19926,1
19927,2
19928,1
19929,2
19930,1
19931,1
19932,2
19933,2
19934,1
19935,2
19936,2
19937,1
19938,1
19939,1
19940,1
19941,1
19942,1
19943,1
19944,0
19945,1
19946,1
19947,2
19948,1
19949,0
19950,2
19951,1
19952,2
19953,2
19954,0
19955,0
19956,0
19957,1
19958,2
19959,0
19960,1
19961,0
19962,0
19963,0
19964,1
19965,1
19966,0
19967,1
19968,2
19969,1
19970,2
19971,1
19972,2
19973,1
19974,1
19975,2
19976,0
19977,1
19978,1
19979,1
19980,2
19981,2
19982,2
19983,2
19984,2
19985,0
19986,1
19987,0
19988,1
19989,1
19990,1
19991,0
19992,2
19993,0
19994,2
19995,2
19996,0
19997,2
19998,2
19999,1
20000,2
20001,2
20002,1
20003,0
20004,2
20005,1
20006,2
20007,2
20008,2
20009,1
20010,1
20011,2
20012,2
20013,1
20014,1
20015,0
20016,2
20017,2
20018,1
20019,2
20020,1
20021,2
20022,1
20023,0
20024,0
20025,2
20026,0
20027,2
20028,2
20029,2
20030,2
20031,2
20032,0
20033,2
20034,1
20035,2
20036,0
20037,1
20038,1
20039,0
20040,2
20041,2
20042,0
20043,2
20044,2
20045,2
20046,1
20047,2
20048,1
20049,1
20050,2
20051,0
20052,2
20053,2
20054,2
20055,1
20056,1
20057,1
20058,0
20059,2
20060,0
20061,1
20062,2
20063,2
20064,2
20065,1
20066,2
20067,2
20068,0
20069,2
20070,1
20071,2
20072,0
20073,1
20074,0
20075,1
20076,1
20077,0
20078,1
20079,1
20080,1
20081,1
20082,0
20083,2
20084,0
20085,1
20086,0
20087,1
20088,2
20089,2
20090,1
20091,1
20092,1
20093,0
20094,2
20095,2
20096,2
20097,2
20098,2
20099,2
20100,2
20101,0
20102,2
20103,1
20104,1
20105,2
20106,2
20107,2
20108,2
20109,2
20110,1
20111,1
20112,0
20113,1
20114,2
20115,2
20116,0
20117,0
20118,2
20119,2
20120,1
20121,2
20122,1
20123,2
20124,2
20125,2
20126,2
20127,2
20128,0
20129,2
20130,2
20131,2
20132,1
20133,2
20134,2
20135,1
20136,2
20137,1
20138,2
20139,1
20140,0
20141,2
20142,1
20143,1
20144,2
20145,2
20146,1
20147,2
20148,1
20149,0
20150,2
20151,0
20152,0
20153,2
20154,2
20155,0
20156,2
20157,0
20158,0
20159,0
20160,1
20161,1
20162,2
20163,2
20164,2
20165,1
20166,2
20167,2
20168,1
20169,1
20170,1
20171,1
20172,2
20173,1
20174,1
20175,2
20176,0
20177,2
20178,1
20179,0
20180,1
20181,0
20182,2
20183,1
20184,0
20185,1
20186,1
20187,1
20188,1
20189,2
20190,2
20191,1
20192,1
20193,1
20194,2
20195,0
20196,0
20197,2
20198,2
20199,2
20200,2
20201,0
20202,1
20203,0
20204,2
20205,1
20206,1
20207,1
20208,2
20209,2
20210,2
20211,2
20212,0
20213,0
20214,0
20215,2
20216,1
20217,2
20218,1
20219,1
20220,2
20221,0
20222,0
20223,1
20224,1
20225,1
20226,2
20227,2
20228,0
20229,0
20230,1
20231,2
20232,1
20233,1
20234,2
20235,1
20236,2
20237,1
20238,1
20239,2
20240,1
20241,0
20242,0
20243,1
20244,0
20245,2
20246,1
20247,0
20248,2
20249,2
20250,2
20251,1
20252,2
20253,0
20254,1
20255,1
20256,2
20257,0
20258,2
20259,2
20260,2
20261,2
20262,1
20263,2
20264,1
20265,1
20266,2
20267,1
20268,1
20269,1
20270,2
20271,1
20272,2
20273,1
20274,1
20275,0
20276,2
20277,2
20278,2
20279,1
20280,1
20281,2
20282,2
20283,2
20284,2
20285,1
20286,2
20287,1
20288,0
20289,2
20290,2
20291,1
20292,2
20293,2
20294,2
20295,2
20296,2
20297,0
20298,1
20299,1
20300,2
20301,1
20302,2
20303,0
20304,2
20305,2
20306,2
20307,1
20308,0
20309,1
20310,2
20311,0
20312,1
20313,2
20314,0
20315,2
20316,1
20317,2
20318,2
20319,2
20320,2
20321,0
20322,1
20323,1
20324,2
20325,1
20326,0
20327,0
20328,2
20329,2
20330,2
20331,0
20332,1
20333,2
20334,0
20335,2
20336,1
20337,0
20338,1
20339,2
20340,1
20341,2
20342,2
20343,2
20344,0
20345,2
20346,0
20347,0
20348,2
20349,1
20350,2
20351,1
20352,2
20353,1
20354,0
20355,0
20356,2
20357,1
20358,0
20359,2
20360,1
20361,0
20362,1
20363,1
20364,1
20365,2
20366,1
20367,1
20368,1
20369,2
20370,2
20371,0
20372,1
20373,1
20374,2
20375,0
20376,2
20377,0
20378,2
20379,0
20380,0
20381,1
20382,1
20383,1
20384,0
20385,0
20386,1
20387,0
20388,1
20389,2
20390,0
20391,2
20392,1
20393,0
20394,1
20395,2
20396,1
20397,2
20398,1
20399,1
20400,2
20401,2
20402,1
20403,1
20404,2
20405,2
20406,1
20407,1
20408,2
20409,1
20410,0
20411,1
20412,1
20413,1
20414,1
20415,2
20416,2
20417,2
20418,0
20419,2
20420,1
20421,1
20422,1
20423,1
20424,0
20425,0
20426,1
20427,0
20428,0
20429,2
20430,2
20431,0
20432,2
20433,2
20434,0
20435,1
20436,1
20437,0
20438,2
20439,1
20440,2
20441,0
20442,0
20443,0
20444,2
20445,0
20446,2
20447,0
20448,2
20449,0
20450,2
20451,0
20452,0
20453,0
20454,0
20455,2
20456,2
20457,1
20458,1
20459,1
20460,1
20461,1
20462,2
20463,0
20464,2
20465,2
20466,1
20467,2
20468,1
20469,0
20470,1
20471,2
20472,2
20473,1
20474,0
20475,0
20476,1
20477,1
20478,2
20479,1
20480,0
20481,1
20482,2
20483,0
20484,0
20485,2
20486,2
20487,2
20488,2
20489,1
20490,2
20491,0
20492,1
20493,2
20494,2
20495,0
20496,2
20497,1
20498,1
20499,2
20500,2
20501,2
20502,2
20503,2
20504,0
20505,2
20506,1
20507,0
20508,0
20509,2
20510,1
20511,1
20512,1
20513,2
20514,0
20515,0
20516,2
20517,2
20518,2
20519,1
20520,2
20521,0
20522,1
20523,2
20524,1
20525,1
20526,2
20527,2
20528,1
20529,2
20530,2
20531,2
20532,0
20533,1
20534,0
20535,2
20536,0
20537,2
20538,2
20539,0
20540,0
20541,1
20542,1
20543,2
20544,2
20545,2
20546,0
20547,1
20548,1
20549,2
20550,0
20551,1
20552,1
20553,1
20554,2
20555,1
20556,2
20557,1
20558,1
20559,1
20560,2
20561,2
20562,0
20563,2
20564,2
20565,1
20566,0
20567,0
20568,1
20569,1
20570,1
20571,2
20572,0
20573,1
20574,1
20575,1
20576,2
20577,2
20578,0
20579,0
20580,2
20581,1
20582,1
20583,2
20584,0
20585,2
20586,0
20587,1
20588,2
20589,1
20590,1
20591,1
20592,1
20593,1
20594,0
20595,2
20596,2
20597,0
20598,0
20599,2
20600,1
20601,1
20602,2
20603,2
20604,2
20605,1
20606,1
20607,0
20608,0
20609,2
20610,2
20611,1
20612,2
20613,0
20614,0
20615,2
20616,2
20617,1
20618,2
20619,2
20620,1
20621,0
20622,2
20623,1
20624,1
20625,0
20626,0
20627,1
20628,2
20629,2
20630,2
20631,2
20632,1
20633,1
20634,2
20635,2
20636,0
20637,2
20638,0
20639,2
20640,2
20641,0
20642,1
20643,2
20644,0
20645,1
20646,2
20647,2
20648,2
20649,2
20650,1
20651,2
20652,0
20653,2
20654,2
20655,0
20656,0
20657,2
20658,0
20659,2
20660,2
20661,2
20662,2
20663,0
20664,2
20665,2
20666,2
20667,0
20668,2
20669,2
20670,0
20671,2
20672,0
20673,1
20674,2
20675,1
20676,2
20677,1
20678,0
20679,0
20680,2
20681,2
20682,1
20683,2
20684,2
20685,2
20686,1
20687,2
20688,0
20689,2
20690,1
20691,2
20692,1
20693,2
20694,2
20695,2
20696,1
20697,2
20698,2
20699,2
20700,0
20701,1
20702,2
20703,1
20704,0
20705,0
20706,1
20707,2
20708,2
20709,2
20710,1
20711,2
20712,2
20713,1
20714,2
20715,2
20716,0
20717,0
20718,2
20719,0
20720,1
20721,2
20722,1
20723,0
20724,2
20725,1
20726,1
20727,2
20728,0
20729,0
20730,1
20731,2
20732,2
20733,2
20734,2
20735,2
20736,1
20737,2
20738,0
20739,2
20740,2
20741,1
20742,0
20743,0
20744,2
20745,2
20746,1
20747,2
20748,1
20749,2
20750,2
20751,2
20752,2
20753,1
20754,0
20755,1
20756,1
20757,1
20758,1
20759,1
20760,1
20761,1
20762,2
20763,2
20764,0
20765,2
20766,0
20767,0
20768,1
20769,1
20770,2
20771,2
20772,1
20773,2
20774,2
20775,2
20776,0
20777,1
20778,2
20779,2
20780,1
20781,1
20782,0
20783,0
20784,1
20785,2
20786,1
20787,1
20788,0
20789,2
20790,1
20791,2
20792,2
20793,1
20794,1
20795,1
20796,2
20797,1
20798,0
20799,1
20800,2
20801,1
20802,2
20803,2
20804,2
20805,1
20806,1
20807,0
20808,2
20809,0
20810,0
20811,1
20812,1
20813,1
20814,2
20815,2
20816,1
20817,1
20818,0
20819,2
20820,0
20821,2
20822,0
20823,2
20824,0
20825,0
20826,2
20827,2
20828,1
20829,1
20830,1
20831,1
20832,1
20833,1
20834,1
20835,0
20836,1
20837,0
20838,1
20839,1
20840,1
20841,0
20842,2
20843,0
20844,2
20845,0
20846,0
20847,1
20848,0
20849,1
20850,0
20851,0
20852,2
20853,2
20854,2
20855,1
20856,2
20857,1
20858,2
20859,1
20860,2
20861,2
20862,0
20863,2
20864,2
20865,0
20866,1
20867,2
20868,2
20869,1
20870,2
20871,1
20872,1
20873,1
20874,2
20875,1
20876,2
20877,1
20878,0
20879,1
20880,2
20881,0
20882,1
20883,2
20884,0
20885,2
20886,2
20887,0
20888,0
20889,1
20890,0
20891,2
20892,2
20893,1
20894,1
20895,2
20896,2
20897,0
20898,0
20899,2
20900,2
20901,2
20902,1
20903,1
20904,2
20905,2
20906,2
20907,1
20908,1
20909,0
20910,0
20911,1
20912,1
20913,1
20914,2
20915,2
20916,2
20917,1
20918,2
20919,2
20920,2
20921,1
20922,1
20923,1
20924,0
20925,0
20926,2
20927,2
20928,1
20929,0
20930,2
20931,1
20932,1
20933,1
20934,0
20935,2
20936,1
20937,1
20938,1
20939,1
20940,1
20941,1
20942,2
20943,0
20944,0
20945,2
20946,1
20947,2
20948,2
20949,2
20950,0
20951,2
20952,0
20953,2
20954,1
20955,1
20956,0
20957,2
20958,2
20959,2
20960,1
20961,2
20962,0
20963,0
20964,2
20965,2
20966,1
20967,2
20968,1
20969,2
20970,1
20971,2
20972,1
20973,1
20974,1
20975,1
20976,2
20977,2
20978,2
20979,1
20980,1
20981,1
20982,1
20983,2
20984,1
20985,1
20986,0
20987,1
20988,0
20989,0
20990,2
20991,2
20992,2
20993,0
20994,2
20995,2
20996,0
20997,1
20998,2
20999,2
21000,1
21001,1
21002,2
21003,2
21004,2
21005,2
21006,0
21007,1
21008,2
21009,2
21010,2
21011,2
21012,1
21013,0
21014,2
21015,2
21016,2
21017,0
21018,0
21019,0
21020,2
21021,0
21022,1
21023,0
21024,0
21025,1
21026,0
21027,2
21028,1
21029,1
21030,1
21031,2
21032,2
21033,2
21034,0
21035,2
21036,0
21037,2
21038,1
21039,2
21040,1
21041,2
21042,0
21043,1
21044,2
21045,2
21046,1
21047,1
21048,2
21049,2
21050,1
21051,2
21052,0
21053,1
21054,1
21055,2
21056,2
21057,2
21058,2
21059,0
21060,1
21061,1
21062,2
21063,0
21064,1
21065,2
21066,2
21067,2
21068,1
21069,2
21070,1
21071,1
21072,1
21073,2
21074,2
21075,1
21076,2
21077,2
21078,1
21079,1
21080,1
21081,1
21082,2
21083,2
21084,2
21085,1
21086,1
21087,0
21088,2
21089,2
21090,2
21091,2
21092,2
21093,2
21094,1
21095,1
21096,0
21097,2
21098,2
21099,0
21100,2
21101,1
21102,2
21103,2
21104,0
21105,2
21106,1
21107,2
21108,2
21109,2
21110,1
21111,2
21112,1
21113,1
21114,1
21115,1
21116,2
21117,2
21118,2
21119,1
21120,2
21121,2
21122,2
21123,2
21124,1
21125,0
21126,2
21127,1
21128,1
21129,0
21130,0
21131,0
21132,1
21133,1
21134,1
21135,2
21136,2
21137,2
21138,2
21139,1
21140,1
21141,1
21142,1
21143,0
21144,1
21145,2
21146,2
21147,1
21148,0
21149,0
21150,2
21151,2
21152,1
21153,2
21154,2
21155,1
21156,1
21157,2
21158,2
21159,1
21160,2
21161,0
21162,0
21163,1
21164,1
21165,2
21166,2
21167,0
21168,0
21169,0
21170,0
21171,2
21172,1
21173,1
21174,1
21175,2
21176,2
21177,2
21178,1
21179,1
21180,1
21181,2
21182,0
21183,0
21184,2
21185,0
21186,2
21187,2
21188,2
21189,2
21190,2
21191,2
21192,0
21193,2
21194,2
21195,1
21196,0
21197,0
21198,0
21199,2
21200,2
21201,1
21202,2
21203,2
21204,2
21205,0
21206,2
21207,1
21208,1
21209,2
21210,2
21211,2
21212,0
21213,2
21214,2
21215,2
21216,2
21217,0
21218,0
21219,2
21220,1
21221,0
21222,0
21223,1
21224,1
21225,1
21226,1
21227,0
21228,1
21229,0
21230,0
21231,2
21232,0
21233,0
21234,2
21235,1
21236,2
21237,1
21238,0
21239,2
21240,2
21241,2
21242,0
21243,1
21244,0
21245,1
21246,2
21247,2
21248,1
21249,0
21250,0
21251,2
21252,1
21253,1
21254,0
21255,1
21256,1
21257,2
21258,2
21259,2
21260,1
21261,1
21262,0
21263,0
21264,1
21265,1
21266,0
21267,0
21268,2
21269,2
21270,1
21271,0
21272,1
21273,1
21274,0
21275,0
21276,1
21277,0
21278,2
21279,1
21280,2
21281,2
21282,0
21283,2
21284,2
21285,0
21286,2
21287,2
21288,0
21289,2
21290,2
21291,0
21292,2
21293,1
21294,1
21295,1
21296,1
21297,2
21298,1
21299,1
21300,1
21301,2
21302,1
21303,2
21304,2
21305,2
21306,0
21307,0
21308,1
21309,1
21310,1
21311,0
21312,1
21313,1
21314,1
21315,0
21316,2
21317,0
21318,0
21319,1
21320,1
21321,1
21322,2
21323,1
21324,2
21325,2
21326,0
21327,0
21328,0
21329,2
21330,0
21331,0
21332,2
21333,1
21334,2
21335,1
21336,0
21337,0
21338,1
21339,1
21340,2
21341,1
21342,0
21343,2
21344,2
21345,2
21346,1
21347,2
21348,0
21349,2
21350,0
21351,0
21352,0
21353,1
21354,2
21355,1
21356,2
21357,2
21358,2
21359,2
21360,2
21361,0
21362,2
21363,2
21364,1
21365,1
21366,1
21367,2
21368,0
21369,1
21370,0
21371,1
21372,1
21373,1
21374,1
21375,2
21376,0
21377,1
21378,2
21379,2
21380,2
21381,2
21382,2
21383,1
21384,2
21385,1
21386,2
21387,0
21388,1
21389,2
21390,0
21391,1
21392,2
21393,1
21394,1
21395,2
21396,2
21397,1
21398,1
21399,1
21400,2
21401,1
21402,1
21403,0
21404,2
21405,1
21406,2
21407,1
21408,0
21409,1
21410,2
21411,2
21412,1
21413,1
21414,2
21415,2
21416,2
21417,1
21418,2
21419,2
21420,0
21421,0
21422,1
21423,2
21424,2
21425,2
21426,2
21427,1
21428,1
21429,0
21430,2
21431,0
21432,2
21433,1
21434,2
21435,2
21436,2
21437,0
21438,1
21439,1
21440,0
21441,2
21442,2
21443,0
21444,2
21445,2
21446,2
21447,0
21448,2
21449,0
21450,2
21451,2
21452,1
21453,2
21454,1
21455,1
21456,2
21457,2
21458,1
21459,2
21460,2
21461,1
21462,2
21463,2
21464,1
21465,0
21466,1
21467,0
21468,1
21469,2
21470,1
21471,0
21472,0
21473,2
21474,2
21475,0
21476,0
21477,2
21478,2
21479,2
21480,2
21481,2
21482,2
21483,0
21484,1
21485,0
21486,0
21487,2
21488,2
21489,0
21490,2
21491,1
21492,0
21493,0
21494,2
21495,1
21496,2
21497,1
21498,2
21499,1
21500,2
21501,2
21502,2
21503,1
21504,1
21505,0
21506,1
21507,2
21508,1
21509,1
21510,2
21511,1
21512,2
21513,0
21514,1
21515,2
21516,0
21517,2
21518,2
21519,1
21520,2
21521,1
21522,0
21523,2
21524,0
21525,2
21526,0
21527,0
21528,2
21529,2
21530,2
21531,0
21532,0
21533,0
21534,2
21535,2
21536,2
21537,0
21538,0
21539,2
21540,0
21541,0
21542,0
21543,2
21544,1
21545,2
21546,1
21547,2
21548,2
21549,1
21550,2
21551,1
21552,2
21553,2
21554,1
21555,1
21556,1
21557,1
21558,1
21559,2
21560,1
21561,2
21562,2
21563,2
21564,2
21565,2
21566,2
21567,1
21568,2
21569,1
21570,2
21571,1
21572,0
21573,2
21574,2
21575,1
21576,0
21577,1
21578,1
21579,1
21580,2
21581,1
21582,0
21583,0
21584,1
21585,2
21586,2
21587,0
21588,2
21589,0
21590,1
21591,1
21592,0
21593,2
21594,1
21595,1
21596,2
21597,2
21598,2
21599,1
21600,0
21601,0
21602,1
21603,1
21604,0
21605,2
21606,2
21607,2
21608,2
21609,0
21610,1
21611,2
21612,2
21613,2
21614,1
21615,2
21616,0
21617,1
21618,0
21619,0
21620,2
21621,2
21622,2
21623,1
21624,2
21625,0
21626,2
21627,2
21628,2
21629,2
21630,1
21631,1
21632,1
21633,1
21634,2
21635,0
21636,2
21637,0
21638,2
21639,1
21640,1
21641,2
21642,1
21643,2
21644,2
21645,1
21646,1
21647,1
21648,1
21649,2
21650,1
21651,2
21652,1
21653,1
21654,2
21655,1
21656,0
21657,1
21658,1
21659,0
21660,2
21661,0
21662,0
21663,1
21664,1
21665,2
21666,2
21667,0
21668,0
21669,1
21670,0
21671,0
21672,2
21673,2
21674,1
21675,1
21676,2
21677,2
21678,1
21679,2
21680,2
21681,2
21682,1
21683,1
21684,1
21685,1
21686,2
21687,2
21688,1
21689,2
21690,2
21691,1
21692,2
21693,0
21694,2
21695,1
21696,1
21697,1
21698,0
21699,2
21700,1
21701,1
21702,1
21703,0
21704,2
21705,2
21706,2
21707,2
21708,2
21709,1
21710,1
21711,1
21712,1
21713,1
21714,1
21715,2
21716,1
21717,2
21718,2
21719,2
21720,2
21721,1
21722,1
21723,2
21724,1
21725,2
21726,1
21727,2
21728,2
21729,2
21730,2
21731,2
21732,2
21733,1
21734,1
21735,2
21736,2
21737,0
21738,1
21739,1
21740,2
21741,0
21742,1
21743,1
21744,2
21745,0
21746,0
21747,2
21748,1
21749,1
21750,1
21751,2
21752,1
21753,2
21754,1
21755,2
21756,2
21757,0
21758,1
21759,1
21760,2
21761,1
21762,0
21763,2
21764,2
21765,1
21766,1
21767,2
21768,2
21769,2
21770,2
21771,1
21772,2
21773,2
21774,1
21775,1
21776,1
21777,2
21778,2
21779,2
21780,0
21781,1
21782,1
21783,1
21784,0
21785,2
21786,2
21787,0
21788,1
21789,1
21790,0
21791,0
21792,2
21793,2
21794,1
21795,2
21796,1
21797,2
21798,2
21799,1
21800,2
21801,1
21802,2
21803,0
21804,2
21805,1
21806,1
21807,1
21808,2
21809,1
21810,1
21811,2
21812,2
21813,0
21814,2
21815,2
21816,2
21817,2
21818,2
21819,2
21820,1
21821,2
21822,0
21823,1
21824,2
21825,0
21826,2
21827,2
21828,2
21829,2
21830,2
21831,2
21832,1
21833,2
21834,1
21835,2
21836,1
21837,1
21838,0
21839,0
21840,0
21841,1
21842,2
21843,1
21844,2
21845,1
21846,0
21847,2
21848,2
21849,2
21850,2
21851,0
21852,1
21853,2
21854,0
21855,0
21856,0
21857,0
21858,0
21859,0
21860,2
21861,1
21862,0
21863,2
21864,2
21865,0
21866,2
21867,1
21868,0
21869,2
21870,1
21871,1
21872,1
21873,2
21874,1
21875,1
21876,2
21877,2
21878,1
21879,2
21880,2
21881,1
21882,1
21883,2
21884,1
21885,2
21886,2
21887,2
21888,1
21889,0
21890,2
21891,0
21892,0
21893,2
21894,0
21895,2
21896,1
21897,2
21898,1
21899,1
21900,2
21901,1
21902,0
21903,0
21904,1
21905,0
21906,2
21907,0
21908,0
21909,2
21910,2
21911,0
21912,2
21913,0
21914,0
21915,2
21916,2
21917,2
21918,1
21919,0
21920,1
21921,1
21922,0
21923,1
21924,2
21925,2
21926,2
21927,1
21928,2
21929,0
21930,1
21931,2
21932,2
21933,0
21934,1
21935,1
21936,2
21937,2
21938,1
21939,0
21940,2
21941,1
21942,2
21943,1
21944,2
21945,2
21946,1
21947,2
21948,2
21949,1
21950,0
21951,1
21952,2
21953,1
21954,1
21955,1
21956,0
21957,1
21958,1
21959,2
21960,1
21961,2
21962,2
21963,0
21964,0
21965,1
21966,2
21967,0
21968,2
21969,1
21970,0
21971,1
21972,2
21973,1
21974,1
21975,0
21976,1
21977,2
21978,0
21979,2
21980,2
21981,2
21982,1
21983,2
21984,2
21985,2
21986,1
21987,0
21988,0
21989,1
21990,0
21991,2
21992,2
21993,1
21994,2
21995,0
21996,1
21997,2
21998,2
21999,2
22000,1
22001,2
22002,2
22003,0
22004,1
22005,2
22006,2
22007,2
22008,1
22009,1
22010,2
22011,0
22012,1
22013,1
22014,2
22015,2
22016,2
22017,1
22018,0
22019,1
22020,1
22021,1
22022,0
22023,1
22024,2
22025,2
22026,1
22027,1
22028,2
22029,2
22030,1
22031,0
22032,1
22033,0
22034,1
22035,1
22036,2
22037,2
22038,0
22039,1
22040,1
22041,1
22042,2
22043,2
22044,0
22045,1
22046,2
22047,0
22048,2
22049,2
22050,2
22051,1
22052,2
22053,2
22054,2
22055,2
22056,0
22057,2
22058,2
22059,0
22060,2
22061,1
22062,1
22063,2
22064,2
22065,0
22066,2
22067,1
22068,2
22069,1
22070,2
22071,1
22072,0
22073,1
22074,0
22075,2
22076,2
22077,1
22078,1
22079,2
22080,1
22081,2
22082,2
22083,0
22084,1
22085,2
22086,1
22087,1
22088,2
22089,0
22090,2
22091,1
22092,0
22093,2
22094,0
22095,1
22096,1
22097,1
22098,0
22099,0
22100,2
22101,2
22102,2
22103,1
22104,1
22105,2
22106,1
22107,0
22108,0
22109,2
22110,1
22111,2
22112,2
22113,1
22114,0
22115,2
22116,2
22117,0
22118,2
22119,0
22120,2
22121,1
22122,2
22123,2
22124,1
22125,1
22126,0
22127,0
22128,2
22129,2
22130,2
22131,0
22132,1
22133,0
22134,2
22135,2
22136,0
22137,2
22138,2
22139,0
22140,2
22141,0
22142,0
22143,0
22144,2
22145,2
22146,2
22147,0
22148,2
22149,0
22150,1
22151,0
22152,2
22153,2
22154,1
22155,1
22156,1
22157,0
22158,1
22159,2
22160,2
22161,2
22162,2
22163,2
22164,0
22165,2
22166,2
22167,2
22168,1
22169,2
22170,1
22171,2
22172,2
22173,1
22174,1
22175,2
22176,1
22177,1
22178,1
22179,2
22180,1
22181,2
22182,1
22183,1
22184,2
22185,0
22186,1
22187,1
22188,0
22189,2
22190,2
22191,2
22192,0
22193,0
22194,0
22195,2
22196,1
22197,1
22198,2
22199,1
22200,2
22201,1
22202,1
22203,0
22204,2
22205,2
22206,1
22207,1
22208,0
22209,2
22210,1
22211,2
22212,0
22213,1
22214,2
22215,2
22216,2
22217,2
22218,2
22219,2
22220,0
22221,2
22222,1
22223,0
22224,1
22225,0
22226,1
22227,1
22228,0
22229,1
22230,1
22231,2
22232,1
22233,1
22234,2
22235,1
22236,2
22237,0
22238,2
22239,0
22240,2
22241,1
22242,1
22243,2
22244,1
22245,2
22246,2
22247,2
22248,2
22249,2
22250,1
22251,2
22252,1
22253,2
22254,1
22255,1
22256,0
22257,1
22258,2
22259,0
22260,1
22261,1
22262,1
22263,1
22264,1
22265,0
22266,1
22267,0
22268,0
22269,2
22270,0
22271,2
22272,2
22273,2
22274,2
22275,2
22276,1
22277,1
22278,1
22279,1
22280,2
22281,1
22282,2
22283,2
22284,1
22285,2
22286,2
22287,2
22288,2
22289,2
22290,0
22291,2
22292,0
22293,1
22294,1
22295,2
22296,2
22297,2
22298,1
22299,0
22300,1
22301,0
22302,2
22303,1
22304,0
22305,2
22306,1
22307,1
22308,2
22309,2
22310,2
22311,2
22312,2
22313,1
22314,1
22315,0
22316,1
22317,2
22318,2
22319,2
22320,2
22321,0
22322,2
22323,0
22324,0
22325,1
22326,2
22327,1
22328,0
22329,2
22330,2
22331,2
22332,1
22333,2
22334,0
22335,2
22336,2
22337,0
22338,1
22339,1
22340,2
22341,2
22342,2
22343,2
22344,2
22345,0
22346,2
22347,1
22348,1
22349,1
22350,1
22351,2
22352,0
22353,1
22354,1
22355,0
22356,1
22357,2
22358,2
22359,0
22360,0
22361,1
22362,1
22363,2
22364,0
22365,0
22366,1
22367,1
22368,2
22369,2
22370,2
22371,1
22372,2
22373,2
22374,1
22375,0
22376,0
22377,2
22378,0
22379,1
22380,0
22381,2
22382,0
22383,1
22384,1
22385,0
22386,1
22387,2
22388,2
22389,2
22390,1
22391,0
22392,0
22393,1
22394,1
22395,1
22396,0
22397,0
22398,1
22399,1
22400,2
22401,2
22402,2
22403,1
22404,1
22405,0
22406,1
22407,0
22408,0
22409,0
22410,0
22411,1
22412,2
22413,2
22414,2
22415,0
22416,1
22417,1
22418,2
22419,0
22420,2
22421,1
22422,2
22423,2
22424,2
22425,1
22426,2
22427,1
22428,2
22429,2
22430,2
22431,1
22432,1
22433,0
22434,2
22435,2
22436,2
22437,1
22438,1
22439,1
22440,0
22441,0
22442,0
22443,1
22444,2
22445,1
22446,1
22447,0
22448,1
22449,2
22450,1
22451,1
22452,2
22453,1
22454,2
22455,1
22456,0
22457,0
22458,2
22459,2
22460,2
22461,1
22462,2
22463,1
22464,2
22465,0
22466,1
22467,0
22468,2
22469,2
22470,2
22471,0
22472,0
22473,1
22474,1
22475,2
22476,2
22477,1
22478,1
22479,1
22480,1
22481,2
22482,1
22483,1
22484,2
22485,2
22486,0
22487,1
22488,1
22489,2
22490,1
22491,2
22492,0
22493,2
22494,2
22495,2
22496,0
22497,2
22498,0
22499,1
22500,2
22501,2
22502,1
22503,2
22504,0
22505,0
22506,0
22507,1
22508,1
22509,0
22510,1
22511,0
22512,1
22513,1
22514,1
22515,2
22516,2
22517,0
22518,2
22519,0
22520,2
22521,2
22522,2
22523,2
22524,1
22525,0
22526,2
22527,2
22528,1
22529,0
22530,2
22531,2
22532,1
22533,2
22534,0
22535,0
22536,2
22537,1
22538,0
22539,0
22540,2
22541,1
22542,2
22543,2
22544,1
22545,1
22546,2
22547,0
22548,2
22549,1
22550,2
22551,2
22552,0
22553,1
22554,2
22555,2
22556,0
22557,0
22558,0
22559,2
22560,2
22561,2
22562,2
22563,2
22564,2
22565,2
22566,0
22567,2
22568,2
22569,0
22570,2
22571,2
22572,1
22573,2
22574,2
22575,0
22576,1
22577,0
22578,2
22579,1
22580,2
22581,1
22582,1
22583,0
22584,2
22585,0
22586,2
22587,0
22588,2
22589,2
22590,2
22591,1
22592,1
22593,0
22594,2
22595,2
22596,2
22597,2
22598,0
22599,2
22600,1
22601,2
22602,2
22603,1
22604,0
22605,1
22606,1
22607,1
22608,2
22609,2
22610,1
22611,2
22612,1
22613,1
22614,1
22615,2
22616,1
22617,2
22618,2
22619,1
22620,1
22621,1
22622,1
22623,2
22624,2
22625,0
22626,2
22627,2
22628,1
22629,2
22630,2
22631,2
22632,1
22633,2
22634,2
22635,1
22636,1
22637,2
22638,0
22639,2
22640,1
22641,0
22642,0
22643,0
22644,0
22645,1
22646,1
22647,2
22648,0
22649,0
22650,2
22651,1
22652,2
22653,1
22654,1
22655,0
22656,2
22657,1
22658,0
22659,2
22660,1
22661,2
22662,2
22663,1
22664,0
22665,2
22666,2
22667,2
22668,2
22669,1
22670,2
22671,1
22672,0
22673,2
22674,2
22675,0
22676,1
22677,2
22678,1
22679,2
22680,2
22681,2
22682,2
22683,1
22684,2
22685,2
22686,1
22687,1
22688,2
22689,2
22690,2
22691,0
22692,0
22693,1
22694,2
22695,1
22696,0
22697,2
22698,2
22699,2
22700,1
22701,2
22702,2
22703,2
22704,0
22705,0
22706,1
22707,1
22708,1
22709,0
22710,0
22711,2
22712,1
22713,1
22714,2
22715,1
22716,1
22717,2
22718,2
22719,2
22720,1
22721,0
22722,1
22723,0
22724,1
22725,0
22726,2
22727,1
22728,0
22729,1
22730,0
22731,2
22732,0
22733,2
22734,0
22735,0
22736,2
22737,2
22738,2
22739,0
22740,2
22741,2
22742,2
22743,0
22744,1
22745,2
22746,2
22747,2
22748,0
22749,0
22750,2
22751,2
22752,1
22753,0
22754,2
22755,0
22756,2
22757,2
22758,0
22759,0
22760,1
22761,2
22762,2
22763,1
22764,2
22765,2
22766,1
22767,0
22768,2
22769,1
22770,0
22771,2
22772,2
22773,2
22774,2
22775,2
22776,1
22777,2
22778,1
22779,0
22780,1
22781,2
22782,1
22783,1
22784,0
22785,0
22786,2
22787,0
22788,1
22789,2
22790,0
22791,2
22792,2
22793,1
22794,2
22795,1
22796,0
22797,1
22798,0
22799,1
22800,2
22801,0
22802,1
22803,1
22804,2
22805,2
22806,1
22807,2
22808,2
22809,1
22810,0
22811,0
22812,0
22813,2
22814,1
22815,1
22816,1
22817,1
22818,1
22819,2
22820,2
22821,2
22822,2
22823,1
22824,2
22825,2
22826,2
22827,0
22828,2
22829,0
22830,1
22831,2
22832,2
22833,1
22834,1
22835,2
22836,0
22837,2
22838,1
22839,1
22840,2
22841,2
22842,2
22843,2
22844,2
22845,2
22846,2
22847,1
22848,1
22849,0
22850,0
22851,1
22852,0
22853,2
22854,1
22855,2
22856,1
22857,1
22858,0
22859,1
22860,0
22861,1
22862,2
22863,2
22864,2
22865,0
22866,2
22867,2
22868,2
22869,1
22870,1
22871,1
22872,0
22873,1
22874,1
22875,0
22876,0
22877,2
22878,0
22879,1
22880,1
22881,0
22882,2
22883,2
22884,2
22885,2
22886,0
22887,1
22888,2
22889,2
22890,1
22891,1
22892,0
22893,1
22894,0
22895,0
22896,0
22897,2
22898,0
22899,2
22900,2
22901,2
22902,0
22903,0
22904,2
22905,2
22906,0
22907,1
22908,2
22909,2
22910,1
22911,1
22912,2
22913,2
22914,0
22915,2
22916,2
22917,0
22918,1
22919,1
22920,2
22921,0
22922,2
22923,0
22924,2
22925,1
22926,0
22927,2
22928,2
22929,2
22930,2
22931,2
22932,1
22933,2
22934,1
22935,2
22936,2
22937,0
22938,2
22939,1
22940,1
22941,2
22942,1
22943,1
22944,0
22945,1
22946,1
22947,1
22948,1
22949,1
22950,2
22951,2
22952,2
22953,1
22954,0
22955,2
22956,0
22957,2
22958,0
22959,2
22960,2
22961,2
22962,2
22963,2
22964,2
22965,1
22966,2
22967,2
22968,2
22969,2
22970,1
22971,2
22972,1
22973,1
22974,2
22975,0
22976,2
22977,1
22978,2
22979,2
22980,2
22981,1
22982,2
22983,2
22984,2
22985,0
22986,0
22987,1
22988,2
22989,0
22990,1
22991,2
22992,2
22993,2
22994,2
22995,2
22996,0
22997,1
22998,2
22999,2
23000,0
23001,0
23002,0
23003,2
23004,1
23005,1
23006,2
23007,2
23008,2
23009,2
23010,0
23011,0
23012,2
23013,2
23014,1
23015,2
23016,0
23017,1
23018,1
23019,2
23020,0
23021,2
23022,1
23023,1
23024,1
23025,2
23026,2
23027,2
23028,0
23029,1
23030,0
23031,2
23032,2
23033,2
23034,2
23035,2
23036,0
23037,2
23038,0
23039,0
23040,1
23041,2
23042,2
23043,1
23044,2
23045,0
23046,0
23047,1
23048,2
23049,2
23050,2
23051,0
23052,1
23053,1
23054,2
23055,1
23056,1
23057,2
23058,2
23059,0
23060,2
23061,2
23062,2
23063,1
23064,2
23065,0
23066,1
23067,2
23068,1
23069,2
23070,2
23071,2
23072,0
23073,1
23074,1
23075,2
23076,1
23077,0
23078,0
23079,2
23080,1
23081,1
23082,1
23083,2
23084,1
23085,1
23086,1
23087,1
23088,1
23089,0
23090,0
23091,0
23092,0
23093,1
23094,1
23095,0
23096,1
23097,2
23098,2
23099,1
23100,1
23101,0
23102,0
23103,1
23104,0
23105,0
23106,0
23107,2
23108,2
23109,2
23110,1
23111,2
23112,2
23113,0
23114,0
23115,1
23116,0
23117,2
23118,0
23119,0
23120,2
23121,2
23122,2
23123,2
23124,1
23125,0
23126,0
23127,0
23128,1
23129,2
23130,1
23131,2
23132,2
23133,2
23134,1
23135,2
23136,2
23137,2
23138,1
23139,2
23140,0
23141,1
23142,1
23143,2
23144,0
23145,2
23146,1
23147,1
23148,1
23149,2
23150,2
23151,2
23152,2
23153,2
23154,2
23155,2
23156,1
23157,1
23158,0
23159,0
23160,1
23161,2
23162,1
23163,2
23164,0
23165,2
23166,2
23167,0
23168,0
23169,2
23170,2
23171,0
23172,1
23173,1
23174,2
23175,2
23176,2
23177,0
23178,2
23179,2
23180,1
23181,1
23182,0
23183,0
23184,1
23185,2
23186,0
23187,2
23188,0
23189,1
23190,2
23191,2
23192,1
23193,2
23194,0
23195,2
23196,2
23197,1
23198,0
23199,1
23200,1
23201,2
23202,1
23203,1
23204,0
23205,1
23206,1
23207,2
23208,1
23209,2
23210,0
23211,2
23212,0
23213,0
23214,0
23215,2
23216,2
23217,1
23218,1
23219,0
23220,1
23221,1
23222,2
23223,1
23224,2
23225,2
23226,2
23227,1
23228,1
23229,1
23230,2
23231,0
23232,2
23233,1
23234,1
23235,2
23236,2
23237,2
23238,0
23239,0
23240,2
23241,2
23242,2
23243,2
23244,1
23245,0
23246,2
23247,1
23248,1
23249,1
23250,2
23251,2
23252,2
23253,2
23254,1
23255,0
23256,0
23257,2
23258,1
23259,2
23260,1
23261,1
23262,0
23263,1
23264,1
23265,2
23266,2
23267,1
23268,2
23269,1
23270,2
23271,1
23272,0
23273,1
23274,0
23275,1
23276,2
23277,0
23278,2
23279,2
23280,1
23281,2
23282,2
23283,1
23284,1
23285,2
23286,0
23287,0
23288,0
23289,1
23290,2
23291,2
23292,0
23293,2
23294,1
23295,2
23296,0
23297,2
23298,2
23299,2
23300,2
23301,1
23302,1
23303,2
23304,1
23305,2
23306,1
23307,0
23308,1
23309,2
23310,0
23311,2
23312,2
23313,2
23314,0
23315,1
23316,1
23317,2
23318,2
23319,2
23320,2
23321,1
23322,2
23323,2
23324,2
23325,0
23326,2
23327,1
23328,0
23329,2
23330,1
23331,2
23332,1
23333,2
23334,0
23335,1
23336,2
23337,2
23338,0
23339,2
23340,1
23341,2
23342,1
23343,1
23344,1
23345,1
23346,0
23347,2
23348,1
23349,2
23350,0
23351,0
23352,1
23353,2
23354,1
23355,2
23356,2
23357,1
23358,0
23359,0
23360,1
23361,1
23362,0
23363,2
23364,2
23365,2
23366,0
23367,0
23368,2
23369,2
23370,2
23371,1
23372,2
23373,2
23374,0
23375,1
23376,0
23377,2
23378,2
23379,2
23380,2
23381,2
23382,2
23383,0
23384,2
23385,2
23386,0
23387,2
23388,2
23389,0
23390,2
23391,0
23392,0
23393,2
23394,1
23395,2
23396,2
23397,2
23398,0
23399,0
23400,1
23401,1
23402,2
23403,1
23404,1
23405,2
23406,0
23407,1
23408,2
23409,2
23410,0
23411,2
23412,2
23413,2
23414,2
23415,2
23416,2
23417,1
23418,0
23419,1
23420,2
23421,0
23422,0
23423,1
23424,0
23425,2
23426,0
23427,2
23428,2
23429,2
23430,2
23431,2
23432,1
23433,2
23434,2
23435,1
23436,2
23437,0
23438,2
23439,0
23440,1
23441,1
23442,2
23443,2
23444,2
23445,1
23446,0
23447,1
23448,1
23449,0
23450,2
23451,2
23452,1
23453,2
23454,0
23455,2
23456,0
23457,2
23458,2
23459,0
23460,1
23461,1
23462,2
23463,2
23464,2
23465,1
23466,2
23467,0
23468,0
23469,0
23470,2
23471,2
23472,2
23473,2
23474,1
23475,0
23476,0
23477,0
23478,2
