index,cluster
0,1
1,1
2,0
3,1
4,1
5,1
6,1
7,0
8,0
9,1
10,1
11,0
12,1
13,1
14,0
15,1
16,1
17,1
18,0
19,1
20,0
21,1
22,0
23,0
24,0
25,0
26,1
27,1
28,1
29,1
30,0
31,1
32,0
33,0
34,1
35,0
36,1
37,1
38,1
39,1
40,0
41,1
42,1
43,0
44,0
45,1
46,0
47,2
48,0
49,0
50,0
51,1
52,1
53,0
54,0
55,1
56,1
57,0
58,1
59,1
60,0
61,1
62,1
63,1
64,0
65,0
66,0
67,1
68,1
69,1
70,0
71,1
72,0
73,2
74,0
75,1
76,0
77,0
78,1
79,0
80,0
81,0
82,1
83,0
84,0
85,1
86,0
87,0
88,1
89,0
90,1
91,1
92,1
93,0
94,0
95,0
96,1
97,1
98,1
99,2
100,1
101,1
102,0
103,0
104,1
105,1
106,0
107,0
108,0
109,0
110,1
111,0
112,0
113,1
114,1
115,0
116,0
117,0
118,0
119,1
120,0
121,1
122,1
123,1
124,0
125,1
126,1
127,0
128,0
129,0
130,1
131,0
132,1
133,0
134,1
135,1
136,0
137,1
138,0
139,0
140,1
141,0
142,0
143,2
144,0
145,0
146,0
147,1
148,0
149,0
150,2
151,1
152,1
153,0
154,0
155,0
156,1
157,0
158,1
159,1
160,0
161,1
162,0
163,1
164,0
165,1
166,1
167,2
168,1
169,1
170,0
171,1
172,1
173,0
174,1
175,0
176,1
177,0
178,1
179,0
180,0
181,0
182,0
183,1
184,0
185,0
186,0
187,1
188,0
189,1
190,1
191,0
192,0
193,1
194,0
195,1
196,1
197,1
198,1
199,0
200,1
201,1
202,1
203,1
204,1
205,0
206,1
207,0
208,0
209,1
210,0
211,0
212,1
213,1
214,0
215,0
216,0
217,1
218,1
219,0
220,0
221,1
222,0
223,0
224,0
225,1
226,1
227,0
228,0
229,0
230,0
231,0
232,0
233,0
234,1
235,1
236,1
237,1
238,0
239,1
240,0
241,1
242,0
243,0
244,1
245,1
246,0
247,0
248,1
249,0
250,0
251,1
252,1
253,0
254,0
255,1
256,0
257,1
258,0
259,0
260,1
261,1
262,0
263,0
264,0
265,1
266,1
267,0
268,0
269,1
270,0
271,0
272,1
273,1
274,0
275,2
276,0
277,1
278,1
279,1
280,1
281,0
282,1
283,0
284,1
285,0
286,1
287,2
288,2
289,1
290,1
291,1
292,1
293,0
294,0
295,0
296,1
297,1
298,0
299,0
300,1
301,0
302,1
303,0
304,0
305,0
306,0
307,0
308,0
309,0
310,1
311,0
312,0
313,0
314,0
315,0
316,1
317,0
318,0
319,0
320,1
321,0
322,0
323,0
324,0
325,0
326,1
327,1
328,0
329,1
330,0
331,0
332,1
333,0
334,0
335,1
336,0
337,0
338,1
339,1
340,0
341,0
342,0
343,0
344,0
345,1
346,1
347,0
348,1
349,0
350,2
351,0
352,1
353,1
354,0
355,0
356,1
357,1
358,1
359,1
360,0
361,0
362,1
363,0
364,0
365,0
366,1
367,1
368,1
369,1
370,1
371,1
372,0
373,1
374,1
375,0
376,1
377,1
378,0
379,0
380,0
381,1
382,0
383,1
384,0
385,0
386,0
387,0
388,0
389,1
390,0
391,1
392,0
393,0
394,1
395,0
396,1
397,0
398,1
399,1
400,0
401,0
402,1
403,1
404,1
405,1
406,0
407,0
408,1
409,0
410,0
411,1
412,0
413,0
414,0
415,0
416,1
417,0
418,1
419,0
420,1
421,1
422,0
423,1
424,1
425,0
426,1
427,0
428,0
429,0
430,1
431,1
432,1
433,0
434,1
435,1
436,0
437,1
438,1
439,1
440,1
441,0
442,0
443,2
444,1
445,1
446,1
447,1
448,0
449,1
450,0
451,1
452,1
453,1
454,0
455,0
456,0
457,1
458,1
459,0
460,0
461,0
462,0
463,0
464,1
465,0
466,1
467,1
468,0
469,1
470,1
471,1
472,1
473,0
474,1
475,1
476,1
477,0
478,1
479,0
480,1
481,1
482,1
483,0
484,0
485,1
486,1
487,0
488,0
489,0
490,1
491,0
492,0
493,1
494,0
495,1
496,1
497,1
498,0
499,0
500,0
501,0
502,0
503,1
504,0
505,0
506,1
507,1
508,0
509,0
510,0
511,0
512,0
513,0
514,0
515,0
516,1
517,1
518,1
519,0
520,0
521,0
522,0
523,1
524,1
525,1
526,0
527,2
528,1
529,1
530,1
531,0
532,2
533,0
534,0
535,0
536,1
537,0
538,0
539,0
540,0
541,0
542,0
543,1
544,0
545,1
546,1
547,1
548,0
549,1
550,0
551,0
552,1
553,0
554,0
555,1
556,0
557,0
558,0
559,1
560,1
561,0
562,1
563,1
564,0
565,0
566,0
567,1
568,0
569,0
570,0
571,1
572,1
573,1
574,0
575,0
576,0
577,1
578,1
579,1
580,1
581,0
582,0
583,0
584,1
585,1
586,0
587,1
588,1
589,0
590,1
591,1
592,0
593,1
594,0
595,1
596,1
597,1
598,1
599,0
600,1
601,0
602,0
603,0
604,1
605,1
606,0
607,0
608,0
609,0
610,0
611,1
612,0
613,1
614,1
615,0
616,0
617,1
618,0
619,1
620,1
621,1
622,1
623,1
624,1
625,0
626,1
627,0
628,1
629,1
630,1
631,0
632,0
633,1
634,1
635,1
636,0
637,1
638,1
639,1
640,1
641,1
642,1
643,1
644,0
645,1
646,1
647,0
648,2
649,0
650,1
651,0
652,1
653,1
654,0
655,0
656,1
657,0
658,1
659,1
660,1
661,0
662,1
663,0
664,1
665,0
666,1
667,1
668,1
669,0
670,1
671,1
672,0
673,0
674,0
675,1
676,1
677,0
678,1
679,0
680,1
681,1
682,0
683,0
684,1
685,1
686,0
687,1
688,1
689,0
690,1
691,0
692,1
693,1
694,1
695,1
696,0
697,1
698,0
699,1
700,0
701,1
702,1
703,1
704,1
705,0
706,0
707,1
708,0
709,1
710,1
711,1
712,0
713,1
714,1
715,0
716,1
717,0
718,1
719,2
720,1
721,1
722,1
723,0
724,0
725,1
726,1
727,1
728,1
729,1
730,0
731,0
732,1
733,1
734,0
735,1
736,1
737,1
738,0
739,1
740,0
741,0
742,0
743,0
744,1
745,0
746,0
747,1
748,1
749,0
750,0
751,1
752,0
753,0
754,1
755,1
756,1
757,0
758,1
759,0
760,0
761,2
762,0
763,1
764,1
765,1
766,1
767,1
768,1
769,1
770,0
771,1
772,0
773,1
774,0
775,0
776,1
777,0
778,0
779,1
780,1
781,1
782,1
783,1
784,0
785,0
786,1
787,1
788,1
789,1
790,0
791,1
792,1
793,0
794,0
795,0
796,0
797,1
798,0
799,0
800,0
801,0
802,1
803,1
804,0
805,0
806,0
807,1
808,1
809,1
810,1
811,0
812,0
813,1
814,0
815,1
816,1
817,1
818,0
819,1
820,1
821,1
822,0
823,1
824,1
825,0
826,0
827,1
828,1
829,0
830,0
831,0
832,1
833,1
834,0
835,0
836,0
837,2
838,0
839,0
840,1
841,0
842,0
843,0
844,0
845,0
846,1
847,1
848,0
849,1
850,0
851,1
852,1
853,0
854,1
855,1
856,1
857,1
858,1
859,1
860,0
861,0
862,1
863,1
864,0
865,0
866,1
867,1
868,1
869,1
870,0
871,0
872,1
873,0
874,0
875,1
876,1
877,0
878,0
879,0
880,0
881,1
882,1
883,1
884,1
885,1
886,1
887,1
888,0
889,1
890,1
891,1
892,0
893,0
894,1
895,0
896,1
897,0
898,1
899,1
900,1
901,1
902,2
903,0
904,0
905,1
906,1
907,1
908,1
909,1
910,1
911,1
912,1
913,2
914,1
915,1
916,1
917,0
918,0
919,1
920,1
921,0
922,1
923,1
924,0
925,1
926,0
927,0
928,1
929,0
930,0
931,0
932,1
933,2
934,1
935,1
936,1
937,0
938,1
939,0
940,0
941,1
942,0
943,1
944,0
945,1
946,1
947,1
948,0
949,2
950,0
951,1
952,1
953,1
954,1
955,1
956,1
957,0
958,1
959,0
960,1
961,0
962,0
963,0
964,0
965,0
966,0
967,1
968,1
969,1
970,1
971,0
972,1
973,1
974,0
975,2
976,1
977,0
978,1
979,0
980,1
981,0
982,1
983,0
984,0
985,0
986,0
987,0
988,0
989,0
990,0
991,0
992,1
993,0
994,0
995,1
996,0
997,0
998,0
999,1
1000,1
1001,1
1002,1
1003,0
1004,0
1005,1
1006,0
1007,0
1008,0
1009,1
1010,1
1011,0
1012,1
1013,1
1014,1
1015,0
1016,1
1017,1
1018,0
1019,0
1020,0
1021,1
1022,1
1023,0
1024,0
1025,1
1026,1
1027,1
1028,1
1029,1
1030,0
1031,1
1032,1
1033,0
1034,1
1035,2
1036,0
1037,1
1038,0
1039,0
1040,1
1041,1
1042,0
1043,0
1044,1
1045,1
1046,1
1047,0
1048,1
1049,0
1050,0
1051,0
1052,0
1053,1
1054,1
1055,0
1056,1
1057,0
1058,1
1059,1
1060,0
1061,1
1062,0
1063,1
1064,1
1065,2
1066,0
1067,1
1068,1
1069,0
1070,0
1071,1
1072,0
1073,1
1074,1
1075,1
1076,1
1077,1
1078,1
1079,1
1080,1
1081,0
1082,0
1083,0
1084,2
1085,1
1086,1
1087,1
1088,0
1089,0
1090,1
1091,1
1092,0
1093,0
1094,1
1095,0
1096,1
1097,1
1098,0
1099,1
1100,0
1101,1
1102,1
1103,0
1104,0
1105,1
1106,2
1107,0
1108,1
1109,1
1110,0
1111,1
1112,2
1113,0
1114,0
1115,1
1116,1
1117,0
1118,1
1119,1
1120,1
1121,0
1122,0
1123,1
1124,0
1125,0
1126,1
1127,1
1128,0
1129,1
1130,1
1131,0
1132,0
1133,1
1134,0
1135,0
1136,0
1137,1
1138,0
1139,0
1140,0
1141,0
1142,1
1143,2
1144,1
1145,0
1146,0
1147,0
1148,1
1149,1
1150,1
1151,0
1152,1
1153,1
1154,1
1155,1
1156,0
1157,0
1158,0
1159,1
1160,1
1161,1
1162,0
1163,0
1164,1
1165,0
1166,0
1167,1
1168,0
1169,1
1170,0
1171,0
1172,0
1173,1
1174,0
1175,0
1176,1
1177,1
1178,0
1179,0
1180,0
1181,0
1182,0
1183,1
1184,0
1185,0
1186,1
1187,1
1188,0
1189,1
1190,1
1191,1
1192,1
1193,0
1194,0
1195,0
1196,0
1197,0
1198,0
1199,0
1200,1
1201,0
1202,0
1203,1
1204,1
1205,0
1206,1
1207,1
1208,1
1209,0
1210,1
1211,1
1212,0
1213,0
1214,0
1215,1
1216,0
1217,0
1218,0
1219,0
1220,0
1221,1
1222,0
1223,0
1224,1
1225,1
1226,1
1227,1
1228,0
1229,0
1230,1
1231,0
1232,0
1233,0
1234,0
1235,1
1236,2
1237,0
1238,0
1239,1
1240,0
1241,1
1242,1
1243,0
1244,0
1245,0
1246,1
1247,1
1248,2
1249,0
1250,1
1251,1
1252,1
1253,0
1254,0
1255,1
1256,1
1257,0
1258,1
1259,1
1260,1
1261,1
1262,0
1263,1
1264,1
1265,1
1266,0
1267,0
1268,1
1269,1
1270,0
1271,0
1272,1
1273,0
1274,0
1275,1
1276,0
1277,0
1278,0
1279,1
1280,2
1281,2
1282,1
1283,0
1284,1
1285,0
1286,1
1287,0
1288,1
1289,0
1290,1
1291,0
1292,1
1293,0
1294,1
1295,0
1296,0
1297,1
1298,1
1299,0
1300,0
1301,0
1302,1
1303,0
1304,0
1305,0
1306,0
1307,0
1308,1
1309,1
1310,0
1311,1
1312,1
1313,0
1314,0
1315,2
1316,1
1317,1
1318,0
1319,0
1320,0
1321,1
1322,1
1323,1
1324,1
1325,1
1326,1
1327,0
1328,0
1329,1
1330,1
1331,1
1332,0
1333,1
1334,1
1335,1
1336,1
1337,1
1338,1
1339,0
1340,2
1341,1
1342,0
1343,1
1344,0
1345,2
1346,1
1347,0
1348,0
1349,1
1350,1
1351,0
1352,0
1353,1
1354,1
1355,0
1356,1
1357,0
1358,0
1359,1
1360,0
1361,0
1362,0
1363,1
1364,1
1365,0
1366,0
1367,0
1368,1
1369,0
1370,0
1371,1
1372,1
1373,1
1374,1
1375,2
1376,0
1377,0
1378,0
1379,0
1380,1
1381,1
1382,0
1383,0
1384,1
1385,0
1386,1
1387,1
1388,1
1389,0
1390,0
1391,0
1392,1
1393,1
1394,0
1395,1
1396,1
1397,1
1398,1
1399,1
1400,0
1401,0
1402,1
1403,1
1404,1
1405,1
1406,0
1407,0
1408,0
1409,1
1410,1
1411,1
1412,0
1413,1
1414,0
1415,1
1416,1
1417,1
1418,2
1419,1
1420,1
1421,0
1422,0
1423,1
1424,0
1425,1
1426,1
1427,1
1428,1
1429,1
1430,0
1431,1
1432,0
1433,1
1434,1
1435,1
1436,0
1437,1
1438,0
1439,0
1440,0
1441,1
1442,1
1443,1
1444,0
1445,1
1446,1
1447,0
1448,0
1449,0
1450,0
1451,1
1452,1
1453,0
1454,1
1455,0
1456,0
1457,0
1458,0
1459,1
1460,0
1461,1
1462,0
1463,0
1464,1
1465,0
1466,0
1467,0
1468,0
1469,1
1470,2
1471,0
1472,0
1473,0
1474,1
1475,1
1476,0
1477,1
1478,1
1479,1
1480,0
1481,0
1482,1
1483,1
1484,1
1485,0
1486,1
1487,2
1488,0
1489,0
1490,2
1491,0
1492,1
1493,1
1494,0
1495,1
1496,1
1497,0
1498,1
1499,1
1500,0
1501,0
1502,0
1503,1
1504,0
1505,0
1506,1
1507,1
1508,1
1509,2
1510,0
1511,0
1512,1
1513,1
1514,0
1515,0
1516,1
1517,1
1518,0
1519,1
1520,1
1521,1
1522,1
1523,0
1524,1
1525,1
1526,1
1527,1
1528,0
1529,0
1530,1
1531,1
1532,1
1533,1
1534,0
1535,1
1536,1
1537,1
1538,1
1539,1
1540,0
1541,2
1542,1
1543,1
1544,0
1545,1
1546,0
1547,1
1548,0
1549,1
1550,1
1551,0
1552,1
1553,0
1554,0
1555,0
1556,0
1557,1
1558,2
1559,0
1560,0
1561,1
1562,1
1563,1
1564,0
1565,1
1566,1
1567,0
1568,0
1569,1
1570,1
1571,0
1572,1
1573,1
1574,1
1575,1
1576,0
1577,1
1578,1
1579,1
1580,1
1581,1
1582,1
1583,1
1584,1
1585,0
1586,1
1587,0
1588,1
1589,0
1590,0
1591,0
1592,1
1593,0
1594,0
1595,0
1596,1
1597,0
1598,0
1599,1
1600,1
1601,1
1602,1
1603,1
1604,1
1605,1
1606,0
1607,0
1608,0
1609,1
1610,1
1611,1
1612,0
1613,1
1614,1
1615,0
1616,0
1617,1
1618,0
1619,0
1620,1
1621,0
1622,0
1623,1
1624,0
1625,0
1626,0
1627,1
1628,1
1629,1
1630,1
1631,1
1632,1
1633,1
1634,2
1635,1
1636,0
1637,1
1638,1
1639,0
1640,0
1641,0
1642,1
1643,1
1644,1
1645,1
1646,2
1647,0
1648,0
1649,1
1650,0
1651,1
1652,0
1653,0
1654,1
1655,0
1656,0
1657,1
1658,1
1659,1
1660,1
1661,0
1662,1
1663,0
1664,0
1665,0
1666,0
1667,1
1668,1
1669,1
1670,1
1671,1
1672,1
1673,1
1674,1
1675,1
1676,1
1677,1
1678,0
1679,1
1680,0
1681,1
1682,0
1683,1
1684,0
1685,0
1686,1
1687,1
1688,0
1689,0
1690,1
1691,0
1692,1
1693,0
1694,0
1695,1
1696,1
1697,1
1698,2
1699,2
1700,1
1701,0
1702,0
1703,1
1704,0
1705,0
1706,0
1707,0
1708,1
1709,0
1710,1
1711,0
1712,0
1713,1
1714,0
1715,0
1716,1
1717,1
1718,0
1719,0
1720,0
1721,1
1722,1
1723,1
1724,1
1725,0
1726,0
1727,1
1728,0
1729,0
1730,0
1731,0
1732,0
1733,0
1734,1
1735,1
1736,0
1737,0
1738,1
1739,1
1740,0
1741,0
1742,0
1743,1
1744,0
1745,1
1746,1
1747,1
1748,1
1749,1
1750,0
1751,1
1752,1
1753,0
1754,1
1755,1
1756,1
1757,0
1758,1
1759,1
1760,0
1761,0
1762,1
1763,0
1764,0
1765,0
1766,1
1767,0
1768,1
1769,0
1770,0
1771,0
1772,0
1773,0
1774,0
1775,0
1776,0
1777,0
1778,0
1779,1
1780,1
1781,1
1782,1
1783,0
1784,0
1785,1
1786,0
1787,1
1788,1
1789,0
1790,1
1791,1
1792,0
1793,0
1794,0
1795,0
1796,0
1797,1
1798,0
1799,0
1800,0
1801,1
1802,0
1803,0
1804,1
1805,0
1806,0
1807,1
1808,1
1809,1
1810,1
1811,1
1812,0
1813,1
1814,0
1815,1
1816,0
1817,1
1818,0
1819,1
1820,1
1821,1
1822,0
1823,1
1824,0
1825,0
1826,1
1827,1
1828,1
1829,1
1830,1
1831,1
1832,0
1833,0
1834,1
1835,1
1836,0
1837,1
1838,1
1839,0
1840,0
1841,1
1842,0
1843,1
1844,1
1845,1
1846,0
1847,0
1848,0
1849,0
1850,0
1851,1
1852,1
1853,1
1854,1
1855,1
1856,1
1857,1
1858,1
1859,0
1860,1
1861,1
1862,0
1863,0
1864,0
1865,0
1866,0
1867,0
1868,1
1869,0
1870,1
1871,1
1872,0
1873,0
1874,1
1875,1
1876,0
1877,0
1878,0
1879,1
1880,1
1881,0
1882,0
1883,0
1884,0
1885,0
1886,0
1887,1
1888,0
1889,1
1890,1
1891,0
1892,1
1893,0
1894,1
1895,1
1896,1
1897,0
1898,1
1899,0
1900,0
1901,0
1902,1
1903,0
1904,2
1905,0
1906,0
1907,1
1908,0
1909,1
1910,0
1911,0
1912,1
1913,1
1914,0
1915,1
1916,1
1917,0
1918,0
1919,1
1920,1
1921,1
1922,1
1923,1
1924,1
1925,1
1926,0
1927,2
1928,0
1929,1
1930,1
1931,1
1932,2
1933,0
1934,0
1935,0
1936,1
1937,0
1938,1
1939,0
1940,0
1941,0
1942,0
1943,1
1944,0
1945,0
1946,1
1947,2
1948,0
1949,1
1950,0
1951,1
1952,2
1953,1
1954,0
1955,0
1956,0
1957,1
1958,1
1959,1
1960,0
1961,0
1962,1
1963,1
1964,0
1965,0
1966,0
1967,0
1968,1
1969,1
1970,0
1971,0
1972,0
1973,0
1974,0
1975,1
1976,0
1977,1
1978,0
1979,0
1980,0
1981,1
1982,1
1983,1
1984,1
1985,0
1986,0
1987,0
1988,0
1989,1
1990,1
1991,0
1992,1
1993,0
1994,0
1995,1
1996,1
1997,1
1998,2
1999,0
2000,1
2001,1
2002,0
2003,0
2004,1
2005,0
2006,1
2007,1
2008,0
2009,1
2010,1
2011,2
2012,0
2013,0
2014,0
2015,1
2016,0
2017,0
2018,0
2019,0
2020,1
2021,0
2022,1
2023,0
2024,1
2025,0
2026,1
2027,1
2028,1
2029,0
2030,0
2031,0
2032,2
2033,0
2034,1
2035,1
2036,1
2037,0
2038,1
2039,1
2040,0
2041,0
2042,0
2043,0
2044,1
2045,0
2046,1
2047,1
2048,1
2049,0
2050,1
2051,0
2052,1
2053,1
2054,0
2055,0
2056,1
2057,1
2058,0
2059,0
2060,0
2061,0
2062,1
2063,0
2064,1
2065,1
2066,0
2067,0
2068,0
2069,1
2070,1
2071,0
2072,1
2073,0
2074,2
2075,0
2076,0
2077,1
2078,0
2079,1
2080,1
2081,1
2082,1
2083,0
2084,2
2085,1
2086,2
2087,1
2088,0
2089,0
2090,0
2091,0
2092,1
2093,1
2094,1
2095,0
2096,1
2097,1
2098,0
2099,1
2100,0
2101,0
2102,1
2103,1
2104,0
2105,1
2106,0
2107,0
2108,1
2109,1
2110,0
2111,0
2112,0
2113,0
2114,0
2115,0
2116,0
2117,1
2118,1
2119,1
2120,1
2121,1
2122,0
2123,1
2124,1
2125,1
2126,1
2127,0
2128,1
2129,0
2130,1
2131,1
2132,0
2133,1
2134,1
2135,1
2136,0
2137,0
2138,0
2139,0
2140,2
2141,0
2142,1
2143,1
2144,1
2145,0
2146,1
2147,0
2148,0
2149,1
2150,1
2151,1
2152,0
2153,1
2154,1
2155,1
2156,1
2157,1
2158,0
2159,1
2160,1
2161,1
2162,0
2163,0
2164,1
2165,0
2166,1
2167,0
2168,0
2169,0
2170,1
2171,0
2172,2
2173,0
2174,1
2175,1
2176,1
2177,0
2178,0
2179,0
2180,1
2181,1
2182,0
2183,1
2184,1
2185,0
2186,0
2187,0
2188,0
2189,1
2190,1
2191,1
2192,1
2193,1
2194,1
2195,1
2196,1
2197,1
2198,1
2199,0
2200,1
2201,0
2202,1
2203,0
2204,0
2205,1
2206,1
2207,0
2208,0
2209,1
2210,1
2211,1
2212,0
2213,1
2214,0
2215,1
2216,1
2217,0
2218,1
2219,1
2220,1
2221,0
2222,1
2223,0
2224,1
2225,0
2226,0
2227,0
2228,1
2229,1
2230,1
2231,0
2232,1
2233,1
2234,1
2235,0
2236,1
2237,0
2238,0
2239,1
2240,1
2241,1
2242,0
2243,1
2244,1
2245,1
2246,0
2247,1
2248,0
2249,2
2250,1
2251,0
2252,0
2253,1
2254,0
2255,0
2256,0
2257,1
2258,0
2259,0
2260,1
2261,1
2262,1
2263,1
2264,0
2265,1
2266,0
2267,0
2268,1
2269,0
2270,0
2271,1
2272,1
2273,1
2274,1
2275,1
2276,1
2277,1
2278,1
2279,1
2280,1
2281,0
2282,0
2283,0
2284,0
2285,1
2286,0
2287,0
2288,0
2289,1
2290,0
2291,1
2292,0
2293,2
2294,1
2295,1
2296,0
2297,0
2298,0
2299,1
2300,1
2301,0
2302,0
2303,0
2304,0
2305,1
2306,0
2307,1
2308,1
2309,1
2310,0
2311,0
2312,0
2313,1
2314,0
2315,1
2316,0
2317,1
2318,0
2319,1
2320,0
2321,2
2322,0
2323,0
2324,0
2325,1
2326,0
2327,0
2328,0
2329,1
2330,0
2331,0
2332,0
2333,1
2334,1
2335,0
2336,1
2337,0
2338,1
2339,1
2340,1
2341,1
2342,1
2343,1
2344,0
2345,1
2346,0
2347,0
2348,0
2349,0
2350,0
2351,1
2352,0
2353,0
2354,0
2355,0
2356,0
2357,0
2358,1
2359,1
2360,1
2361,0
2362,1
2363,0
2364,0
2365,1
2366,0
2367,0
2368,0
2369,1
2370,0
2371,1
2372,1
2373,1
2374,0
2375,1
2376,0
2377,0
2378,0
2379,1
2380,1
2381,1
2382,0
2383,1
2384,1
2385,0
2386,1
2387,2
2388,0
2389,0
2390,1
2391,1
2392,2
2393,0
2394,0
2395,0
2396,0
2397,1
2398,1
2399,0
2400,1
2401,1
2402,1
2403,0
2404,1
2405,0
2406,0
2407,1
2408,0
2409,1
2410,0
2411,0
2412,0
2413,1
2414,0
2415,1
2416,0
2417,0
2418,0
2419,1
2420,0
2421,1
2422,1
2423,0
2424,0
2425,0
2426,0
2427,1
2428,0
2429,0
2430,1
2431,0
2432,0
2433,1
2434,0
2435,1
2436,1
2437,1
2438,1
2439,1
2440,0
2441,1
2442,0
2443,0
2444,1
2445,1
2446,1
2447,1
2448,1
2449,1
2450,1
2451,0
2452,0
2453,0
2454,1
2455,0
2456,1
2457,0
2458,1
2459,0
2460,1
2461,0
2462,0
2463,1
2464,1
2465,0
2466,1
2467,1
2468,0
2469,0
2470,0
2471,0
2472,1
2473,0
2474,1
2475,1
2476,1
2477,0
2478,1
2479,1
2480,0
2481,1
2482,0
2483,1
2484,0
2485,0
2486,0
2487,1
2488,0
2489,0
2490,0
2491,1
2492,1
2493,1
2494,0
2495,1
2496,1
2497,1
2498,1
2499,0
2500,1
2501,0
2502,1
2503,1
2504,0
2505,1
2506,1
2507,0
2508,0
2509,0
2510,0
2511,0
2512,1
2513,0
2514,0
2515,0
2516,0
2517,1
2518,1
2519,0
2520,1
2521,0
2522,1
2523,1
2524,1
2525,1
2526,0
2527,1
2528,0
2529,2
2530,1
2531,1
2532,0
2533,1
2534,0
2535,0
2536,1
2537,0
2538,1
2539,1
2540,0
2541,1
2542,1
2543,0
2544,1
2545,0
2546,0
2547,0
2548,1
2549,0
2550,0
2551,1
2552,0
2553,1
2554,0
2555,1
2556,1
2557,1
2558,1
2559,1
2560,1
2561,0
2562,1
2563,2
2564,1
2565,0
2566,1
2567,1
2568,1
2569,1
2570,1
2571,0
2572,1
2573,1
2574,0
2575,0
2576,1
2577,1
2578,1
2579,0
2580,1
2581,0
2582,0
2583,0
2584,1
2585,1
2586,1
2587,1
2588,2
2589,1
2590,1
2591,0
2592,1
2593,0
2594,1
2595,0
2596,1
2597,0
2598,1
2599,0
2600,1
2601,1
2602,0
2603,0
2604,0
2605,0
2606,1
2607,0
2608,1
2609,1
2610,0
2611,0
2612,1
2613,1
2614,2
2615,1
2616,1
2617,1
2618,0
2619,1
2620,1
2621,1
2622,0
2623,1
2624,0
2625,1
2626,0
2627,0
2628,1
2629,1
2630,1
2631,1
2632,1
2633,0
2634,1
2635,1
2636,0
2637,0
2638,1
2639,0
2640,0
2641,0
2642,0
2643,0
2644,1
2645,0
2646,1
2647,0
2648,0
2649,1
2650,0
2651,1
2652,1
2653,1
2654,0
2655,1
2656,1
2657,2
2658,1
2659,0
2660,0
2661,0
2662,0
2663,0
2664,0
2665,1
2666,1
2667,0
2668,1
2669,0
2670,0
2671,0
2672,1
2673,0
2674,1
2675,1
2676,0
2677,0
2678,2
2679,1
2680,2
2681,1
2682,1
2683,0
2684,1
2685,1
2686,2
2687,0
2688,1
2689,0
2690,1
2691,1
2692,1
2693,0
2694,1
2695,1
2696,0
2697,0
2698,0
2699,1
2700,0
2701,1
2702,1
2703,1
2704,0
2705,0
2706,0
2707,0
2708,1
2709,2
2710,1
2711,0
2712,1
2713,0
2714,1
2715,1
2716,0
2717,1
2718,0
2719,0
2720,0
2721,1
2722,1
2723,1
2724,0
2725,0
2726,0
2727,0
2728,0
2729,2
2730,1
2731,0
2732,1
2733,0
2734,1
2735,0
2736,0
2737,2
2738,1
2739,1
2740,0
2741,0
2742,0
2743,0
2744,0
2745,1
2746,2
2747,1
2748,1
2749,1
2750,1
2751,1
2752,1
2753,1
2754,1
2755,0
2756,0
2757,1
2758,0
2759,0
2760,0
2761,0
2762,1
2763,0
2764,1
2765,1
2766,1
2767,1
2768,1
2769,0
2770,1
2771,0
2772,0
2773,1
2774,1
2775,0
2776,1
2777,1
2778,1
2779,0
2780,0
2781,1
2782,0
2783,0
2784,0
2785,1
2786,0
2787,0
2788,1
2789,1
2790,0
2791,0
2792,1
2793,1
2794,0
2795,2
2796,2
2797,1
2798,1
2799,0
2800,0
2801,1
2802,0
2803,0
2804,0
2805,1
2806,0
2807,1
2808,1
2809,0
2810,0
2811,1
2812,1
2813,0
2814,0
2815,0
2816,0
2817,1
2818,0
2819,0
2820,1
2821,0
2822,1
2823,0
2824,1
2825,0
2826,0
2827,0
2828,0
2829,0
2830,0
2831,0
2832,1
2833,0
2834,1
2835,1
2836,1
2837,1
2838,1
2839,1
2840,1
2841,1
2842,0
2843,2
2844,1
2845,1
2846,1
2847,1
2848,1
2849,0
2850,1
2851,0
2852,0
2853,0
2854,0
2855,1
2856,0
2857,1
2858,0
2859,1
2860,0
2861,0
2862,0
2863,1
2864,0
2865,1
2866,1
2867,1
2868,1
2869,1
2870,1
2871,1
2872,0
2873,1
2874,0
2875,0
2876,0
2877,1
2878,0
2879,1
2880,0
2881,1
2882,1
2883,0
2884,0
2885,0
2886,0
2887,0
2888,1
2889,1
2890,2
2891,1
2892,2
2893,0
2894,0
2895,1
2896,0
2897,1
2898,1
2899,0
2900,1
2901,1
2902,0
2903,1
2904,1
2905,1
2906,0
2907,1
2908,0
2909,0
2910,1
2911,0
2912,1
2913,1
2914,1
2915,0
2916,0
2917,1
2918,0
2919,1
2920,0
2921,1
2922,1
2923,0
2924,0
2925,1
2926,1
2927,0
2928,0
2929,1
2930,1
2931,0
2932,1
2933,1
2934,1
2935,1
2936,0
2937,1
2938,1
2939,0
2940,1
2941,0
2942,1
2943,0
2944,1
2945,0
2946,1
2947,1
2948,0
2949,1
2950,0
2951,0
2952,0
2953,1
2954,1
2955,1
2956,1
2957,0
2958,1
2959,1
2960,0
2961,0
2962,1
2963,1
2964,0
2965,1
2966,1
2967,1
2968,0
2969,0
2970,0
2971,0
2972,1
2973,1
2974,1
2975,0
2976,1
2977,0
2978,1
2979,0
2980,1
2981,0
2982,1
2983,1
2984,0
2985,2
2986,1
2987,0
2988,1
2989,1
2990,1
2991,1
2992,1
2993,0
2994,0
2995,0
2996,0
2997,0
2998,0
2999,1
3000,1
3001,0
3002,0
3003,1
3004,1
3005,1
3006,0
3007,1
3008,1
3009,0
3010,0
3011,0
3012,0
3013,0
3014,1
3015,1
3016,0
3017,1
3018,0
3019,1
3020,0
3021,0
3022,1
3023,1
3024,1
3025,1
3026,1
3027,0
3028,1
3029,0
3030,1
3031,0
3032,0
3033,0
3034,0
3035,1
3036,1
3037,0
3038,1
3039,0
3040,0
3041,1
3042,1
3043,1
3044,0
3045,0
3046,1
3047,1
3048,0
3049,0
3050,0
3051,1
3052,1
3053,1
3054,0
3055,1
3056,1
3057,1
3058,1
3059,0
3060,1
3061,1
3062,0
3063,1
3064,1
3065,1
3066,0
3067,0
3068,1
3069,0
3070,1
3071,1
3072,0
3073,0
3074,1
3075,1
3076,0
3077,0
3078,1
3079,1
3080,1
3081,0
3082,0
3083,0
3084,1
3085,1
3086,1
3087,1
3088,0
3089,0
3090,1
3091,1
3092,0
3093,0
3094,0
3095,0
3096,0
3097,0
3098,0
3099,0
3100,2
3101,0
3102,1
3103,0
3104,1
3105,0
3106,0
3107,0
3108,1
3109,1
3110,1
3111,1
3112,1
3113,1
3114,1
3115,1
3116,0
3117,0
3118,1
3119,1
3120,1
3121,0
3122,1
3123,1
3124,0
3125,1
3126,1
3127,1
3128,1
3129,1
3130,0
3131,0
3132,0
3133,1
3134,0
3135,0
3136,1
3137,0
3138,1
3139,1
3140,0
3141,0
3142,1
3143,0
3144,1
3145,1
3146,0
3147,0
3148,0
3149,1
3150,0
3151,0
3152,2
3153,1
3154,1
3155,0
3156,0
3157,0
3158,1
3159,1
3160,0
3161,1
3162,0
3163,0
3164,1
3165,0
3166,0
3167,1
3168,0
3169,1
3170,0
3171,1
3172,1
3173,1
3174,1
3175,1
3176,1
3177,0
3178,1
3179,2
3180,0
3181,0
3182,0
3183,0
3184,0
3185,0
3186,1
3187,0
3188,1
3189,1
3190,0
3191,1
3192,0
3193,1
3194,0
3195,0
3196,1
3197,0
3198,0
3199,0
3200,0
3201,1
3202,1
3203,0
3204,0
3205,1
3206,1
3207,0
3208,1
3209,0
3210,1
3211,0
3212,1
3213,1
3214,2
3215,0
3216,1
3217,0
3218,0
3219,1
3220,0
3221,0
3222,1
3223,1
3224,0
3225,1
3226,1
3227,1
3228,2
3229,0
3230,1
3231,0
3232,1
3233,1
3234,0
3235,0
3236,1
3237,0
3238,0
3239,0
3240,0
3241,0
3242,1
3243,0
3244,0
3245,1
3246,1
3247,1
3248,1
3249,0
3250,1
3251,0
3252,0
3253,1
3254,1
3255,1
3256,0
3257,1
3258,0
3259,1
3260,0
3261,0
3262,1
3263,0
3264,1
3265,0
3266,0
3267,0
3268,2
3269,0
3270,1
3271,1
3272,0
3273,1
3274,0
3275,0
3276,1
3277,0
3278,1
3279,1
3280,1
3281,1
3282,1
3283,0
3284,0
3285,1
3286,0
3287,1
3288,1
3289,0
3290,1
3291,0
3292,0
3293,1
3294,0
3295,0
3296,0
3297,0
3298,1
3299,0
3300,1
3301,0
3302,1
3303,2
3304,0
3305,0
3306,0
3307,2
3308,0
3309,1
3310,0
3311,0
3312,1
3313,0
3314,0
3315,1
3316,1
3317,0
3318,0
3319,2
3320,0
3321,0
3322,1
3323,0
3324,1
3325,1
3326,1
3327,0
3328,0
3329,0
3330,1
3331,1
3332,0
3333,1
3334,1
3335,1
3336,1
3337,0
3338,1
3339,0
3340,0
3341,1
3342,1
3343,0
3344,1
3345,1
3346,0
3347,1
3348,0
3349,0
3350,2
3351,1
3352,0
3353,1
3354,1
3355,0
3356,0
3357,1
3358,0
3359,1
3360,1
3361,1
3362,1
3363,0
3364,0
3365,1
3366,0
3367,1
3368,1
3369,0
3370,1
3371,0
3372,0
3373,0
3374,1
3375,1
3376,0
3377,1
3378,0
3379,0
3380,0
3381,0
3382,0
3383,0
3384,0
3385,0
3386,0
3387,1
3388,0
3389,1
3390,0
3391,1
3392,1
3393,1
3394,1
3395,2
3396,1
3397,0
3398,1
3399,1
3400,1
3401,1
3402,1
3403,1
3404,1
3405,0
3406,0
3407,0
3408,1
3409,1
3410,1
3411,1
3412,0
3413,1
3414,0
3415,0
3416,1
3417,1
3418,0
3419,1
3420,1
3421,1
3422,0
3423,1
3424,1
3425,1
3426,0
3427,1
3428,1
3429,1
3430,0
3431,0
3432,2
3433,0
3434,1
3435,1
3436,1
3437,1
3438,1
3439,0
3440,0
3441,0
3442,2
3443,0
3444,0
3445,1
3446,1
3447,0
3448,1
3449,1
3450,0
3451,0
3452,0
3453,0
3454,1
3455,0
3456,1
3457,2
3458,0
3459,0
3460,0
3461,1
3462,0
3463,0
3464,0
3465,0
3466,0
3467,0
3468,1
3469,0
3470,1
3471,1
3472,1
3473,1
3474,0
3475,2
3476,0
3477,1
3478,1
3479,0
3480,1
3481,1
3482,1
3483,1
3484,0
3485,0
3486,0
3487,2
3488,1
3489,1
3490,1
3491,1
3492,0
3493,1
3494,1
3495,0
3496,0
3497,0
3498,1
3499,0
3500,2
3501,1
3502,0
3503,0
3504,0
3505,0
3506,0
3507,0
3508,1
3509,0
3510,1
3511,0
3512,1
3513,1
3514,2
3515,1
3516,1
3517,0
3518,0
3519,1
3520,0
3521,0
3522,1
3523,1
3524,1
3525,0
3526,1
3527,0
3528,0
3529,1
3530,1
3531,2
3532,1
3533,1
3534,1
3535,0
3536,1
3537,1
3538,1
3539,0
3540,1
3541,1
3542,1
3543,1
3544,0
3545,0
3546,1
3547,0
3548,0
3549,1
3550,1
3551,1
3552,0
3553,1
3554,0
3555,1
3556,1
3557,0
3558,0
3559,0
3560,1
3561,2
3562,0
3563,1
3564,1
3565,0
3566,0
3567,2
3568,1
3569,1
3570,0
3571,0
3572,1
3573,1
3574,1
3575,1
3576,0
3577,1
3578,0
3579,1
3580,1
3581,1
3582,0
3583,1
3584,0
3585,1
3586,1
3587,2
3588,1
3589,0
3590,1
3591,1
3592,1
3593,0
3594,1
3595,0
3596,0
3597,1
3598,1
3599,1
3600,1
3601,2
3602,1
3603,1
3604,0
3605,1
3606,1
3607,1
3608,2
3609,0
3610,1
3611,1
3612,1
3613,0
3614,0
3615,0
3616,0
3617,1
3618,1
3619,1
3620,1
3621,0
3622,1
3623,1
3624,1
3625,0
3626,1
3627,1
3628,0
3629,0
3630,0
3631,1
3632,1
3633,1
3634,1
3635,0
3636,1
3637,1
3638,0
3639,2
3640,1
3641,1
3642,1
3643,0
3644,1
3645,1
3646,0
3647,0
3648,1
3649,1
3650,0
3651,1
3652,1
3653,1
3654,0
3655,0
3656,1
3657,1
3658,1
3659,1
3660,0
3661,1
3662,1
3663,1
3664,1
3665,1
3666,1
3667,0
3668,0
3669,0
3670,1
3671,1
3672,0
3673,1
3674,0
3675,0
3676,1
3677,1
3678,0
3679,0
3680,1
3681,0
3682,1
3683,1
3684,0
3685,0
3686,1
3687,1
3688,1
3689,1
3690,1
3691,1
3692,0
3693,0
3694,1
3695,1
3696,0
3697,1
3698,1
3699,0
3700,1
3701,0
3702,1
3703,0
3704,0
3705,0
3706,1
3707,0
3708,1
3709,1
3710,0
3711,0
3712,1
3713,0
3714,1
3715,1
3716,1
3717,1
3718,1
3719,0
3720,1
3721,1
3722,1
3723,1
3724,0
3725,0
3726,1
3727,0
3728,1
3729,1
3730,1
3731,0
3732,0
3733,0
3734,1
3735,1
3736,1
3737,1
3738,0
3739,0
3740,0
3741,1
3742,1
3743,2
3744,1
3745,0
3746,1
3747,0
3748,1
3749,1
3750,1
3751,0
3752,1
3753,1
3754,1
3755,1
3756,2
3757,1
3758,1
3759,0
3760,0
3761,0
3762,0
3763,0
3764,0
3765,1
3766,0
3767,1
3768,0
3769,1
3770,1
3771,1
3772,0
3773,2
3774,0
3775,1
3776,1
3777,0
3778,1
3779,0
3780,1
3781,0
3782,1
3783,0
3784,0
3785,1
3786,0
3787,1
3788,1
3789,1
3790,2
3791,1
3792,1
3793,0
3794,0
3795,0
3796,1
3797,1
3798,1
3799,0
3800,0
3801,0
3802,1
3803,1
3804,1
3805,0
3806,1
3807,1
3808,0
3809,1
3810,1
3811,0
3812,0
3813,0
3814,1
3815,1
3816,0
3817,0
3818,1
3819,0
3820,1
3821,0
3822,0
3823,0
3824,0
3825,1
3826,1
3827,1
3828,0
3829,0
3830,0
3831,1
3832,0
3833,1
3834,0
3835,1
3836,1
3837,0
3838,1
3839,0
3840,1
3841,0
3842,0
3843,0
3844,0
3845,1
3846,0
3847,0
3848,1
3849,1
3850,0
3851,1
3852,0
3853,1
3854,1
3855,1
3856,0
3857,1
3858,1
3859,0
3860,0
3861,0
3862,0
3863,1
3864,1
3865,0
3866,0
3867,0
3868,1
3869,1
3870,0
3871,1
3872,1
3873,1
3874,1
3875,1
3876,1
3877,0
3878,0
3879,1
3880,0
3881,0
3882,1
3883,1
3884,1
3885,1
3886,0
3887,1
3888,0
3889,1
3890,1
3891,0
3892,0
3893,1
3894,0
3895,0
3896,1
3897,1
3898,1
3899,1
3900,0
3901,1
3902,0
3903,0
3904,0
3905,0
3906,1
3907,0
3908,1
3909,1
3910,1
3911,1
3912,0
3913,0
3914,0
3915,0
3916,0
3917,0
3918,2
3919,1
3920,0
3921,0
3922,0
3923,0
3924,1
3925,1
3926,0
3927,0
3928,0
3929,1
3930,0
3931,0
3932,0
3933,1
3934,0
3935,1
3936,0
3937,1
3938,0
3939,0
3940,1
3941,1
3942,1
3943,0
3944,0
3945,1
3946,1
3947,0
3948,1
3949,0
3950,1
3951,1
3952,1
3953,1
3954,0
3955,0
3956,0
3957,1
3958,1
3959,0
3960,0
3961,1
3962,1
3963,1
3964,1
3965,1
3966,1
3967,1
3968,0
3969,0
3970,0
3971,1
3972,1
3973,1
3974,1
3975,1
3976,0
3977,0
3978,0
3979,1
3980,0
3981,0
3982,1
3983,2
3984,0
3985,0
3986,0
3987,0
3988,1
3989,0
3990,0
3991,0
3992,1
3993,0
3994,0
3995,1
3996,1
3997,0
3998,0
3999,1
4000,2
4001,0
4002,1
4003,0
4004,0
4005,0
4006,1
4007,1
4008,0
4009,1
4010,2
4011,0
4012,0
4013,1
4014,1
4015,0
4016,1
4017,1
4018,0
4019,1
4020,0
4021,0
4022,0
4023,0
4024,1
4025,1
4026,1
4027,0
4028,1
4029,1
4030,1
4031,1
4032,1
4033,0
4034,1
4035,0
4036,1
4037,0
4038,1
4039,1
4040,0
4041,1
4042,1
4043,1
4044,1
4045,1
4046,0
4047,0
4048,0
4049,1
4050,1
4051,1
4052,1
4053,1
4054,0
4055,0
4056,0
4057,0
4058,0
4059,1
4060,2
4061,1
4062,0
4063,1
4064,0
4065,0
4066,0
4067,0
4068,1
4069,0
4070,0
4071,2
4072,1
4073,0
4074,1
4075,1
4076,2
4077,1
4078,1
4079,0
4080,0
4081,1
4082,1
4083,0
4084,1
4085,1
4086,0
4087,1
4088,1
4089,1
4090,1
4091,1
4092,1
4093,1
4094,1
4095,1
4096,0
4097,1
4098,0
4099,1
4100,1
4101,1
4102,0
4103,0
4104,0
4105,1
4106,1
4107,0
4108,1
4109,1
4110,1
4111,0
4112,1
4113,1
4114,0
4115,1
4116,1
4117,0
4118,0
4119,1
4120,1
4121,1
4122,0
4123,0
4124,0
4125,1
4126,0
4127,1
4128,0
4129,1
4130,1
4131,1
4132,0
4133,1
4134,1
4135,0
4136,0
4137,0
4138,2
4139,0
4140,0
4141,1
4142,1
4143,0
4144,1
4145,1
4146,1
4147,1
4148,1
4149,1
4150,1
4151,0
4152,0
4153,0
4154,0
4155,1
4156,2
4157,0
4158,0
4159,0
4160,1
4161,0
4162,1
4163,0
4164,0
4165,0
4166,1
4167,0
4168,0
4169,1
4170,0
4171,1
4172,2
4173,0
4174,1
4175,0
4176,1
4177,0
4178,1
4179,0
4180,1
4181,1
4182,1
4183,1
4184,0
4185,1
4186,0
4187,1
4188,1
4189,1
4190,0
4191,0
4192,1
4193,1
4194,1
4195,1
4196,0
4197,1
4198,0
4199,1
4200,0
4201,1
4202,0
4203,1
4204,1
4205,1
4206,0
4207,0
4208,1
4209,0
4210,0
4211,1
4212,1
4213,1
4214,0
4215,1
4216,0
4217,1
4218,0
4219,1
4220,1
4221,1
4222,0
4223,0
4224,0
4225,0
4226,0
4227,1
4228,1
4229,0
4230,1
4231,0
4232,0
4233,0
4234,0
4235,0
4236,0
4237,1
4238,1
4239,0
4240,0
4241,0
4242,0
4243,0
4244,1
4245,1
4246,1
4247,0
4248,1
4249,1
4250,1
4251,1
4252,0
4253,0
4254,1
4255,0
4256,1
4257,1
4258,1
4259,0
4260,1
4261,1
4262,1
4263,0
4264,0
4265,0
4266,1
4267,0
4268,0
4269,1
4270,0
4271,1
4272,1
4273,0
4274,0
4275,0
4276,1
4277,0
4278,0
4279,1
4280,1
4281,1
4282,0
4283,1
4284,1
4285,0
4286,1
4287,1
4288,0
4289,1
4290,1
4291,1
4292,0
4293,1
4294,0
4295,1
4296,1
4297,0
4298,0
4299,0
4300,0
4301,1
4302,1
4303,0
4304,0
4305,0
4306,1
4307,1
4308,1
4309,1
4310,0
4311,1
4312,1
4313,1
4314,0
4315,0
4316,1
4317,0
4318,0
4319,1
4320,0
4321,0
4322,0
4323,1
4324,0
4325,0
4326,1
4327,1
4328,0
4329,1
4330,0
4331,1
4332,0
4333,0
4334,1
4335,1
4336,1
4337,1
4338,1
4339,1
4340,0
4341,0
4342,0
4343,0
4344,1
4345,1
4346,0
4347,1
4348,2
4349,0
4350,1
4351,1
4352,0
4353,1
4354,1
4355,1
4356,1
4357,1
4358,1
4359,1
4360,1
4361,1
4362,1
4363,0
4364,0
4365,1
4366,0
4367,0
4368,1
4369,0
4370,1
4371,0
4372,0
4373,1
4374,0
4375,1
4376,0
4377,0
4378,0
4379,0
4380,0
4381,0
4382,1
4383,0
4384,1
4385,0
4386,1
4387,0
4388,0
4389,1
4390,0
4391,1
4392,1
4393,1
4394,0
4395,1
4396,1
4397,1
4398,0
4399,1
4400,1
4401,1
4402,0
4403,0
4404,2
4405,1
4406,1
4407,1
4408,0
4409,1
4410,1
4411,0
4412,0
4413,0
4414,1
4415,0
4416,0
4417,0
4418,0
4419,0
4420,0
4421,0
4422,1
4423,0
4424,0
4425,0
4426,1
4427,1
4428,1
4429,0
4430,0
4431,0
4432,0
4433,1
4434,1
4435,0
4436,1
4437,1
4438,2
4439,0
4440,0
4441,1
4442,1
4443,1
4444,0
4445,0
4446,1
4447,1
4448,1
4449,1
4450,1
4451,1
4452,2
4453,1
4454,1
4455,0
4456,1
4457,1
4458,1
4459,1
4460,1
4461,1
4462,1
4463,1
4464,1
4465,0
4466,1
4467,1
4468,1
4469,1
4470,1
4471,0
4472,2
4473,1
4474,1
4475,1
4476,0
4477,1
4478,1
4479,0
4480,1
4481,1
4482,1
4483,1
4484,1
4485,0
4486,0
4487,1
4488,0
4489,1
4490,1
4491,0
4492,0
4493,0
4494,0
4495,0
4496,0
4497,1
4498,0
4499,1
4500,1
4501,1
4502,0
4503,0
4504,0
4505,1
4506,1
4507,0
4508,0
4509,1
4510,1
4511,0
4512,0
4513,1
4514,0
4515,0
4516,1
4517,0
4518,1
4519,1
4520,1
4521,1
4522,0
4523,1
4524,1
4525,1
4526,1
4527,1
4528,1
4529,0
4530,0
4531,0
4532,1
4533,1
4534,2
4535,1
4536,0
4537,1
4538,1
4539,0
4540,1
4541,1
4542,1
4543,0
4544,1
4545,0
4546,0
4547,0
4548,1
4549,0
4550,1
4551,1
4552,0
4553,1
4554,0
4555,1
4556,0
4557,0
4558,1
4559,0
4560,1
4561,0
4562,0
4563,1
4564,1
4565,1
4566,1
4567,0
4568,1
4569,0
4570,0
4571,1
4572,0
4573,0
4574,2
4575,0
4576,1
4577,1
4578,1
4579,0
4580,1
4581,1
4582,1
4583,0
4584,0
4585,2
4586,0
4587,1
4588,0
4589,1
4590,1
4591,0
4592,0
4593,0
4594,1
4595,1
4596,0
4597,0
4598,0
4599,0
4600,2
4601,1
4602,0
4603,1
4604,1
4605,0
4606,1
4607,1
4608,0
4609,1
4610,0
4611,1
4612,0
4613,0
4614,0
4615,1
4616,0
4617,1
4618,1
4619,1
4620,1
4621,1
4622,0
4623,0
4624,1
4625,1
4626,1
4627,0
4628,0
4629,1
4630,1
4631,1
4632,0
4633,0
4634,1
4635,1
4636,1
4637,0
4638,1
4639,0
4640,1
4641,1
4642,1
4643,1
4644,1
4645,0
4646,1
4647,1
4648,1
4649,1
4650,0
4651,0
4652,0
4653,1
4654,0
4655,1
4656,1
4657,1
4658,1
4659,1
4660,0
4661,0
4662,0
4663,0
4664,1
4665,0
4666,1
4667,2
4668,0
4669,1
4670,1
4671,0
4672,0
4673,0
4674,1
4675,1
4676,1
4677,1
4678,0
4679,1
4680,0
4681,1
4682,1
4683,1
4684,1
4685,0
4686,1
4687,1
4688,0
4689,1
4690,1
4691,0
4692,0
4693,1
4694,1
4695,0
4696,1
4697,1
4698,1
4699,0
4700,1
4701,0
4702,0
4703,0
4704,0
4705,1
4706,1
4707,1
4708,0
4709,1
4710,2
4711,1
4712,0
4713,1
4714,0
4715,2
4716,1
4717,0
4718,1
4719,0
4720,0
4721,1
4722,1
4723,0
4724,1
4725,2
4726,1
4727,1
4728,0
4729,1
4730,0
4731,0
4732,1
4733,1
4734,0
4735,0
4736,0
4737,0
4738,1
4739,0
4740,0
4741,0
4742,0
4743,1
4744,0
4745,0
4746,1
4747,0
4748,0
4749,1
4750,1
4751,0
4752,0
4753,1
4754,2
4755,0
4756,0
4757,0
4758,0
4759,0
4760,0
4761,1
4762,0
4763,1
4764,1
4765,1
4766,1
4767,0
4768,0
4769,1
4770,1
4771,1
4772,0
4773,0
4774,1
4775,0
4776,1
4777,2
4778,1
4779,0
4780,0
4781,1
4782,1
4783,1
4784,0
4785,1
4786,0
4787,0
4788,0
4789,1
4790,1
4791,2
4792,1
4793,1
4794,0
4795,1
4796,0
4797,0
4798,0
4799,0
4800,1
4801,1
4802,2
4803,0
4804,0
4805,1
4806,1
4807,1
4808,0
4809,1
4810,0
4811,1
4812,1
4813,0
4814,0
4815,1
4816,1
4817,1
4818,0
4819,1
4820,1
4821,1
4822,1
4823,1
4824,1
4825,1
4826,1
4827,0
4828,1
4829,1
4830,1
4831,2
4832,1
4833,2
4834,0
4835,0
4836,1
4837,0
4838,0
4839,0
4840,1
4841,1
4842,0
4843,0
4844,1
4845,0
4846,1
4847,0
4848,0
4849,0
4850,0
4851,1
4852,1
4853,0
4854,1
4855,0
4856,1
4857,0
4858,0
4859,0
4860,1
4861,1
4862,1
4863,0
4864,0
4865,0
4866,0
4867,0
4868,1
4869,1
4870,0
4871,2
4872,1
4873,0
4874,1
4875,0
4876,1
4877,1
4878,0
4879,1
4880,0
4881,0
4882,1
4883,0
4884,1
4885,2
4886,1
4887,1
4888,0
4889,0
4890,1
4891,0
4892,0
4893,1
4894,1
4895,1
4896,1
4897,1
4898,1
4899,1
4900,1
4901,1
4902,0
4903,1
4904,1
4905,1
4906,1
4907,1
4908,1
4909,0
4910,1
4911,1
4912,0
4913,1
4914,0
4915,1
4916,0
4917,0
4918,2
4919,1
4920,0
4921,1
4922,0
4923,0
4924,0
4925,1
4926,1
4927,1
4928,0
4929,0
4930,0
4931,1
4932,0
4933,0
4934,1
4935,1
4936,0
4937,1
4938,2
4939,1
4940,1
4941,0
4942,0
4943,0
4944,1
4945,0
4946,1
4947,1
4948,0
4949,0
4950,1
4951,1
4952,0
4953,0
4954,1
4955,0
4956,1
4957,2
4958,1
4959,1
4960,1
4961,0
4962,0
4963,1
4964,0
4965,0
4966,1
4967,0
4968,1
4969,0
4970,1
4971,0
4972,1
4973,0
4974,0
4975,0
4976,0
4977,1
4978,1
4979,0
4980,0
4981,0
4982,0
4983,1
4984,0
4985,0
4986,0
4987,1
4988,0
4989,1
4990,0
4991,0
4992,1
4993,1
4994,1
4995,0
4996,0
4997,0
4998,1
4999,0
5000,1
5001,1
5002,0
5003,0
5004,1
5005,0
5006,0
5007,0
5008,2
5009,0
5010,0
5011,1
5012,1
5013,0
5014,1
5015,1
5016,0
5017,0
5018,0
5019,1
5020,1
5021,1
5022,1
5023,1
5024,2
5025,0
5026,1
5027,1
5028,1
5029,0
5030,1
5031,1
5032,1
5033,1
5034,0
5035,1
5036,0
5037,0
5038,0
5039,0
5040,0
5041,0
5042,1
5043,1
5044,0
5045,1
5046,0
5047,1
5048,0
5049,0
5050,1
5051,1
5052,1
5053,0
5054,1
5055,1
5056,0
5057,1
5058,1
5059,0
5060,0
5061,1
5062,0
5063,1
5064,1
5065,0
5066,1
5067,1
5068,0
5069,1
5070,0
5071,0
5072,0
5073,1
5074,0
5075,2
5076,0
5077,1
5078,1
5079,1
5080,0
5081,1
5082,0
5083,0
5084,1
5085,0
5086,0
5087,1
5088,0
5089,1
5090,0
5091,1
5092,0
5093,0
5094,0
5095,0
5096,0
5097,0
5098,0
5099,0
5100,0
5101,1
5102,0
5103,1
5104,1
5105,0
5106,0
5107,1
5108,1
5109,0
5110,1
5111,1
5112,1
5113,1
5114,0
5115,0
5116,1
5117,2
5118,2
5119,1
5120,0
5121,1
5122,0
5123,1
5124,1
5125,1
5126,0
5127,1
5128,1
5129,0
5130,1
5131,1
5132,1
5133,1
5134,1
5135,1
5136,0
5137,0
5138,0
5139,1
5140,1
5141,1
5142,1
5143,1
5144,0
5145,1
5146,1
5147,1
5148,1
5149,0
5150,0
5151,1
5152,0
5153,0
5154,0
5155,1
5156,2
5157,0
5158,1
5159,0
5160,1
5161,1
5162,0
5163,0
5164,0
5165,0
5166,1
5167,1
5168,1
5169,0
5170,0
5171,1
5172,1
5173,1
5174,1
5175,0
5176,1
5177,0
5178,0
5179,0
5180,0
5181,0
5182,0
5183,1
5184,0
5185,0
5186,1
5187,0
5188,0
5189,1
5190,1
5191,0
5192,0
5193,0
5194,0
5195,0
5196,1
5197,0
5198,1
5199,0
5200,0
5201,1
5202,0
5203,0
5204,0
5205,0
5206,0
5207,0
5208,1
5209,1
5210,0
5211,0
5212,0
5213,0
5214,1
5215,0
5216,1
5217,0
5218,1
5219,0
5220,0
5221,0
5222,1
5223,1
5224,1
5225,1
5226,0
5227,0
5228,0
5229,1
5230,1
5231,1
5232,0
5233,1
5234,0
5235,1
5236,0
5237,1
5238,0
5239,0
5240,0
5241,1
5242,1
5243,0
5244,1
5245,0
5246,0
5247,0
5248,1
5249,1
5250,1
5251,0
5252,0
5253,0
5254,1
5255,1
5256,1
5257,0
5258,0
5259,0
5260,1
5261,0
5262,0
5263,2
5264,0
5265,0
5266,0
5267,0
5268,1
5269,0
5270,0
5271,0
5272,0
5273,0
5274,1
5275,1
5276,0
5277,0
5278,1
5279,0
5280,0
5281,0
5282,1
5283,1
5284,1
5285,1
5286,0
5287,0
5288,0
5289,0
5290,0
5291,1
5292,0
5293,1
5294,0
5295,0
5296,1
5297,1
5298,1
5299,0
5300,0
5301,0
5302,1
5303,1
5304,1
5305,1
5306,1
5307,1
5308,1
5309,0
5310,2
5311,0
5312,1
5313,0
5314,1
5315,0
5316,1
5317,0
5318,0
5319,0
5320,1
5321,1
5322,2
5323,1
5324,1
5325,0
5326,0
5327,0
5328,0
5329,0
5330,1
5331,1
5332,0
5333,0
5334,0
5335,0
5336,0
5337,1
5338,0
5339,1
5340,0
5341,0
5342,1
5343,0
5344,1
5345,0
5346,1
5347,1
5348,0
5349,0
5350,1
5351,1
5352,1
5353,1
5354,0
5355,1
5356,0
5357,2
5358,1
5359,0
5360,1
5361,0
5362,0
5363,1
5364,1
5365,1
5366,0
5367,1
5368,0
5369,1
5370,0
5371,1
5372,1
5373,0
5374,0
5375,0
5376,0
5377,1
5378,0
5379,1
5380,1
5381,0
5382,0
5383,0
5384,1
5385,0
5386,0
5387,1
5388,0
5389,0
5390,1
5391,0
5392,1
5393,1
5394,0
5395,1
5396,1
5397,1
5398,1
5399,0
5400,1
5401,0
5402,0
5403,1
5404,1
5405,0
5406,0
5407,0
5408,0
5409,1
5410,0
5411,1
5412,0
5413,0
5414,1
5415,0
5416,1
5417,1
5418,2
5419,1
5420,1
5421,1
5422,0
5423,1
5424,0
5425,1
5426,0
5427,0
5428,0
5429,0
5430,1
5431,0
5432,1
5433,0
5434,1
5435,0
5436,1
5437,0
5438,0
5439,0
5440,0
5441,0
5442,0
5443,1
5444,1
5445,1
5446,1
5447,0
5448,1
5449,0
5450,1
5451,1
5452,0
5453,1
5454,1
5455,1
5456,1
5457,1
5458,0
5459,1
5460,0
5461,0
5462,0
5463,1
5464,1
5465,1
5466,0
5467,1
5468,1
5469,1
5470,1
5471,1
5472,0
5473,1
5474,1
5475,1
5476,0
5477,2
5478,0
5479,0
5480,1
5481,0
5482,0
5483,0
5484,0
5485,0
5486,1
5487,0
5488,0
5489,0
5490,1
5491,0
5492,1
5493,1
5494,0
5495,0
5496,0
5497,0
5498,0
5499,1
5500,1
5501,0
5502,0
5503,1
5504,0
5505,1
5506,1
5507,1
5508,1
5509,0
5510,0
5511,0
5512,0
5513,0
5514,0
5515,1
5516,1
5517,1
5518,0
5519,0
5520,1
5521,1
5522,0
5523,1
5524,0
5525,1
5526,1
5527,0
5528,1
5529,1
5530,0
5531,2
5532,0
5533,1
5534,1
5535,1
5536,1
5537,1
5538,0
5539,0
5540,1
5541,1
5542,0
5543,1
5544,0
5545,0
5546,1
5547,0
5548,1
5549,0
5550,1
5551,0
5552,0
5553,1
5554,1
5555,1
5556,0
5557,0
5558,1
5559,1
5560,1
5561,1
5562,0
5563,0
5564,0
5565,0
5566,0
5567,1
5568,1
5569,1
5570,1
5571,0
5572,0
5573,0
5574,1
5575,1
5576,1
5577,0
5578,1
5579,1
5580,1
5581,0
5582,1
5583,1
5584,1
5585,1
5586,1
5587,0
5588,0
5589,0
5590,0
5591,0
5592,1
5593,2
5594,1
5595,1
5596,0
5597,1
5598,0
5599,0
5600,1
5601,1
5602,1
5603,1
5604,1
5605,1
5606,1
5607,0
5608,0
5609,1
5610,2
5611,0
5612,0
5613,1
5614,1
5615,0
5616,1
5617,0
5618,2
5619,2
5620,0
5621,0
5622,1
5623,0
5624,0
5625,1
5626,0
5627,0
5628,1
5629,1
5630,0
5631,2
5632,0
5633,1
5634,0
5635,1
5636,0
5637,1
5638,1
5639,1
5640,1
5641,0
5642,1
5643,0
5644,1
5645,0
5646,0
5647,1
5648,1
5649,0
5650,0
5651,1
5652,1
5653,1
5654,0
5655,1
5656,1
5657,0
5658,1
5659,0
5660,1
5661,0
5662,1
5663,1
5664,1
5665,0
5666,0
5667,1
5668,2
5669,1
5670,0
5671,1
5672,0
5673,1
5674,0
5675,0
5676,0
5677,1
5678,0
5679,1
5680,1
5681,1
5682,1
5683,1
5684,0
5685,0
5686,1
5687,0
5688,1
5689,2
5690,0
5691,0
5692,0
5693,1
5694,0
5695,1
5696,0
5697,1
5698,0
5699,1
5700,1
5701,1
5702,0
5703,1
5704,1
5705,1
5706,1
5707,1
5708,1
5709,1
5710,1
5711,0
5712,1
5713,1
5714,0
5715,0
5716,1
5717,1
5718,1
5719,0
5720,1
5721,0
5722,0
5723,0
5724,0
5725,0
5726,1
5727,1
5728,0
5729,1
5730,0
5731,0
5732,1
5733,1
5734,1
5735,0
5736,2
5737,0
5738,1
5739,0
5740,1
5741,2
5742,0
5743,0
5744,1
5745,0
5746,1
5747,0
5748,0
5749,1
5750,1
5751,1
5752,1
5753,1
5754,1
5755,0
5756,1
5757,0
5758,0
5759,0
5760,0
5761,1
5762,0
5763,0
5764,0
5765,1
5766,1
5767,1
5768,0
5769,0
5770,2
5771,1
5772,1
5773,1
5774,1
5775,0
5776,1
5777,1
5778,1
5779,1
5780,1
5781,1
5782,1
5783,1
5784,0
5785,1
5786,0
5787,1
5788,0
5789,0
5790,1
5791,0
5792,0
5793,1
5794,1
5795,1
5796,1
5797,0
5798,0
5799,0
5800,0
5801,2
5802,1
5803,1
5804,0
5805,1
5806,1
5807,1
5808,1
5809,0
5810,2
5811,1
5812,2
5813,0
5814,0
5815,1
5816,0
5817,0
5818,1
5819,0
5820,1
5821,0
5822,0
5823,0
5824,1
5825,0
5826,0
5827,2
5828,0
5829,0
5830,0
5831,1
5832,1
5833,1
5834,0
5835,0
5836,1
5837,1
5838,0
5839,0
5840,0
5841,1
5842,0
5843,1
5844,0
5845,0
5846,0
5847,0
5848,0
5849,1
5850,1
5851,1
5852,1
5853,0
5854,0
5855,0
5856,1
5857,0
5858,0
5859,0
5860,1
5861,1
5862,1
5863,1
5864,1
5865,1
5866,1
5867,0
5868,0
5869,0
5870,0
5871,0
5872,1
5873,0
5874,0
5875,1
5876,0
5877,1
5878,0
5879,0
5880,1
5881,0
5882,1
5883,1
5884,1
5885,1
5886,1
5887,0
5888,0
5889,1
5890,0
5891,0
5892,0
5893,1
5894,1
5895,0
5896,2
5897,1
5898,0
5899,2
5900,0
5901,1
5902,1
5903,1
5904,1
5905,0
5906,0
5907,0
5908,0
5909,0
5910,1
5911,0
5912,1
5913,0
5914,0
5915,2
5916,1
5917,0
5918,1
5919,0
5920,1
5921,0
5922,0
5923,1
5924,1
5925,0
5926,1
5927,1
5928,1
5929,1
5930,0
5931,1
5932,0
5933,1
5934,0
5935,0
5936,1
5937,0
5938,0
5939,1
5940,0
5941,1
5942,1
5943,0
5944,0
5945,1
5946,1
5947,1
5948,1
5949,1
5950,0
5951,0
5952,0
5953,0
5954,1
5955,0
5956,0
5957,0
5958,1
5959,0
5960,1
5961,0
5962,1
5963,0
5964,1
5965,0
5966,1
5967,1
5968,0
5969,0
5970,1
5971,0
5972,1
5973,1
5974,1
5975,1
5976,1
5977,0
5978,0
5979,1
5980,1
5981,0
5982,0
5983,0
5984,0
5985,0
5986,1
5987,0
5988,0
5989,1
5990,0
5991,1
5992,2
5993,1
5994,1
5995,1
5996,0
5997,1
5998,1
5999,0
6000,0
6001,0
6002,0
6003,1
6004,0
6005,1
6006,0
6007,0
6008,1
6009,1
6010,0
6011,1
6012,0
6013,1
6014,1
6015,0
6016,1
6017,1
6018,1
6019,1
6020,1
6021,1
6022,1
6023,2
6024,1
6025,1
6026,1
6027,0
6028,2
6029,0
6030,2
6031,1
6032,1
6033,1
6034,1
6035,0
6036,1
6037,1
6038,0
6039,0
6040,1
6041,0
6042,0
6043,1
6044,1
6045,2
6046,1
6047,1
6048,0
6049,0
6050,0
6051,1
6052,0
6053,1
6054,0
6055,0
6056,1
6057,2
6058,0
6059,1
6060,0
6061,0
6062,0
6063,1
6064,0
6065,1
6066,1
6067,1
6068,0
6069,0
6070,1
6071,0
6072,0
6073,0
6074,1
6075,0
6076,2
6077,0
6078,0
6079,1
6080,1
6081,0
6082,1
6083,1
6084,1
6085,0
6086,0
6087,0
6088,0
6089,1
6090,1
6091,1
6092,0
6093,0
6094,0
6095,0
6096,1
6097,2
6098,1
6099,0
6100,1
6101,0
6102,1
6103,0
6104,1
6105,0
6106,1
6107,0
6108,1
6109,1
6110,0
6111,0
6112,1
6113,0
6114,1
6115,1
6116,1
6117,0
6118,1
6119,1
6120,1
6121,1
6122,0
6123,2
6124,1
6125,0
6126,0
6127,1
6128,1
6129,0
6130,0
6131,1
6132,0
6133,1
6134,1
6135,1
6136,0
6137,0
6138,1
6139,0
6140,1
6141,0
6142,1
6143,1
6144,0
6145,0
6146,1
6147,1
6148,1
6149,1
6150,0
6151,0
6152,1
6153,1
6154,1
6155,1
6156,0
6157,0
6158,0
6159,0
6160,1
6161,0
6162,0
6163,0
6164,0
6165,0
6166,1
6167,0
6168,0
6169,0
6170,1
6171,0
6172,0
6173,1
6174,0
6175,0
6176,0
6177,0
6178,0
6179,1
6180,1
6181,0
6182,0
6183,1
6184,0
6185,1
6186,0
6187,1
6188,1
6189,0
6190,1
6191,0
6192,1
6193,0
6194,1
6195,0
6196,1
6197,1
6198,0
6199,1
6200,0
6201,0
6202,1
6203,1
6204,1
6205,1
6206,0
6207,0
6208,1
6209,1
6210,0
6211,1
6212,1
6213,1
6214,1
6215,0
6216,1
6217,1
6218,1
6219,0
6220,0
6221,0
6222,1
6223,1
6224,0
6225,1
6226,0
6227,1
6228,1
6229,1
6230,0
6231,1
6232,1
6233,1
6234,1
6235,0
6236,1
6237,1
6238,0
6239,0
6240,1
6241,0
6242,0
6243,1
6244,0
6245,0
6246,1
6247,1
6248,1
6249,1
6250,0
6251,0
6252,1
6253,0
6254,2
6255,0
6256,1
6257,1
6258,1
6259,1
6260,1
6261,1
6262,0
6263,0
6264,0
6265,1
6266,1
6267,1
6268,1
6269,1
6270,0
6271,0
6272,1
6273,0
6274,0
6275,1
6276,1
6277,1
6278,1
6279,0
6280,1
6281,0
6282,1
6283,1
6284,1
6285,1
6286,0
6287,0
6288,1
6289,0
6290,1
6291,0
6292,0
6293,1
6294,1
6295,0
6296,0
6297,0
6298,0
6299,0
6300,0
6301,1
6302,1
6303,0
6304,0
6305,2
6306,0
6307,1
6308,0
6309,2
6310,1
6311,1
6312,1
6313,0
6314,1
6315,1
6316,1
6317,0
6318,1
6319,1
6320,0
6321,0
6322,0
6323,1
6324,1
6325,1
6326,0
6327,0
6328,1
6329,1
6330,1
6331,1
6332,0
6333,1
6334,0
6335,1
6336,1
6337,0
6338,0
6339,0
6340,0
6341,0
6342,1
6343,0
6344,1
6345,1
6346,1
6347,1
6348,1
6349,1
6350,1
6351,1
6352,0
6353,1
6354,1
6355,1
6356,0
6357,1
6358,0
6359,0
6360,0
6361,0
6362,1
6363,0
6364,0
6365,1
6366,0
6367,1
6368,1
6369,1
6370,1
6371,0
6372,1
6373,0
6374,0
6375,0
6376,0
6377,1
6378,0
6379,2
6380,1
6381,1
6382,1
6383,0
6384,0
6385,0
6386,0
6387,0
6388,0
6389,1
6390,1
6391,1
6392,0
6393,1
6394,0
6395,0
6396,1
6397,1
6398,1
6399,0
6400,0
6401,1
6402,0
6403,0
6404,0
6405,0
6406,1
6407,0
6408,0
6409,1
6410,0
6411,0
6412,0
6413,1
6414,0
6415,0
6416,0
6417,0
6418,0
6419,1
6420,1
6421,2
6422,1
6423,1
6424,0
6425,0
6426,1
6427,0
6428,1
6429,0
6430,1
6431,1
6432,0
6433,0
6434,0
6435,0
6436,0
6437,0
6438,1
6439,1
6440,1
6441,0
6442,0
6443,0
6444,1
6445,1
6446,1
6447,1
6448,0
6449,1
6450,1
6451,1
6452,0
6453,0
6454,0
6455,1
6456,0
6457,0
6458,0
6459,0
6460,1
6461,1
6462,0
6463,0
6464,1
6465,0
6466,1
6467,0
6468,0
6469,0
6470,1
6471,0
6472,0
6473,1
6474,0
6475,0
6476,1
6477,0
6478,1
6479,0
6480,1
6481,0
6482,0
6483,1
6484,0
6485,1
6486,0
6487,2
6488,1
6489,1
6490,1
6491,1
6492,0
6493,0
6494,0
6495,0
6496,1
6497,1
6498,0
6499,0
6500,1
6501,1
6502,1
6503,1
6504,0
6505,1
6506,0
6507,1
6508,0
6509,0
6510,1
6511,0
6512,1
6513,0
6514,0
6515,0
6516,0
6517,0
6518,1
6519,2
6520,1
6521,0
6522,0
6523,1
6524,1
6525,0
6526,1
6527,1
6528,0
6529,0
6530,1
6531,0
6532,1
6533,1
6534,1
6535,0
6536,0
6537,0
6538,0
6539,1
6540,1
6541,1
6542,0
6543,0
6544,0
6545,1
6546,1
6547,0
6548,1
6549,0
6550,1
6551,0
6552,0
6553,0
6554,1
6555,0
6556,1
6557,0
6558,0
6559,0
6560,0
6561,1
6562,1
6563,0
6564,0
6565,0
6566,1
6567,1
6568,0
6569,0
6570,0
6571,1
6572,0
6573,1
6574,1
6575,1
6576,0
6577,0
6578,1
6579,0
6580,0
6581,0
6582,1
6583,1
6584,2
6585,0
6586,0
6587,1
6588,1
6589,1
6590,0
6591,0
6592,0
6593,1
6594,0
6595,0
6596,0
6597,0
6598,1
6599,1
6600,0
6601,0
6602,0
6603,0
6604,1
6605,1
6606,0
6607,1
6608,1
6609,0
6610,0
6611,0
6612,1
6613,1
6614,1
6615,1
6616,1
6617,1
6618,0
6619,0
6620,1
6621,0
6622,0
6623,0
6624,0
6625,2
6626,1
6627,2
6628,1
6629,0
6630,1
6631,1
6632,1
6633,1
6634,0
6635,1
6636,1
6637,1
6638,0
6639,1
6640,1
6641,1
6642,1
6643,0
6644,0
6645,0
6646,0
6647,1
6648,0
6649,1
6650,0
6651,0
6652,0
6653,1
6654,2
6655,0
6656,1
6657,1
6658,1
6659,1
6660,0
6661,0
6662,1
6663,1
6664,1
6665,1
6666,0
6667,0
6668,0
6669,2
6670,0
6671,0
6672,0
6673,0
6674,0
6675,2
6676,1
6677,1
6678,0
6679,0
6680,1
6681,1
6682,0
6683,0
6684,1
6685,0
6686,0
6687,1
6688,0
6689,0
6690,1
6691,0
6692,1
6693,1
6694,0
6695,0
6696,0
6697,1
6698,1
6699,0
6700,0
6701,2
6702,1
6703,0
6704,0
6705,1
6706,0
6707,1
6708,0
6709,1
6710,1
6711,0
6712,0
6713,1
6714,0
6715,0
6716,0
6717,1
6718,1
6719,1
6720,1
6721,1
6722,1
6723,2
6724,1
6725,0
6726,1
6727,0
6728,0
6729,0
6730,1
6731,0
6732,1
6733,0
6734,1
6735,1
6736,1
6737,0
6738,0
6739,1
6740,0
6741,0
6742,0
6743,1
6744,0
6745,0
6746,1
6747,0
6748,2
6749,1
6750,0
6751,0
6752,1
6753,1
6754,1
6755,0
6756,0
6757,1
6758,1
6759,1
6760,0
6761,1
6762,0
6763,1
6764,1
6765,0
6766,1
6767,1
6768,1
6769,0
6770,1
6771,2
6772,0
6773,0
6774,1
6775,1
6776,1
6777,0
6778,2
6779,1
6780,0
6781,0
6782,1
6783,1
6784,1
6785,0
6786,0
6787,0
6788,1
6789,0
6790,0
6791,0
6792,1
6793,1
6794,1
6795,0
6796,1
6797,1
6798,1
6799,0
6800,0
6801,0
6802,0
6803,1
6804,0
6805,0
6806,0
6807,0
6808,1
6809,1
6810,0
6811,1
6812,0
6813,1
6814,1
6815,1
6816,1
6817,2
6818,1
6819,1
6820,0
6821,1
6822,1
6823,1
6824,1
6825,0
6826,1
6827,0
6828,1
6829,0
6830,1
6831,0
6832,1
6833,1
6834,0
6835,1
6836,1
6837,1
6838,0
6839,0
6840,0
6841,1
6842,0
6843,1
6844,0
6845,0
6846,0
6847,0
6848,1
6849,2
6850,0
6851,1
6852,1
6853,1
6854,0
6855,0
6856,1
6857,1
6858,1
6859,0
6860,0
6861,0
6862,0
6863,0
6864,0
6865,1
6866,0
6867,1
6868,1
6869,0
6870,0
6871,0
6872,0
6873,1
6874,1
6875,1
6876,0
6877,1
6878,0
6879,0
6880,0
6881,1
6882,1
6883,1
6884,0
6885,0
6886,0
6887,0
6888,0
6889,1
6890,2
6891,0
6892,0
6893,0
6894,1
6895,0
6896,1
6897,0
6898,0
6899,1
6900,1
6901,1
6902,0
6903,1
6904,1
6905,0
6906,0
6907,0
6908,1
6909,0
6910,1
6911,1
6912,1
6913,1
6914,0
6915,0
6916,1
6917,1
6918,2
6919,0
6920,1
6921,1
6922,0
6923,1
6924,0
6925,1
6926,0
6927,0
6928,0
6929,1
6930,0
6931,0
6932,1
6933,1
6934,0
6935,1
6936,1
6937,0
6938,0
6939,1
6940,0
6941,1
6942,0
6943,1
6944,0
6945,1
6946,0
6947,1
6948,0
6949,0
6950,0
6951,0
6952,0
6953,0
6954,1
6955,1
6956,0
6957,1
6958,1
6959,0
6960,1
6961,0
6962,1
6963,0
6964,1
6965,0
6966,1
6967,0
6968,1
6969,1
6970,1
6971,0
6972,1
6973,0
6974,1
6975,0
6976,1
6977,0
6978,0
6979,0
6980,0
6981,1
6982,0
6983,1
6984,1
6985,0
6986,0
6987,0
6988,0
6989,2
6990,1
6991,0
6992,1
6993,0
6994,0
6995,0
6996,1
6997,0
6998,1
6999,1
7000,0
7001,0
7002,1
7003,1
7004,1
7005,1
7006,0
7007,0
7008,0
7009,1
7010,0
7011,1
7012,0
7013,1
7014,0
7015,1
7016,0
7017,1
7018,1
7019,1
7020,0
7021,0
7022,0
7023,0
7024,0
7025,0
7026,0
7027,2
7028,0
7029,0
7030,1
7031,1
7032,0
7033,0
7034,1
7035,1
7036,1
7037,0
7038,0
7039,0
7040,1
7041,1
7042,1
7043,0
7044,0
7045,1
7046,1
7047,1
7048,0
7049,1
7050,2
7051,0
7052,1
7053,0
7054,1
7055,2
7056,2
7057,0
7058,0
7059,0
7060,0
7061,0
7062,1
7063,1
7064,2
7065,1
7066,1
7067,1
7068,0
7069,0
7070,1
7071,1
7072,0
7073,0
7074,1
7075,1
7076,0
7077,0
7078,1
7079,1
7080,0
7081,1
7082,0
7083,0
7084,0
7085,0
7086,0
7087,0
7088,1
7089,0
7090,0
7091,0
7092,1
7093,1
7094,1
7095,0
7096,1
7097,1
7098,0
7099,1
7100,0
7101,2
7102,1
7103,1
7104,1
7105,1
7106,1
7107,1
7108,0
7109,1
7110,1
7111,0
7112,1
7113,0
7114,0
7115,0
7116,1
7117,1
7118,0
7119,0
7120,0
7121,0
7122,1
7123,0
7124,1
7125,0
7126,1
7127,0
7128,0
7129,0
7130,1
7131,0
7132,1
7133,1
7134,1
7135,0
7136,1
7137,0
7138,0
7139,0
7140,0
7141,0
7142,0
7143,1
7144,1
7145,1
7146,1
7147,0
7148,0
7149,1
7150,1
7151,1
7152,0
7153,1
7154,1
7155,1
7156,0
7157,0
7158,1
7159,1
7160,1
7161,0
7162,0
7163,1
7164,1
7165,0
7166,1
7167,0
7168,1
7169,1
7170,1
7171,1
7172,0
7173,1
7174,0
7175,1
7176,1
7177,0
7178,1
7179,0
7180,0
7181,0
7182,1
7183,1
7184,0
7185,0
7186,2
7187,0
7188,0
7189,1
7190,1
7191,1
7192,1
7193,0
7194,2
7195,0
7196,1
7197,1
7198,0
7199,1
7200,1
7201,0
7202,1
7203,1
7204,0
7205,1
7206,0
7207,1
7208,1
7209,0
7210,0
7211,1
7212,1
7213,0
7214,1
7215,0
7216,1
7217,0
7218,1
7219,1
7220,1
7221,0
7222,0
7223,0
7224,1
7225,0
7226,0
7227,0
7228,0
7229,1
7230,0
7231,1
7232,1
7233,0
7234,1
7235,1
7236,0
7237,1
7238,0
7239,1
7240,1
7241,1
7242,0
7243,1
7244,1
7245,1
7246,1
7247,1
7248,1
7249,0
7250,0
7251,0
7252,2
7253,0
7254,0
7255,1
7256,1
7257,1
7258,1
7259,1
7260,1
7261,0
7262,0
7263,0
7264,0
7265,1
7266,0
7267,0
7268,0
7269,0
7270,1
7271,1
7272,0
7273,0
7274,1
7275,1
7276,1
7277,1
7278,0
7279,0
7280,1
7281,1
7282,0
7283,1
7284,0
7285,0
7286,1
7287,0
7288,1
7289,0
7290,1
7291,1
7292,1
7293,1
7294,1
7295,0
7296,1
7297,1
7298,0
7299,0
7300,0
7301,0
7302,0
7303,0
7304,0
7305,0
7306,1
7307,0
7308,0
7309,1
7310,1
7311,1
7312,0
7313,0
7314,2
7315,1
7316,0
7317,1
7318,1
7319,1
7320,0
7321,0
7322,0
7323,0
7324,0
7325,1
7326,0
7327,0
7328,1
7329,0
7330,0
7331,0
7332,1
7333,1
7334,1
7335,0
7336,1
7337,0
7338,0
7339,0
7340,1
7341,1
7342,0
7343,1
7344,0
7345,1
7346,1
7347,0
7348,1
7349,0
7350,1
7351,0
7352,1
7353,1
7354,1
7355,0
7356,2
7357,1
7358,0
7359,1
7360,1
7361,0
7362,1
7363,0
7364,2
7365,0
7366,2
7367,1
7368,1
7369,1
7370,1
7371,0
7372,1
7373,1
7374,0
7375,1
7376,1
7377,1
7378,1
7379,1
7380,0
7381,0
7382,1
7383,0
7384,1
7385,0
7386,1
7387,1
7388,0
7389,1
7390,1
7391,0
7392,0
7393,0
7394,0
7395,0
7396,0
7397,0
7398,0
7399,1
7400,0
7401,1
7402,2
7403,0
7404,1
7405,0
7406,1
7407,0
7408,2
7409,1
7410,1
7411,1
7412,0
7413,1
7414,0
7415,2
7416,1
7417,0
7418,1
7419,0
7420,1
7421,0
7422,0
7423,0
7424,1
7425,1
7426,0
7427,1
7428,1
7429,0
7430,0
7431,1
7432,0
7433,0
7434,0
7435,1
7436,0
7437,0
7438,1
7439,1
7440,1
7441,0
7442,1
7443,0
7444,1
7445,0
7446,1
7447,0
7448,1
7449,0
7450,0
7451,1
7452,0
7453,0
7454,1
7455,1
7456,0
7457,0
7458,1
7459,1
7460,2
7461,0
7462,0
7463,0
7464,0
7465,1
7466,0
7467,1
7468,0
7469,1
7470,0
7471,1
7472,0
7473,0
7474,1
7475,1
7476,0
7477,0
7478,0
7479,1
7480,0
7481,0
7482,1
7483,0
7484,0
7485,1
7486,1
7487,1
7488,1
7489,1
7490,0
7491,0
7492,1
7493,1
7494,1
7495,1
7496,0
7497,0
7498,1
7499,0
7500,1
7501,0
7502,1
7503,0
7504,2
7505,0
7506,1
7507,0
7508,1
7509,1
7510,0
7511,0
7512,1
7513,1
7514,0
7515,1
7516,1
7517,0
7518,1
7519,0
7520,1
7521,0
7522,1
7523,0
7524,1
7525,1
7526,1
7527,1
7528,1
7529,1
7530,1
7531,0
7532,1
7533,1
7534,1
7535,0
7536,1
7537,1
7538,1
7539,0
7540,0
7541,0
7542,1
7543,0
7544,1
7545,1
7546,0
7547,0
7548,1
7549,0
7550,0
7551,1
7552,0
7553,0
7554,0
7555,0
7556,1
7557,1
7558,0
7559,1
7560,1
7561,1
7562,0
7563,1
7564,1
7565,0
7566,1
7567,1
7568,1
7569,0
7570,0
7571,0
7572,0
7573,0
7574,1
7575,0
7576,1
7577,1
7578,1
7579,1
7580,1
7581,2
7582,1
7583,1
7584,1
7585,1
7586,1
7587,0
7588,0
7589,0
7590,1
7591,1
7592,0
7593,1
7594,0
7595,0
7596,1
7597,1
7598,1
7599,0
7600,1
7601,1
7602,0
7603,1
7604,0
7605,1
7606,0
7607,1
7608,1
7609,0
7610,1
7611,1
7612,1
7613,0
7614,0
7615,0
7616,0
7617,1
7618,0
7619,0
7620,0
7621,0
7622,1
7623,1
7624,0
7625,1
7626,1
7627,1
7628,1
7629,0
7630,0
7631,0
7632,0
7633,1
7634,0
7635,0
7636,0
7637,1
7638,0
7639,0
7640,0
7641,1
7642,1
7643,1
7644,1
7645,1
7646,1
7647,0
7648,0
7649,1
7650,1
7651,0
7652,0
7653,1
7654,1
7655,0
7656,1
7657,0
7658,1
7659,1
7660,1
7661,1
7662,1
7663,0
7664,1
7665,0
7666,0
7667,0
7668,1
7669,0
7670,0
7671,1
7672,1
7673,0
7674,1
7675,1
7676,1
7677,0
7678,0
7679,1
7680,1
7681,1
7682,0
7683,0
7684,1
7685,0
7686,0
7687,0
7688,1
7689,0
7690,1
7691,0
7692,0
7693,1
7694,1
7695,0
7696,0
7697,0
7698,0
7699,0
7700,1
7701,1
7702,0
7703,0
7704,1
7705,1
7706,0
7707,0
7708,0
7709,0
7710,1
7711,1
7712,0
7713,0
7714,1
7715,0
7716,1
7717,1
7718,1
7719,1
7720,0
7721,0
7722,0
7723,0
7724,1
7725,0
7726,1
7727,0
7728,1
7729,1
7730,0
7731,1
7732,0
7733,1
7734,1
7735,1
7736,1
7737,0
7738,1
7739,0
7740,1
7741,2
7742,1
7743,0
7744,0
7745,1
7746,1
7747,0
7748,1
7749,1
7750,0
7751,0
7752,1
7753,1
7754,0
7755,0
7756,0
7757,1
7758,0
7759,1
7760,0
7761,0
7762,1
7763,0
7764,1
7765,0
7766,1
7767,1
7768,1
7769,1
7770,1
7771,1
7772,1
7773,1
7774,1
7775,1
7776,1
7777,0
7778,0
7779,1
7780,0
7781,1
7782,1
7783,2
7784,0
7785,1
7786,1
7787,0
7788,1
7789,1
7790,1
7791,0
7792,0
7793,1
7794,1
7795,0
7796,0
7797,1
7798,0
7799,0
7800,1
7801,1
7802,1
7803,0
7804,0
7805,1
7806,0
7807,0
7808,1
7809,0
7810,0
7811,1
7812,1
7813,0
7814,0
7815,2
7816,0
7817,1
7818,0
7819,0
7820,0
7821,0
7822,0
7823,0
7824,1
7825,1
7826,1
7827,0
7828,0
7829,1
7830,1
7831,1
7832,1
7833,1
7834,0
7835,0
7836,1
7837,1
7838,0
7839,1
7840,1
7841,1
7842,1
7843,1
7844,0
7845,0
7846,1
7847,1
7848,1
7849,0
7850,1
7851,0
7852,0
7853,1
7854,0
7855,0
7856,0
7857,1
7858,1
7859,0
7860,1
7861,0
7862,0
7863,1
7864,1
7865,0
7866,1
7867,1
7868,0
7869,0
7870,0
7871,0
7872,1
7873,1
7874,1
7875,0
7876,0
7877,1
7878,2
7879,1
7880,0
7881,1
7882,0
7883,0
7884,0
7885,0
7886,0
7887,0
7888,0
7889,1
7890,0
7891,0
7892,1
7893,1
7894,1
7895,1
7896,1
7897,1
7898,0
7899,1
7900,0
7901,1
7902,0
7903,0
7904,0
7905,0
7906,1
7907,0
7908,1
7909,1
7910,1
7911,0
7912,0
7913,1
7914,1
7915,0
7916,1
7917,0
7918,0
7919,1
7920,1
7921,1
7922,1
7923,1
7924,1
7925,0
7926,0
7927,1
7928,1
7929,1
7930,0
7931,0
7932,0
7933,0
7934,0
7935,1
7936,0
7937,2
7938,1
7939,1
7940,0
7941,1
7942,0
7943,2
7944,1
7945,0
7946,1
7947,0
7948,0
7949,1
7950,0
7951,0
7952,2
7953,1
7954,1
7955,0
7956,1
7957,0
7958,1
7959,0
7960,0
7961,0
7962,1
7963,0
7964,1
7965,1
7966,1
7967,0
7968,0
7969,0
7970,1
7971,1
7972,0
7973,0
7974,0
7975,0
7976,1
7977,0
7978,1
7979,1
7980,1
7981,0
7982,1
7983,0
7984,0
7985,1
7986,1
7987,0
7988,0
7989,0
7990,1
7991,0
7992,0
7993,0
7994,0
7995,0
7996,1
7997,1
7998,1
7999,1
8000,0
8001,0
8002,0
8003,1
8004,1
8005,1
8006,2
8007,1
8008,1
8009,1
8010,0
8011,1
8012,1
8013,0
8014,0
8015,1
8016,1
8017,0
8018,1
8019,1
8020,1
8021,2
8022,1
8023,1
8024,1
8025,0
8026,1
8027,1
8028,2
8029,0
8030,0
8031,0
8032,1
8033,0
8034,1
8035,1
8036,1
8037,0
8038,1
8039,0
8040,1
8041,1
8042,1
8043,0
8044,0
8045,1
8046,1
8047,0
8048,0
8049,0
8050,1
8051,0
8052,1
8053,1
8054,0
8055,0
8056,0
8057,2
8058,1
8059,1
8060,1
8061,1
8062,0
8063,1
8064,1
8065,2
8066,0
8067,1
8068,1
8069,1
8070,1
8071,0
8072,0
8073,1
8074,1
8075,0
8076,0
8077,1
8078,2
8079,0
8080,1
8081,1
8082,0
8083,0
8084,1
8085,0
8086,1
8087,1
8088,1
8089,1
8090,1
8091,0
8092,0
8093,0
8094,0
8095,1
8096,1
8097,0
8098,0
8099,1
8100,0
8101,1
8102,0
8103,1
8104,0
8105,1
8106,1
8107,2
8108,1
8109,1
8110,0
8111,0
8112,0
8113,0
8114,0
8115,0
8116,1
8117,0
8118,1
8119,1
8120,0
8121,0
8122,0
8123,0
8124,1
8125,1
8126,0
8127,0
8128,1
8129,1
8130,1
8131,0
8132,1
8133,1
8134,1
8135,1
8136,1
8137,1
8138,0
8139,0
8140,1
8141,1
8142,0
8143,1
8144,1
8145,0
8146,1
8147,0
8148,1
8149,1
8150,0
8151,0
8152,0
8153,1
8154,1
8155,0
8156,1
8157,1
8158,0
8159,1
8160,1
8161,0
8162,1
8163,0
8164,0
8165,0
8166,1
8167,1
8168,0
8169,0
8170,1
8171,0
8172,0
8173,1
8174,0
8175,0
8176,1
8177,1
8178,0
8179,0
8180,0
8181,0
8182,1
8183,2
8184,0
8185,1
8186,1
8187,1
8188,1
8189,1
8190,0
8191,0
8192,0
8193,1
8194,1
8195,0
8196,1
8197,1
8198,1
8199,0
8200,0
8201,1
8202,0
8203,1
8204,1
8205,0
8206,1
8207,0
8208,0
8209,0
8210,0
8211,1
8212,0
8213,1
8214,0
8215,1
8216,1
8217,1
8218,0
8219,1
8220,0
8221,1
8222,2
8223,2
8224,1
8225,1
8226,1
8227,0
8228,1
8229,1
8230,0
8231,0
8232,1
8233,0
8234,0
8235,1
8236,0
8237,0
8238,1
8239,1
8240,0
8241,0
8242,0
8243,1
8244,0
8245,1
8246,0
8247,0
8248,0
8249,0
8250,1
8251,1
8252,1
8253,0
8254,0
8255,1
8256,2
8257,0
8258,1
8259,1
8260,0
8261,1
8262,0
8263,1
8264,1
8265,0
8266,0
8267,1
8268,1
8269,0
8270,1
8271,0
8272,0
8273,1
8274,1
8275,0
8276,0
8277,1
8278,0
8279,1
8280,0
8281,1
8282,0
8283,1
8284,1
8285,1
8286,0
8287,0
8288,1
8289,0
8290,0
8291,1
8292,1
8293,0
8294,2
8295,0
8296,0
8297,1
8298,1
8299,1
8300,1
8301,1
8302,1
8303,1
8304,0
8305,0
8306,0
8307,1
8308,0
8309,1
8310,1
8311,1
8312,0
8313,1
8314,0
8315,0
8316,1
8317,1
8318,1
8319,0
8320,0
8321,0
8322,1
8323,0
8324,1
8325,1
8326,1
8327,0
8328,0
8329,1
8330,0
8331,1
8332,0
8333,2
8334,0
8335,1
8336,0
8337,0
8338,0
8339,1
8340,1
8341,0
8342,0
8343,1
8344,1
8345,1
8346,1
8347,0
8348,1
8349,0
8350,1
8351,1
8352,1
8353,0
8354,0
8355,0
8356,0
8357,1
8358,1
8359,0
8360,0
8361,1
8362,1
8363,0
8364,0
8365,1
8366,0
8367,0
8368,0
8369,1
8370,1
8371,1
8372,0
8373,0
8374,0
8375,1
8376,1
8377,0
8378,0
8379,0
8380,1
8381,0
8382,0
8383,0
8384,0
8385,0
8386,0
8387,1
8388,1
8389,0
8390,1
8391,0
8392,1
8393,0
8394,0
8395,1
8396,1
8397,1
8398,0
8399,0
8400,0
8401,1
8402,0
8403,0
8404,0
8405,1
8406,1
8407,0
8408,1
8409,1
8410,1
8411,0
8412,1
8413,1
8414,0
8415,0
8416,1
8417,0
8418,0
8419,0
8420,1
8421,0
8422,2
8423,1
8424,0
8425,0
8426,0
8427,1
8428,1
8429,0
8430,2
8431,1
8432,0
8433,1
8434,1
8435,1
8436,1
8437,0
8438,1
8439,1
8440,1
8441,0
8442,0
8443,1
8444,0
8445,0
8446,1
8447,0
8448,0
8449,0
8450,0
8451,0
8452,1
8453,0
8454,0
8455,0
8456,1
8457,0
8458,0
8459,1
8460,0
8461,1
8462,0
8463,0
8464,0
8465,0
8466,0
8467,1
8468,1
8469,2
8470,1
8471,0
8472,0
8473,0
8474,1
8475,0
8476,0
8477,1
8478,0
8479,1
8480,0
8481,0
8482,0
8483,0
8484,0
8485,1
8486,1
8487,0
8488,0
8489,0
8490,0
8491,1
8492,1
8493,0
8494,1
8495,1
8496,0
8497,1
8498,0
8499,1
8500,1
8501,1
8502,0
8503,0
8504,0
8505,1
8506,0
8507,1
8508,1
8509,1
8510,0
8511,2
8512,1
8513,0
8514,1
8515,0
8516,0
8517,0
8518,0
8519,0
8520,0
8521,1
8522,1
8523,2
8524,1
8525,1
8526,2
8527,1
8528,1
8529,0
8530,1
8531,0
8532,1
8533,0
8534,1
8535,1
8536,1
8537,1
8538,0
8539,1
8540,2
8541,0
8542,0
8543,2
8544,0
8545,0
8546,0
8547,1
8548,0
8549,1
8550,1
8551,1
8552,1
8553,1
8554,0
8555,1
8556,0
8557,0
8558,1
8559,1
8560,2
8561,1
8562,0
8563,0
8564,2
8565,0
8566,0
8567,0
8568,0
8569,0
8570,1
8571,1
8572,1
8573,1
8574,0
8575,0
8576,1
8577,0
8578,1
8579,1
8580,0
8581,1
8582,1
8583,1
8584,0
8585,0
8586,0
8587,2
8588,0
8589,1
8590,0
8591,1
8592,2
8593,1
8594,1
8595,0
8596,1
8597,1
8598,1
8599,1
8600,0
8601,1
8602,2
8603,0
8604,1
8605,1
8606,0
8607,0
8608,1
8609,0
8610,0
8611,1
8612,1
8613,2
8614,1
8615,1
8616,1
8617,1
8618,1
8619,1
8620,1
8621,0
8622,1
8623,0
8624,0
8625,1
8626,0
8627,0
8628,1
8629,1
8630,0
8631,0
8632,0
8633,1
8634,1
8635,0
8636,1
8637,0
8638,1
8639,1
8640,1
8641,0
8642,0
8643,1
8644,1
8645,0
8646,0
8647,0
8648,1
8649,0
8650,1
8651,0
8652,1
8653,0
8654,1
8655,0
8656,1
8657,1
8658,0
8659,0
8660,1
8661,2
8662,1
8663,0
8664,0
8665,0
8666,0
8667,0
8668,1
8669,0
8670,1
8671,0
8672,0
8673,0
8674,1
8675,0
8676,1
8677,1
8678,1
8679,0
8680,0
8681,1
8682,1
8683,1
8684,1
8685,0
8686,1
8687,1
8688,1
8689,0
8690,1
8691,1
8692,1
8693,1
8694,1
8695,0
8696,1
8697,0
8698,0
8699,0
8700,0
8701,0
8702,0
8703,1
8704,1
8705,0
8706,1
8707,0
8708,1
8709,0
8710,0
8711,0
8712,0
8713,1
8714,0
8715,0
8716,1
8717,0
8718,1
8719,0
8720,1
8721,1
8722,0
8723,0
8724,1
8725,0
8726,1
8727,1
8728,0
8729,1
8730,0
8731,0
8732,0
8733,1
8734,1
8735,1
8736,0
8737,1
8738,0
8739,1
8740,0
8741,0
8742,1
8743,1
8744,1
8745,1
8746,1
8747,1
8748,1
8749,0
8750,0
8751,1
8752,1
8753,1
8754,0
8755,0
8756,1
8757,1
8758,0
8759,1
8760,1
8761,0
8762,1
8763,1
8764,1
8765,1
8766,1
8767,1
8768,1
8769,1
8770,1
8771,1
8772,1
8773,0
8774,0
8775,1
8776,1
8777,1
8778,0
8779,1
8780,0
8781,0
8782,1
8783,0
8784,1
8785,0
8786,1
8787,1
8788,1
8789,1
8790,0
8791,1
8792,0
8793,0
8794,1
8795,1
8796,0
8797,1
8798,0
8799,0
8800,1
8801,0
8802,1
8803,1
8804,2
8805,1
8806,1
8807,1
8808,1
8809,1
8810,1
8811,0
8812,0
8813,0
8814,0
8815,2
8816,0
8817,1
8818,0
8819,0
8820,1
8821,0
8822,0
8823,0
8824,0
8825,1
8826,2
8827,1
8828,1
8829,1
8830,0
8831,0
8832,1
8833,0
8834,0
8835,1
8836,1
8837,0
8838,1
8839,0
8840,0
8841,1
8842,0
8843,0
8844,0
8845,1
8846,1
8847,0
8848,1
8849,1
8850,1
8851,1
8852,1
8853,1
8854,1
8855,0
8856,0
8857,0
8858,0
8859,0
8860,1
8861,0
8862,0
8863,1
8864,1
8865,0
8866,1
8867,0
8868,1
8869,1
8870,0
8871,0
8872,1
8873,0
8874,1
8875,0
8876,1
8877,1
8878,1
8879,1
8880,1
8881,0
8882,0
8883,1
8884,0
8885,1
8886,0
8887,1
8888,1
8889,0
8890,1
8891,0
8892,0
8893,1
8894,1
8895,0
8896,0
8897,1
8898,0
8899,0
8900,1
8901,1
8902,1
8903,1
8904,1
8905,1
8906,1
8907,1
8908,0
8909,1
8910,1
8911,1
8912,0
8913,1
8914,1
8915,1
8916,1
8917,0
8918,0
8919,0
8920,1
8921,0
8922,2
8923,1
8924,1
8925,0
8926,1
8927,0
8928,0
8929,0
8930,0
8931,1
8932,0
8933,0
8934,0
8935,0
8936,1
8937,0
8938,1
8939,1
8940,0
8941,1
8942,1
8943,0
8944,1
8945,0
8946,1
8947,0
8948,1
8949,2
8950,0
8951,1
8952,0
8953,0
8954,0
8955,2
8956,0
8957,0
8958,1
8959,0
8960,1
8961,0
8962,0
8963,0
8964,0
8965,0
8966,0
8967,0
8968,1
8969,1
8970,1
8971,0
8972,1
8973,1
8974,2
8975,1
8976,0
8977,0
8978,0
8979,1
8980,1
8981,0
8982,0
8983,1
8984,1
8985,0
8986,1
8987,0
8988,0
8989,0
8990,1
8991,0
8992,0
8993,0
8994,1
8995,1
8996,0
8997,0
8998,1
8999,1
9000,1
9001,1
9002,0
9003,1
9004,0
9005,1
9006,1
9007,1
9008,1
9009,0
9010,0
9011,2
9012,1
9013,1
9014,1
9015,0
9016,1
9017,1
9018,1
9019,1
9020,1
9021,0
9022,0
9023,0
9024,2
9025,0
9026,1
9027,1
9028,1
9029,1
9030,0
9031,1
9032,1
9033,0
9034,0
9035,2
9036,0
9037,0
9038,0
9039,1
9040,1
9041,0
9042,1
9043,1
9044,0
9045,1
9046,1
9047,0
9048,1
9049,0
9050,1
9051,0
9052,0
9053,1
9054,0
9055,0
9056,1
9057,1
9058,1
9059,1
9060,0
9061,0
9062,0
9063,0
9064,1
9065,0
9066,0
9067,0
9068,1
9069,1
9070,1
9071,1
9072,1
9073,1
9074,0
9075,0
9076,1
9077,1
9078,0
9079,0
9080,1
9081,0
9082,0
9083,1
9084,1
9085,1
9086,1
9087,0
9088,0
9089,0
9090,1
9091,0
9092,0
9093,0
9094,1
9095,1
9096,0
9097,1
9098,0
9099,0
9100,0
9101,1
9102,0
9103,0
9104,1
9105,0
9106,1
9107,1
9108,1
9109,1
9110,0
9111,1
9112,0
9113,1
9114,1
9115,1
9116,1
9117,1
9118,0
9119,0
9120,1
9121,1
9122,0
9123,1
9124,1
9125,1
9126,0
9127,1
9128,1
9129,0
9130,0
9131,1
9132,1
9133,0
9134,1
9135,1
9136,1
9137,1
9138,0
9139,1
9140,1
9141,1
9142,0
9143,0
9144,0
9145,1
9146,0
9147,1
9148,1
9149,0
9150,0
9151,0
9152,0
9153,1
9154,1
9155,0
9156,0
9157,1
9158,1
9159,0
9160,0
9161,0
9162,0
9163,1
9164,0
9165,0
9166,0
9167,1
9168,0
9169,1
9170,1
9171,0
9172,2
9173,1
9174,1
9175,0
9176,0
9177,0
9178,1
9179,0
9180,1
9181,0
9182,1
9183,1
9184,1
9185,1
9186,0
9187,0
9188,1
9189,1
9190,1
9191,0
9192,1
9193,1
9194,1
9195,0
9196,0
9197,0
9198,1
9199,0
9200,1
9201,1
9202,0
9203,2
9204,1
9205,0
9206,1
9207,0
9208,0
9209,1
9210,0
9211,1
9212,0
9213,0
9214,1
9215,1
9216,1
9217,0
9218,1
9219,1
9220,2
9221,1
9222,0
9223,2
9224,0
9225,0
9226,0
9227,1
9228,0
9229,0
9230,1
9231,0
9232,0
9233,1
9234,1
9235,0
9236,1
9237,0
9238,1
9239,0
9240,0
9241,1
9242,1
9243,1
9244,1
9245,0
9246,1
9247,1
9248,1
9249,0
9250,0
9251,1
9252,1
9253,1
9254,1
9255,0
9256,1
9257,0
9258,2
9259,1
9260,0
9261,0
9262,0
9263,1
9264,0
9265,0
9266,0
9267,0
9268,1
9269,1
9270,1
9271,0
9272,1
9273,0
9274,0
9275,1
9276,1
9277,0
9278,1
9279,0
9280,0
9281,0
9282,1
9283,1
9284,1
9285,1
9286,0
9287,0
9288,0
9289,0
9290,0
9291,1
9292,0
9293,1
9294,1
9295,1
9296,1
9297,1
9298,1
9299,0
9300,0
9301,1
9302,1
9303,0
9304,0
9305,1
9306,1
9307,1
9308,1
9309,0
9310,0
9311,0
9312,1
9313,0
9314,0
9315,0
9316,1
9317,1
9318,1
9319,1
9320,1
9321,0
9322,1
9323,1
9324,0
9325,1
9326,1
9327,1
9328,2
9329,0
9330,0
9331,0
9332,1
9333,1
9334,1
9335,0
9336,1
9337,0
9338,0
9339,1
9340,1
9341,0
9342,1
9343,0
9344,1
9345,0
9346,1
9347,1
9348,0
9349,0
9350,1
9351,1
9352,1
9353,1
9354,0
9355,0
9356,1
9357,0
9358,0
9359,1
9360,0
9361,0
9362,0
9363,1
9364,0
9365,1
9366,1
9367,1
9368,0
9369,1
9370,1
9371,1
9372,2
9373,0
9374,0
9375,1
9376,0
9377,0
9378,0
9379,1
9380,0
9381,1
9382,1
9383,1
9384,1
9385,0
9386,1
9387,1
9388,1
9389,1
9390,1
9391,0
9392,1
9393,0
9394,0
9395,1
9396,1
9397,1
9398,0
9399,0
9400,0
9401,2
9402,1
9403,1
9404,1
9405,0
9406,1
9407,1
9408,1
9409,1
9410,0
9411,1
9412,1
9413,0
9414,2
9415,0
9416,1
9417,1
9418,0
9419,0
9420,1
9421,1
9422,1
9423,0
9424,0
9425,1
9426,1
9427,1
9428,0
9429,0
9430,1
9431,1
9432,1
9433,1
9434,1
9435,0
9436,1
9437,0
9438,1
9439,1
9440,0
9441,0
9442,1
9443,0
9444,1
9445,1
9446,1
9447,0
9448,2
9449,1
9450,2
9451,1
9452,0
9453,1
9454,1
9455,0
9456,1
9457,1
9458,1
9459,0
9460,1
9461,0
9462,1
9463,0
9464,0
9465,0
9466,1
9467,0
9468,0
9469,0
9470,0
9471,0
9472,1
9473,0
9474,1
9475,0
9476,0
9477,0
9478,1
9479,0
9480,1
9481,2
9482,0
9483,1
9484,0
9485,0
9486,1
9487,0
9488,0
9489,1
9490,0
9491,0
9492,0
9493,2
9494,0
9495,1
9496,1
9497,1
9498,0
9499,0
9500,0
9501,1
9502,0
9503,1
9504,0
9505,1
9506,1
9507,0
9508,0
9509,0
9510,0
9511,1
9512,0
9513,0
9514,0
9515,1
9516,1
9517,1
9518,1
9519,1
9520,0
9521,0
9522,0
9523,0
9524,1
9525,0
9526,1
9527,0
9528,0
9529,1
9530,1
9531,2
9532,0
9533,0
9534,1
9535,1
9536,0
9537,0
9538,1
9539,0
9540,0
9541,0
9542,1
9543,1
9544,0
9545,1
9546,1
9547,0
9548,2
9549,1
9550,1
9551,0
9552,1
9553,0
9554,1
9555,0
9556,0
9557,0
9558,1
9559,1
9560,0
9561,1
9562,0
9563,0
9564,0
9565,0
9566,0
9567,1
9568,1
9569,0
9570,1
9571,0
9572,0
9573,1
9574,1
9575,2
9576,0
9577,2
9578,0
9579,0
9580,0
9581,0
9582,1
9583,2
9584,1
9585,1
9586,1
9587,1
9588,0
9589,2
9590,1
9591,0
9592,0
9593,1
9594,1
9595,0
9596,1
9597,1
9598,0
9599,1
9600,0
9601,0
9602,0
9603,0
9604,1
9605,0
9606,0
9607,1
9608,1
9609,0
9610,1
9611,1
9612,1
9613,1
9614,0
9615,0
9616,0
9617,0
9618,0
9619,1
9620,0
9621,0
9622,0
9623,1
9624,0
9625,0
9626,1
9627,0
9628,1
9629,1
9630,0
9631,0
9632,1
9633,1
9634,1
9635,1
9636,1
9637,0
9638,1
9639,0
9640,1
9641,0
9642,0
9643,1
9644,0
9645,0
9646,0
9647,1
9648,0
9649,0
9650,1
9651,0
9652,1
9653,1
9654,1
9655,0
9656,1
9657,1
9658,1
9659,1
9660,0
9661,2
9662,0
9663,1
9664,0
9665,1
9666,0
9667,1
9668,0
9669,0
9670,1
9671,1
9672,0
9673,1
9674,1
9675,0
9676,0
9677,0
9678,0
9679,0
9680,0
9681,0
9682,1
9683,0
9684,1
9685,1
9686,1
9687,0
9688,0
9689,0
9690,0
9691,1
9692,0
9693,0
9694,1
9695,0
9696,0
9697,1
9698,0
9699,1
9700,1
9701,1
9702,0
9703,0
9704,0
9705,1
9706,1
9707,1
9708,1
9709,1
9710,1
9711,0
9712,0
9713,0
9714,0
9715,2
9716,0
9717,0
9718,0
9719,0
9720,1
9721,1
9722,0
9723,0
9724,0
9725,1
9726,1
9727,0
9728,1
9729,0
9730,1
9731,0
9732,0
9733,1
9734,1
9735,1
9736,0
9737,1
9738,0
9739,1
9740,1
9741,0
9742,0
9743,0
9744,1
9745,0
9746,0
9747,0
9748,0
9749,1
9750,0
9751,1
9752,1
9753,1
9754,1
9755,0
9756,1
9757,1
9758,1
9759,1
9760,1
9761,0
9762,1
9763,0
9764,0
9765,0
9766,0
9767,1
9768,0
9769,0
9770,1
9771,0
9772,1
9773,1
9774,0
9775,1
9776,0
9777,0
9778,0
9779,0
9780,0
9781,0
9782,1
9783,1
9784,1
9785,1
9786,0
9787,1
9788,1
9789,1
9790,0
9791,1
9792,0
9793,1
9794,1
9795,0
9796,1
9797,0
9798,1
9799,1
9800,0
9801,1
9802,1
9803,0
9804,0
9805,0
9806,1
9807,1
9808,0
9809,0
9810,1
9811,1
9812,0
9813,0
9814,0
9815,1
9816,1
9817,0
9818,1
9819,1
9820,1
9821,0
9822,0
9823,1
9824,1
9825,1
9826,1
9827,0
9828,0
9829,1
9830,1
9831,0
9832,0
9833,1
9834,0
9835,0
9836,1
9837,1
9838,0
9839,1
9840,0
9841,1
9842,2
9843,0
9844,1
9845,0
9846,0
9847,1
9848,1
9849,0
9850,0
9851,1
9852,0
9853,1
9854,1
9855,0
9856,0
9857,1
9858,0
9859,2
9860,0
9861,1
9862,1
9863,0
9864,0
9865,1
9866,1
9867,1
9868,1
9869,1
9870,1
9871,0
9872,1
9873,0
9874,1
9875,1
9876,0
9877,0
9878,0
9879,0
9880,0
9881,1
9882,0
9883,1
9884,1
9885,0
9886,1
9887,1
9888,1
9889,0
9890,0
9891,0
9892,0
9893,1
9894,1
9895,0
9896,1
9897,0
9898,1
9899,1
9900,1
9901,0
9902,2
9903,1
9904,0
9905,0
9906,1
9907,1
9908,0
9909,0
9910,1
9911,1
9912,0
9913,1
9914,0
9915,0
9916,1
9917,1
9918,0
9919,1
9920,0
9921,1
9922,1
9923,0
9924,1
9925,1
9926,1
9927,1
9928,1
9929,1
9930,0
9931,1
9932,0
9933,0
9934,0
9935,1
9936,1
9937,1
9938,1
9939,1
9940,0
9941,0
9942,1
9943,1
9944,1
9945,1
9946,0
9947,1
9948,0
9949,0
9950,1
9951,1
9952,1
9953,0
9954,1
9955,1
9956,1
9957,1
9958,1
9959,0
9960,1
9961,0
9962,1
9963,1
9964,1
9965,0
9966,0
9967,0
9968,1
9969,1
9970,0
9971,0
9972,0
9973,0
9974,0
9975,0
9976,0
9977,0
9978,0
9979,0
9980,0
9981,1
9982,2
9983,1
9984,0
9985,0
9986,1
9987,1
9988,1
9989,0
9990,1
9991,1
9992,0
9993,1
9994,1
9995,0
9996,0
9997,0
9998,0
9999,1
10000,0
10001,1
10002,2
10003,0
10004,1
10005,0
10006,1
10007,1
10008,0
10009,0
10010,1
10011,1
10012,0
10013,0
10014,0
10015,1
10016,1
10017,1
10018,1
10019,1
10020,1
10021,1
10022,0
10023,0
10024,1
10025,2
10026,2
10027,1
10028,1
10029,1
10030,1
10031,0
10032,1
10033,1
10034,0
10035,1
10036,1
10037,1
10038,0
10039,1
10040,0
10041,0
10042,0
10043,0
10044,1
10045,1
10046,0
10047,0
10048,1
10049,0
10050,1
10051,0
10052,0
10053,1
10054,1
10055,1
10056,0
10057,1
10058,1
10059,0
10060,0
10061,0
10062,1
10063,1
10064,1
10065,1
10066,1
10067,0
10068,0
10069,0
10070,0
10071,0
10072,0
10073,1
10074,1
10075,0
10076,1
10077,1
10078,0
10079,1
10080,1
10081,0
10082,0
10083,1
10084,1
10085,0
10086,1
10087,0
10088,1
10089,0
10090,0
10091,1
10092,0
10093,1
10094,1
10095,0
10096,0
10097,0
10098,1
10099,1
10100,1
10101,2
10102,1
10103,0
10104,0
10105,0
10106,0
10107,1
10108,2
10109,1
10110,1
10111,0
10112,0
10113,1
10114,1
10115,1
10116,1
10117,1
10118,0
10119,1
10120,1
10121,1
10122,0
10123,1
10124,0
10125,1
10126,0
10127,0
10128,0
10129,0
10130,0
10131,1
10132,0
10133,1
10134,1
10135,0
10136,1
10137,0
10138,0
10139,1
10140,0
10141,1
10142,2
10143,1
10144,1
10145,1
10146,1
10147,0
10148,0
10149,1
10150,1
10151,0
10152,0
10153,0
10154,1
10155,0
10156,1
10157,0
10158,1
10159,1
10160,1
10161,1
10162,0
10163,1
10164,1
10165,1
10166,1
10167,0
10168,0
10169,0
10170,1
10171,1
10172,0
10173,1
10174,0
10175,1
10176,0
10177,0
10178,0
10179,0
10180,1
10181,0
10182,1
10183,1
10184,2
10185,1
10186,1
10187,1
10188,0
10189,1
10190,1
10191,1
10192,1
10193,0
10194,0
10195,0
10196,0
10197,0
10198,0
10199,0
10200,1
10201,1
10202,0
10203,1
10204,1
10205,1
10206,0
10207,0
10208,1
10209,1
10210,2
10211,2
10212,1
10213,0
10214,0
10215,0
10216,0
10217,2
10218,0
10219,0
10220,1
10221,0
10222,1
10223,0
10224,1
10225,0
10226,0
10227,1
10228,1
10229,0
10230,0
10231,0
10232,1
10233,0
10234,0
10235,1
10236,0
10237,0
10238,1
10239,1
10240,1
10241,0
10242,1
10243,1
10244,0
10245,1
10246,0
10247,0
10248,0
10249,0
10250,2
10251,1
10252,1
10253,1
10254,1
10255,1
10256,0
10257,0
10258,0
10259,1
10260,1
10261,0
10262,0
10263,1
10264,0
10265,1
10266,1
10267,1
10268,0
10269,0
10270,0
10271,0
10272,1
10273,1
10274,1
10275,1
10276,0
10277,0
10278,0
10279,1
10280,1
10281,0
10282,0
10283,0
10284,0
10285,0
10286,1
10287,0
10288,1
10289,1
10290,0
10291,1
10292,1
10293,0
10294,1
10295,0
10296,1
10297,0
10298,0
10299,1
10300,1
10301,1
10302,1
10303,0
10304,0
10305,0
10306,1
10307,0
10308,0
10309,1
10310,1
10311,0
10312,1
10313,0
10314,0
10315,0
10316,1
10317,1
10318,0
10319,2
10320,0
10321,1
10322,1
10323,1
10324,0
10325,0
10326,1
10327,0
10328,0
10329,0
10330,0
10331,0
10332,1
10333,0
10334,1
10335,0
10336,1
10337,1
10338,1
10339,1
10340,1
10341,1
10342,1
10343,0
10344,1
10345,0
10346,0
10347,1
10348,0
10349,1
10350,1
10351,1
10352,0
10353,1
10354,0
10355,0
10356,1
10357,1
10358,2
10359,1
10360,0
10361,1
10362,1
10363,0
10364,1
10365,1
10366,1
10367,1
10368,1
10369,0
10370,1
10371,1
10372,1
10373,1
10374,0
10375,2
10376,0
10377,1
10378,0
10379,1
10380,1
10381,0
10382,0
10383,0
10384,0
10385,0
10386,0
10387,0
10388,1
10389,1
10390,1
10391,0
10392,1
10393,1
10394,0
10395,1
10396,0
10397,0
10398,0
10399,0
10400,1
10401,0
10402,1
10403,1
10404,0
10405,0
10406,1
10407,1
10408,0
10409,1
10410,1
10411,0
10412,0
10413,1
10414,1
10415,0
10416,0
10417,0
10418,0
10419,0
10420,1
10421,0
10422,2
10423,0
10424,0
10425,1
10426,0
10427,1
10428,1
10429,1
10430,0
10431,1
10432,1
10433,1
10434,0
10435,1
10436,1
10437,1
10438,1
10439,1
10440,0
10441,1
10442,0
10443,0
10444,0
10445,1
10446,1
10447,0
10448,0
10449,1
10450,1
10451,0
10452,0
10453,1
10454,0
10455,1
10456,0
10457,1
10458,0
10459,0
10460,0
10461,1
10462,1
10463,0
10464,1
10465,1
10466,0
10467,0
10468,1
10469,1
10470,0
10471,0
10472,1
10473,1
10474,1
10475,1
10476,0
10477,1
10478,1
10479,0
10480,1
10481,0
10482,0
10483,0
10484,0
10485,1
10486,2
10487,0
10488,1
10489,0
10490,2
10491,0
10492,0
10493,0
10494,0
10495,1
10496,0
10497,1
10498,1
10499,1
10500,0
10501,0
10502,0
10503,1
10504,1
10505,0
10506,1
10507,0
10508,1
10509,2
10510,0
10511,1
10512,1
10513,1
10514,1
10515,1
10516,1
10517,1
10518,0
10519,1
10520,0
10521,1
10522,1
10523,0
10524,1
10525,0
10526,1
10527,0
10528,1
10529,0
10530,0
10531,1
10532,0
10533,1
10534,1
10535,0
10536,0
10537,0
10538,0
10539,0
10540,0
10541,1
10542,2
10543,1
10544,1
10545,1
10546,1
10547,0
10548,0
10549,1
10550,1
10551,0
10552,0
10553,0
10554,0
10555,1
10556,1
10557,1
10558,1
10559,1
10560,0
10561,1
10562,0
10563,0
10564,1
10565,0
10566,1
10567,2
10568,1
10569,1
10570,0
10571,1
10572,1
10573,1
10574,0
10575,1
10576,1
10577,2
10578,1
10579,0
10580,0
10581,1
10582,1
10583,1
10584,0
10585,1
10586,0
10587,1
10588,0
10589,1
10590,1
10591,0
10592,0
10593,1
10594,1
10595,1
10596,1
10597,1
10598,1
10599,1
10600,1
10601,0
10602,0
10603,1
10604,0
10605,0
10606,1
10607,1
10608,1
10609,1
10610,0
10611,1
10612,1
10613,1
10614,1
10615,0
10616,0
10617,1
10618,0
10619,1
10620,1
10621,0
10622,0
10623,0
10624,1
10625,0
10626,1
10627,1
10628,1
10629,1
10630,0
10631,0
10632,1
10633,1
10634,0
10635,0
10636,0
10637,0
10638,1
10639,1
10640,0
10641,1
10642,0
10643,0
10644,1
10645,0
10646,1
10647,0
10648,1
10649,1
10650,1
10651,0
10652,0
10653,0
10654,0
10655,1
10656,0
10657,1
10658,1
10659,1
10660,2
10661,1
10662,0
10663,0
10664,1
10665,0
10666,1
10667,1
10668,0
10669,0
10670,0
10671,1
10672,0
10673,0
10674,0
10675,0
10676,0
10677,0
10678,2
10679,0
10680,1
10681,1
10682,0
10683,0
10684,1
10685,0
10686,0
10687,1
10688,0
10689,1
10690,1
10691,0
10692,0
10693,1
10694,1
10695,1
10696,0
10697,0
10698,0
10699,0
10700,0
10701,1
10702,0
10703,1
10704,1
10705,1
10706,1
10707,0
10708,0
10709,0
10710,0
10711,0
10712,0
10713,0
10714,0
10715,1
10716,1
10717,0
10718,1
10719,0
10720,0
10721,0
10722,1
10723,0
10724,1
10725,0
10726,1
10727,0
10728,1
10729,2
10730,0
10731,0
10732,0
10733,1
10734,1
10735,1
10736,0
10737,1
10738,1
10739,2
10740,1
10741,0
10742,0
10743,0
10744,0
10745,1
10746,0
10747,0
10748,1
10749,1
10750,0
10751,1
10752,1
10753,0
10754,0
10755,0
10756,0
10757,0
10758,0
10759,1
10760,1
10761,1
10762,0
10763,0
10764,0
10765,0
10766,0
10767,1
10768,1
10769,1
10770,1
10771,0
10772,1
10773,1
10774,0
10775,1
10776,1
10777,0
10778,1
10779,0
10780,0
10781,0
10782,1
10783,2
10784,1
10785,0
10786,0
10787,0
10788,0
10789,0
10790,1
10791,0
10792,1
10793,1
10794,1
10795,1
10796,1
10797,1
10798,1
10799,0
10800,0
10801,1
10802,1
10803,0
10804,1
10805,1
10806,1
10807,1
10808,2
10809,1
10810,0
10811,0
10812,2
10813,1
10814,0
10815,1
10816,0
10817,1
10818,1
10819,1
10820,1
10821,0
10822,1
10823,0
10824,0
10825,1
10826,0
10827,0
10828,0
10829,1
10830,0
10831,0
10832,0
10833,1
10834,0
10835,1
10836,0
10837,1
10838,2
10839,0
10840,0
10841,1
10842,1
10843,1
10844,1
10845,1
10846,1
10847,1
10848,1
10849,1
10850,1
10851,1
10852,1
10853,2
10854,0
10855,0
10856,0
10857,1
10858,0
10859,1
10860,0
10861,0
10862,1
10863,1
10864,1
10865,0
10866,1
10867,0
10868,0
10869,0
10870,0
10871,1
10872,1
10873,1
10874,0
10875,0
10876,0
10877,2
10878,1
10879,1
10880,1
10881,1
10882,0
10883,0
10884,0
10885,1
10886,0
10887,0
10888,0
10889,1
10890,0
10891,0
10892,2
10893,0
10894,0
10895,0
10896,0
10897,0
10898,2
10899,1
10900,1
10901,1
10902,0
10903,1
10904,0
10905,0
10906,1
10907,0
10908,1
10909,0
10910,1
10911,0
10912,2
10913,1
10914,0
10915,0
10916,0
10917,0
10918,2
10919,0
10920,0
10921,0
10922,1
10923,1
10924,0
10925,1
10926,0
10927,0
10928,0
10929,0
10930,0
10931,1
10932,1
10933,0
10934,1
10935,1
10936,1
10937,1
10938,2
10939,1
10940,0
10941,1
10942,0
10943,0
10944,1
10945,0
10946,0
10947,1
10948,1
10949,0
10950,1
10951,1
10952,0
10953,1
10954,0
10955,0
10956,0
10957,1
10958,0
10959,1
10960,1
10961,0
10962,0
10963,1
10964,1
10965,0
10966,0
10967,1
10968,0
10969,0
10970,1
10971,0
10972,0
10973,0
10974,1
10975,1
10976,0
10977,0
10978,1
10979,1
10980,1
10981,0
10982,1
10983,1
10984,0
10985,0
10986,0
10987,1
10988,1
10989,0
10990,1
10991,1
10992,1
10993,0
10994,0
10995,0
10996,1
10997,0
10998,0
10999,1
11000,0
11001,0
11002,1
11003,0
11004,0
11005,0
11006,1
11007,0
11008,1
11009,0
11010,0
11011,0
11012,1
11013,0
11014,1
11015,0
11016,1
11017,1
11018,1
11019,1
11020,0
11021,0
11022,0
11023,0
11024,0
11025,1
11026,1
11027,1
11028,0
11029,1
11030,0
11031,1
11032,1
11033,0
11034,1
11035,0
11036,0
11037,1
11038,0
11039,1
11040,1
11041,1
11042,1
11043,1
11044,0
11045,1
11046,1
11047,1
11048,0
11049,1
11050,1
11051,1
11052,1
11053,0
11054,1
11055,0
11056,1
11057,0
11058,0
11059,1
11060,0
11061,0
11062,1
11063,1
11064,1
11065,1
11066,0
11067,0
11068,0
11069,2
11070,0
11071,1
11072,0
11073,1
11074,1
11075,0
11076,1
11077,1
11078,1
11079,0
11080,0
11081,1
11082,1
11083,0
11084,1
11085,1
11086,0
11087,1
11088,0
11089,1
11090,1
11091,0
11092,1
11093,0
11094,0
11095,1
11096,0
11097,0
11098,2
11099,0
11100,1
11101,0
11102,1
11103,0
11104,1
11105,1
11106,0
11107,1
11108,1
11109,1
11110,0
11111,1
11112,1
11113,0
11114,0
11115,1
11116,1
11117,0
11118,0
11119,0
11120,0
11121,0
11122,0
11123,1
11124,1
11125,1
11126,1
11127,1
11128,0
11129,1
11130,0
11131,0
11132,0
11133,1
11134,1
11135,0
11136,0
11137,1
11138,1
11139,1
11140,0
11141,1
11142,1
11143,0
11144,1
11145,1
11146,1
11147,1
11148,1
11149,1
11150,0
11151,1
11152,0
11153,1
11154,1
11155,0
11156,1
11157,2
11158,1
11159,0
11160,0
11161,1
11162,0
11163,0
11164,0
11165,0
11166,0
11167,0
11168,1
11169,1
11170,0
11171,0
11172,1
11173,0
11174,0
11175,0
11176,0
11177,0
11178,0
11179,0
11180,0
11181,1
11182,1
11183,1
11184,2
11185,0
11186,0
11187,1
11188,0
11189,0
11190,0
11191,0
11192,1
11193,1
11194,1
11195,0
11196,0
11197,1
11198,0
11199,0
11200,1
11201,0
11202,1
11203,1
11204,1
11205,0
11206,0
11207,0
11208,0
11209,0
11210,0
11211,0
11212,0
11213,1
11214,1
11215,0
11216,1
11217,1
11218,1
11219,0
11220,1
11221,0
11222,1
11223,1
11224,0
11225,0
11226,0
11227,1
11228,0
11229,1
11230,0
11231,0
11232,2
11233,1
11234,0
11235,0
11236,1
11237,1
11238,0
11239,1
11240,0
11241,1
11242,0
11243,1
11244,0
11245,0
11246,1
11247,0
11248,1
11249,0
11250,1
11251,1
11252,0
11253,1
11254,1
11255,0
11256,1
11257,1
11258,1
11259,0
11260,1
11261,0
11262,0
11263,0
11264,1
11265,0
11266,1
11267,1
11268,0
11269,1
11270,0
11271,2
11272,0
11273,1
11274,1
11275,0
11276,0
11277,0
11278,0
11279,0
11280,0
11281,1
11282,0
11283,0
11284,0
11285,0
11286,0
11287,1
11288,0
11289,1
11290,0
11291,1
11292,0
11293,0
11294,0
11295,0
11296,0
11297,0
11298,1
11299,0
11300,0
11301,1
11302,0
11303,0
11304,0
11305,1
11306,0
11307,1
11308,1
11309,1
11310,1
11311,0
11312,0
11313,0
11314,0
11315,1
11316,1
11317,0
11318,1
11319,0
11320,0
11321,0
11322,1
11323,1
11324,1
11325,1
11326,1
11327,2
11328,0
11329,1
11330,1
11331,1
11332,0
11333,1
11334,0
11335,1
11336,1
11337,1
11338,1
11339,1
11340,0
11341,1
11342,1
11343,1
11344,0
11345,1
11346,1
11347,0
11348,0
11349,1
11350,0
11351,0
11352,2
11353,1
11354,1
11355,0
11356,0
11357,0
11358,0
11359,1
11360,1
11361,1
11362,1
11363,0
11364,1
11365,0
11366,0
11367,1
11368,1
11369,0
11370,0
11371,0
11372,1
11373,0
11374,1
11375,0
11376,2
11377,2
11378,0
11379,1
11380,1
11381,0
11382,0
11383,2
11384,1
11385,1
11386,0
11387,0
11388,1
11389,1
11390,1
11391,0
11392,1
11393,0
11394,1
11395,0
11396,0
11397,0
11398,0
11399,0
11400,2
11401,0
11402,0
11403,1
11404,0
11405,0
11406,0
11407,1
11408,0
11409,0
11410,0
11411,0
11412,1
11413,1
11414,0
11415,0
11416,1
11417,1
11418,0
11419,0
11420,1
11421,1
11422,0
11423,1
11424,0
11425,1
11426,1
11427,0
11428,1
11429,1
11430,0
11431,1
11432,1
11433,1
11434,1
11435,0
11436,0
11437,1
11438,1
11439,0
11440,1
11441,0
11442,2
11443,1
11444,0
11445,1
11446,0
11447,1
11448,1
11449,1
11450,1
11451,1
11452,1
11453,1
11454,1
11455,1
11456,1
11457,0
11458,1
11459,0
11460,0
11461,0
11462,1
11463,0
11464,1
11465,0
11466,0
11467,0
11468,0
11469,1
11470,0
11471,0
11472,1
11473,0
11474,0
11475,1
11476,0
11477,1
11478,0
11479,0
11480,0
11481,0
11482,0
11483,0
11484,0
11485,1
11486,0
11487,0
11488,1
11489,0
11490,0
11491,1
11492,1
11493,0
11494,0
11495,1
11496,1
11497,0
11498,0
11499,1
11500,1
11501,0
11502,1
11503,1
11504,0
11505,1
11506,1
11507,1
11508,0
11509,0
11510,1
11511,0
11512,1
11513,0
11514,0
11515,0
11516,0
11517,1
11518,1
11519,1
11520,0
11521,1
11522,1
11523,0
11524,0
11525,1
11526,1
11527,1
11528,1
11529,0
11530,1
11531,0
11532,1
11533,0
11534,1
11535,1
11536,1
11537,0
11538,1
11539,1
11540,1
11541,0
11542,0
11543,1
11544,0
11545,1
11546,1
11547,1
11548,1
11549,1
11550,0
11551,1
11552,0
11553,1
11554,0
11555,0
11556,1
11557,0
11558,1
11559,1
11560,0
11561,0
11562,1
11563,0
11564,0
11565,1
11566,0
11567,1
11568,0
11569,1
11570,0
11571,1
11572,1
11573,1
11574,1
11575,0
11576,1
11577,1
11578,0
11579,0
11580,0
11581,0
11582,1
11583,1
11584,1
11585,0
11586,1
11587,0
11588,0
11589,0
11590,0
11591,1
11592,1
11593,0
11594,0
11595,2
11596,1
11597,0
11598,0
11599,0
11600,0
11601,1
11602,1
11603,1
11604,0
11605,0
11606,1
11607,1
11608,0
11609,0
11610,1
11611,0
11612,1
11613,1
11614,0
11615,0
11616,0
11617,0
11618,0
11619,1
11620,1
11621,0
11622,0
11623,1
11624,1
11625,0
11626,0
11627,1
11628,1
11629,0
11630,0
11631,1
11632,0
11633,0
11634,0
11635,1
11636,0
11637,1
11638,0
11639,1
11640,1
11641,0
11642,0
11643,0
11644,1
11645,1
11646,1
11647,0
11648,0
11649,1
11650,0
11651,0
11652,1
11653,1
11654,1
11655,1
11656,1
11657,1
11658,0
11659,1
11660,1
11661,0
11662,0
11663,1
11664,1
11665,0
11666,1
11667,1
11668,1
11669,1
11670,1
11671,2
11672,0
11673,0
11674,1
11675,0
11676,1
11677,1
11678,0
11679,1
11680,0
11681,1
11682,1
11683,0
11684,0
11685,0
11686,1
11687,0
11688,1
11689,1
11690,0
11691,0
11692,0
11693,0
11694,0
11695,0
11696,0
11697,0
11698,0
11699,0
11700,1
11701,0
11702,1
11703,1
11704,1
11705,1
11706,0
11707,0
11708,2
11709,1
11710,0
11711,1
11712,0
11713,1
11714,0
11715,0
11716,0
11717,0
11718,1
11719,1
11720,1
11721,0
11722,1
11723,1
11724,1
11725,0
11726,1
11727,1
11728,1
11729,0
11730,0
11731,1
11732,0
11733,0
11734,0
11735,1
11736,1
11737,2
11738,1
11739,0
11740,0
11741,1
11742,0
11743,1
11744,1
11745,1
11746,0
11747,1
11748,0
11749,0
11750,2
11751,1
11752,0
11753,0
11754,1
11755,0
11756,0
11757,1
11758,1
11759,0
11760,0
11761,0
11762,0
11763,2
11764,1
11765,1
11766,0
11767,1
11768,0
11769,1
11770,0
11771,1
11772,1
11773,1
11774,1
11775,1
11776,0
11777,1
11778,2
11779,1
11780,1
11781,0
11782,0
11783,1
11784,0
11785,1
11786,1
11787,1
11788,1
11789,1
11790,1
11791,1
11792,1
11793,1
11794,1
11795,2
11796,0
11797,1
11798,0
11799,0
11800,0
11801,0
11802,0
11803,1
11804,0
11805,0
11806,0
11807,0
11808,1
11809,0
11810,1
11811,1
11812,0
11813,2
11814,0
11815,1
11816,0
11817,1
11818,1
11819,1
11820,2
11821,1
11822,0
11823,0
11824,0
11825,1
11826,0
11827,0
11828,0
11829,1
11830,1
11831,1
11832,0
11833,0
11834,1
11835,1
11836,1
11837,1
11838,1
11839,1
11840,1
11841,1
11842,0
11843,2
11844,0
11845,1
11846,0
11847,1
11848,0
11849,1
11850,0
11851,1
11852,1
11853,0
11854,1
11855,0
11856,0
11857,0
11858,0
11859,0
11860,1
11861,0
11862,0
11863,1
11864,1
11865,1
11866,1
11867,1
11868,1
11869,1
11870,0
11871,0
11872,1
11873,1
11874,1
11875,1
11876,1
11877,1
11878,0
11879,0
11880,0
11881,0
11882,0
11883,1
11884,0
11885,0
11886,1
11887,0
11888,1
11889,1
11890,1
11891,0
11892,1
11893,1
11894,1
11895,0
11896,0
11897,0
11898,1
11899,0
11900,0
11901,1
11902,1
11903,1
11904,1
11905,2
11906,0
11907,1
11908,1
11909,1
11910,0
11911,0
11912,0
11913,0
11914,0
11915,0
11916,1
11917,0
11918,0
11919,1
11920,0
11921,1
11922,0
11923,1
11924,1
11925,0
11926,1
11927,0
11928,1
11929,1
11930,0
11931,0
11932,1
11933,0
11934,2
11935,1
11936,0
11937,0
11938,0
11939,1
11940,0
11941,0
11942,0
11943,1
11944,1
11945,1
11946,1
11947,0
11948,1
11949,0
11950,1
11951,1
11952,1
11953,0
11954,1
11955,1
11956,2
11957,0
11958,1
11959,1
11960,0
11961,0
11962,0
11963,1
11964,1
11965,1
11966,1
11967,0
11968,0
11969,1
11970,0
11971,1
11972,1
11973,1
11974,0
11975,1
11976,0
11977,0
11978,0
11979,1
11980,0
11981,1
11982,1
11983,0
11984,1
11985,0
11986,0
11987,1
11988,1
11989,0
11990,1
11991,1
11992,1
11993,0
11994,0
11995,0
11996,2
11997,1
11998,1
11999,0
12000,0
12001,1
12002,1
12003,0
12004,1
12005,1
12006,0
12007,1
12008,1
12009,0
12010,1
12011,0
12012,0
12013,1
12014,0
12015,1
12016,1
12017,0
12018,1
12019,0
12020,1
12021,1
12022,1
12023,0
12024,1
12025,1
12026,0
12027,1
12028,0
12029,1
12030,1
12031,0
12032,0
12033,1
12034,1
12035,1
12036,1
12037,1
12038,1
12039,0
12040,1
12041,0
12042,0
12043,1
12044,1
12045,1
12046,1
12047,0
12048,0
12049,1
12050,0
12051,0
12052,1
12053,1
12054,1
12055,1
12056,0
12057,0
12058,1
12059,1
12060,0
12061,1
12062,1
12063,0
12064,0
12065,2
12066,1
12067,0
12068,0
12069,0
12070,1
12071,1
12072,1
12073,0
12074,0
12075,0
12076,0
12077,1
12078,1
12079,0
12080,0
12081,0
12082,0
12083,1
12084,0
12085,1
12086,0
12087,1
12088,1
12089,0
12090,1
12091,0
12092,1
12093,0
12094,1
12095,1
12096,0
12097,1
12098,1
12099,2
12100,1
12101,0
12102,1
12103,1
12104,0
12105,1
12106,0
12107,0
12108,0
12109,0
12110,0
12111,0
12112,1
12113,0
12114,0
12115,1
12116,1
12117,1
12118,1
12119,0
12120,1
12121,0
12122,0
12123,1
12124,0
12125,1
12126,1
12127,0
12128,0
12129,0
12130,0
12131,0
12132,0
12133,0
12134,0
12135,1
12136,0
12137,1
12138,0
12139,0
12140,1
12141,1
12142,1
12143,1
12144,1
12145,0
12146,1
12147,1
12148,0
12149,1
12150,1
12151,1
12152,1
12153,1
12154,1
12155,1
12156,1
12157,0
12158,1
12159,1
12160,0
12161,1
12162,0
12163,0
12164,0
12165,0
12166,1
12167,0
12168,0
12169,1
12170,0
12171,1
12172,0
12173,0
12174,0
12175,0
12176,1
12177,0
12178,1
12179,0
12180,0
12181,1
12182,0
12183,0
12184,2
12185,1
12186,1
12187,1
12188,0
12189,0
12190,1
12191,0
12192,1
12193,1
12194,0
12195,1
12196,0
12197,0
12198,1
12199,1
12200,0
12201,1
12202,0
12203,1
12204,1
12205,0
12206,0
12207,2
12208,0
12209,1
12210,1
12211,1
12212,1
12213,1
12214,0
12215,0
12216,1
12217,0
12218,1
12219,1
12220,1
12221,0
12222,0
12223,0
12224,1
12225,1
12226,1
12227,0
12228,1
12229,1
12230,1
12231,0
12232,0
12233,0
12234,1
12235,1
12236,1
12237,1
12238,0
12239,1
12240,0
12241,0
12242,2
12243,0
12244,1
12245,0
12246,1
12247,0
12248,1
12249,0
12250,1
12251,1
12252,1
12253,1
12254,0
12255,0
12256,0
12257,1
12258,0
12259,1
12260,0
12261,1
12262,1
12263,0
12264,1
12265,0
12266,1
12267,0
12268,1
12269,0
12270,1
12271,0
12272,0
12273,1
12274,1
12275,0
12276,1
12277,0
12278,1
12279,0
12280,1
12281,0
12282,1
12283,1
12284,1
12285,1
12286,0
12287,1
12288,0
12289,1
12290,0
12291,0
12292,1
12293,1
12294,0
12295,1
12296,1
12297,1
12298,1
12299,1
12300,1
12301,0
12302,1
12303,0
12304,0
12305,1
12306,2
12307,1
12308,1
12309,1
12310,1
12311,0
12312,0
12313,1
12314,1
12315,0
12316,1
12317,0
12318,1
12319,1
12320,0
12321,1
12322,1
12323,1
12324,1
12325,0
12326,0
12327,2
12328,0
12329,1
12330,0
12331,0
12332,1
12333,1
12334,0
12335,0
12336,2
12337,0
12338,1
12339,0
12340,1
12341,1
12342,1
12343,0
12344,1
12345,0
12346,0
12347,0
12348,0
12349,0
12350,0
12351,2
12352,0
12353,0
12354,0
12355,0
12356,0
12357,1
12358,0
12359,1
12360,1
12361,2
12362,1
12363,0
12364,1
12365,1
12366,1
12367,0
12368,1
12369,0
12370,1
12371,0
12372,0
12373,0
12374,0
12375,0
12376,0
12377,0
12378,1
12379,1
12380,0
12381,0
12382,0
12383,1
12384,1
12385,1
12386,0
12387,0
12388,1
12389,0
12390,1
12391,1
12392,1
12393,0
12394,0
12395,0
12396,0
12397,0
12398,1
12399,2
12400,1
12401,1
12402,0
12403,1
12404,1
12405,1
12406,1
12407,1
12408,1
12409,1
12410,1
12411,1
12412,1
12413,0
12414,0
12415,0
12416,1
12417,1
12418,1
12419,0
12420,0
12421,1
12422,1
12423,1
12424,0
12425,0
12426,1
12427,1
12428,1
12429,1
12430,0
12431,1
12432,0
12433,1
12434,0
12435,1
12436,0
12437,1
12438,0
12439,0
12440,1
12441,1
12442,2
12443,1
12444,1
12445,1
12446,0
12447,0
12448,1
12449,1
12450,0
12451,1
12452,0
12453,0
12454,1
12455,0
12456,1
12457,1
12458,1
12459,1
12460,1
12461,1
12462,1
12463,0
12464,0
12465,0
12466,1
12467,0
12468,0
12469,0
12470,0
12471,1
12472,0
12473,1
12474,0
12475,1
12476,1
12477,0
12478,0
12479,1
12480,0
12481,1
12482,0
12483,0
12484,1
12485,1
12486,1
12487,0
12488,1
12489,0
12490,1
12491,0
12492,0
12493,0
12494,0
12495,0
12496,0
12497,1
12498,1
12499,0
12500,0
12501,1
12502,0
12503,1
12504,1
12505,1
12506,1
12507,1
12508,1
12509,1
12510,0
12511,1
12512,0
12513,1
12514,1
12515,0
12516,1
12517,1
12518,0
12519,1
12520,1
12521,0
12522,1
12523,0
12524,0
12525,1
12526,1
12527,0
12528,0
12529,0
12530,2
12531,1
12532,0
12533,1
12534,0
12535,0
12536,1
12537,2
12538,0
12539,0
12540,1
12541,1
12542,1
12543,1
12544,1
12545,1
12546,1
12547,1
12548,0
12549,0
12550,1
12551,0
12552,0
12553,0
12554,1
12555,0
12556,1
12557,0
12558,0
12559,0
12560,1
12561,1
12562,1
12563,1
12564,0
12565,0
12566,1
12567,1
12568,1
12569,0
12570,1
12571,1
12572,0
12573,1
12574,0
12575,1
12576,1
12577,1
12578,0
12579,1
12580,0
12581,0
12582,0
12583,1
12584,0
12585,0
12586,1
12587,1
12588,0
12589,0
12590,1
12591,0
12592,1
12593,0
12594,1
12595,0
12596,0
12597,0
12598,2
12599,1
12600,0
12601,0
12602,1
12603,0
12604,0
12605,1
12606,0
12607,0
12608,0
12609,0
12610,1
12611,2
12612,1
12613,0
12614,0
12615,0
12616,1
12617,1
12618,0
12619,0
12620,1
12621,0
12622,1
12623,0
12624,0
12625,1
12626,1
12627,0
12628,1
12629,0
12630,0
12631,1
12632,1
12633,1
12634,0
12635,0
12636,0
12637,0
12638,0
12639,1
12640,1
12641,1
12642,0
12643,1
12644,0
12645,0
12646,0
12647,1
12648,0
12649,0
12650,2
12651,1
12652,0
12653,0
12654,0
12655,0
12656,0
12657,0
12658,1
12659,0
12660,1
12661,0
12662,0
12663,0
12664,1
12665,0
12666,1
12667,0
12668,0
12669,1
12670,0
12671,1
12672,0
12673,0
12674,0
12675,0
12676,1
12677,0
12678,0
12679,1
12680,1
12681,1
12682,0
12683,1
12684,1
12685,1
12686,1
12687,0
12688,0
12689,0
12690,1
12691,1
12692,1
12693,0
12694,0
12695,0
12696,0
12697,0
12698,2
12699,0
12700,1
12701,1
12702,0
12703,1
12704,0
12705,0
12706,1
12707,0
12708,1
12709,1
12710,1
12711,1
12712,0
12713,1
12714,0
12715,1
12716,0
12717,0
12718,0
12719,0
12720,0
12721,1
12722,1
12723,0
12724,0
12725,1
12726,0
12727,0
12728,1
12729,0
12730,1
12731,0
12732,0
12733,0
12734,1
12735,0
12736,0
12737,0
12738,2
12739,0
12740,1
12741,1
12742,0
12743,1
12744,0
12745,0
12746,1
12747,1
12748,0
12749,0
12750,0
12751,0
12752,1
12753,0
12754,1
12755,0
12756,1
12757,1
12758,0
12759,1
12760,1
12761,1
12762,0
12763,1
12764,1
12765,1
12766,1
12767,1
12768,1
12769,0
12770,1
12771,1
12772,0
12773,0
12774,1
12775,0
12776,1
12777,1
12778,0
12779,1
12780,1
12781,1
12782,0
12783,1
12784,0
12785,1
12786,1
12787,1
12788,0
12789,0
12790,1
12791,0
12792,1
12793,1
12794,0
12795,1
12796,1
12797,0
12798,1
12799,1
12800,1
12801,1
12802,1
12803,1
12804,1
12805,1
12806,1
12807,0
12808,1
12809,1
12810,0
12811,1
12812,0
12813,0
12814,0
12815,1
12816,1
12817,1
12818,0
12819,0
12820,0
12821,2
12822,1
12823,0
12824,1
12825,1
12826,0
12827,1
12828,0
12829,1
12830,1
12831,0
12832,0
12833,0
12834,0
12835,0
12836,0
12837,0
12838,0
12839,0
12840,1
12841,0
12842,0
12843,1
12844,1
12845,1
12846,1
12847,0
12848,0
12849,0
12850,1
12851,1
12852,0
12853,1
12854,0
12855,1
12856,0
12857,1
12858,0
12859,1
12860,1
12861,0
12862,1
12863,1
12864,1
12865,1
12866,1
12867,1
12868,0
12869,1
12870,1
12871,1
12872,0
12873,1
12874,1
12875,0
12876,0
12877,1
12878,0
12879,0
12880,0
12881,0
12882,0
12883,1
12884,1
12885,1
12886,0
12887,1
12888,1
12889,0
12890,0
12891,0
12892,1
12893,0
12894,0
12895,0
12896,1
12897,1
12898,1
12899,1
12900,1
12901,1
12902,0
12903,1
12904,2
12905,0
12906,1
12907,1
12908,1
12909,0
12910,0
12911,1
12912,1
12913,1
12914,1
12915,0
12916,0
12917,0
12918,0
12919,1
12920,0
12921,1
12922,1
12923,0
12924,1
12925,0
12926,1
12927,0
12928,0
12929,1
12930,1
12931,1
12932,0
12933,1
12934,0
12935,0
12936,0
12937,1
12938,1
12939,1
12940,1
12941,1
12942,0
12943,0
12944,1
12945,1
12946,1
12947,1
12948,1
12949,0
12950,0
12951,1
12952,1
12953,0
12954,1
12955,0
12956,1
12957,0
12958,0
12959,0
12960,1
12961,1
12962,1
12963,1
12964,0
12965,1
12966,0
12967,0
12968,0
12969,1
12970,0
12971,1
12972,0
12973,1
12974,1
12975,0
12976,1
12977,1
12978,0
12979,1
12980,1
12981,1
12982,0
12983,0
12984,1
12985,1
12986,0
12987,0
12988,1
12989,0
12990,0
12991,1
12992,0
12993,0
12994,0
12995,0
12996,0
12997,1
12998,1
12999,0
13000,1
13001,1
13002,0
13003,1
13004,2
13005,0
13006,0
13007,0
13008,1
13009,1
13010,1
13011,1
13012,1
13013,0
13014,1
13015,1
13016,1
13017,1
13018,1
13019,1
13020,1
13021,0
13022,1
13023,2
13024,0
13025,1
13026,0
13027,0
13028,0
13029,1
13030,1
13031,1
13032,1
13033,2
13034,0
13035,1
13036,1
13037,1
13038,1
13039,1
13040,1
13041,1
13042,1
13043,1
13044,0
13045,0
13046,1
13047,1
13048,0
13049,0
13050,0
13051,0
13052,0
13053,0
13054,0
13055,1
13056,1
13057,1
13058,1
13059,1
13060,0
13061,0
13062,1
13063,1
13064,0
13065,0
13066,1
13067,1
13068,0
13069,1
13070,0
13071,1
13072,1
13073,1
13074,0
13075,0
13076,0
13077,1
13078,0
13079,0
13080,0
13081,1
13082,0
13083,0
13084,0
13085,1
13086,1
13087,0
13088,1
13089,0
13090,0
13091,1
13092,0
13093,1
13094,1
13095,1
13096,1
13097,0
13098,0
13099,1
13100,1
13101,1
13102,1
13103,1
13104,0
13105,0
13106,0
13107,0
13108,1
13109,1
13110,1
13111,1
13112,0
13113,0
13114,0
13115,1
13116,0
13117,1
13118,1
13119,0
13120,0
13121,0
13122,1
13123,0
13124,1
13125,1
13126,0
13127,1
13128,1
13129,1
13130,1
13131,2
13132,2
13133,0
13134,1
13135,0
13136,1
13137,0
13138,0
13139,2
13140,0
13141,1
13142,0
13143,0
13144,1
13145,1
13146,0
13147,1
13148,2
13149,1
13150,0
13151,0
13152,0
13153,1
13154,0
13155,1
13156,1
13157,0
13158,1
13159,0
13160,0
13161,0
13162,2
13163,0
13164,0
13165,0
13166,1
13167,1
13168,1
13169,0
13170,0
13171,0
13172,1
13173,1
13174,0
13175,0
13176,0
13177,0
13178,1
13179,1
13180,1
13181,1
13182,0
13183,1
13184,0
13185,0
13186,1
13187,1
13188,0
13189,1
13190,1
13191,0
13192,1
13193,0
13194,0
13195,0
13196,0
13197,0
13198,0
13199,1
13200,1
13201,1
13202,1
13203,1
13204,0
13205,0
13206,1
13207,0
13208,1
13209,0
13210,0
13211,0
13212,1
13213,1
13214,1
13215,1
13216,1
13217,0
13218,1
13219,0
13220,1
13221,1
13222,1
13223,1
13224,1
13225,1
13226,0
13227,0
13228,0
13229,0
13230,1
13231,0
13232,0
13233,0
13234,1
13235,0
13236,1
13237,1
13238,0
13239,1
13240,0
13241,0
13242,1
13243,1
13244,0
13245,1
13246,1
13247,1
13248,1
13249,1
13250,0
13251,1
13252,1
13253,1
13254,1
13255,2
13256,1
13257,0
13258,0
13259,0
13260,0
13261,0
13262,1
13263,2
13264,1
13265,0
13266,1
13267,1
13268,1
13269,0
13270,1
13271,1
13272,0
13273,0
13274,0
13275,1
13276,0
13277,0
13278,0
13279,0
13280,1
13281,1
13282,1
13283,1
13284,1
13285,1
13286,0
13287,1
13288,1
13289,1
13290,0
13291,1
13292,1
13293,1
13294,1
13295,0
13296,1
13297,0
13298,0
13299,1
13300,2
13301,0
13302,1
13303,1
13304,1
13305,1
13306,1
13307,1
13308,1
13309,1
13310,1
13311,0
13312,0
13313,1
13314,1
13315,1
13316,1
13317,0
13318,0
13319,1
13320,0
13321,1
13322,0
13323,1
13324,0
13325,2
13326,1
13327,0
13328,0
13329,1
13330,1
13331,0
13332,1
13333,0
13334,1
13335,0
13336,0
13337,1
13338,2
13339,0
13340,0
13341,0
13342,0
13343,1
13344,0
13345,1
13346,1
13347,1
13348,1
13349,0
13350,1
13351,1
13352,1
13353,1
13354,0
13355,0
13356,1
13357,1
13358,1
13359,0
13360,0
13361,1
13362,0
13363,0
13364,0
13365,0
13366,1
13367,1
13368,0
13369,1
13370,1
13371,1
13372,0
13373,1
13374,0
13375,0
13376,0
13377,1
13378,1
13379,0
13380,2
13381,0
13382,1
13383,0
13384,1
13385,0
13386,1
13387,1
13388,1
13389,0
13390,1
13391,0
13392,1
13393,0
13394,0
13395,1
13396,1
13397,1
13398,1
13399,1
13400,1
13401,2
13402,0
13403,1
13404,1
13405,1
13406,0
13407,0
13408,1
13409,1
13410,0
13411,1
13412,1
13413,1
13414,2
13415,1
13416,1
13417,0
13418,0
13419,0
13420,1
13421,1
13422,1
13423,1
13424,0
13425,1
13426,0
13427,1
13428,2
13429,0
13430,0
13431,0
13432,0
13433,1
13434,0
13435,0
13436,1
13437,0
13438,0
13439,1
13440,0
13441,1
13442,1
13443,2
13444,1
13445,1
13446,1
13447,0
13448,1
13449,0
13450,2
13451,0
13452,0
13453,0
13454,1
13455,0
13456,1
13457,1
13458,0
13459,0
13460,0
13461,0
13462,1
13463,1
13464,0
13465,1
13466,2
13467,1
13468,0
13469,0
13470,0
13471,1
13472,0
13473,0
13474,0
13475,1
13476,0
13477,1
13478,1
13479,1
13480,1
13481,0
13482,1
13483,1
13484,0
13485,0
13486,0
13487,0
13488,0
13489,1
13490,0
13491,0
13492,1
13493,0
13494,1
13495,0
13496,0
13497,1
13498,1
13499,0
13500,0
13501,1
13502,1
13503,1
13504,1
13505,0
13506,1
13507,0
13508,1
13509,0
13510,1
13511,1
13512,0
13513,2
13514,1
13515,0
13516,0
13517,0
13518,1
13519,1
13520,0
13521,2
13522,0
13523,0
13524,1
13525,0
13526,1
13527,1
13528,1
13529,0
13530,1
13531,1
13532,1
13533,0
13534,0
13535,1
13536,0
13537,0
13538,1
13539,1
13540,0
13541,0
13542,1
13543,0
13544,1
13545,0
13546,1
13547,2
13548,1
13549,0
13550,0
13551,0
13552,1
13553,0
13554,0
13555,0
13556,0
13557,1
13558,0
13559,1
13560,0
13561,1
13562,1
13563,1
13564,0
13565,0
13566,2
13567,1
13568,0
13569,0
13570,1
13571,0
13572,2
13573,0
13574,1
13575,1
13576,1
13577,0
13578,1
13579,1
13580,0
13581,0
13582,0
13583,1
13584,1
13585,2
13586,0
13587,1
13588,0
13589,0
13590,1
13591,0
13592,0
13593,1
13594,0
13595,1
13596,0
13597,0
13598,1
13599,0
13600,1
13601,0
13602,0
13603,0
13604,1
13605,1
13606,0
13607,1
13608,1
13609,0
13610,1
13611,1
13612,1
13613,0
13614,0
13615,1
13616,0
13617,0
13618,0
13619,1
13620,0
13621,0
13622,0
13623,0
13624,1
13625,1
13626,1
13627,0
13628,0
13629,0
13630,0
13631,0
13632,2
13633,1
13634,0
13635,1
13636,0
13637,0
13638,0
13639,2
13640,1
13641,0
13642,0
13643,0
13644,0
13645,1
13646,1
13647,1
13648,1
13649,1
13650,0
13651,0
13652,0
13653,1
13654,1
13655,0
13656,1
13657,0
13658,1
13659,0
13660,1
13661,1
13662,0
13663,0
13664,1
13665,1
13666,0
13667,1
13668,0
13669,0
13670,0
13671,1
13672,0
13673,0
13674,0
13675,0
13676,1
13677,1
13678,1
13679,1
13680,1
13681,1
13682,1
13683,1
13684,0
13685,1
13686,1
13687,1
13688,0
13689,1
13690,0
13691,0
13692,1
13693,1
13694,1
13695,1
13696,0
13697,0
13698,1
13699,2
13700,1
13701,0
13702,1
13703,1
13704,1
13705,0
13706,1
13707,1
13708,0
13709,0
13710,0
13711,1
13712,0
13713,1
13714,1
13715,0
13716,1
13717,0
13718,1
13719,0
13720,0
13721,1
13722,1
13723,0
13724,1
13725,1
13726,1
13727,0
13728,1
13729,1
13730,0
13731,0
13732,2
13733,1
13734,0
13735,0
13736,0
13737,1
13738,1
13739,1
13740,1
13741,0
13742,1
13743,1
13744,1
13745,0
13746,1
13747,1
13748,1
13749,1
13750,1
13751,1
13752,1
13753,0
13754,0
13755,1
13756,1
13757,0
13758,0
13759,2
13760,1
13761,0
13762,0
13763,0
13764,1
13765,1
13766,1
13767,0
13768,1
13769,1
13770,0
13771,0
13772,1
13773,1
13774,0
13775,1
13776,1
13777,0
13778,1
13779,1
13780,0
13781,0
13782,2
13783,1
13784,0
13785,0
13786,1
13787,0
13788,1
13789,1
13790,2
13791,0
13792,0
13793,1
13794,0
13795,0
13796,1
13797,1
13798,1
13799,0
13800,1
13801,0
13802,1
13803,0
13804,0
13805,1
13806,0
13807,1
13808,1
13809,0
13810,1
13811,1
13812,0
13813,1
13814,1
13815,1
13816,0
13817,0
13818,0
13819,0
13820,1
13821,1
13822,1
13823,1
13824,0
13825,0
13826,0
13827,1
13828,0
13829,0
13830,1
13831,1
13832,1
13833,0
13834,0
13835,0
13836,0
13837,1
13838,1
13839,1
13840,1
13841,0
13842,1
13843,1
13844,0
13845,1
13846,1
13847,2
13848,1
13849,1
13850,0
13851,1
13852,1
13853,1
13854,0
13855,0
13856,0
13857,0
13858,1
13859,0
13860,1
13861,1
13862,1
13863,1
13864,1
13865,1
13866,1
13867,0
13868,1
13869,1
13870,0
13871,0
13872,1
13873,0
13874,1
13875,1
13876,1
13877,0
13878,1
13879,1
13880,1
13881,0
13882,2
13883,1
13884,0
13885,0
13886,0
13887,0
13888,0
13889,0
13890,1
13891,0
13892,1
13893,0
13894,1
13895,1
13896,1
13897,0
13898,1
13899,0
13900,1
13901,0
13902,0
13903,1
13904,1
13905,0
13906,2
13907,1
13908,0
13909,1
13910,1
13911,0
13912,1
13913,1
13914,0
13915,0
13916,0
13917,1
13918,0
13919,1
13920,0
13921,0
13922,1
13923,1
13924,1
13925,1
13926,1
13927,0
13928,1
13929,0
13930,1
13931,0
13932,0
13933,0
13934,1
13935,1
13936,1
13937,0
13938,0
13939,0
13940,2
13941,0
13942,0
13943,1
13944,1
13945,1
13946,0
13947,1
13948,1
13949,0
13950,1
13951,1
13952,1
13953,1
13954,0
13955,0
13956,1
13957,0
13958,0
13959,0
13960,1
13961,0
13962,0
13963,0
13964,0
13965,1
13966,0
13967,0
13968,1
13969,0
13970,0
13971,0
13972,0
13973,1
13974,1
13975,0
13976,0
13977,1
13978,0
13979,1
13980,1
13981,0
13982,1
13983,0
13984,1
13985,0
13986,0
13987,0
13988,1
13989,1
13990,1
13991,1
13992,0
13993,0
13994,1
13995,1
13996,0
13997,1
13998,1
13999,0
14000,0
14001,1
14002,1
14003,0
14004,1
14005,0
14006,0
14007,1
14008,0
14009,1
14010,1
14011,0
14012,0
14013,0
14014,1
14015,1
14016,0
14017,1
14018,0
14019,0
14020,1
14021,1
14022,0
14023,1
14024,1
14025,0
14026,2
14027,0
14028,0
14029,1
14030,1
14031,1
14032,0
14033,1
14034,0
14035,1
14036,0
14037,1
14038,0
14039,1
14040,1
14041,1
14042,1
14043,1
14044,1
14045,0
14046,1
14047,1
14048,1
14049,0
14050,1
14051,0
14052,1
14053,1
14054,0
14055,0
14056,0
14057,0
14058,1
14059,1
14060,1
14061,1
14062,0
14063,1
14064,0
14065,1
14066,0
14067,1
14068,0
14069,1
14070,0
14071,1
14072,1
14073,0
14074,1
14075,1
14076,0
14077,0
14078,1
14079,0
14080,1
14081,1
14082,0
14083,0
14084,1
14085,1
14086,0
14087,1
14088,1
14089,1
14090,1
14091,1
14092,0
14093,0
14094,0
14095,1
14096,1
14097,0
14098,1
14099,0
14100,1
14101,1
14102,0
14103,0
14104,0
14105,2
14106,1
14107,0
14108,1
14109,0
14110,0
14111,0
14112,1
14113,0
14114,0
14115,0
14116,0
14117,1
14118,0
14119,0
14120,1
14121,0
14122,1
14123,0
14124,0
14125,1
14126,0
14127,1
14128,0
14129,1
14130,1
14131,0
14132,1
14133,0
14134,0
14135,1
14136,0
14137,0
14138,1
14139,1
14140,0
14141,1
14142,1
14143,0
14144,1
14145,1
14146,1
14147,1
14148,0
14149,1
14150,0
14151,2
14152,0
14153,1
14154,1
14155,1
14156,0
14157,0
14158,1
14159,0
14160,1
14161,0
14162,0
14163,1
14164,1
14165,0
14166,1
14167,0
14168,0
14169,0
14170,0
14171,1
14172,0
14173,1
14174,1
14175,1
14176,1
14177,0
14178,0
14179,0
14180,0
14181,1
14182,1
14183,1
14184,1
14185,0
14186,1
14187,1
14188,1
14189,1
14190,1
14191,1
14192,1
14193,1
14194,1
14195,1
14196,1
14197,1
14198,2
14199,0
14200,0
14201,1
14202,0
14203,1
14204,0
14205,0
14206,0
14207,1
14208,0
14209,1
14210,0
14211,0
14212,1
14213,0
14214,1
14215,0
14216,0
14217,1
14218,1
14219,1
14220,0
14221,0
14222,0
14223,1
14224,1
14225,1
14226,1
14227,0
14228,1
14229,0
14230,0
14231,1
14232,0
14233,0
14234,1
14235,1
14236,1
14237,0
14238,1
14239,1
14240,1
14241,1
14242,1
14243,1
14244,1
14245,1
14246,0
14247,1
14248,0
14249,1
14250,0
14251,0
14252,0
14253,1
14254,1
14255,1
14256,0
14257,0
14258,0
14259,0
14260,0
14261,2
14262,1
14263,1
14264,1
14265,0
14266,0
14267,2
14268,1
14269,0
14270,0
14271,1
14272,1
14273,1
14274,1
14275,0
14276,1
14277,1
14278,0
14279,0
14280,1
14281,0
14282,0
14283,0
14284,0
14285,0
14286,1
14287,0
14288,1
14289,1
14290,0
14291,0
14292,1
14293,0
14294,0
14295,0
14296,0
14297,1
14298,0
14299,0
14300,1
14301,0
14302,1
14303,1
14304,1
14305,0
14306,1
14307,0
14308,1
14309,0
14310,1
14311,0
14312,0
14313,0
14314,0
14315,1
14316,0
14317,0
14318,0
14319,1
14320,1
14321,1
14322,0
14323,1
14324,0
14325,2
14326,0
14327,0
14328,0
14329,0
14330,0
14331,0
14332,2
14333,1
14334,0
14335,1
14336,0
14337,0
14338,0
14339,0
14340,0
14341,1
14342,1
14343,0
14344,0
14345,0
14346,0
14347,1
14348,1
14349,1
14350,0
14351,0
14352,0
14353,1
14354,0
14355,1
14356,1
14357,1
14358,0
14359,1
14360,0
14361,1
14362,1
14363,0
14364,1
14365,1
14366,0
14367,0
14368,1
14369,1
14370,1
14371,1
14372,1
14373,1
14374,0
14375,1
14376,1
14377,1
14378,1
14379,1
14380,0
14381,0
14382,2
14383,0
14384,1
14385,0
14386,1
14387,1
14388,1
14389,0
14390,1
14391,0
14392,0
14393,0
14394,1
14395,0
14396,1
14397,0
14398,1
14399,2
14400,1
14401,1
14402,1
14403,0
14404,0
14405,0
14406,0
14407,0
14408,1
14409,1
14410,1
14411,0
14412,1
14413,1
14414,1
14415,0
14416,1
14417,1
14418,0
14419,0
14420,1
14421,1
14422,1
14423,0
14424,0
14425,0
14426,0
14427,0
14428,0
14429,1
14430,0
14431,1
14432,1
14433,1
14434,0
14435,0
14436,0
14437,0
14438,1
14439,1
14440,0
14441,1
14442,1
14443,1
14444,0
14445,0
14446,0
14447,0
14448,0
14449,1
14450,0
14451,1
14452,1
14453,0
14454,1
14455,1
14456,1
14457,1
14458,0
14459,1
14460,0
14461,0
14462,1
14463,1
14464,1
14465,1
14466,1
14467,1
14468,0
14469,1
14470,1
14471,1
14472,1
14473,0
14474,0
14475,1
14476,0
14477,0
14478,1
14479,0
14480,1
14481,0
14482,1
14483,0
14484,1
14485,1
14486,2
14487,0
14488,0
14489,0
14490,1
14491,0
14492,1
14493,0
14494,1
14495,1
14496,2
14497,0
14498,0
14499,0
14500,1
14501,1
14502,1
14503,1
14504,1
14505,0
14506,1
14507,1
14508,0
14509,0
14510,1
14511,1
14512,1
14513,0
14514,1
14515,0
14516,1
14517,1
14518,1
14519,1
14520,1
14521,0
14522,0
14523,0
14524,1
14525,0
14526,0
14527,0
14528,0
14529,0
14530,0
14531,0
14532,1
14533,1
14534,0
14535,1
14536,0
14537,1
14538,0
14539,1
14540,2
14541,1
14542,1
14543,0
14544,0
14545,0
14546,1
14547,0
14548,1
14549,0
14550,0
14551,0
14552,0
14553,0
14554,0
14555,1
14556,0
14557,0
14558,0
14559,0
14560,0
14561,2
14562,2
14563,1
14564,1
14565,0
14566,0
14567,1
14568,1
14569,0
14570,0
14571,0
14572,1
14573,1
14574,1
14575,1
14576,1
14577,1
14578,1
14579,1
14580,0
14581,0
14582,1
14583,1
14584,0
14585,1
14586,1
14587,1
14588,0
14589,1
14590,0
14591,1
14592,0
14593,1
14594,0
14595,1
14596,1
14597,0
14598,2
14599,0
14600,1
14601,1
14602,0
14603,0
14604,0
14605,0
14606,1
14607,0
14608,0
14609,1
14610,1
14611,1
14612,1
14613,1
14614,0
14615,0
14616,0
14617,1
14618,0
14619,1
14620,1
14621,1
14622,0
14623,1
14624,1
14625,1
14626,1
14627,1
14628,1
14629,0
14630,0
14631,0
14632,1
14633,1
14634,1
14635,0
14636,1
14637,1
14638,0
14639,1
14640,0
14641,1
14642,1
14643,1
14644,0
14645,0
14646,1
14647,1
14648,1
14649,1
14650,1
14651,1
14652,0
14653,0
14654,0
14655,1
14656,1
14657,1
14658,1
14659,1
14660,0
14661,1
14662,1
14663,0
14664,0
14665,1
14666,0
14667,1
14668,0
14669,1
14670,0
14671,1
14672,1
14673,1
14674,1
14675,1
14676,0
14677,0
14678,0
14679,1
14680,1
14681,1
14682,1
14683,0
14684,0
14685,0
14686,2
14687,0
14688,0
14689,1
14690,1
14691,0
14692,2
14693,0
14694,0
14695,1
14696,0
14697,1
14698,1
14699,1
14700,0
14701,1
14702,0
14703,1
14704,1
14705,1
14706,1
14707,0
14708,1
14709,1
14710,1
14711,0
14712,1
14713,0
14714,0
14715,0
14716,1
14717,0
14718,1
14719,1
14720,0
14721,0
14722,0
14723,1
14724,0
14725,1
14726,2
14727,1
14728,1
14729,1
14730,0
14731,1
14732,1
14733,1
14734,0
14735,1
14736,0
14737,1
14738,2
14739,1
14740,0
14741,0
14742,0
14743,0
14744,0
14745,1
14746,1
14747,1
14748,0
14749,0
14750,0
14751,1
14752,1
14753,1
14754,0
14755,0
14756,1
14757,0
14758,0
14759,1
14760,0
14761,0
14762,0
14763,1
14764,0
14765,1
14766,1
14767,0
14768,1
14769,1
14770,1
14771,0
14772,0
14773,0
14774,1
14775,1
14776,0
14777,1
14778,0
14779,1
14780,0
14781,0
14782,1
14783,0
14784,0
14785,1
14786,0
14787,0
14788,1
14789,0
14790,0
14791,1
14792,1
14793,1
14794,1
14795,0
14796,0
14797,0
14798,0
14799,1
14800,0
14801,0
14802,0
14803,0
14804,0
14805,2
14806,0
14807,0
14808,0
14809,1
14810,1
14811,1
14812,0
14813,0
14814,0
14815,0
14816,0
14817,2
14818,0
14819,0
14820,0
14821,0
14822,1
14823,0
14824,1
14825,1
14826,1
14827,1
14828,1
14829,0
14830,0
14831,0
14832,1
14833,1
14834,0
14835,0
14836,0
14837,0
14838,0
14839,0
14840,1
14841,0
14842,1
14843,0
14844,0
14845,1
14846,1
14847,0
14848,1
14849,1
14850,1
14851,0
14852,1
14853,0
14854,1
14855,1
14856,1
14857,1
14858,1
14859,1
14860,0
14861,1
14862,0
14863,1
14864,1
14865,0
14866,1
14867,1
14868,1
14869,0
14870,1
14871,0
14872,1
14873,1
14874,1
14875,0
14876,0
14877,0
14878,1
14879,0
14880,0
14881,1
14882,1
14883,0
14884,1
14885,0
14886,0
14887,0
14888,1
14889,1
14890,1
14891,0
14892,1
14893,1
14894,1
14895,0
14896,0
14897,1
14898,0
14899,1
14900,0
14901,0
14902,0
14903,2
14904,0
14905,1
14906,1
14907,0
14908,1
14909,1
14910,0
14911,0
14912,1
14913,1
14914,1
14915,0
14916,0
14917,1
14918,0
14919,0
14920,0
14921,0
14922,1
14923,1
14924,0
14925,0
14926,0
14927,0
14928,1
14929,0
14930,0
14931,1
14932,0
14933,0
14934,1
14935,1
14936,1
14937,0
14938,0
14939,0
14940,1
14941,0
14942,1
14943,0
14944,0
14945,0
14946,0
14947,0
14948,1
14949,0
14950,0
14951,1
14952,0
14953,1
14954,1
14955,1
14956,0
14957,1
14958,1
14959,0
14960,0
14961,0
14962,1
14963,1
14964,1
14965,1
14966,1
14967,0
14968,0
14969,1
14970,0
14971,0
14972,1
14973,1
14974,0
14975,0
14976,1
14977,1
14978,1
14979,0
14980,0
14981,0
14982,1
14983,1
14984,1
14985,1
14986,1
14987,1
14988,1
14989,0
14990,1
14991,2
14992,0
14993,0
14994,0
14995,1
14996,0
14997,0
14998,0
14999,0
15000,0
15001,0
15002,0
15003,1
15004,1
15005,0
15006,1
15007,0
15008,0
15009,1
15010,0
15011,1
15012,1
15013,0
15014,0
15015,1
15016,1
15017,1
15018,1
15019,0
15020,1
15021,0
15022,0
15023,1
15024,0
15025,2
15026,0
15027,0
15028,1
15029,1
15030,1
15031,0
15032,1
15033,1
15034,1
15035,0
15036,1
15037,1
15038,0
15039,1
15040,0
15041,1
15042,0
15043,0
15044,1
15045,0
15046,0
15047,0
15048,1
15049,1
15050,0
15051,1
15052,0
15053,0
15054,0
15055,1
15056,0
15057,0
15058,0
15059,0
15060,0
15061,1
15062,0
15063,1
15064,1
15065,1
15066,0
15067,1
15068,0
15069,1
15070,1
15071,1
15072,0
15073,0
15074,0
15075,1
15076,0
15077,0
15078,1
15079,1
15080,1
15081,1
15082,1
15083,1
15084,1
15085,0
15086,0
15087,0
15088,0
15089,1
15090,1
15091,0
15092,1
15093,0
15094,1
15095,0
15096,0
15097,1
15098,1
15099,0
15100,1
15101,0
15102,1
15103,1
15104,1
15105,0
15106,0
15107,0
15108,1
15109,1
15110,0
15111,1
15112,0
15113,2
15114,0
15115,0
15116,1
15117,0
15118,0
15119,1
15120,1
15121,0
15122,0
15123,1
15124,0
15125,0
15126,0
15127,0
15128,0
15129,1
15130,0
15131,0
15132,1
15133,1
15134,1
15135,1
15136,1
15137,0
15138,1
15139,0
15140,1
15141,1
15142,1
15143,1
15144,1
15145,1
15146,1
15147,1
15148,0
15149,1
15150,1
15151,1
15152,0
15153,1
15154,1
15155,1
15156,0
15157,0
15158,0
15159,1
15160,0
15161,1
15162,1
15163,1
15164,0
15165,0
15166,1
15167,1
15168,0
15169,0
15170,1
15171,0
15172,1
15173,0
15174,1
15175,1
15176,1
15177,0
15178,0
15179,1
15180,0
15181,1
15182,0
15183,1
15184,1
15185,0
15186,0
15187,1
15188,0
15189,0
15190,0
15191,0
15192,1
15193,1
15194,0
15195,1
15196,1
15197,1
15198,1
15199,0
15200,1
15201,1
15202,0
15203,1
15204,0
15205,0
15206,1
15207,0
15208,0
15209,0
15210,0
15211,0
15212,1
15213,1
15214,1
15215,1
15216,0
15217,1
15218,0
15219,1
15220,1
15221,0
15222,1
15223,1
15224,0
15225,1
15226,1
15227,1
15228,0
15229,1
15230,1
15231,1
15232,1
15233,1
15234,1
15235,1
15236,1
15237,1
15238,1
15239,2
15240,1
15241,1
15242,0
15243,1
15244,1
15245,1
15246,1
15247,0
15248,0
15249,0
15250,0
15251,0
15252,1
15253,1
15254,1
15255,0
15256,1
15257,1
15258,0
15259,0
15260,1
15261,0
15262,0
15263,0
15264,0
15265,1
15266,0
15267,0
15268,1
15269,0
15270,1
15271,1
15272,1
15273,1
15274,1
15275,0
15276,0
15277,1
15278,1
15279,1
15280,0
15281,1
15282,0
15283,0
15284,0
15285,0
15286,0
15287,1
15288,0
15289,1
15290,1
15291,0
15292,0
15293,1
15294,0
15295,0
15296,0
15297,0
15298,1
15299,1
15300,1
15301,0
15302,0
15303,1
15304,1
15305,1
15306,0
15307,1
15308,0
15309,0
15310,1
15311,0
15312,0
15313,0
15314,0
15315,1
15316,0
15317,1
15318,0
15319,0
15320,1
15321,0
15322,0
15323,1
15324,0
15325,0
15326,0
15327,0
15328,0
15329,1
15330,0
15331,0
15332,0
15333,1
15334,0
15335,1
15336,0
15337,0
15338,0
15339,0
15340,0
15341,1
15342,1
15343,1
15344,0
15345,1
15346,1
15347,0
15348,1
15349,1
15350,1
15351,0
15352,0
15353,1
15354,1
15355,0
15356,1
15357,0
15358,1
15359,1
15360,0
15361,1
15362,0
15363,1
15364,0
15365,1
15366,0
15367,1
15368,0
15369,0
15370,1
15371,1
15372,0
15373,0
15374,1
15375,0
15376,0
15377,1
15378,0
15379,0
15380,2
15381,1
15382,0
15383,2
15384,0
15385,1
15386,1
15387,1
15388,0
15389,0
15390,1
15391,1
15392,0
15393,1
15394,1
15395,1
15396,0
15397,1
15398,1
15399,1
15400,0
15401,0
15402,1
15403,0
15404,0
15405,0
15406,1
15407,0
15408,1
15409,0
15410,0
15411,0
15412,1
15413,0
15414,0
15415,0
15416,1
15417,2
15418,0
15419,0
15420,1
15421,0
15422,1
15423,1
15424,0
15425,1
15426,0
15427,1
15428,1
15429,0
15430,0
15431,1
15432,1
15433,1
15434,0
15435,1
15436,0
15437,0
15438,1
15439,1
15440,0
15441,0
15442,1
15443,1
15444,0
15445,1
15446,0
15447,0
15448,1
15449,0
15450,1
15451,1
15452,1
15453,1
15454,0
15455,1
15456,1
15457,1
15458,0
15459,2
15460,1
15461,0
15462,1
15463,0
15464,0
15465,0
15466,1
15467,1
15468,1
15469,0
15470,1
15471,0
15472,0
15473,1
15474,0
15475,1
15476,1
15477,0
15478,0
15479,0
15480,0
15481,1
15482,1
15483,0
15484,0
15485,1
15486,0
15487,1
15488,0
15489,0
15490,1
15491,0
15492,2
15493,0
15494,1
15495,1
15496,1
15497,0
15498,0
15499,0
15500,1
15501,0
15502,1
15503,1
15504,1
15505,0
15506,1
15507,0
15508,0
15509,0
15510,0
15511,1
15512,1
15513,1
15514,1
15515,0
15516,1
15517,1
15518,0
15519,0
15520,1
15521,0
15522,1
15523,1
15524,0
15525,0
15526,0
15527,1
15528,1
15529,0
15530,1
15531,0
15532,1
15533,0
15534,0
15535,1
15536,0
15537,0
15538,1
15539,1
15540,1
15541,0
15542,0
15543,1
15544,0
15545,0
15546,0
15547,1
15548,1
15549,0
15550,0
15551,0
15552,0
15553,1
15554,0
15555,1
15556,2
15557,0
15558,0
15559,0
15560,0
15561,1
15562,0
15563,1
15564,0
15565,0
15566,1
15567,1
15568,0
15569,0
15570,1
15571,1
15572,0
15573,1
15574,1
15575,1
15576,1
15577,0
15578,0
15579,0
15580,0
15581,0
15582,2
15583,0
15584,1
15585,1
15586,1
15587,1
15588,1
15589,1
15590,0
15591,1
15592,0
15593,0
15594,1
15595,1
15596,1
15597,0
15598,0
15599,1
15600,0
15601,0
15602,1
15603,1
15604,1
15605,2
15606,1
15607,1
15608,0
15609,1
15610,1
15611,0
15612,0
15613,1
15614,1
15615,1
15616,0
15617,1
15618,1
15619,0
15620,1
15621,1
15622,1
15623,1
15624,0
15625,1
15626,0
15627,1
15628,0
15629,1
15630,1
15631,1
15632,0
15633,1
15634,1
15635,1
15636,0
15637,0
15638,0
15639,2
15640,0
15641,0
15642,0
15643,0
15644,1
15645,1
15646,0
15647,1
15648,0
15649,0
15650,1
15651,1
15652,0
15653,0
15654,1
15655,0
15656,1
15657,1
15658,1
15659,2
15660,1
15661,0
15662,0
15663,0
15664,0
15665,1
15666,1
15667,1
15668,1
15669,1
15670,0
15671,0
15672,0
15673,1
15674,1
15675,2
15676,0
15677,0
15678,0
15679,0
15680,1
15681,0
15682,1
15683,1
15684,1
15685,0
15686,1
15687,1
15688,0
15689,0
15690,0
15691,1
15692,0
15693,0
15694,1
15695,0
15696,1
15697,0
15698,0
15699,1
15700,1
15701,0
15702,0
15703,0
15704,1
15705,0
15706,0
15707,0
15708,1
15709,0
15710,0
15711,0
15712,1
15713,0
15714,1
15715,1
15716,0
15717,1
15718,1
15719,0
15720,0
15721,1
15722,1
15723,1
15724,1
15725,1
15726,0
15727,0
15728,0
15729,1
15730,1
15731,0
15732,1
15733,0
15734,0
15735,1
15736,0
15737,1
15738,0
15739,0
15740,1
15741,1
15742,1
15743,1
15744,1
15745,0
15746,1
15747,1
15748,1
15749,1
15750,1
15751,1
15752,0
15753,0
15754,1
15755,0
15756,2
15757,0
15758,1
15759,0
15760,0
15761,0
15762,0
15763,1
15764,0
15765,2
15766,0
15767,0
15768,1
15769,0
15770,1
15771,0
15772,0
15773,0
15774,1
15775,0
15776,1
15777,0
15778,0
15779,1
15780,1
15781,1
15782,1
15783,1
15784,1
15785,1
15786,1
15787,0
15788,1
15789,1
15790,0
15791,0
15792,0
15793,1
15794,1
15795,1
15796,0
15797,1
15798,1
15799,0
15800,1
15801,0
15802,0
15803,2
15804,1
15805,0
15806,1
15807,0
15808,2
15809,0
15810,1
15811,0
15812,0
15813,0
15814,1
15815,0
15816,0
15817,1
15818,1
15819,1
15820,1
15821,0
15822,1
15823,2
15824,0
15825,0
15826,1
15827,2
15828,1
15829,1
15830,1
15831,0
15832,0
15833,0
15834,1
15835,1
15836,0
15837,1
15838,1
15839,1
15840,1
15841,0
15842,0
15843,1
15844,1
15845,1
15846,1
15847,0
15848,1
15849,1
15850,0
15851,1
15852,0
15853,0
15854,0
15855,1
15856,1
15857,0
15858,0
15859,0
15860,0
15861,1
15862,1
15863,1
15864,0
15865,2
15866,1
15867,0
15868,1
15869,1
15870,1
15871,0
15872,0
15873,0
15874,0
15875,1
15876,0
15877,0
15878,0
15879,1
15880,0
15881,1
15882,1
15883,0
15884,0
15885,1
15886,0
15887,0
15888,0
15889,1
15890,1
15891,1
15892,0
15893,0
15894,1
15895,0
15896,1
15897,0
15898,1
15899,1
15900,0
15901,0
15902,0
15903,1
15904,0
15905,0
15906,0
15907,0
15908,1
15909,0
15910,1
15911,0
15912,0
15913,0
15914,1
15915,1
15916,0
15917,0
15918,0
15919,1
15920,0
15921,0
15922,1
15923,0
15924,0
15925,1
15926,0
15927,1
15928,1
15929,0
15930,1
15931,2
15932,1
15933,0
15934,1
15935,0
15936,0
15937,0
15938,0
15939,1
15940,1
15941,1
15942,0
15943,1
15944,0
15945,1
15946,1
15947,1
15948,0
15949,0
15950,0
15951,0
15952,1
15953,2
15954,1
15955,0
15956,1
15957,0
15958,0
15959,0
15960,0
15961,0
15962,1
15963,1
15964,1
15965,1
15966,1
15967,0
15968,0
15969,1
15970,0
15971,1
15972,1
15973,0
15974,0
15975,0
15976,0
15977,0
15978,1
15979,1
15980,1
15981,1
15982,1
15983,0
15984,0
15985,1
15986,0
15987,1
15988,1
15989,0
15990,0
15991,1
15992,1
15993,1
15994,0
15995,0
15996,0
15997,1
15998,0
15999,1
16000,1
16001,2
16002,0
16003,1
16004,1
16005,0
16006,1
16007,1
16008,1
16009,0
16010,1
16011,1
16012,0
16013,1
16014,1
16015,0
16016,0
16017,2
16018,0
16019,0
16020,1
16021,0
16022,1
16023,1
16024,2
16025,1
16026,2
16027,0
16028,1
16029,1
16030,1
16031,1
16032,1
16033,0
16034,1
16035,1
16036,0
16037,1
16038,1
16039,1
16040,1
16041,1
16042,1
16043,2
16044,0
16045,0
16046,0
16047,1
16048,0
16049,1
16050,0
16051,0
16052,0
16053,1
16054,0
16055,0
16056,1
16057,1
16058,1
16059,0
16060,0
16061,0
16062,1
16063,0
16064,1
16065,0
16066,0
16067,1
16068,1
16069,1
16070,0
16071,1
16072,0
16073,1
16074,0
16075,0
16076,1
16077,1
16078,0
16079,1
16080,1
16081,0
16082,0
16083,1
16084,1
16085,0
16086,1
16087,0
16088,0
16089,0
16090,0
16091,0
16092,1
16093,0
16094,0
16095,1
16096,0
16097,1
16098,1
16099,0
16100,1
16101,0
16102,0
16103,0
16104,0
16105,1
16106,0
16107,1
16108,0
16109,1
16110,0
16111,1
16112,1
16113,0
16114,0
16115,1
16116,0
16117,1
16118,1
16119,0
16120,1
16121,1
16122,1
16123,0
16124,1
16125,0
16126,0
16127,1
16128,0
16129,1
16130,1
16131,0
16132,0
16133,1
16134,1
16135,1
16136,0
16137,1
16138,1
16139,0
16140,1
16141,1
16142,1
16143,0
16144,0
16145,0
16146,0
16147,0
16148,0
16149,0
16150,1
16151,1
16152,0
16153,0
16154,1
16155,1
16156,0
16157,0
16158,1
16159,1
16160,0
16161,0
16162,0
16163,1
16164,0
16165,1
16166,1
16167,1
16168,2
16169,0
16170,0
16171,0
16172,0
16173,0
16174,1
16175,0
16176,1
16177,1
16178,1
16179,0
16180,1
16181,0
16182,0
16183,1
16184,0
16185,0
16186,2
16187,0
16188,1
16189,1
16190,1
16191,1
16192,1
16193,0
16194,2
16195,1
16196,0
16197,0
16198,1
16199,1
16200,1
16201,1
16202,1
16203,0
16204,1
16205,0
16206,0
16207,1
16208,1
16209,1
16210,0
16211,1
16212,1
16213,1
16214,0
16215,1
16216,2
16217,0
16218,1
16219,1
16220,0
16221,0
16222,0
16223,0
16224,2
16225,1
16226,2
16227,1
16228,0
16229,0
16230,0
16231,0
16232,1
16233,1
16234,0
16235,0
16236,0
16237,1
16238,0
16239,1
16240,1
16241,0
16242,0
16243,1
16244,0
16245,0
16246,1
16247,0
16248,1
16249,0
16250,0
16251,1
16252,1
16253,0
16254,2
16255,0
16256,0
16257,0
16258,0
16259,1
16260,0
16261,0
16262,0
16263,1
16264,0
16265,0
16266,0
16267,0
16268,0
16269,0
16270,1
16271,0
16272,1
16273,1
16274,0
16275,0
16276,0
16277,1
16278,0
16279,1
16280,1
16281,0
16282,1
16283,0
16284,0
16285,0
16286,0
16287,0
16288,0
16289,1
16290,0
16291,1
16292,0
16293,0
16294,1
16295,0
16296,0
16297,0
16298,1
16299,0
16300,1
16301,1
16302,0
16303,0
16304,1
16305,0
16306,1
16307,1
16308,0
16309,1
16310,0
16311,1
16312,0
16313,0
16314,0
16315,0
16316,0
16317,0
16318,0
16319,0
16320,0
16321,1
16322,1
16323,0
16324,0
16325,1
16326,0
16327,0
16328,1
16329,1
16330,0
16331,0
16332,0
16333,1
16334,0
16335,1
16336,1
16337,2
16338,1
16339,2
16340,0
16341,0
16342,1
16343,0
16344,0
16345,0
16346,0
16347,0
16348,1
16349,1
16350,1
16351,0
16352,0
16353,1
16354,1
16355,0
16356,1
16357,1
16358,1
16359,1
16360,1
16361,0
16362,1
16363,1
16364,0
16365,0
16366,0
16367,1
16368,0
16369,0
16370,0
16371,1
16372,0
16373,0
16374,0
16375,1
16376,1
16377,1
16378,0
16379,1
16380,1
16381,1
16382,1
16383,0
16384,0
16385,1
16386,1
16387,0
16388,1
16389,0
16390,1
16391,0
16392,1
16393,1
16394,1
16395,0
16396,0
16397,1
16398,0
16399,1
16400,1
16401,1
16402,0
16403,2
16404,1
16405,0
16406,1
16407,1
16408,0
16409,0
16410,1
16411,1
16412,1
16413,1
16414,1
16415,1
16416,0
16417,1
16418,2
16419,0
16420,0
16421,2
16422,1
16423,0
16424,1
16425,2
16426,1
16427,1
16428,1
16429,0
16430,0
16431,2
16432,1
16433,0
16434,0
16435,1
16436,1
16437,1
16438,1
16439,0
16440,1
16441,1
16442,0
16443,1
16444,0
16445,1
16446,1
16447,1
16448,0
16449,0
16450,1
16451,1
16452,1
16453,0
16454,1
16455,1
16456,1
16457,0
16458,1
16459,2
16460,0
16461,1
16462,0
16463,0
16464,0
16465,0
16466,1
16467,0
16468,0
16469,0
16470,0
16471,1
16472,1
16473,1
16474,0
16475,0
16476,1
16477,1
16478,0
16479,1
16480,0
16481,1
16482,1
16483,1
16484,0
16485,0
16486,1
16487,0
16488,0
16489,1
16490,0
16491,1
16492,0
16493,0
16494,1
16495,1
16496,1
16497,0
16498,0
16499,1
16500,0
16501,0
16502,1
16503,1
16504,1
16505,0
16506,1
16507,0
16508,0
16509,0
16510,1
16511,1
16512,2
16513,0
16514,0
16515,1
16516,0
16517,0
16518,1
16519,1
16520,1
16521,1
16522,1
16523,0
16524,0
16525,1
16526,1
16527,0
16528,0
16529,0
16530,0
16531,1
16532,0
16533,1
16534,1
16535,1
16536,0
16537,1
16538,0
16539,1
16540,1
16541,0
16542,1
16543,0
16544,1
16545,0
16546,0
16547,0
16548,1
16549,0
16550,1
16551,1
16552,1
16553,1
16554,1
16555,0
16556,0
16557,0
16558,1
16559,0
16560,0
16561,1
16562,1
16563,0
16564,1
16565,1
16566,0
16567,0
16568,1
16569,0
16570,0
16571,0
16572,0
16573,0
16574,0
16575,0
16576,0
16577,0
16578,1
16579,0
16580,0
16581,1
16582,0
16583,0
16584,1
16585,1
16586,0
16587,0
16588,1
16589,1
16590,0
16591,0
16592,0
16593,0
16594,0
16595,0
16596,1
16597,2
16598,1
16599,0
16600,1
16601,0
16602,1
16603,1
16604,0
16605,0
16606,1
16607,0
16608,1
16609,0
16610,0
16611,0
16612,0
16613,1
16614,1
16615,1
16616,0
16617,0
16618,1
16619,1
16620,1
16621,1
16622,1
16623,0
16624,0
16625,1
16626,1
16627,0
16628,0
16629,0
16630,1
16631,0
16632,1
16633,1
16634,0
16635,1
16636,1
16637,0
16638,1
16639,0
16640,1
16641,0
16642,0
16643,0
16644,0
16645,2
16646,0
16647,1
16648,0
16649,0
16650,0
16651,0
16652,0
16653,1
16654,0
16655,1
16656,1
16657,0
16658,1
16659,1
16660,1
16661,0
16662,1
16663,0
16664,0
16665,0
16666,0
16667,1
16668,0
16669,1
16670,1
16671,0
16672,0
16673,1
16674,0
16675,0
16676,1
16677,1
16678,0
16679,1
16680,1
16681,0
16682,0
16683,1
16684,0
16685,0
16686,0
16687,1
16688,1
16689,0
16690,1
16691,0
16692,0
16693,1
16694,0
16695,0
16696,0
16697,1
16698,0
16699,1
16700,0
16701,1
16702,0
16703,1
16704,0
16705,0
16706,1
16707,0
16708,1
16709,0
16710,2
16711,1
16712,1
16713,1
16714,1
16715,0
16716,1
16717,1
16718,0
16719,0
16720,0
16721,1
16722,0
16723,1
16724,0
16725,1
16726,0
16727,1
16728,1
16729,1
16730,1
16731,0
16732,1
16733,1
16734,0
16735,0
16736,0
16737,0
16738,1
16739,2
16740,1
16741,1
16742,0
16743,0
16744,1
16745,1
16746,0
16747,0
16748,1
16749,1
16750,0
16751,0
16752,0
16753,0
16754,0
16755,1
16756,1
16757,1
16758,0
16759,2
16760,0
16761,1
16762,1
16763,0
16764,1
16765,1
16766,0
16767,0
16768,1
16769,1
16770,0
16771,1
16772,0
16773,1
16774,1
16775,0
16776,0
16777,0
16778,1
16779,1
16780,1
16781,1
16782,1
16783,0
16784,1
16785,1
16786,0
16787,0
16788,0
16789,1
16790,0
16791,1
16792,0
16793,0
16794,1
16795,2
16796,1
16797,0
16798,0
16799,0
16800,1
16801,1
16802,0
16803,0
16804,0
16805,0
16806,2
16807,1
16808,0
16809,0
16810,0
16811,1
16812,0
16813,0
16814,1
16815,0
16816,0
16817,0
16818,2
16819,1
16820,0
16821,1
16822,0
16823,1
16824,1
16825,1
16826,0
16827,0
16828,1
16829,0
16830,0
16831,0
16832,1
16833,0
16834,1
16835,0
16836,0
16837,1
16838,1
16839,0
16840,1
16841,0
16842,0
16843,1
16844,1
16845,0
16846,0
16847,0
16848,0
16849,2
16850,0
16851,1
16852,0
16853,0
16854,0
16855,1
16856,0
16857,1
16858,1
16859,0
16860,0
16861,2
16862,0
16863,0
16864,0
16865,1
16866,1
16867,1
16868,0
16869,1
16870,1
16871,1
16872,1
16873,0
16874,1
16875,1
16876,0
16877,0
16878,1
16879,1
16880,1
16881,0
16882,1
16883,0
16884,0
16885,1
16886,1
16887,1
16888,0
16889,1
16890,1
16891,0
16892,0
16893,0
16894,0
16895,0
16896,1
16897,0
16898,1
16899,0
16900,0
16901,1
16902,0
16903,1
16904,1
16905,1
16906,1
16907,1
16908,1
16909,0
16910,1
16911,1
16912,1
16913,0
16914,1
16915,1
16916,1
16917,0
16918,1
16919,0
16920,1
16921,1
16922,0
16923,0
16924,0
16925,0
16926,0
16927,1
16928,0
16929,1
16930,0
16931,1
16932,0
16933,0
16934,0
16935,1
16936,0
16937,1
16938,0
16939,0
16940,0
16941,0
16942,2
16943,1
16944,1
16945,1
16946,1
16947,1
16948,1
16949,0
16950,0
16951,1
16952,1
16953,0
16954,1
16955,0
16956,0
16957,0
16958,1
16959,1
16960,1
16961,1
16962,1
16963,0
16964,0
16965,1
16966,0
16967,0
16968,0
16969,0
16970,1
16971,2
16972,0
16973,0
16974,1
16975,0
16976,0
16977,0
16978,1
16979,0
16980,1
16981,1
16982,1
16983,1
16984,1
16985,0
16986,1
16987,0
16988,1
16989,1
16990,0
16991,0
16992,1
16993,0
16994,0
16995,0
16996,0
16997,0
16998,0
16999,0
17000,0
17001,1
17002,1
17003,1
17004,0
17005,1
17006,1
17007,0
17008,0
17009,0
17010,0
17011,0
17012,1
17013,0
17014,0
17015,1
17016,1
17017,0
17018,1
17019,0
17020,1
17021,0
17022,0
17023,0
17024,1
17025,0
17026,1
17027,1
17028,0
17029,2
17030,1
17031,2
17032,0
17033,1
17034,0
17035,1
17036,1
17037,0
17038,0
17039,0
17040,1
17041,1
17042,1
17043,0
17044,1
17045,0
17046,0
17047,1
17048,0
17049,1
17050,0
17051,1
17052,0
17053,1
17054,0
17055,1
17056,1
17057,1
17058,1
17059,1
17060,1
17061,0
17062,0
17063,0
17064,0
17065,0
17066,1
17067,1
17068,0
17069,1
17070,2
17071,1
17072,1
17073,2
17074,1
17075,1
17076,1
17077,1
17078,1
17079,2
17080,0
17081,0
17082,1
17083,0
17084,1
17085,0
17086,0
17087,0
17088,0
17089,1
17090,1
17091,1
17092,1
17093,1
17094,1
17095,1
17096,0
17097,1
17098,1
17099,1
17100,1
17101,1
17102,1
17103,0
17104,1
17105,0
17106,0
17107,0
17108,0
17109,1
17110,0
17111,1
17112,1
17113,1
17114,1
17115,1
17116,1
17117,0
17118,1
17119,0
17120,0
17121,0
17122,0
17123,1
17124,1
17125,0
17126,1
17127,0
17128,0
17129,0
17130,0
17131,1
17132,0
17133,0
17134,1
17135,1
17136,0
17137,0
17138,1
17139,1
17140,1
17141,0
17142,1
17143,0
17144,2
17145,0
17146,0
17147,0
17148,0
17149,1
17150,0
17151,0
17152,1
17153,0
17154,1
17155,1
17156,1
17157,1
17158,1
17159,0
17160,0
17161,1
17162,1
17163,1
17164,0
17165,0
17166,0
17167,1
17168,1
17169,0
17170,1
17171,1
17172,0
17173,0
17174,0
17175,1
17176,1
17177,1
17178,0
17179,1
17180,1
17181,1
17182,1
17183,1
17184,0
17185,0
17186,0
17187,1
17188,0
17189,1
17190,0
17191,1
17192,0
17193,0
17194,1
17195,1
17196,0
17197,0
17198,2
17199,1
17200,1
17201,1
17202,1
17203,1
17204,1
17205,1
17206,1
17207,0
17208,0
17209,0
17210,0
17211,0
17212,1
17213,1
17214,0
17215,1
17216,0
17217,1
17218,1
17219,0
17220,0
17221,0
17222,2
17223,1
17224,1
17225,0
17226,0
17227,1
17228,0
17229,1
17230,0
17231,1
17232,1
17233,0
17234,1
17235,1
17236,1
17237,0
17238,1
17239,1
17240,0
17241,0
17242,0
17243,1
17244,1
17245,0
17246,0
17247,1
17248,0
17249,0
17250,2
17251,0
17252,0
17253,0
17254,1
17255,0
17256,1
17257,0
17258,0
17259,0
17260,0
17261,0
17262,0
17263,0
17264,2
17265,1
17266,0
17267,1
17268,1
17269,1
17270,1
17271,0
17272,1
17273,0
17274,0
17275,0
17276,0
17277,1
17278,1
17279,1
17280,0
17281,0
17282,0
17283,0
17284,0
17285,1
17286,0
17287,1
17288,0
17289,0
17290,1
17291,0
17292,1
17293,1
17294,0
17295,0
17296,0
17297,0
17298,0
17299,1
17300,2
17301,0
17302,0
17303,1
17304,0
17305,1
17306,0
17307,1
17308,1
17309,1
17310,0
17311,0
17312,0
17313,1
17314,1
17315,0
17316,0
17317,0
17318,1
17319,1
17320,1
17321,1
17322,1
17323,1
17324,0
17325,1
17326,0
17327,1
17328,1
17329,0
17330,0
17331,0
17332,1
17333,1
17334,1
17335,1
17336,0
17337,0
17338,1
17339,1
17340,1
17341,0
17342,1
17343,0
17344,1
17345,1
17346,0
17347,0
17348,1
17349,1
17350,1
17351,0
17352,0
17353,0
17354,0
17355,1
17356,1
17357,1
17358,0
17359,1
17360,0
17361,0
17362,1
17363,1
17364,0
17365,1
17366,1
17367,1
17368,0
17369,1
17370,1
17371,0
17372,0
17373,1
17374,1
17375,0
17376,1
17377,0
17378,2
17379,0
17380,1
17381,1
17382,1
17383,0
17384,1
17385,1
17386,1
17387,1
17388,0
17389,1
17390,0
17391,1
17392,1
17393,1
17394,0
17395,1
17396,0
17397,0
17398,1
17399,1
17400,1
17401,0
17402,0
17403,0
17404,0
17405,0
17406,1
17407,2
17408,1
17409,0
17410,1
17411,1
17412,1
17413,1
17414,1
17415,1
17416,0
17417,1
17418,1
17419,0
17420,0
17421,1
17422,1
17423,1
17424,1
17425,0
17426,1
17427,0
17428,0
17429,0
17430,0
17431,0
17432,0
17433,1
17434,1
17435,1
17436,0
17437,1
17438,1
17439,0
17440,1
17441,0
17442,1
17443,0
17444,1
17445,0
17446,1
17447,0
17448,1
17449,1
17450,0
17451,0
17452,0
17453,1
17454,1
17455,0
17456,0
17457,0
17458,1
17459,0
17460,0
17461,1
17462,0
17463,0
17464,0
17465,0
17466,0
17467,1
17468,0
17469,1
17470,0
17471,0
17472,1
17473,0
17474,1
17475,0
17476,1
17477,0
17478,0
17479,1
17480,1
17481,1
17482,1
17483,1
17484,0
17485,1
17486,1
17487,1
17488,1
17489,1
17490,1
17491,1
17492,1
17493,1
17494,0
17495,1
17496,1
17497,0
17498,1
17499,1
17500,0
17501,2
17502,0
17503,1
17504,0
17505,0
17506,1
17507,0
17508,0
17509,1
17510,0
17511,1
17512,1
17513,0
17514,1
17515,1
17516,0
17517,0
17518,0
17519,0
17520,1
17521,1
17522,0
17523,0
17524,0
17525,0
17526,0
17527,1
17528,1
17529,0
17530,2
17531,0
17532,0
17533,0
17534,1
17535,1
17536,1
17537,1
17538,0
17539,1
17540,1
17541,1
17542,0
17543,1
17544,1
17545,0
17546,0
17547,1
17548,1
17549,0
17550,0
17551,0
17552,0
17553,1
17554,1
17555,0
17556,0
17557,0
17558,1
17559,0
17560,0
17561,1
17562,1
17563,1
17564,0
17565,1
17566,1
17567,0
17568,1
17569,0
17570,1
17571,2
17572,1
17573,1
17574,0
17575,1
17576,0
17577,1
17578,0
17579,0
17580,1
17581,0
17582,0
17583,0
17584,1
17585,1
17586,0
17587,1
17588,0
17589,1
17590,0
17591,1
17592,0
17593,1
17594,0
17595,0
17596,0
17597,1
17598,1
17599,0
17600,1
17601,1
17602,0
17603,1
17604,1
17605,0
17606,1
17607,0
17608,1
17609,1
17610,1
17611,0
17612,1
17613,0
17614,1
17615,0
17616,1
17617,0
17618,0
17619,1
17620,1
17621,1
17622,1
17623,0
17624,1
17625,0
17626,1
17627,0
17628,0
17629,1
17630,0
17631,2
17632,1
17633,1
17634,0
17635,0
17636,0
17637,1
17638,1
17639,0
17640,1
17641,1
17642,1
17643,1
17644,1
17645,0
17646,1
17647,1
17648,1
17649,1
17650,0
17651,0
17652,1
17653,1
17654,1
17655,0
17656,0
17657,1
17658,1
17659,0
17660,0
17661,0
17662,1
17663,0
17664,1
17665,0
17666,0
17667,1
17668,0
17669,1
17670,0
17671,1
17672,1
17673,1
17674,1
17675,1
17676,1
17677,0
17678,0
17679,0
17680,0
17681,0
17682,0
17683,0
17684,0
17685,0
17686,0
17687,0
17688,0
17689,0
17690,0
17691,0
17692,1
17693,1
17694,1
17695,0
17696,1
17697,1
17698,1
17699,0
17700,1
17701,1
17702,1
17703,1
17704,0
17705,0
17706,0
17707,0
17708,0
17709,0
17710,1
17711,0
17712,0
17713,0
17714,1
17715,1
17716,0
17717,1
17718,0
17719,0
17720,1
17721,1
17722,1
17723,0
17724,1
17725,0
17726,1
17727,1
17728,0
17729,0
17730,0
17731,1
17732,1
17733,1
17734,1
17735,1
17736,0
17737,0
17738,1
17739,0
17740,0
17741,1
17742,1
17743,1
17744,0
17745,1
17746,1
17747,0
17748,0
17749,1
17750,1
17751,0
17752,0
17753,1
17754,1
17755,1
17756,0
17757,0
17758,1
17759,1
17760,1
17761,0
17762,1
17763,1
17764,1
17765,1
17766,0
17767,1
17768,1
17769,1
17770,1
17771,1
17772,0
17773,0
17774,0
17775,0
17776,1
17777,0
17778,1
17779,0
17780,0
17781,0
17782,1
17783,0
17784,0
17785,0
17786,1
17787,0
17788,1
17789,1
17790,1
17791,0
17792,0
17793,1
17794,1
17795,1
17796,1
17797,1
17798,0
17799,0
17800,0
17801,1
17802,0
17803,0
17804,1
17805,1
17806,0
17807,1
17808,1
17809,1
17810,0
17811,1
17812,1
17813,0
17814,1
17815,1
17816,0
17817,0
17818,1
17819,1
17820,0
17821,1
17822,0
17823,0
17824,1
17825,0
17826,0
17827,1
17828,1
17829,1
17830,0
17831,1
17832,0
17833,1
17834,0
17835,1
17836,0
17837,0
17838,0
17839,1
17840,0
17841,0
17842,0
17843,1
17844,1
17845,1
17846,1
17847,0
17848,1
17849,1
17850,0
17851,0
17852,0
17853,1
17854,1
17855,0
17856,1
17857,0
17858,1
17859,1
17860,1
17861,0
17862,1
17863,1
17864,1
17865,2
17866,0
17867,1
17868,1
17869,0
17870,1
17871,1
17872,0
17873,1
17874,1
17875,0
17876,0
17877,0
17878,0
17879,1
17880,0
17881,0
17882,1
17883,1
17884,0
17885,1
17886,0
17887,0
17888,1
17889,0
17890,1
17891,0
17892,1
17893,1
17894,0
17895,1
17896,1
17897,0
17898,1
17899,0
17900,1
17901,0
17902,1
17903,0
17904,0
17905,1
17906,0
17907,0
17908,1
17909,1
17910,1
17911,0
17912,1
17913,1
17914,1
17915,0
17916,0
17917,1
17918,0
17919,1
17920,0
17921,1
17922,0
17923,1
17924,1
17925,1
17926,1
17927,0
17928,0
17929,0
17930,1
17931,0
17932,0
17933,0
17934,1
17935,1
17936,0
17937,1
17938,1
17939,0
17940,1
17941,1
17942,1
17943,0
17944,0
17945,0
17946,2
17947,1
17948,2
17949,0
17950,0
17951,0
17952,2
17953,0
17954,0
17955,0
17956,0
17957,1
17958,0
17959,1
17960,1
17961,0
17962,1
17963,2
17964,0
17965,0
17966,1
17967,0
17968,0
17969,0
17970,1
17971,0
17972,1
17973,1
17974,1
17975,1
17976,0
17977,1
17978,0
17979,1
17980,0
17981,1
17982,0
17983,0
17984,0
17985,1
17986,1
17987,1
17988,0
17989,0
17990,0
17991,1
17992,0
17993,1
17994,1
17995,0
17996,0
17997,1
17998,0
17999,1
18000,1
18001,1
18002,0
18003,0
18004,1
18005,0
18006,0
18007,1
18008,0
18009,0
18010,0
18011,0
18012,1
18013,1
18014,1
18015,0
18016,0
18017,2
18018,1
18019,1
18020,1
18021,1
18022,1
18023,0
18024,0
18025,0
18026,1
18027,1
18028,1
18029,0
18030,0
18031,0
18032,1
18033,0
18034,0
18035,1
18036,0
18037,1
18038,0
18039,1
18040,2
18041,1
18042,1
18043,0
18044,0
18045,0
18046,0
18047,1
18048,1
18049,0
18050,0
18051,1
18052,1
18053,0
18054,1
18055,2
18056,1
18057,1
18058,1
18059,0
18060,1
18061,1
18062,1
18063,0
18064,2
18065,1
18066,1
18067,0
18068,1
18069,0
18070,0
18071,1
18072,1
18073,0
18074,1
18075,1
18076,0
18077,0
18078,1
18079,1
18080,0
18081,1
18082,0
18083,1
18084,1
18085,1
18086,1
18087,1
18088,0
18089,1
18090,1
18091,0
18092,0
18093,0
18094,0
18095,0
18096,1
18097,1
18098,0
18099,0
18100,0
18101,1
18102,0
18103,0
18104,0
18105,0
18106,0
18107,0
18108,1
18109,0
18110,1
18111,0
18112,0
18113,2
18114,0
18115,1
18116,1
18117,1
18118,1
18119,0
18120,0
18121,0
18122,0
18123,1
18124,1
18125,0
18126,1
18127,1
18128,1
18129,1
18130,1
18131,1
18132,1
18133,0
18134,0
18135,1
18136,0
18137,0
18138,0
18139,0
18140,0
18141,1
18142,1
18143,1
18144,1
18145,0
18146,0
18147,0
18148,1
18149,1
18150,0
18151,0
18152,0
18153,0
18154,1
18155,0
18156,0
18157,1
18158,1
18159,0
18160,0
18161,1
18162,1
18163,1
18164,1
18165,1
18166,1
18167,1
18168,0
18169,0
18170,0
18171,1
18172,1
18173,2
18174,1
18175,1
18176,2
18177,1
18178,0
18179,1
18180,0
18181,1
18182,1
18183,1
18184,0
18185,1
18186,0
18187,0
18188,1
18189,1
18190,0
18191,0
18192,1
18193,1
18194,2
18195,0
18196,1
18197,0
18198,0
18199,1
18200,1
18201,0
18202,1
18203,0
18204,1
18205,0
18206,0
18207,1
18208,1
18209,0
18210,1
18211,0
18212,1
18213,1
18214,0
18215,1
18216,1
18217,0
18218,1
18219,0
18220,0
18221,0
18222,1
18223,0
18224,0
18225,0
18226,1
18227,1
18228,1
18229,1
18230,0
18231,0
18232,0
18233,1
18234,1
18235,0
18236,1
18237,0
18238,0
18239,0
18240,0
18241,1
18242,1
18243,1
18244,0
18245,1
18246,2
18247,1
18248,1
18249,1
18250,1
18251,1
18252,0
18253,1
18254,1
18255,0
18256,1
18257,0
18258,1
18259,1
18260,0
18261,1
18262,0
18263,1
18264,1
18265,0
18266,1
18267,1
18268,0
18269,1
18270,0
18271,1
18272,0
18273,0
18274,0
18275,0
18276,0
18277,0
18278,0
18279,1
18280,0
18281,1
18282,1
18283,1
18284,1
18285,0
18286,0
18287,0
18288,0
18289,1
18290,0
18291,0
18292,0
18293,1
18294,0
18295,1
18296,1
18297,0
18298,0
18299,1
18300,1
18301,1
18302,1
18303,0
18304,1
18305,0
18306,1
18307,1
18308,1
18309,1
18310,0
18311,0
18312,1
18313,1
18314,1
18315,1
18316,0
18317,0
18318,0
18319,1
18320,0
18321,1
18322,0
18323,0
18324,1
18325,1
18326,1
18327,0
18328,0
18329,0
18330,0
18331,0
18332,0
18333,1
18334,0
18335,1
18336,1
18337,0
18338,1
18339,1
18340,0
18341,1
18342,0
18343,1
18344,1
18345,0
18346,0
18347,1
18348,2
18349,0
18350,1
18351,0
18352,1
18353,0
18354,0
18355,0
18356,0
18357,1
18358,1
18359,1
18360,0
18361,1
18362,1
18363,1
18364,1
18365,2
18366,2
18367,0
18368,1
18369,1
18370,0
18371,1
18372,0
18373,1
18374,1
18375,0
18376,0
18377,1
18378,0
18379,0
18380,1
18381,0
18382,0
18383,1
18384,0
18385,1
18386,1
18387,0
18388,1
18389,0
18390,0
18391,0
18392,1
18393,1
18394,0
18395,0
18396,1
18397,1
18398,1
18399,0
18400,1
18401,1
18402,0
18403,1
18404,1
18405,1
18406,1
18407,0
18408,0
18409,0
18410,1
18411,0
18412,1
18413,1
18414,0
18415,1
18416,1
18417,1
18418,1
18419,1
18420,0
18421,0
18422,1
18423,1
18424,2
18425,0
18426,0
18427,2
18428,0
18429,1
18430,0
18431,1
18432,1
18433,1
18434,0
18435,0
18436,1
18437,1
18438,1
18439,0
18440,0
18441,0
18442,1
18443,0
18444,1
18445,0
18446,1
18447,1
18448,1
18449,1
18450,0
18451,0
18452,1
18453,1
18454,0
18455,0
18456,0
18457,0
18458,0
18459,0
18460,1
18461,0
18462,0
18463,1
18464,1
18465,1
18466,0
18467,1
18468,0
18469,1
18470,0
18471,1
18472,1
18473,0
18474,0
18475,1
18476,0
18477,0
18478,0
18479,1
18480,0
18481,1
18482,1
18483,0
18484,1
18485,0
18486,1
18487,0
18488,1
18489,0
18490,0
18491,1
18492,0
18493,0
18494,0
18495,0
18496,0
18497,0
18498,1
18499,0
18500,0
18501,1
18502,1
18503,0
18504,1
18505,0
18506,1
18507,1
18508,1
18509,0
18510,0
18511,0
18512,1
18513,0
18514,1
18515,0
18516,1
18517,1
18518,1
18519,0
18520,1
18521,0
18522,0
18523,1
18524,0
18525,1
18526,1
18527,0
18528,1
18529,0
18530,0
18531,0
18532,0
18533,0
18534,0
18535,1
18536,0
18537,0
18538,1
18539,1
18540,0
18541,0
18542,0
18543,1
18544,0
18545,1
18546,1
18547,0
18548,2
18549,1
18550,1
18551,0
18552,1
18553,1
18554,1
18555,1
18556,1
18557,1
18558,1
18559,0
18560,1
18561,1
18562,0
18563,0
18564,0
18565,1
18566,0
18567,0
18568,0
18569,1
18570,1
18571,0
18572,1
18573,1
18574,1
18575,1
18576,0
18577,0
18578,0
18579,1
18580,1
18581,1
18582,2
18583,1
18584,0
18585,1
18586,1
18587,0
18588,1
18589,0
18590,1
18591,0
18592,2
18593,1
18594,1
18595,0
18596,1
18597,1
18598,0
18599,0
18600,0
18601,1
18602,1
18603,1
18604,0
18605,1
18606,1
18607,1
18608,0
18609,0
18610,0
18611,0
18612,0
18613,1
18614,0
18615,0
18616,0
18617,1
18618,1
18619,0
18620,0
18621,0
18622,0
18623,0
18624,1
18625,1
18626,1
18627,0
18628,1
18629,0
18630,1
18631,0
18632,1
18633,0
18634,0
18635,1
18636,1
18637,0
18638,1
18639,1
18640,0
18641,0
18642,0
18643,0
18644,0
18645,0
18646,0
18647,1
18648,1
18649,1
18650,0
18651,0
18652,0
18653,1
18654,1
18655,1
18656,1
18657,1
18658,0
18659,0
18660,0
18661,1
18662,0
18663,1
18664,0
18665,0
18666,1
18667,0
18668,1
18669,0
18670,1
18671,0
18672,1
18673,1
18674,0
18675,1
18676,0
18677,0
18678,0
18679,1
18680,0
18681,1
18682,1
18683,1
18684,1
18685,0
18686,0
18687,0
18688,2
18689,1
18690,0
18691,0
18692,1
18693,1
18694,0
18695,1
18696,1
18697,1
18698,1
18699,0
18700,1
18701,0
18702,1
18703,0
18704,1
18705,0
18706,1
18707,0
18708,0
18709,1
18710,0
18711,0
18712,0
18713,1
18714,1
18715,0
18716,1
18717,1
18718,0
18719,1
18720,0
18721,0
18722,2
18723,0
18724,0
18725,0
18726,1
18727,1
18728,0
18729,0
18730,0
18731,0
18732,1
18733,0
18734,0
18735,1
18736,0
18737,0
18738,0
18739,1
18740,0
18741,1
18742,1
18743,1
18744,1
18745,0
18746,1
18747,0
18748,1
18749,0
18750,0
18751,0
18752,1
18753,0
18754,1
18755,1
18756,0
18757,0
18758,0
18759,0
18760,1
18761,0
18762,0
18763,1
18764,0
18765,0
18766,1
18767,1
18768,0
18769,1
18770,1
18771,0
18772,0
18773,1
18774,1
18775,0
18776,0
18777,1
18778,0
18779,1
18780,0
18781,0
18782,1
18783,1
18784,1
18785,1
18786,0
18787,0
18788,1
18789,0
18790,1
18791,2
18792,1
18793,0
18794,0
18795,1
18796,1
18797,0
18798,1
18799,0
18800,1
18801,2
18802,0
18803,1
18804,0
18805,1
18806,0
18807,1
18808,0
18809,0
18810,1
18811,0
18812,0
18813,1
18814,1
18815,0
18816,1
18817,0
18818,0
18819,0
18820,1
18821,1
18822,0
18823,0
18824,1
18825,0
18826,0
18827,0
18828,1
18829,1
18830,1
18831,1
18832,1
18833,1
18834,0
18835,0
18836,1
18837,1
18838,0
18839,1
18840,1
18841,0
18842,0
18843,1
18844,0
18845,0
18846,1
18847,0
18848,1
18849,0
18850,1
18851,0
18852,0
18853,2
18854,1
18855,2
18856,1
18857,0
18858,1
18859,0
18860,0
18861,1
18862,1
18863,0
18864,0
18865,1
18866,1
18867,0
18868,1
18869,1
18870,0
18871,0
18872,1
18873,1
18874,1
18875,0
18876,0
18877,0
18878,1
18879,1
18880,1
18881,1
18882,0
18883,0
18884,1
18885,1
18886,1
18887,1
18888,0
18889,0
18890,0
18891,0
18892,0
18893,0
18894,0
18895,1
18896,0
18897,0
18898,1
18899,1
18900,1
18901,1
18902,0
18903,0
18904,1
18905,0
18906,1
18907,1
18908,0
18909,0
18910,0
18911,1
18912,0
18913,0
18914,0
18915,1
18916,1
18917,0
18918,0
18919,0
18920,0
18921,0
18922,0
18923,0
18924,0
18925,1
18926,1
18927,1
18928,0
18929,0
18930,1
18931,0
18932,0
18933,0
18934,1
18935,1
18936,1
18937,0
18938,0
18939,0
18940,1
18941,1
18942,1
18943,0
18944,0
18945,1
18946,0
18947,0
18948,0
18949,1
18950,0
18951,0
18952,2
18953,1
18954,0
18955,0
18956,1
18957,0
18958,1
18959,0
18960,0
18961,1
18962,0
18963,1
18964,2
18965,0
18966,0
18967,1
18968,0
18969,0
18970,0
18971,0
18972,1
18973,1
18974,0
18975,1
18976,1
18977,1
18978,0
18979,0
18980,2
18981,0
18982,0
18983,1
18984,0
18985,1
18986,0
18987,0
18988,1
18989,1
18990,1
18991,1
18992,0
18993,0
18994,0
18995,1
18996,0
18997,0
18998,1
18999,2
19000,1
19001,1
19002,1
19003,0
19004,0
19005,0
19006,1
19007,0
19008,1
19009,0
19010,1
19011,1
19012,1
19013,1
19014,1
19015,0
19016,1
19017,1
19018,1
19019,1
19020,1
19021,0
19022,1
19023,0
19024,0
19025,1
19026,0
19027,0
19028,1
19029,1
19030,1
19031,1
19032,1
19033,2
19034,0
19035,1
19036,1
19037,0
19038,1
19039,2
19040,1
19041,0
19042,1
19043,1
19044,1
19045,0
19046,0
19047,1
19048,0
19049,1
19050,0
19051,2
19052,0
19053,0
19054,0
19055,1
19056,2
19057,1
19058,0
19059,0
19060,1
19061,0
19062,0
19063,1
19064,0
19065,0
19066,0
19067,0
19068,1
19069,0
19070,0
19071,1
19072,0
19073,0
19074,1
19075,0
19076,0
19077,1
19078,0
19079,0
19080,1
19081,1
19082,0
19083,1
19084,1
19085,1
19086,1
19087,0
19088,0
19089,0
19090,1
19091,0
19092,0
19093,1
19094,1
19095,1
19096,0
19097,0
19098,0
19099,1
19100,0
19101,0
19102,1
19103,1
19104,0
19105,1
19106,0
19107,0
19108,1
19109,1
19110,1
19111,0
19112,1
19113,1
19114,0
19115,0
19116,1
19117,0
19118,0
19119,0
19120,1
19121,2
19122,0
19123,1
19124,1
19125,1
19126,1
19127,1
19128,0
19129,0
19130,0
19131,1
19132,0
19133,1
19134,1
19135,0
19136,1
19137,1
19138,0
19139,0
19140,1
19141,1
19142,0
19143,0
19144,1
19145,1
19146,0
19147,0
19148,0
19149,1
19150,0
19151,0
19152,1
19153,1
19154,0
19155,1
19156,1
19157,1
19158,0
19159,1
19160,0
19161,0
19162,1
19163,0
19164,0
19165,0
19166,1
19167,0
19168,0
19169,0
19170,0
19171,1
19172,1
19173,1
19174,0
19175,1
19176,1
19177,1
19178,0
19179,2
19180,1
19181,1
19182,0
19183,0
19184,0
19185,1
19186,1
19187,0
19188,0
19189,0
19190,1
19191,1
19192,0
19193,1
19194,0
19195,1
19196,0
19197,0
19198,1
19199,0
19200,0
19201,1
19202,0
19203,0
19204,0
19205,1
19206,0
19207,0
19208,0
19209,0
19210,1
19211,0
19212,0
19213,1
19214,0
19215,0
19216,1
19217,0
19218,0
19219,1
19220,0
19221,1
19222,1
19223,1
19224,0
19225,1
19226,0
19227,1
19228,0
19229,1
19230,1
19231,1
19232,1
19233,0
19234,0
19235,0
19236,0
19237,0
19238,1
19239,1
19240,1
19241,1
19242,1
19243,1
19244,1
19245,1
19246,0
19247,2
19248,0
19249,1
19250,1
19251,1
19252,1
19253,0
19254,1
19255,0
19256,1
19257,0
19258,1
19259,0
19260,1
19261,0
19262,0
19263,0
19264,0
19265,1
19266,1
19267,1
19268,0
19269,0
19270,1
19271,0
19272,0
19273,2
19274,0
19275,1
19276,0
19277,1
19278,0
19279,1
19280,0
19281,1
19282,1
19283,1
19284,1
19285,0
19286,0
19287,0
19288,1
19289,1
19290,1
19291,0
19292,1
19293,0
19294,0
19295,1
19296,0
19297,0
19298,0
19299,1
19300,0
19301,0
19302,1
19303,1
19304,0
19305,1
19306,1
19307,1
19308,0
19309,0
19310,1
19311,1
19312,0
19313,1
19314,0
19315,1
19316,0
19317,1
19318,0
19319,0
19320,1
19321,0
19322,0
19323,0
19324,0
19325,1
19326,1
19327,1
19328,1
19329,1
19330,0
19331,0
19332,2
19333,1
19334,2
19335,1
19336,2
19337,0
19338,0
19339,0
19340,1
19341,0
19342,0
19343,0
19344,1
19345,1
19346,1
19347,1
19348,1
19349,0
19350,0
19351,1
19352,0
19353,0
19354,1
19355,1
19356,1
19357,0
19358,1
19359,1
19360,0
19361,1
19362,0
19363,1
19364,1
19365,1
19366,1
19367,0
19368,1
19369,1
19370,1
19371,0
19372,1
19373,1
19374,2
19375,1
19376,1
19377,1
19378,0
19379,0
19380,0
19381,1
19382,1
19383,1
19384,0
19385,1
19386,1
19387,1
19388,0
19389,0
19390,1
19391,1
19392,2
19393,1
19394,0
19395,1
19396,0
19397,1
19398,0
19399,0
19400,2
19401,0
19402,0
19403,0
19404,0
19405,0
19406,1
19407,1
19408,0
19409,0
19410,0
19411,1
19412,1
19413,0
19414,1
19415,1
19416,1
19417,1
19418,1
19419,1
19420,1
19421,1
19422,0
19423,1
19424,0
19425,1
19426,0
19427,0
19428,0
19429,1
19430,0
19431,0
19432,0
19433,0
19434,1
19435,1
19436,0
19437,1
19438,1
19439,0
19440,1
19441,0
19442,0
19443,0
19444,1
19445,1
19446,0
19447,0
19448,1
19449,1
19450,0
19451,0
19452,0
19453,0
19454,1
19455,1
19456,0
19457,0
19458,0
19459,1
19460,0
19461,0
19462,1
19463,1
19464,1
19465,1
19466,1
19467,0
19468,1
19469,1
19470,1
19471,1
19472,0
19473,1
19474,1
19475,0
19476,1
19477,1
19478,0
19479,0
19480,1
19481,0
19482,1
19483,0
19484,0
19485,0
19486,1
19487,0
19488,1
19489,1
19490,1
19491,1
19492,0
19493,0
19494,0
19495,1
19496,1
19497,0
19498,0
19499,0
19500,1
19501,0
19502,0
19503,0
19504,1
19505,1
19506,0
19507,1
19508,1
19509,0
19510,0
19511,1
19512,1
19513,1
19514,0
19515,0
19516,0
19517,0
19518,1
19519,1
19520,1
19521,1
19522,1
19523,0
19524,1
19525,1
19526,1
19527,1
19528,1
19529,0
19530,1
19531,1
19532,1
19533,0
19534,0
19535,1
19536,1
19537,1
19538,0
19539,0
19540,1
19541,0
19542,0
19543,1
19544,1
19545,1
19546,1
19547,1
19548,1
19549,1
19550,1
19551,0
19552,1
19553,0
19554,0
19555,1
19556,0
19557,1
19558,1
19559,1
19560,1
19561,1
19562,1
19563,1
19564,0
19565,1
19566,0
19567,1
19568,1
19569,1
19570,1
19571,1
19572,1
19573,1
19574,0
19575,1
19576,0
19577,0
19578,1
19579,2
19580,1
19581,0
19582,1
19583,0
19584,1
19585,1
19586,1
19587,1
19588,1
19589,1
19590,1
19591,1
19592,1
19593,1
19594,0
19595,0
19596,0
19597,0
19598,1
19599,1
19600,0
19601,1
19602,1
19603,0
19604,1
19605,0
19606,0
19607,0
19608,1
19609,0
19610,0
19611,0
19612,1
19613,0
19614,1
19615,1
19616,1
19617,1
19618,1
19619,0
19620,1
19621,1
19622,1
19623,0
19624,1
19625,0
19626,1
19627,0
19628,1
19629,0
19630,1
19631,0
19632,0
19633,0
19634,0
19635,1
19636,1
19637,1
19638,0
19639,0
19640,1
19641,1
19642,1
19643,1
19644,0
19645,0
19646,1
19647,1
19648,1
19649,1
19650,2
19651,0
19652,1
19653,1
19654,0
19655,1
19656,1
19657,1
19658,0
19659,1
19660,0
19661,1
19662,1
19663,1
19664,0
19665,1
19666,0
19667,1
19668,1
19669,1
19670,1
19671,1
19672,0
19673,0
19674,1
19675,0
19676,0
19677,0
19678,0
19679,0
19680,1
19681,1
19682,1
19683,1
19684,0
19685,0
19686,0
19687,0
19688,1
19689,1
19690,1
19691,1
19692,2
19693,0
19694,0
19695,1
19696,0
19697,0
19698,1
19699,0
19700,1
19701,0
19702,0
19703,0
19704,1
19705,1
19706,0
19707,0
19708,1
19709,1
19710,1
19711,1
19712,1
19713,0
19714,0
19715,0
19716,1
19717,1
19718,0
19719,0
19720,0
19721,0
19722,1
19723,0
19724,0
19725,1
19726,1
19727,0
19728,0
19729,0
19730,1
19731,1
19732,1
19733,0
19734,1
19735,1
19736,1
19737,0
19738,1
19739,0
19740,1
19741,1
19742,0
19743,0
19744,0
19745,0
19746,1
19747,0
19748,1
19749,0
19750,1
19751,1
19752,1
19753,0
19754,1
19755,1
19756,0
19757,1
19758,1
19759,1
19760,1
19761,1
19762,1
19763,1
19764,0
19765,1
19766,0
19767,0
19768,0
19769,0
19770,0
19771,0
19772,0
19773,0
19774,1
19775,0
19776,1
19777,1
19778,0
19779,0
19780,2
19781,0
19782,0
19783,0
19784,1
19785,0
19786,1
19787,1
19788,0
19789,0
19790,0
19791,0
19792,1
19793,1
19794,0
19795,0
19796,2
19797,1
19798,0
19799,1
19800,0
19801,0
19802,0
19803,0
19804,1
19805,0
19806,0
19807,0
19808,0
19809,0
19810,0
19811,1
19812,0
19813,0
19814,0
19815,1
19816,1
19817,1
19818,1
19819,0
19820,1
19821,1
19822,0
19823,1
19824,1
19825,0
19826,0
19827,0
19828,1
19829,1
19830,0
19831,1
19832,1
19833,1
19834,1
19835,1
19836,0
19837,1
19838,0
19839,1
19840,0
19841,0
19842,1
19843,1
19844,0
19845,0
19846,1
19847,0
19848,0
19849,1
19850,0
19851,0
19852,0
19853,1
19854,2
19855,0
19856,0
19857,0
19858,0
19859,0
19860,1
19861,0
19862,0
19863,1
19864,1
19865,1
19866,1
19867,0
19868,0
19869,1
19870,0
19871,0
19872,0
19873,0
19874,0
19875,0
19876,0
19877,0
19878,2
19879,0
19880,1
19881,1
19882,0
19883,0
19884,1
19885,0
19886,1
19887,1
19888,0
19889,1
19890,0
19891,1
19892,0
19893,2
19894,0
19895,0
19896,1
19897,1
19898,1
19899,1
19900,0
19901,0
19902,0
19903,1
19904,0
19905,2
19906,1
19907,1
19908,1
19909,0
19910,0
19911,0
19912,0
19913,0
19914,1
19915,2
19916,0
19917,1
19918,0
19919,0
19920,0
19921,0
19922,1
19923,2
19924,0
19925,1
19926,0
19927,0
19928,0
19929,0
19930,1
19931,0
19932,0
19933,1
19934,1
19935,0
19936,2
19937,0
19938,1
19939,0
19940,1
19941,0
19942,0
19943,0
19944,1
19945,0
19946,2
19947,0
19948,0
19949,0
19950,1
19951,1
19952,1
19953,1
19954,1
19955,0
19956,0
19957,0
19958,0
19959,1
19960,2
19961,1
19962,1
19963,1
19964,0
19965,1
19966,1
19967,1
19968,1
19969,0
19970,1
19971,1
19972,1
19973,1
19974,0
19975,0
19976,0
19977,1
19978,1
19979,1
19980,0
19981,1
19982,0
19983,0
19984,0
19985,0
19986,1
19987,1
19988,1
19989,1
19990,0
19991,0
19992,0
19993,1
19994,0
19995,0
19996,0
19997,0
19998,0
19999,0
20000,1
20001,1
20002,0
20003,1
20004,1
20005,1
20006,1
20007,1
20008,2
20009,0
20010,0
20011,1
20012,0
20013,0
20014,1
20015,1
20016,1
20017,1
20018,1
20019,0
20020,0
20021,0
20022,1
20023,1
20024,1
20025,1
20026,1
20027,0
20028,1
20029,0
20030,0
20031,2
20032,0
20033,0
20034,0
20035,1
20036,1
20037,1
20038,1
20039,1
20040,1
20041,1
20042,0
20043,0
20044,2
20045,0
20046,1
20047,0
20048,2
20049,0
20050,2
20051,0
20052,0
20053,0
20054,2
20055,1
20056,1
20057,0
20058,1
20059,1
20060,1
20061,0
20062,1
20063,1
20064,0
20065,0
20066,0
20067,0
20068,0
20069,1
20070,0
20071,0
20072,1
20073,1
20074,0
20075,0
20076,1
20077,1
20078,0
20079,0
20080,1
20081,1
20082,1
20083,0
20084,0
20085,1
20086,1
20087,0
20088,0
20089,0
20090,0
20091,0
20092,1
20093,1
20094,0
20095,0
20096,0
20097,0
20098,1
20099,1
20100,0
20101,1
20102,2
20103,1
20104,0
20105,0
20106,1
20107,0
20108,1
20109,1
20110,1
20111,0
20112,1
20113,0
20114,0
20115,1
20116,1
20117,1
20118,1
20119,1
20120,2
20121,0
20122,0
20123,1
20124,1
20125,1
20126,1
20127,1
20128,1
20129,0
20130,1
20131,0
20132,1
20133,0
20134,0
20135,0
20136,1
20137,1
20138,0
20139,1
20140,1
20141,0
20142,1
20143,1
20144,1
20145,1
20146,1
20147,1
20148,1
20149,1
20150,1
20151,1
20152,1
20153,1
20154,2
20155,0
20156,0
20157,1
20158,0
20159,0
20160,1
20161,0
20162,2
20163,2
20164,0
20165,1
20166,1
20167,0
20168,1
20169,0
20170,0
20171,1
20172,1
20173,0
20174,0
20175,1
20176,1
20177,0
20178,0
20179,0
20180,1
20181,1
20182,0
20183,1
20184,0
20185,0
20186,1
20187,1
20188,0
20189,0
20190,0
20191,0
20192,0
20193,0
20194,0
20195,1
20196,1
20197,1
20198,0
20199,1
20200,1
20201,1
20202,2
20203,1
20204,1
20205,1
20206,1
20207,1
20208,0
20209,0
20210,2
20211,0
20212,1
20213,1
20214,0
20215,1
20216,0
20217,1
20218,1
20219,1
20220,1
20221,0
20222,1
20223,0
20224,1
20225,0
20226,1
20227,1
20228,1
20229,1
20230,0
20231,1
20232,0
20233,0
20234,1
20235,1
20236,1
20237,0
20238,0
20239,1
20240,0
20241,1
20242,0
20243,0
20244,1
20245,1
20246,2
20247,1
20248,1
20249,0
20250,0
20251,2
20252,1
20253,1
20254,1
20255,0
20256,1
20257,0
20258,0
20259,0
20260,0
20261,1
20262,0
20263,0
20264,0
20265,0
20266,1
20267,1
20268,1
20269,1
20270,0
20271,1
20272,0
20273,0
20274,1
20275,1
20276,2
20277,1
20278,0
20279,2
20280,2
20281,0
20282,1
20283,0
20284,0
20285,1
20286,0
20287,2
20288,1
20289,0
20290,0
20291,1
20292,0
20293,0
20294,0
20295,1
20296,0
20297,1
20298,0
20299,2
20300,1
20301,0
20302,0
20303,1
20304,0
20305,0
20306,1
20307,1
20308,0
20309,0
20310,0
20311,1
20312,0
20313,0
20314,1
20315,2
20316,1
20317,0
20318,0
20319,0
20320,1
20321,0
20322,1
20323,1
20324,1
20325,1
20326,0
20327,1
20328,0
20329,0
20330,1
20331,0
20332,1
20333,1
20334,0
20335,0
20336,0
20337,1
20338,1
20339,1
20340,1
20341,2
20342,1
20343,1
20344,1
20345,1
20346,1
20347,1
20348,0
20349,1
20350,1
20351,0
20352,1
20353,0
20354,1
20355,1
20356,0
20357,0
20358,1
20359,0
20360,0
20361,1
20362,1
20363,0
20364,1
20365,0
20366,1
20367,0
20368,0
20369,0
20370,1
20371,1
20372,1
20373,1
20374,2
20375,1
20376,0
20377,0
20378,0
20379,1
20380,1
20381,0
20382,1
20383,0
20384,1
20385,1
20386,0
20387,0
20388,0
20389,0
20390,0
20391,0
20392,1
20393,1
20394,0
20395,0
20396,0
20397,0
20398,0
20399,0
20400,0
20401,1
20402,1
20403,0
20404,0
20405,0
20406,1
20407,1
20408,0
20409,0
20410,1
20411,1
20412,1
20413,0
20414,0
20415,1
20416,0
20417,0
20418,1
20419,0
20420,1
20421,0
20422,0
20423,0
20424,1
20425,1
20426,0
20427,0
20428,1
20429,0
20430,0
20431,1
20432,1
20433,0
20434,1
20435,0
20436,1
20437,1
20438,0
20439,0
20440,2
20441,1
20442,1
20443,1
20444,0
20445,0
20446,0
20447,0
20448,1
20449,1
20450,2
20451,0
20452,1
20453,1
20454,1
20455,0
20456,0
20457,1
20458,1
20459,1
20460,0
20461,0
20462,2
20463,1
20464,0
20465,0
20466,0
20467,0
20468,0
20469,0
20470,0
20471,0
20472,1
20473,1
20474,1
20475,1
20476,0
20477,0
20478,0
20479,0
20480,1
20481,1
20482,1
20483,1
20484,1
20485,0
20486,1
20487,2
20488,0
20489,0
20490,0
20491,1
20492,1
20493,0
20494,0
20495,1
20496,0
20497,1
20498,2
20499,0
20500,0
20501,1
20502,0
20503,0
20504,1
20505,1
20506,0
20507,1
20508,0
20509,2
20510,1
20511,0
20512,1
20513,0
20514,0
20515,1
20516,1
20517,1
20518,0
20519,1
20520,0
20521,0
20522,0
20523,1
20524,0
20525,0
20526,0
20527,0
20528,0
20529,2
20530,0
20531,0
20532,0
20533,0
20534,1
20535,1
20536,1
20537,1
20538,0
20539,1
20540,1
20541,1
20542,0
20543,1
20544,1
20545,1
20546,1
20547,0
20548,1
20549,0
20550,1
20551,1
20552,1
20553,0
20554,1
20555,0
20556,1
20557,0
20558,1
20559,1
20560,1
20561,1
20562,1
20563,0
20564,1
20565,0
20566,1
20567,1
20568,0
20569,0
20570,1
20571,1
20572,1
20573,1
20574,1
20575,1
20576,0
20577,0
20578,0
20579,0
20580,0
20581,0
20582,0
20583,0
20584,1
20585,0
20586,1
20587,0
20588,0
20589,1
20590,0
20591,0
20592,1
20593,0
20594,1
20595,0
20596,1
20597,1
20598,1
20599,2
20600,0
20601,0
20602,0
20603,1
20604,1
20605,0
20606,0
20607,1
20608,1
20609,1
20610,0
20611,1
20612,0
20613,1
20614,1
20615,0
20616,0
20617,1
20618,0
20619,0
20620,0
20621,0
20622,1
20623,0
20624,1
20625,1
20626,1
20627,0
20628,1
20629,0
20630,0
20631,1
20632,0
20633,1
20634,1
20635,0
20636,1
20637,0
20638,1
20639,1
20640,1
20641,1
20642,0
20643,1
20644,1
20645,1
20646,0
20647,0
20648,0
20649,0
20650,1
20651,0
20652,0
20653,0
20654,0
20655,1
20656,1
20657,0
20658,1
20659,1
20660,1
20661,1
20662,0
20663,0
20664,0
20665,1
20666,0
20667,0
20668,1
20669,1
20670,0
20671,1
20672,1
20673,1
20674,0
20675,1
20676,0
20677,0
20678,1
20679,1
20680,1
20681,0
20682,0
20683,1
20684,0
20685,1
20686,0
20687,0
20688,1
20689,0
20690,0
20691,1
20692,0
20693,1
20694,0
20695,1
20696,1
20697,0
20698,0
20699,0
20700,1
20701,1
20702,0
20703,0
20704,1
20705,1
20706,1
20707,1
20708,0
20709,0
20710,0
20711,1
20712,0
20713,0
20714,1
20715,1
20716,1
20717,0
20718,1
20719,1
20720,0
20721,1
20722,0
20723,1
20724,1
20725,1
20726,0
20727,1
20728,0
20729,0
20730,1
20731,1
20732,1
20733,0
20734,0
20735,0
20736,0
20737,0
20738,1
20739,1
20740,1
20741,1
20742,1
20743,0
20744,0
20745,0
20746,0
20747,1
20748,0
20749,1
20750,0
20751,0
20752,0
20753,0
20754,0
20755,1
20756,1
20757,1
20758,1
20759,1
20760,0
20761,1
20762,0
20763,0
20764,1
20765,0
20766,1
20767,1
20768,0
20769,0
20770,1
20771,0
20772,0
20773,1
20774,0
20775,1
20776,1
20777,1
20778,0
20779,0
20780,0
20781,0
20782,1
20783,1
20784,0
20785,0
20786,0
20787,0
20788,1
20789,1
20790,0
20791,0
20792,0
20793,0
20794,0
20795,1
20796,0
20797,0
20798,1
20799,0
20800,0
20801,1
20802,0
20803,1
20804,0
20805,1
20806,0
20807,1
20808,1
20809,1
20810,0
20811,1
20812,0
20813,1
20814,0
20815,1
20816,0
20817,0
20818,0
20819,0
20820,1
20821,2
20822,1
20823,0
20824,1
20825,1
20826,0
20827,2
20828,2
20829,1
20830,1
20831,0
20832,1
20833,0
20834,0
20835,1
20836,0
20837,1
20838,0
20839,1
20840,1
20841,1
20842,1
20843,0
20844,2
20845,1
20846,1
20847,1
20848,0
20849,1
20850,1
20851,0
20852,0
20853,0
20854,0
20855,1
20856,0
20857,0
20858,1
20859,1
20860,1
20861,1
20862,0
20863,1
20864,0
20865,1
20866,1
20867,1
20868,1
20869,0
20870,1
20871,0
20872,1
20873,0
20874,1
20875,1
20876,1
20877,1
20878,1
20879,0
20880,0
20881,1
20882,0
20883,0
20884,1
20885,1
20886,1
20887,1
20888,1
20889,0
20890,0
20891,1
20892,0
20893,0
20894,1
20895,0
20896,2
20897,1
20898,1
20899,1
20900,1
20901,0
20902,1
20903,1
20904,1
20905,0
20906,0
20907,0
20908,0
20909,1
20910,1
20911,1
20912,1
20913,0
20914,1
20915,1
20916,0
20917,1
20918,0
20919,1
20920,1
20921,1
20922,0
20923,0
20924,1
20925,1
20926,0
20927,0
20928,1
20929,0
20930,2
20931,0
20932,1
20933,2
20934,0
20935,0
20936,0
20937,1
20938,1
20939,1
20940,1
20941,1
20942,0
20943,1
20944,1
20945,1
20946,1
20947,0
20948,1
20949,1
20950,1
20951,1
20952,1
20953,1
20954,0
20955,0
20956,1
20957,1
20958,1
20959,1
20960,0
20961,1
20962,1
20963,0
20964,0
20965,0
20966,0
20967,1
20968,0
20969,0
20970,1
20971,1
20972,2
20973,1
20974,0
20975,0
20976,0
20977,1
20978,1
20979,2
20980,0
20981,0
20982,1
20983,1
20984,1
20985,0
20986,1
20987,0
20988,1
20989,1
20990,1
20991,0
20992,0
20993,1
20994,0
20995,0
20996,1
20997,0
20998,0
20999,1
21000,1
21001,1
21002,0
21003,0
21004,0
21005,1
21006,0
21007,1
21008,1
21009,1
21010,1
21011,0
21012,0
21013,1
21014,1
21015,0
21016,1
21017,1
21018,1
21019,1
21020,0
21021,1
21022,0
21023,1
21024,1
21025,0
21026,1
21027,0
21028,1
21029,1
21030,0
21031,1
21032,1
21033,0
21034,1
21035,0
21036,1
21037,1
21038,1
21039,0
21040,1
21041,1
21042,0
21043,1
21044,0
21045,1
21046,0
21047,1
21048,0
21049,1
21050,0
21051,0
21052,1
21053,0
21054,0
21055,1
21056,0
21057,0
21058,2
21059,1
21060,1
21061,1
21062,2
21063,0
21064,0
21065,0
21066,0
21067,1
21068,1
21069,0
21070,0
21071,1
21072,0
21073,1
21074,1
21075,1
21076,0
21077,1
21078,0
21079,1
21080,0
21081,1
21082,0
21083,1
21084,0
21085,1
21086,1
21087,1
21088,0
21089,0
21090,0
21091,1
21092,1
21093,0
21094,0
21095,1
21096,1
21097,0
21098,0
21099,1
21100,1
21101,0
21102,0
21103,0
21104,1
21105,0
21106,1
21107,0
21108,0
21109,0
21110,0
21111,2
21112,1
21113,1
21114,2
21115,0
21116,0
21117,1
21118,0
21119,0
21120,1
21121,1
21122,0
21123,1
21124,0
21125,1
21126,0
21127,1
21128,0
21129,1
21130,1
21131,0
21132,0
21133,1
21134,1
21135,1
21136,1
21137,0
21138,0
21139,0
21140,2
21141,1
21142,1
21143,1
21144,0
21145,1
21146,1
21147,1
21148,1
21149,0
21150,1
21151,1
21152,1
21153,1
21154,0
21155,1
21156,1
21157,1
21158,0
21159,1
21160,0
21161,1
21162,1
21163,0
21164,1
21165,1
21166,1
21167,0
21168,0
21169,1
21170,1
21171,0
21172,0
21173,0
21174,1
21175,0
21176,0
21177,0
21178,2
21179,1
21180,1
21181,0
21182,1
21183,1
21184,1
21185,1
21186,0
21187,1
21188,1
21189,0
21190,0
21191,1
21192,1
21193,0
21194,1
21195,1
21196,0
21197,1
21198,1
21199,1
21200,1
21201,0
21202,1
21203,1
21204,0
21205,1
21206,0
21207,0
21208,0
21209,0
21210,1
21211,0
21212,0
21213,0
21214,1
21215,0
21216,1
21217,0
21218,1
21219,1
21220,1
21221,0
21222,1
21223,0
21224,1
21225,0
21226,1
21227,1
21228,0
21229,1
21230,1
21231,0
21232,1
21233,1
21234,1
21235,1
21236,0
21237,1
21238,1
21239,0
21240,0
21241,1
21242,0
21243,0
21244,1
21245,2
21246,0
21247,1
21248,0
21249,1
21250,1
21251,1
21252,1
21253,0
21254,1
21255,0
21256,0
21257,1
21258,1
21259,2
21260,0
21261,0
21262,1
21263,1
21264,1
21265,0
21266,1
21267,1
21268,1
21269,0
21270,0
21271,1
21272,1
21273,0
21274,1
21275,0
21276,0
21277,1
21278,1
21279,0
21280,1
21281,2
21282,1
21283,1
21284,0
21285,1
21286,1
21287,0
21288,1
21289,1
21290,0
21291,0
21292,0
21293,1
21294,1
21295,0
21296,2
21297,1
21298,0
21299,1
21300,0
21301,1
21302,0
21303,1
21304,0
21305,0
21306,1
21307,1
21308,0
21309,1
21310,2
21311,1
21312,1
21313,1
21314,1
21315,1
21316,1
21317,1
21318,0
21319,0
21320,1
21321,1
21322,2
21323,1
21324,0
21325,0
21326,1
21327,0
21328,1
21329,0
21330,1
21331,0
21332,1
21333,1
21334,0
21335,0
21336,1
21337,1
21338,1
21339,0
21340,1
21341,0
21342,1
21343,1
21344,1
21345,1
21346,1
21347,1
21348,0
21349,1
21350,1
21351,1
21352,1
21353,0
21354,1
21355,0
21356,1
21357,1
21358,1
21359,1
21360,1
21361,1
21362,1
21363,1
21364,1
21365,0
21366,1
21367,1
21368,1
21369,0
21370,0
21371,1
21372,0
21373,1
21374,0
21375,1
21376,1
21377,1
21378,0
21379,0
21380,0
21381,1
21382,1
21383,0
21384,1
21385,0
21386,0
21387,1
21388,0
21389,0
21390,1
21391,1
21392,1
21393,1
21394,0
21395,1
21396,0
21397,2
21398,1
21399,1
21400,1
21401,0
21402,1
21403,1
21404,1
21405,0
21406,2
21407,1
21408,0
21409,1
21410,0
21411,0
21412,0
21413,0
21414,1
21415,1
21416,1
21417,1
21418,0
21419,1
21420,1
21421,0
21422,0
21423,1
21424,0
21425,0
21426,0
21427,0
21428,1
21429,1
21430,0
21431,1
21432,0
21433,0
21434,1
21435,2
21436,0
21437,0
21438,1
21439,0
21440,1
21441,0
21442,1
21443,0
21444,0
21445,1
21446,0
21447,1
21448,0
21449,0
21450,1
21451,1
21452,0
21453,0
21454,0
21455,0
21456,1
21457,0
21458,0
21459,1
21460,0
21461,0
21462,0
21463,1
21464,1
21465,1
21466,2
21467,0
21468,1
21469,0
21470,1
21471,1
21472,1
21473,0
21474,1
21475,1
21476,1
21477,0
21478,1
21479,1
21480,1
21481,1
21482,0
21483,1
21484,0
21485,1
21486,1
21487,1
21488,0
21489,1
21490,2
21491,0
21492,1
21493,1
21494,1
21495,2
21496,1
21497,0
21498,1
21499,0
21500,0
21501,1
21502,1
21503,0
21504,0
21505,1
21506,1
21507,2
21508,0
21509,1
21510,0
21511,1
21512,0
21513,1
21514,1
21515,1
21516,1
21517,0
21518,1
21519,1
21520,1
21521,1
21522,1
21523,1
21524,0
21525,0
21526,0
21527,0
21528,0
21529,0
21530,1
21531,1
21532,1
21533,1
21534,1
21535,0
21536,1
21537,1
21538,1
21539,1
21540,1
21541,0
21542,1
21543,0
21544,1
21545,0
21546,0
21547,1
21548,0
21549,0
21550,1
21551,0
21552,1
21553,1
21554,1
21555,0
21556,1
21557,0
21558,0
21559,1
21560,0
21561,1
21562,1
21563,0
21564,1
21565,0
21566,1
21567,1
21568,2
21569,0
21570,0
21571,0
21572,1
21573,1
21574,0
21575,1
21576,1
21577,0
21578,1
21579,1
21580,1
21581,0
21582,1
21583,1
21584,1
21585,0
21586,0
21587,1
21588,1
21589,0
21590,0
21591,0
21592,0
21593,0
21594,0
21595,1
21596,0
21597,0
21598,2
21599,0
21600,1
21601,0
21602,0
21603,1
21604,1
21605,1
21606,1
21607,0
21608,0
21609,1
21610,1
21611,0
21612,0
21613,0
21614,0
21615,0
21616,1
21617,1
21618,1
21619,1
21620,1
21621,1
21622,0
21623,0
21624,1
21625,1
21626,0
21627,0
21628,0
21629,0
21630,0
21631,0
21632,1
21633,0
21634,0
21635,1
21636,0
21637,1
21638,1
21639,1
21640,1
21641,1
21642,1
21643,0
21644,0
21645,1
21646,0
21647,0
21648,0
21649,1
21650,1
21651,1
21652,0
21653,1
21654,1
21655,1
21656,0
21657,1
21658,0
21659,1
21660,0
21661,1
21662,0
21663,1
21664,0
21665,0
21666,1
21667,0
21668,1
21669,1
21670,0
21671,0
21672,1
21673,1
21674,1
21675,1
21676,1
21677,0
21678,0
21679,0
21680,1
21681,0
21682,0
21683,0
21684,1
21685,0
21686,0
21687,0
21688,0
21689,0
21690,1
21691,0
21692,0
21693,1
21694,0
21695,1
21696,2
21697,0
21698,1
21699,0
21700,1
21701,2
21702,0
21703,0
21704,0
21705,1
21706,1
21707,0
21708,1
21709,1
21710,0
21711,0
21712,0
21713,0
21714,0
21715,0
21716,1
21717,0
21718,1
21719,0
21720,1
21721,1
21722,1
21723,1
21724,1
21725,1
21726,0
21727,1
21728,1
21729,1
21730,1
21731,0
21732,0
21733,1
21734,1
21735,0
21736,0
21737,1
21738,0
21739,0
21740,1
21741,1
21742,0
21743,0
21744,0
21745,0
21746,0
21747,0
21748,2
21749,0
21750,1
21751,1
21752,0
21753,1
21754,1
21755,0
21756,1
21757,0
21758,0
21759,0
21760,0
21761,0
21762,1
21763,1
21764,1
21765,0
21766,1
21767,1
21768,0
21769,0
21770,0
21771,1
21772,0
21773,0
21774,1
21775,0
21776,0
21777,0
21778,1
21779,1
21780,1
21781,0
21782,1
21783,1
21784,1
21785,1
21786,1
21787,1
21788,1
21789,1
21790,1
21791,1
21792,0
21793,2
21794,1
21795,0
21796,0
21797,0
21798,0
21799,2
21800,0
21801,1
21802,1
21803,1
21804,1
21805,0
21806,0
21807,0
21808,2
21809,1
21810,1
21811,0
21812,1
21813,1
21814,0
21815,1
21816,0
21817,0
21818,0
21819,0
21820,1
21821,0
21822,1
21823,0
21824,1
21825,1
21826,0
21827,1
21828,0
21829,0
21830,1
21831,0
21832,1
21833,0
21834,0
21835,1
21836,1
21837,0
21838,1
21839,1
21840,0
21841,1
21842,1
21843,1
21844,0
21845,1
21846,0
21847,0
21848,0
21849,1
21850,0
21851,1
21852,0
21853,1
21854,1
21855,1
21856,1
21857,1
21858,1
21859,1
21860,1
21861,1
21862,1
21863,1
21864,1
21865,1
21866,0
21867,0
21868,1
21869,0
21870,0
21871,0
21872,0
21873,1
21874,1
21875,1
21876,1
21877,1
21878,0
21879,1
21880,0
21881,0
21882,2
21883,1
21884,0
21885,1
21886,1
21887,1
21888,0
21889,1
21890,0
21891,1
21892,0
21893,0
21894,0
21895,1
21896,0
21897,0
21898,0
21899,0
21900,0
21901,0
21902,0
21903,0
21904,0
21905,1
21906,0
21907,1
21908,0
21909,1
21910,1
21911,1
21912,1
21913,1
21914,1
21915,1
21916,1
21917,0
21918,0
21919,0
21920,0
21921,0
21922,0
21923,0
21924,0
21925,1
21926,1
21927,0
21928,1
21929,1
21930,0
21931,0
21932,0
21933,0
21934,0
21935,1
21936,0
21937,1
21938,1
21939,1
21940,0
21941,1
21942,1
21943,1
21944,1
21945,0
21946,0
21947,1
21948,1
21949,0
21950,1
21951,0
21952,0
21953,2
21954,1
21955,0
21956,1
21957,0
21958,0
21959,1
21960,1
21961,0
21962,2
21963,1
21964,1
21965,1
21966,1
21967,0
21968,1
21969,1
21970,1
21971,1
21972,1
21973,0
21974,0
21975,1
21976,0
21977,0
21978,1
21979,0
21980,0
21981,1
21982,0
21983,0
21984,0
21985,1
21986,0
21987,1
21988,1
21989,0
21990,1
21991,1
21992,0
21993,0
21994,1
21995,1
21996,0
21997,1
21998,1
21999,1
22000,1
22001,1
22002,1
22003,1
22004,1
22005,1
22006,0
22007,0
22008,1
22009,0
22010,0
22011,0
22012,1
22013,0
22014,1
22015,1
22016,1
22017,0
22018,0
22019,1
22020,0
22021,0
22022,1
22023,0
22024,1
22025,0
22026,0
22027,2
22028,1
22029,1
22030,0
22031,1
22032,1
22033,1
22034,0
22035,0
22036,0
22037,0
22038,1
22039,0
22040,1
22041,0
22042,0
22043,1
22044,1
22045,0
22046,0
22047,1
22048,0
22049,0
22050,0
22051,0
22052,0
22053,0
22054,0
22055,0
22056,0
22057,0
22058,1
22059,1
22060,1
22061,0
22062,0
22063,2
22064,1
22065,0
22066,1
22067,0
22068,1
22069,0
22070,1
22071,0
22072,1
22073,1
22074,0
22075,0
22076,0
22077,0
22078,0
22079,1
22080,1
22081,1
22082,1
22083,1
22084,1
22085,1
22086,1
22087,1
22088,0
22089,1
22090,0
22091,0
22092,1
22093,0
22094,1
22095,0
22096,0
22097,0
22098,1
22099,1
22100,0
22101,0
22102,1
22103,0
22104,0
22105,2
22106,1
22107,1
22108,1
22109,0
22110,1
22111,1
22112,1
22113,1
22114,1
22115,1
22116,0
22117,0
22118,0
22119,0
22120,0
22121,1
22122,0
22123,1
22124,1
22125,0
22126,1
22127,0
22128,0
22129,0
22130,1
22131,0
22132,1
22133,1
22134,0
22135,1
22136,1
22137,0
22138,1
22139,0
22140,1
22141,1
22142,1
22143,1
22144,1
22145,2
22146,0
22147,1
22148,0
22149,1
22150,1
22151,1
22152,0
22153,0
22154,0
22155,1
22156,0
22157,1
22158,1
22159,1
22160,2
22161,0
22162,0
22163,1
22164,0
22165,0
22166,0
22167,0
22168,0
22169,1
22170,0
22171,1
22172,1
22173,1
22174,0
22175,1
22176,1
22177,1
22178,0
22179,0
22180,1
22181,1
22182,0
22183,1
22184,1
22185,1
22186,1
22187,0
22188,1
22189,0
22190,0
22191,1
22192,1
22193,0
22194,0
22195,1
22196,1
22197,1
22198,1
22199,0
22200,1
22201,0
22202,1
22203,1
22204,1
22205,1
22206,0
22207,2
22208,1
22209,0
22210,1
22211,0
22212,1
22213,0
22214,1
22215,1
22216,1
22217,1
22218,1
22219,0
22220,0
22221,0
22222,0
22223,1
22224,1
22225,0
22226,0
22227,0
22228,1
22229,0
22230,0
22231,1
22232,0
22233,0
22234,0
22235,1
22236,0
22237,1
22238,1
22239,0
22240,0
22241,0
22242,1
22243,0
22244,0
22245,0
22246,1
22247,0
22248,0
22249,0
22250,0
22251,0
22252,0
22253,1
22254,0
22255,0
22256,0
22257,0
22258,1
22259,1
22260,0
22261,0
22262,2
22263,0
22264,0
22265,0
22266,0
22267,1
22268,1
22269,0
22270,1
22271,1
22272,0
22273,0
22274,1
22275,0
22276,0
22277,0
22278,0
22279,0
22280,1
22281,0
22282,1
22283,0
22284,1
22285,1
22286,0
22287,0
22288,0
22289,0
22290,1
22291,2
22292,1
22293,0
22294,1
22295,0
22296,0
22297,0
22298,1
22299,1
22300,0
22301,0
22302,1
22303,1
22304,1
22305,1
22306,0
22307,1
22308,0
22309,0
22310,1
22311,1
22312,0
22313,0
22314,0
22315,1
22316,0
22317,1
22318,1
22319,0
22320,1
22321,1
22322,1
22323,0
22324,0
22325,0
22326,1
22327,0
22328,1
22329,2
22330,1
22331,0
22332,1
22333,0
22334,1
22335,0
22336,1
22337,1
22338,1
22339,1
22340,0
22341,1
22342,0
22343,1
22344,0
22345,0
22346,1
22347,1
22348,0
22349,1
22350,1
22351,1
22352,0
22353,0
22354,1
22355,1
22356,1
22357,0
22358,1
22359,1
22360,1
22361,2
22362,0
22363,1
22364,1
22365,1
22366,1
22367,1
22368,0
22369,0
22370,0
22371,0
22372,1
22373,0
22374,0
22375,1
22376,1
22377,0
22378,1
22379,0
22380,0
22381,1
22382,1
22383,0
22384,1
22385,1
22386,0
22387,1
22388,0
22389,1
22390,1
22391,1
22392,1
22393,2
22394,0
22395,0
22396,0
22397,1
22398,2
22399,1
22400,0
22401,0
22402,1
22403,1
22404,0
22405,1
22406,1
22407,1
22408,1
22409,1
22410,1
22411,0
22412,1
22413,1
22414,0
22415,1
22416,1
22417,0
22418,1
22419,1
22420,0
22421,0
22422,0
22423,1
22424,1
22425,0
22426,0
22427,1
22428,1
22429,1
22430,1
22431,1
22432,1
22433,1
22434,0
22435,1
22436,0
22437,1
22438,1
22439,1
22440,1
22441,1
22442,1
22443,0
22444,0
22445,0
22446,1
22447,1
22448,0
22449,0
22450,0
22451,1
22452,1
22453,0
22454,0
22455,0
22456,0
22457,0
22458,1
22459,0
22460,0
22461,0
22462,0
22463,0
22464,1
22465,0
22466,0
22467,1
22468,0
22469,1
22470,0
22471,1
22472,1
22473,1
22474,0
22475,1
22476,1
22477,0
22478,1
22479,0
22480,0
22481,1
22482,1
22483,1
22484,1
22485,0
22486,1
22487,1
22488,1
22489,1
22490,0
22491,1
22492,1
22493,0
22494,0
22495,1
22496,1
22497,0
22498,1
22499,1
22500,1
22501,0
22502,1
22503,0
22504,1
22505,0
22506,1
22507,1
22508,1
22509,1
22510,1
22511,0
22512,0
22513,1
22514,0
22515,1
22516,1
22517,0
22518,2
22519,1
22520,1
22521,0
22522,1
22523,1
22524,0
22525,0
22526,1
22527,2
22528,2
22529,1
22530,0
22531,1
22532,1
22533,0
22534,1
22535,1
22536,0
22537,0
22538,1
22539,0
22540,1
22541,0
22542,0
22543,0
22544,0
22545,0
22546,1
22547,1
22548,1
22549,1
22550,0
22551,0
22552,1
22553,1
22554,0
22555,1
22556,1
22557,1
22558,0
22559,0
22560,0
22561,1
22562,0
22563,0
22564,0
22565,1
22566,1
22567,0
22568,1
22569,1
22570,0
22571,1
22572,0
22573,0
22574,1
22575,0
22576,0
22577,1
22578,1
22579,1
22580,0
22581,1
22582,1
22583,1
22584,1
22585,0
22586,1
22587,1
22588,0
22589,0
22590,1
22591,0
22592,1
22593,0
22594,2
22595,2
22596,0
22597,0
22598,0
22599,0
22600,1
22601,1
22602,1
22603,2
22604,0
22605,0
22606,1
22607,0
22608,0
22609,0
22610,2
22611,0
22612,1
22613,1
22614,0
22615,0
22616,1
22617,1
22618,1
22619,0
22620,2
22621,0
22622,0
22623,0
22624,0
22625,0
22626,0
22627,0
22628,1
22629,1
22630,0
22631,1
22632,1
22633,0
22634,1
22635,1
22636,0
22637,0
22638,0
22639,0
22640,1
22641,1
22642,1
22643,0
22644,1
22645,1
22646,2
22647,1
22648,0
22649,0
22650,0
22651,0
22652,0
22653,1
22654,1
22655,1
22656,1
22657,0
22658,1
22659,0
22660,1
22661,0
22662,0
22663,0
22664,1
22665,0
22666,0
22667,0
22668,0
22669,1
22670,0
22671,0
22672,0
22673,0
22674,1
22675,1
22676,1
22677,1
22678,1
22679,1
22680,0
22681,1
22682,1
22683,1
22684,0
22685,0
22686,1
22687,2
22688,0
22689,1
22690,1
22691,1
22692,1
22693,2
22694,1
22695,0
22696,1
22697,0
22698,0
22699,0
22700,1
22701,2
22702,0
22703,0
22704,1
22705,1
22706,0
22707,1
22708,0
22709,1
22710,0
22711,0
22712,1
22713,1
22714,0
22715,0
22716,1
22717,0
22718,1
22719,1
22720,0
22721,0
22722,1
22723,0
22724,0
22725,0
22726,1
22727,0
22728,1
22729,0
22730,0
22731,0
22732,0
22733,1
22734,1
22735,1
22736,1
22737,2
22738,1
22739,0
22740,0
22741,1
22742,2
22743,1
22744,0
22745,1
22746,0
22747,1
22748,1
22749,1
22750,0
22751,0
22752,0
22753,0
22754,0
22755,1
22756,1
22757,1
22758,1
22759,1
22760,0
22761,1
22762,0
22763,1
22764,0
22765,0
22766,0
22767,1
22768,0
22769,0
22770,0
22771,0
22772,0
22773,1
22774,1
22775,1
22776,1
22777,1
22778,1
22779,0
22780,1
22781,0
22782,0
22783,0
22784,1
22785,1
22786,1
22787,1
22788,0
22789,0
22790,0
22791,1
22792,0
22793,1
22794,0
22795,0
22796,1
22797,1
22798,1
22799,0
22800,0
22801,0
22802,2
22803,1
22804,1
22805,0
22806,0
22807,0
22808,1
22809,0
22810,1
22811,1
22812,0
22813,1
22814,0
22815,0
22816,0
22817,0
22818,0
22819,0
22820,0
22821,1
22822,2
22823,1
22824,1
22825,0
22826,1
22827,0
22828,0
22829,0
22830,1
22831,0
22832,2
22833,0
22834,0
22835,0
22836,1
22837,0
22838,2
22839,0
22840,1
22841,0
22842,0
22843,2
22844,1
22845,0
22846,1
22847,1
22848,0
22849,1
22850,1
22851,1
22852,0
22853,1
22854,1
22855,0
22856,0
22857,0
22858,1
22859,1
22860,1
22861,2
22862,1
22863,0
22864,1
22865,1
22866,1
22867,1
22868,0
22869,0
22870,1
22871,1
22872,0
22873,2
22874,0
22875,0
22876,1
22877,1
22878,1
22879,0
22880,0
22881,1
22882,1
22883,1
22884,1
22885,1
22886,0
22887,0
22888,0
22889,0
22890,2
22891,0
22892,1
22893,0
22894,0
22895,1
22896,1
22897,1
22898,1
22899,0
22900,0
22901,0
22902,0
22903,1
22904,0
22905,0
22906,0
22907,0
22908,0
22909,0
22910,0
22911,0
22912,1
22913,0
22914,1
22915,0
22916,0
22917,0
22918,0
22919,0
22920,1
22921,1
22922,1
22923,1
22924,0
22925,0
22926,1
22927,0
22928,0
22929,1
22930,1
22931,0
22932,1
22933,0
22934,1
22935,0
22936,1
22937,0
22938,0
22939,1
22940,2
22941,0
22942,0
22943,0
22944,1
22945,1
22946,1
22947,1
22948,0
22949,1
22950,0
22951,1
22952,1
22953,0
22954,1
22955,0
22956,1
22957,2
22958,1
22959,1
22960,0
22961,1
22962,0
22963,0
22964,0
22965,0
22966,0
22967,1
22968,0
22969,0
22970,0
22971,0
22972,0
22973,1
22974,1
22975,0
22976,1
22977,0
22978,1
22979,0
22980,0
22981,0
22982,0
22983,1
22984,0
22985,1
22986,0
22987,0
22988,0
22989,1
22990,2
22991,1
22992,1
22993,0
22994,1
22995,2
22996,1
22997,0
22998,0
22999,0
23000,0
23001,1
23002,0
23003,1
23004,1
23005,0
23006,1
23007,0
23008,0
23009,1
23010,1
23011,1
23012,1
23013,1
23014,1
23015,1
23016,1
23017,0
23018,1
23019,1
23020,0
23021,1
23022,0
23023,0
23024,0
23025,2
23026,2
23027,0
23028,1
23029,0
23030,0
23031,0
23032,0
23033,0
23034,0
23035,1
23036,0
23037,0
23038,0
23039,1
23040,1
23041,0
23042,0
23043,1
23044,0
23045,1
23046,1
23047,0
23048,0
23049,2
23050,0
23051,1
23052,1
23053,1
23054,1
23055,2
23056,0
23057,0
23058,0
23059,0
23060,2
23061,0
23062,0
23063,0
23064,1
23065,1
23066,0
23067,1
23068,0
23069,0
23070,1
23071,0
23072,1
23073,0
23074,0
23075,0
23076,1
23077,1
23078,0
23079,1
23080,0
23081,0
23082,0
23083,1
23084,1
23085,0
23086,0
23087,0
23088,1
23089,1
23090,1
23091,0
23092,1
23093,0
23094,1
23095,1
23096,1
23097,1
23098,0
23099,0
23100,1
23101,0
23102,0
23103,0
23104,0
23105,1
23106,1
23107,0
23108,0
23109,0
23110,1
23111,2
23112,2
23113,1
23114,1
23115,0
23116,1
23117,1
23118,1
23119,0
23120,0
23121,0
23122,0
23123,1
23124,0
23125,1
23126,0
23127,0
23128,1
23129,1
23130,0
23131,1
23132,0
23133,0
23134,1
23135,0
23136,0
23137,1
23138,0
23139,0
23140,1
23141,0
23142,0
23143,1
23144,1
23145,1
23146,0
23147,2
23148,0
23149,1
23150,1
23151,1
23152,1
23153,0
23154,0
23155,0
23156,1
23157,1
23158,0
23159,0
23160,0
23161,2
23162,0
23163,0
23164,1
23165,1
23166,1
23167,0
23168,1
23169,0
23170,0
23171,1
23172,0
23173,1
23174,2
23175,0
23176,1
23177,1
23178,1
23179,0
23180,1
23181,1
23182,1
23183,1
23184,0
23185,0
23186,1
23187,1
23188,1
23189,1
23190,1
23191,0
23192,1
23193,1
23194,1
23195,0
23196,0
23197,0
23198,1
23199,1
23200,0
23201,1
23202,0
23203,0
23204,0
23205,1
23206,1
23207,1
23208,2
23209,1
23210,0
23211,1
23212,1
23213,0
23214,0
23215,1
23216,0
23217,1
23218,1
23219,1
23220,0
23221,1
23222,1
23223,0
23224,1
23225,0
23226,0
23227,0
23228,0
23229,0
23230,1
23231,1
23232,1
23233,0
23234,0
23235,1
23236,0
23237,1
23238,0
23239,0
23240,0
23241,0
23242,1
23243,0
23244,0
23245,0
23246,1
23247,1
23248,0
23249,1
23250,0
23251,1
23252,0
23253,0
23254,0
23255,1
23256,1
23257,0
23258,0
23259,1
23260,0
23261,2
23262,0
23263,0
23264,0
23265,0
23266,0
23267,0
23268,0
23269,1
23270,1
23271,0
23272,0
23273,1
23274,0
23275,1
23276,1
23277,0
23278,2
23279,1
23280,0
23281,1
23282,1
23283,1
23284,0
23285,1
23286,1
23287,1
23288,1
23289,1
23290,2
23291,0
23292,0
23293,1
23294,1
23295,0
23296,1
23297,0
23298,1
23299,1
23300,1
23301,0
23302,1
23303,0
23304,0
23305,1
23306,1
23307,1
23308,1
23309,0
23310,0
23311,0
23312,0
23313,1
23314,1
23315,0
23316,1
23317,0
23318,0
23319,1
23320,0
23321,0
23322,0
23323,2
23324,0
23325,0
23326,0
23327,1
23328,1
23329,0
23330,1
23331,0
23332,0
23333,1
23334,1
23335,2
23336,0
23337,1
23338,0
23339,0
23340,1
23341,0
23342,1
23343,1
23344,0
23345,0
23346,1
23347,0
23348,0
23349,0
23350,1
23351,1
23352,1
23353,0
23354,0
23355,1
23356,1
23357,0
23358,1
23359,1
23360,0
23361,1
23362,0
23363,1
23364,0
23365,1
23366,1
23367,0
23368,1
23369,0
23370,0
23371,2
23372,2
23373,1
23374,1
23375,1
23376,0
23377,0
23378,0
23379,1
23380,1
23381,0
23382,1
23383,0
23384,1
23385,1
23386,1
23387,0
23388,0
23389,1
23390,0
23391,1
23392,1
23393,0
23394,1
23395,1
23396,0
23397,0
23398,1
23399,1
23400,0
23401,2
23402,0
23403,1
23404,0
23405,0
23406,1
23407,0
23408,0
23409,0
23410,0
23411,1
23412,0
23413,1
23414,0
23415,1
23416,0
23417,0
23418,1
23419,0
23420,0
23421,1
23422,1
23423,1
23424,0
23425,2
23426,0
23427,0
23428,1
23429,0
23430,1
23431,0
23432,1
23433,1
23434,1
23435,1
23436,0
23437,1
23438,1
23439,1
23440,0
23441,0
23442,1
23443,1
23444,1
23445,0
23446,0
23447,0
23448,1
23449,1
23450,1
23451,1
23452,0
23453,1
23454,1
23455,0
23456,1
23457,2
23458,1
23459,1
23460,2
23461,1
23462,1
23463,1
23464,0
23465,0
23466,1
23467,1
23468,1
23469,1
23470,1
23471,0
23472,1
23473,0
23474,1
23475,1
23476,1
23477,1
23478,1
