index,cluster
0,0
1,0
2,1
3,0
4,0
5,0
6,1
7,0
8,0
9,1
10,1
11,1
12,0
13,0
14,0
15,1
16,1
17,0
18,1
19,0
20,1
21,2
22,1
23,1
24,1
25,0
26,0
27,1
28,2
29,1
30,0
31,1
32,1
33,1
34,0
35,1
36,0
37,1
38,1
39,0
40,0
41,0
42,0
43,1
44,1
45,0
46,1
47,0
48,1
49,1
50,1
51,1
52,0
53,2
54,0
55,1
56,1
57,0
58,1
59,0
60,1
61,1
62,0
63,1
64,1
65,1
66,0
67,1
68,0
69,1
70,1
71,1
72,1
73,1
74,0
75,1
76,1
77,0
78,1
79,1
80,0
81,1
82,2
83,1
84,1
85,0
86,1
87,1
88,1
89,0
90,0
91,0
92,1
93,1
94,0
95,0
96,1
97,1
98,1
99,1
100,0
101,1
102,2
103,1
104,0
105,1
106,1
107,1
108,0
109,0
110,0
111,0
112,1
113,1
114,1
115,1
116,0
117,0
118,0
119,2
120,0
121,0
122,1
123,1
124,1
125,0
126,1
127,1
128,1
129,0
130,1
131,1
132,1
133,1
134,1
135,1
136,1
137,0
138,0
139,2
140,1
141,1
142,0
143,0
144,0
145,1
146,1
147,0
148,1
149,1
150,2
151,1
152,2
153,0
154,0
155,0
156,1
157,1
158,1
159,0
160,1
161,1
162,1
163,0
164,1
165,1
166,1
167,1
168,0
169,1
170,1
171,1
172,1
173,1
174,0
175,1
176,0
177,1
178,0
179,0
180,0
181,0
182,1
183,0
184,1
185,0
186,1
187,1
188,0
189,2
190,2
191,0
192,1
193,1
194,1
195,1
196,1
197,0
198,1
199,2
200,1
201,2
202,0
203,0
204,1
205,1
206,1
207,1
208,0
209,0
210,0
211,1
212,1
213,0
214,0
215,0
216,1
217,1
218,1
219,0
220,1
221,1
222,0
223,0
224,1
225,0
226,1
227,1
228,1
229,0
230,0
231,0
232,0
233,1
234,0
235,1
236,0
237,0
238,0
239,1
240,1
241,1
242,0
243,0
244,1
245,1
246,1
247,1
248,0
249,1
250,1
251,0
252,1
253,0
254,2
255,1
256,0
257,0
258,1
259,0
260,0
261,1
262,1
263,0
264,1
265,1
266,1
267,1
268,1
269,0
270,1
271,0
272,1
273,0
274,1
275,1
276,1
277,1
278,2
279,0
280,0
281,0
282,0
283,1
284,0
285,1
286,0
287,1
288,1
289,1
290,0
291,0
292,1
293,1
294,0
295,0
296,0
297,0
298,1
299,1
300,1
301,1
302,0
303,1
304,1
305,0
306,0
307,0
308,0
309,1
310,1
311,1
312,1
313,1
314,0
315,0
316,0
317,0
318,1
319,1
320,1
321,0
322,0
323,1
324,0
325,1
326,0
327,0
328,1
329,0
330,0
331,2
332,0
333,0
334,0
335,1
336,2
337,1
338,1
339,1
340,0
341,0
342,1
343,0
344,1
345,1
346,1
347,0
348,1
349,1
350,1
351,1
352,1
353,0
354,2
355,1
356,1
357,0
358,0
359,1
360,0
361,1
362,0
363,2
364,0
365,1
366,2
367,2
368,1
369,1
370,2
371,1
372,1
373,1
374,0
375,0
376,1
377,0
378,0
379,2
380,1
381,1
382,1
383,1
384,1
385,2
386,1
387,1
388,0
389,1
390,1
391,1
392,0
393,1
394,0
395,0
396,1
397,0
398,0
399,0
400,1
401,0
402,1
403,0
404,0
405,1
406,2
407,1
408,0
409,1
410,0
411,0
412,1
413,0
414,0
415,1
416,0
417,0
418,0
419,1
420,1
421,0
422,1
423,0
424,1
425,1
426,0
427,2
428,2
429,1
430,0
431,1
432,0
433,0
434,0
435,1
436,1
437,0
438,0
439,0
440,0
441,1
442,1
443,1
444,2
445,0
446,1
447,1
448,1
449,0
450,2
451,1
452,0
453,0
454,1
455,1
456,1
457,1
458,1
459,0
460,0
461,2
462,0
463,0
464,0
465,1
466,2
467,0
468,1
469,0
470,1
471,1
472,2
473,1
474,0
475,2
476,1
477,0
478,2
479,1
480,0
481,1
482,2
483,0
484,1
485,1
486,1
487,1
488,2
489,1
490,0
491,1
492,1
493,0
494,1
495,0
496,0
497,1
498,1
499,2
500,1
501,0
502,0
503,1
504,1
505,1
506,0
507,0
508,1
509,0
510,2
511,1
512,2
513,0
514,0
515,0
516,1
517,0
518,0
519,1
520,1
521,1
522,0
523,0
524,1
525,1
526,1
527,2
528,0
529,1
530,1
531,1
532,0
533,1
534,1
535,1
536,0
537,1
538,1
539,1
540,1
541,1
542,1
543,0
544,0
545,0
546,0
547,2
548,1
549,1
550,0
551,1
552,0
553,1
554,0
555,0
556,0
557,1
558,1
559,0
560,1
561,1
562,1
563,0
564,2
565,0
566,1
567,1
568,1
569,1
570,0
571,1
572,0
573,1
574,1
575,0
576,1
577,0
578,0
579,0
580,2
581,0
582,1
583,1
584,1
585,1
586,0
587,0
588,1
589,1
590,1
591,0
592,0
593,0
594,1
595,1
596,1
597,2
598,0
599,1
600,0
601,0
602,0
603,0
604,0
605,1
606,0
607,0
608,1
609,0
610,0
611,0
612,0
613,1
614,2
615,1
616,0
617,1
618,1
619,1
620,0
621,0
622,0
623,1
624,2
625,1
626,1
627,1
628,0
629,0
630,0
631,1
632,2
633,1
634,1
635,0
636,1
637,0
638,1
639,1
640,0
641,0
642,0
643,0
644,0
645,0
646,1
647,1
648,1
649,1
650,1
651,1
652,1
653,0
654,1
655,1
656,2
657,2
658,0
659,0
660,1
661,1
662,1
663,0
664,1
665,0
666,1
667,1
668,1
669,2
670,1
671,1
672,1
673,1
674,1
675,1
676,1
677,1
678,1
679,0
680,0
681,0
682,1
683,1
684,0
685,1
686,0
687,1
688,1
689,1
690,1
691,0
692,1
693,0
694,1
695,1
696,1
697,1
698,1
699,1
700,1
701,0
702,0
703,0
704,1
705,1
706,1
707,1
708,1
709,0
710,1
711,0
712,2
713,1
714,0
715,2
716,1
717,0
718,0
719,1
720,1
721,0
722,0
723,0
724,0
725,1
726,0
727,1
728,1
729,1
730,2
731,1
732,0
733,2
734,0
735,0
736,1
737,2
738,1
739,1
740,1
741,1
742,1
743,0
744,1
745,1
746,0
747,1
748,0
749,1
750,1
751,0
752,1
753,1
754,1
755,1
756,1
757,1
758,1
759,0
760,1
761,0
762,0
763,0
764,2
765,1
766,1
767,2
768,1
769,2
770,1
771,0
772,1
773,0
774,0
775,0
776,1
777,0
778,1
779,0
780,1
781,1
782,1
783,0
784,1
785,1
786,1
787,1
788,1
789,0
790,0
791,1
792,1
793,0
794,0
795,0
796,0
797,2
798,0
799,2
800,0
801,1
802,1
803,1
804,1
805,0
806,1
807,0
808,1
809,0
810,0
811,1
812,1
813,1
814,0
815,1
816,0
817,1
818,1
819,1
820,1
821,0
822,0
823,0
824,1
825,0
826,1
827,0
828,2
829,2
830,1
831,0
832,0
833,1
834,1
835,0
836,2
837,0
838,1
839,1
840,0
841,1
842,0
843,1
844,1
845,1
846,0
847,0
848,2
849,1
850,0
851,1
852,1
853,1
854,1
855,0
856,1
857,1
858,1
859,0
860,0
861,0
862,1
863,1
864,1
865,0
866,0
867,1
868,1
869,1
870,0
871,0
872,0
873,0
874,0
875,1
876,0
877,0
878,1
879,0
880,2
881,1
882,0
883,1
884,1
885,1
886,0
887,1
888,1
889,1
890,1
891,1
892,1
893,2
894,1
895,1
896,2
897,0
898,1
899,0
900,1
901,1
902,1
903,1
904,0
905,1
906,1
907,0
908,1
909,0
910,1
911,1
912,0
913,0
914,0
915,0
916,1
917,0
918,1
919,0
920,0
921,1
922,0
923,1
924,1
925,0
926,1
927,0
928,0
929,1
930,0
931,1
932,1
933,1
934,1
935,0
936,1
937,1
938,1
939,0
940,1
941,0
942,1
943,0
944,0
945,1
946,1
947,1
948,1
949,2
950,0
951,1
952,0
953,0
954,0
955,0
956,0
957,0
958,0
959,0
960,1
961,1
962,1
963,1
964,1
965,1
966,1
967,0
968,0
969,1
970,0
971,1
972,0
973,0
974,1
975,1
976,0
977,1
978,1
979,0
980,0
981,1
982,0
983,0
984,0
985,1
986,0
987,0
988,0
989,0
990,2
991,0
992,0
993,1
994,1
995,0
996,0
997,1
998,0
999,1
1000,0
1001,1
1002,0
1003,0
1004,0
1005,1
1006,1
1007,1
1008,1
1009,1
1010,1
1011,1
1012,1
1013,1
1014,1
1015,0
1016,0
1017,1
1018,1
1019,1
1020,0
1021,1
1022,1
1023,0
1024,0
1025,1
1026,0
1027,1
1028,0
1029,1
1030,1
1031,1
1032,1
1033,0
1034,0
1035,0
1036,0
1037,0
1038,0
1039,1
1040,0
1041,1
1042,1
1043,1
1044,1
1045,1
1046,2
1047,1
1048,1
1049,1
1050,1
1051,1
1052,1
1053,0
1054,0
1055,0
1056,2
1057,0
1058,0
1059,0
1060,1
1061,0
1062,1
1063,1
1064,0
1065,0
1066,1
1067,0
1068,1
1069,0
1070,1
1071,1
1072,0
1073,0
1074,1
1075,1
1076,2
1077,0
1078,1
1079,0
1080,1
1081,1
1082,1
1083,0
1084,1
1085,2
1086,0
1087,0
1088,1
1089,1
1090,1
1091,1
1092,1
1093,0
1094,0
1095,1
1096,1
1097,0
1098,1
1099,0
1100,0
1101,0
1102,0
1103,0
1104,1
1105,0
1106,1
1107,1
1108,0
1109,1
1110,0
1111,1
1112,2
1113,1
1114,0
1115,1
1116,0
1117,1
1118,0
1119,0
1120,1
1121,1
1122,1
1123,1
1124,1
1125,1
1126,2
1127,1
1128,0
1129,0
1130,1
1131,0
1132,2
1133,1
1134,0
1135,0
1136,0
1137,0
1138,0
1139,1
1140,0
1141,1
1142,1
1143,2
1144,0
1145,0
1146,1
1147,1
1148,0
1149,0
1150,0
1151,1
1152,2
1153,1
1154,0
1155,0
1156,0
1157,1
1158,0
1159,1
1160,0
1161,1
1162,0
1163,1
1164,2
1165,1
1166,1
1167,0
1168,1
1169,1
1170,1
1171,1
1172,0
1173,1
1174,0
1175,0
1176,1
1177,1
1178,1
1179,1
1180,1
1181,1
1182,0
1183,0
1184,1
1185,1
1186,2
1187,2
1188,1
1189,1
1190,1
1191,1
1192,0
1193,1
1194,1
1195,1
1196,1
1197,1
1198,0
1199,1
1200,1
1201,1
1202,1
1203,0
1204,1
1205,1
1206,0
1207,0
1208,1
1209,1
1210,0
1211,0
1212,1
1213,1
1214,2
1215,1
1216,1
1217,0
1218,1
1219,1
1220,0
1221,1
1222,0
1223,2
1224,1
1225,0
1226,1
1227,1
1228,1
1229,0
1230,0
1231,0
1232,0
1233,1
1234,1
1235,0
1236,0
1237,1
1238,0
1239,0
1240,0
1241,1
1242,0
1243,0
1244,1
1245,2
1246,1
1247,1
1248,1
1249,1
1250,0
1251,1
1252,1
1253,1
1254,1
1255,1
1256,1
1257,0
1258,0
1259,1
1260,0
1261,1
1262,1
1263,0
1264,1
1265,0
1266,1
1267,0
1268,1
1269,0
1270,1
1271,0
1272,1
1273,0
1274,1
1275,0
1276,0
1277,0
1278,0
1279,0
1280,1
1281,1
1282,0
1283,0
1284,0
1285,1
1286,1
1287,1
1288,1
1289,1
1290,1
1291,0
1292,1
1293,2
1294,1
1295,2
1296,0
1297,1
1298,1
1299,0
1300,1
1301,0
1302,0
1303,1
1304,1
1305,0
1306,1
1307,1
1308,1
1309,0
1310,1
1311,0
1312,0
1313,0
1314,0
1315,0
1316,0
1317,1
1318,0
1319,1
1320,2
1321,1
1322,0
1323,1
1324,2
1325,1
1326,1
1327,0
1328,1
1329,1
1330,1
1331,2
1332,0
1333,1
1334,1
1335,0
1336,1
1337,0
1338,0
1339,0
1340,1
1341,1
1342,1
1343,1
1344,0
1345,1
1346,0
1347,2
1348,1
1349,1
1350,0
1351,1
1352,2
1353,1
1354,0
1355,1
1356,0
1357,0
1358,0
1359,1
1360,0
1361,0
1362,1
1363,0
1364,0
1365,2
1366,1
1367,2
1368,1
1369,0
1370,1
1371,0
1372,1
1373,1
1374,1
1375,0
1376,1
1377,0
1378,0
1379,1
1380,1
1381,0
1382,1
1383,0
1384,0
1385,0
1386,1
1387,1
1388,0
1389,1
1390,0
1391,0
1392,0
1393,1
1394,0
1395,1
1396,0
1397,1
1398,1
1399,0
1400,1
1401,0
1402,1
1403,1
1404,0
1405,2
1406,1
1407,0
1408,0
1409,0
1410,0
1411,1
1412,1
1413,0
1414,0
1415,1
1416,0
1417,1
1418,1
1419,2
1420,2
1421,1
1422,0
1423,1
1424,1
1425,1
1426,0
1427,1
1428,1
1429,2
1430,0
1431,1
1432,0
1433,0
1434,0
1435,0
1436,1
1437,1
1438,0
1439,1
1440,0
1441,0
1442,0
1443,1
1444,1
1445,0
1446,1
1447,0
1448,2
1449,0
1450,1
1451,0
1452,1
1453,0
1454,1
1455,0
1456,0
1457,0
1458,0
1459,1
1460,0
1461,0
1462,1
1463,1
1464,1
1465,1
1466,1
1467,0
1468,1
1469,1
1470,0
1471,1
1472,1
1473,0
1474,1
1475,1
1476,1
1477,1
1478,1
1479,1
1480,0
1481,0
1482,1
1483,0
1484,1
1485,1
1486,1
1487,0
1488,1
1489,0
1490,1
1491,1
1492,1
1493,1
1494,1
1495,1
1496,1
1497,0
1498,1
1499,0
1500,0
1501,0
1502,1
1503,1
1504,0
1505,1
1506,0
1507,1
1508,0
1509,0
1510,1
1511,0
1512,1
1513,1
1514,1
1515,0
1516,1
1517,0
1518,0
1519,1
1520,1
1521,1
1522,0
1523,1
1524,1
1525,0
1526,0
1527,1
1528,0
1529,0
1530,0
1531,0
1532,0
1533,1
1534,1
1535,1
1536,1
1537,1
1538,1
1539,0
1540,0
1541,2
1542,0
1543,1
1544,1
1545,0
1546,1
1547,1
1548,1
1549,1
1550,1
1551,1
1552,1
1553,0
1554,1
1555,1
1556,0
1557,1
1558,1
1559,0
1560,0
1561,1
1562,0
1563,0
1564,1
1565,1
1566,0
1567,1
1568,0
1569,1
1570,0
1571,1
1572,1
1573,0
1574,1
1575,0
1576,1
1577,0
1578,2
1579,0
1580,1
1581,0
1582,1
1583,1
1584,1
1585,0
1586,1
1587,1
1588,0
1589,1
1590,0
1591,1
1592,1
1593,1
1594,0
1595,1
1596,1
1597,1
1598,0
1599,0
1600,0
1601,0
1602,1
1603,1
1604,1
1605,0
1606,2
1607,0
1608,0
1609,1
1610,0
1611,0
1612,1
1613,1
1614,0
1615,1
1616,1
1617,0
1618,0
1619,1
1620,0
1621,0
1622,1
1623,0
1624,0
1625,1
1626,0
1627,0
1628,1
1629,1
1630,1
1631,0
1632,1
1633,0
1634,2
1635,1
1636,1
1637,1
1638,1
1639,0
1640,1
1641,1
1642,1
1643,0
1644,1
1645,0
1646,2
1647,1
1648,1
1649,1
1650,0
1651,2
1652,1
1653,2
1654,0
1655,0
1656,0
1657,1
1658,0
1659,1
1660,1
1661,1
1662,0
1663,1
1664,0
1665,0
1666,0
1667,1
1668,2
1669,1
1670,0
1671,1
1672,1
1673,0
1674,1
1675,0
1676,0
1677,1
1678,0
1679,0
1680,2
1681,1
1682,1
1683,1
1684,0
1685,0
1686,1
1687,1
1688,1
1689,0
1690,1
1691,1
1692,1
1693,2
1694,0
1695,1
1696,2
1697,1
1698,1
1699,2
1700,0
1701,1
1702,0
1703,0
1704,1
1705,0
1706,1
1707,1
1708,0
1709,1
1710,0
1711,0
1712,1
1713,0
1714,1
1715,1
1716,0
1717,1
1718,1
1719,2
1720,1
1721,0
1722,1
1723,0
1724,0
1725,1
1726,0
1727,1
1728,0
1729,0
1730,0
1731,1
1732,1
1733,0
1734,1
1735,1
1736,2
1737,1
1738,1
1739,1
1740,1
1741,1
1742,2
1743,1
1744,1
1745,1
1746,1
1747,0
1748,1
1749,0
1750,0
1751,0
1752,1
1753,0
1754,1
1755,1
1756,1
1757,0
1758,1
1759,0
1760,1
1761,0
1762,0
1763,0
1764,1
1765,1
1766,1
1767,1
1768,1
1769,1
1770,1
1771,1
1772,1
1773,1
1774,0
1775,1
1776,1
1777,0
1778,1
1779,1
1780,1
1781,1
1782,2
1783,1
1784,0
1785,1
1786,0
1787,0
1788,0
1789,1
1790,1
1791,2
1792,1
1793,0
1794,1
1795,0
1796,1
1797,1
1798,2
1799,1
1800,1
1801,0
1802,1
1803,1
1804,1
1805,0
1806,0
1807,1
1808,0
1809,0
1810,1
1811,1
1812,1
1813,1
1814,0
1815,0
1816,2
1817,1
1818,1
1819,1
1820,1
1821,1
1822,0
1823,2
1824,1
1825,0
1826,1
1827,0
1828,0
1829,0
1830,0
1831,0
1832,2
1833,1
1834,1
1835,0
1836,1
1837,1
1838,0
1839,0
1840,1
1841,1
1842,1
1843,2
1844,2
1845,0
1846,0
1847,1
1848,1
1849,0
1850,1
1851,1
1852,0
1853,2
1854,0
1855,0
1856,0
1857,1
1858,1
1859,0
1860,2
1861,1
1862,1
1863,1
1864,0
1865,0
1866,1
1867,1
1868,0
1869,1
1870,1
1871,1
1872,0
1873,0
1874,1
1875,0
1876,0
1877,0
1878,0
1879,0
1880,2
1881,0
1882,1
1883,1
1884,0
1885,0
1886,1
1887,0
1888,1
1889,2
1890,0
1891,2
1892,0
1893,0
1894,1
1895,2
1896,1
1897,0
1898,2
1899,2
1900,1
1901,0
1902,2
1903,0
1904,0
1905,0
1906,0
1907,0
1908,2
1909,1
1910,1
1911,1
1912,1
1913,1
1914,1
1915,1
1916,1
1917,0
1918,2
1919,1
1920,1
1921,1
1922,2
1923,1
1924,0
1925,2
1926,0
1927,2
1928,1
1929,0
1930,1
1931,1
1932,1
1933,1
1934,0
1935,0
1936,2
1937,1
1938,1
1939,0
1940,2
1941,1
1942,0
1943,1
1944,0
1945,0
1946,1
1947,2
1948,1
1949,1
1950,0
1951,0
1952,0
1953,1
1954,1
1955,0
1956,1
1957,2
1958,1
1959,0
1960,1
1961,1
1962,0
1963,1
1964,0
1965,1
1966,1
1967,1
1968,1
1969,0
1970,0
1971,1
1972,1
1973,0
1974,1
1975,0
1976,0
1977,0
1978,0
1979,0
1980,0
1981,0
1982,1
1983,1
1984,0
1985,0
1986,0
1987,1
1988,0
1989,1
1990,0
1991,0
1992,2
1993,0
1994,1
1995,1
1996,1
1997,0
1998,0
1999,1
2000,0
2001,0
2002,1
2003,0
2004,1
2005,1
2006,1
2007,0
2008,0
2009,0
2010,0
2011,1
2012,1
2013,2
2014,1
2015,1
2016,0
2017,0
2018,0
2019,0
2020,0
2021,1
2022,1
2023,1
2024,0
2025,1
2026,1
2027,1
2028,1
2029,2
2030,0
2031,1
2032,1
2033,1
2034,1
2035,1
2036,0
2037,0
2038,1
2039,0
2040,1
2041,0
2042,1
2043,1
2044,0
2045,2
2046,1
2047,0
2048,2
2049,1
2050,1
2051,0
2052,1
2053,1
2054,1
2055,2
2056,1
2057,1
2058,0
2059,1
2060,1
2061,1
2062,1
2063,0
2064,1
2065,2
2066,0
2067,1
2068,1
2069,0
2070,0
2071,1
2072,0
2073,1
2074,1
2075,0
2076,1
2077,0
2078,1
2079,1
2080,1
2081,2
2082,0
2083,1
2084,0
2085,0
2086,0
2087,1
2088,1
2089,0
2090,1
2091,1
2092,1
2093,1
2094,1
2095,2
2096,0
2097,0
2098,1
2099,1
2100,1
2101,1
2102,0
2103,1
2104,1
2105,1
2106,2
2107,0
2108,0
2109,1
2110,0
2111,0
2112,1
2113,1
2114,0
2115,1
2116,0
2117,0
2118,1
2119,0
2120,0
2121,0
2122,1
2123,1
2124,2
2125,1
2126,1
2127,0
2128,0
2129,0
2130,1
2131,1
2132,0
2133,0
2134,0
2135,1
2136,0
2137,0
2138,0
2139,1
2140,1
2141,0
2142,2
2143,0
2144,0
2145,1
2146,0
2147,1
2148,1
2149,1
2150,0
2151,0
2152,1
2153,1
2154,2
2155,1
2156,0
2157,0
2158,1
2159,1
2160,0
2161,1
2162,1
2163,1
2164,1
2165,1
2166,0
2167,1
2168,0
2169,1
2170,1
2171,0
2172,0
2173,0
2174,0
2175,0
2176,1
2177,0
2178,0
2179,2
2180,1
2181,0
2182,1
2183,0
2184,0
2185,1
2186,0
2187,1
2188,1
2189,1
2190,1
2191,1
2192,1
2193,0
2194,0
2195,1
2196,0
2197,1
2198,0
2199,0
2200,0
2201,0
2202,1
2203,1
2204,0
2205,0
2206,0
2207,1
2208,2
2209,1
2210,0
2211,1
2212,0
2213,1
2214,0
2215,2
2216,2
2217,0
2218,1
2219,1
2220,0
2221,2
2222,1
2223,1
2224,1
2225,2
2226,1
2227,0
2228,0
2229,1
2230,0
2231,1
2232,1
2233,1
2234,0
2235,1
2236,1
2237,1
2238,1
2239,1
2240,0
2241,1
2242,1
2243,0
2244,1
2245,1
2246,1
2247,0
2248,0
2249,0
2250,0
2251,1
2252,1
2253,1
2254,0
2255,1
2256,1
2257,1
2258,0
2259,0
2260,1
2261,0
2262,0
2263,0
2264,1
2265,0
2266,0
2267,1
2268,1
2269,1
2270,2
2271,1
2272,1
2273,1
2274,0
2275,0
2276,1
2277,1
2278,1
2279,1
2280,1
2281,1
2282,1
2283,1
2284,1
2285,1
2286,1
2287,2
2288,1
2289,2
2290,1
2291,1
2292,1
2293,0
2294,1
2295,2
2296,0
2297,0
2298,1
2299,0
2300,1
2301,1
2302,1
2303,0
2304,1
2305,0
2306,1
2307,0
2308,1
2309,0
2310,1
2311,0
2312,0
2313,1
2314,0
2315,0
2316,1
2317,0
2318,1
2319,2
2320,2
2321,2
2322,0
2323,1
2324,0
2325,0
2326,0
2327,0
2328,1
2329,0
2330,0
2331,0
2332,0
2333,1
2334,0
2335,1
2336,1
2337,1
2338,0
2339,0
2340,1
2341,2
2342,1
2343,0
2344,2
2345,1
2346,0
2347,1
2348,1
2349,1
2350,0
2351,0
2352,1
2353,1
2354,1
2355,0
2356,0
2357,1
2358,0
2359,1
2360,2
2361,1
2362,1
2363,1
2364,2
2365,1
2366,1
2367,1
2368,1
2369,1
2370,1
2371,1
2372,1
2373,0
2374,1
2375,2
2376,1
2377,1
2378,0
2379,2
2380,0
2381,1
2382,2
2383,0
2384,1
2385,1
2386,2
2387,2
2388,0
2389,1
2390,0
2391,1
2392,2
2393,1
2394,1
2395,0
2396,0
2397,1
2398,1
2399,1
2400,0
2401,1
2402,0
2403,0
2404,1
2405,1
2406,1
2407,1
2408,1
2409,1
2410,1
2411,2
2412,1
2413,1
2414,0
2415,1
2416,0
2417,0
2418,0
2419,1
2420,1
2421,0
2422,0
2423,2
2424,2
2425,1
2426,2
2427,2
2428,1
2429,1
2430,0
2431,1
2432,1
2433,1
2434,1
2435,1
2436,0
2437,1
2438,1
2439,0
2440,1
2441,1
2442,1
2443,1
2444,1
2445,1
2446,1
2447,0
2448,1
2449,1
2450,0
2451,2
2452,2
2453,0
2454,0
2455,0
2456,1
2457,1
2458,0
2459,1
2460,1
2461,0
2462,0
2463,1
2464,1
2465,1
2466,1
2467,0
2468,0
2469,1
2470,0
2471,0
2472,1
2473,1
2474,0
2475,1
2476,0
2477,1
2478,1
2479,0
2480,0
2481,1
2482,0
2483,2
2484,1
2485,0
2486,1
2487,2
2488,0
2489,1
2490,1
2491,1
2492,1
2493,1
2494,0
2495,0
2496,2
2497,1
2498,1
2499,1
2500,0
2501,0
2502,0
2503,1
2504,2
2505,1
2506,1
2507,1
2508,0
2509,1
2510,1
2511,1
2512,1
2513,0
2514,1
2515,2
2516,1
2517,0
2518,1
2519,1
2520,1
2521,1
2522,1
2523,1
2524,1
2525,0
2526,1
2527,1
2528,0
2529,0
2530,0
2531,1
2532,1
2533,1
2534,1
2535,1
2536,1
2537,0
2538,1
2539,1
2540,0
2541,2
2542,1
2543,1
2544,0
2545,1
2546,2
2547,1
2548,1
2549,1
2550,1
2551,0
2552,1
2553,0
2554,0
2555,0
2556,0
2557,1
2558,1
2559,0
2560,1
2561,0
2562,1
2563,0
2564,1
2565,0
2566,1
2567,0
2568,0
2569,1
2570,0
2571,1
2572,0
2573,0
2574,0
2575,1
2576,1
2577,0
2578,1
2579,0
2580,0
2581,1
2582,1
2583,1
2584,0
2585,1
2586,1
2587,1
2588,0
2589,0
2590,0
2591,0
2592,1
2593,0
2594,0
2595,1
2596,0
2597,0
2598,0
2599,1
2600,1
2601,0
2602,1
2603,1
2604,1
2605,1
2606,0
2607,1
2608,1
2609,1
2610,2
2611,1
2612,0
2613,0
2614,0
2615,1
2616,2
2617,0
2618,0
2619,1
2620,0
2621,1
2622,1
2623,2
2624,0
2625,1
2626,0
2627,1
2628,1
2629,1
2630,1
2631,0
2632,0
2633,0
2634,1
2635,1
2636,0
2637,1
2638,0
2639,1
2640,1
2641,0
2642,0
2643,1
2644,0
2645,1
2646,0
2647,1
2648,1
2649,0
2650,0
2651,0
2652,0
2653,1
2654,1
2655,0
2656,1
2657,0
2658,0
2659,1
2660,1
2661,0
2662,1
2663,1
2664,1
2665,1
2666,0
2667,1
2668,1
2669,1
2670,0
2671,1
2672,1
2673,0
2674,0
2675,0
2676,1
2677,0
2678,1
2679,1
2680,1
2681,0
2682,1
2683,1
2684,0
2685,0
2686,2
2687,0
2688,2
2689,0
2690,1
2691,1
2692,0
2693,0
2694,0
2695,0
2696,0
2697,0
2698,2
2699,2
2700,0
2701,0
2702,0
2703,0
2704,0
2705,2
2706,0
2707,1
2708,1
2709,1
2710,1
2711,0
2712,1
2713,0
2714,0
2715,1
2716,1
2717,2
2718,1
2719,1
2720,1
2721,1
2722,1
2723,1
2724,0
2725,1
2726,0
2727,0
2728,1
2729,1
2730,1
2731,0
2732,2
2733,1
2734,0
2735,0
2736,0
2737,2
2738,1
2739,0
2740,1
2741,1
2742,1
2743,1
2744,1
2745,1
2746,2
2747,1
2748,1
2749,2
2750,0
2751,1
2752,1
2753,1
2754,0
2755,0
2756,1
2757,0
2758,1
2759,0
2760,1
2761,1
2762,1
2763,0
2764,1
2765,0
2766,0
2767,0
2768,1
2769,0
2770,0
2771,0
2772,1
2773,1
2774,0
2775,1
2776,0
2777,0
2778,1
2779,0
2780,0
2781,0
2782,1
2783,1
2784,0
2785,1
2786,1
2787,0
2788,0
2789,1
2790,1
2791,1
2792,0
2793,1
2794,1
2795,2
2796,1
2797,1
2798,0
2799,1
2800,1
2801,1
2802,0
2803,1
2804,0
2805,0
2806,0
2807,1
2808,1
2809,2
2810,1
2811,1
2812,0
2813,1
2814,0
2815,1
2816,1
2817,0
2818,1
2819,0
2820,1
2821,1
2822,2
2823,1
2824,1
2825,1
2826,0
2827,1
2828,0
2829,1
2830,0
2831,1
2832,0
2833,0
2834,1
2835,1
2836,1
2837,0
2838,1
2839,1
2840,0
2841,1
2842,1
2843,0
2844,1
2845,0
2846,1
2847,1
2848,0
2849,0
2850,0
2851,0
2852,0
2853,1
2854,0
2855,1
2856,1
2857,1
2858,0
2859,1
2860,1
2861,1
2862,1
2863,0
2864,0
2865,0
2866,1
2867,0
2868,1
2869,0
2870,1
2871,0
2872,1
2873,0
2874,0
2875,1
2876,1
2877,1
2878,0
2879,1
2880,0
2881,0
2882,1
2883,0
2884,0
2885,1
2886,1
2887,1
2888,0
2889,0
2890,1
2891,1
2892,1
2893,0
2894,1
2895,1
2896,0
2897,1
2898,1
2899,0
2900,0
2901,1
2902,1
2903,1
2904,0
2905,0
2906,1
2907,0
2908,2
2909,1
2910,0
2911,1
2912,1
2913,0
2914,1
2915,1
2916,1
2917,0
2918,1
2919,1
2920,1
2921,0
2922,1
2923,0
2924,2
2925,2
2926,0
2927,0
2928,1
2929,0
2930,0
2931,2
2932,1
2933,1
2934,1
2935,0
2936,1
2937,0
2938,0
2939,2
2940,1
2941,0
2942,1
2943,2
2944,0
2945,1
2946,0
2947,0
2948,0
2949,1
2950,1
2951,1
2952,1
2953,1
2954,0
2955,0
2956,1
2957,1
2958,1
2959,1
2960,0
2961,1
2962,2
2963,0
2964,0
2965,0
2966,1
2967,1
2968,1
2969,0
2970,1
2971,0
2972,1
2973,1
2974,0
2975,1
2976,1
2977,0
2978,1
2979,0
2980,1
2981,0
2982,2
2983,1
2984,1
2985,1
2986,1
2987,0
2988,1
2989,1
2990,2
2991,1
2992,2
2993,0
2994,0
2995,0
2996,1
2997,0
2998,1
2999,1
3000,0
3001,1
3002,0
3003,1
3004,1
3005,0
3006,1
3007,0
3008,0
3009,1
3010,0
3011,1
3012,1
3013,0
3014,0
3015,1
3016,0
3017,0
3018,1
3019,0
3020,1
3021,1
3022,2
3023,1
3024,0
3025,1
3026,0
3027,1
3028,0
3029,1
3030,0
3031,1
3032,0
3033,1
3034,0
3035,2
3036,1
3037,0
3038,0
3039,1
3040,1
3041,0
3042,1
3043,1
3044,1
3045,1
3046,1
3047,1
3048,0
3049,1
3050,0
3051,0
3052,0
3053,1
3054,1
3055,0
3056,0
3057,0
3058,0
3059,0
3060,0
3061,1
3062,0
3063,1
3064,1
3065,1
3066,0
3067,1
3068,0
3069,1
3070,0
3071,0
3072,1
3073,1
3074,1
3075,0
3076,0
3077,1
3078,1
3079,1
3080,1
3081,1
3082,0
3083,0
3084,1
3085,1
3086,1
3087,0
3088,0
3089,1
3090,0
3091,1
3092,2
3093,1
3094,0
3095,0
3096,0
3097,0
3098,0
3099,1
3100,1
3101,0
3102,1
3103,0
3104,1
3105,1
3106,1
3107,0
3108,1
3109,1
3110,1
3111,1
3112,1
3113,1
3114,1
3115,1
3116,0
3117,2
3118,1
3119,0
3120,0
3121,0
3122,0
3123,1
3124,1
3125,0
3126,1
3127,0
3128,1
3129,1
3130,1
3131,1
3132,1
3133,0
3134,0
3135,0
3136,0
3137,0
3138,0
3139,1
3140,0
3141,1
3142,0
3143,1
3144,0
3145,0
3146,1
3147,0
3148,1
3149,2
3150,1
3151,1
3152,0
3153,1
3154,0
3155,1
3156,1
3157,1
3158,0
3159,1
3160,1
3161,0
3162,0
3163,2
3164,1
3165,1
3166,1
3167,1
3168,1
3169,1
3170,0
3171,1
3172,1
3173,0
3174,0
3175,1
3176,0
3177,1
3178,0
3179,1
3180,2
3181,1
3182,1
3183,0
3184,0
3185,0
3186,1
3187,1
3188,1
3189,1
3190,1
3191,1
3192,1
3193,0
3194,1
3195,1
3196,2
3197,0
3198,1
3199,1
3200,0
3201,0
3202,1
3203,0
3204,0
3205,1
3206,0
3207,0
3208,1
3209,2
3210,2
3211,1
3212,1
3213,1
3214,0
3215,1
3216,0
3217,0
3218,0
3219,0
3220,0
3221,0
3222,0
3223,0
3224,0
3225,0
3226,0
3227,0
3228,0
3229,1
3230,1
3231,0
3232,1
3233,1
3234,0
3235,1
3236,0
3237,0
3238,1
3239,1
3240,0
3241,0
3242,1
3243,1
3244,0
3245,0
3246,0
3247,1
3248,2
3249,1
3250,1
3251,1
3252,0
3253,1
3254,0
3255,0
3256,2
3257,0
3258,0
3259,2
3260,1
3261,1
3262,0
3263,1
3264,0
3265,0
3266,0
3267,1
3268,0
3269,1
3270,0
3271,1
3272,0
3273,1
3274,2
3275,0
3276,0
3277,1
3278,1
3279,1
3280,1
3281,0
3282,0
3283,1
3284,0
3285,0
3286,2
3287,1
3288,0
3289,1
3290,1
3291,0
3292,0
3293,0
3294,1
3295,1
3296,1
3297,1
3298,1
3299,1
3300,1
3301,1
3302,1
3303,0
3304,1
3305,1
3306,1
3307,2
3308,0
3309,1
3310,1
3311,0
3312,1
3313,1
3314,0
3315,0
3316,0
3317,1
3318,1
3319,1
3320,0
3321,1
3322,1
3323,0
3324,0
3325,1
3326,1
3327,0
3328,1
3329,1
3330,0
3331,1
3332,1
3333,0
3334,1
3335,1
3336,1
3337,1
3338,0
3339,0
3340,1
3341,1
3342,1
3343,0
3344,0
3345,1
3346,1
3347,0
3348,1
3349,0
3350,2
3351,2
3352,1
3353,2
3354,1
3355,1
3356,0
3357,0
3358,0
3359,0
3360,1
3361,0
3362,1
3363,0
3364,1
3365,0
3366,0
3367,1
3368,1
3369,1
3370,0
3371,1
3372,2
3373,1
3374,0
3375,0
3376,1
3377,0
3378,1
3379,1
3380,0
3381,1
3382,0
3383,1
3384,0
3385,0
3386,1
3387,0
3388,0
3389,1
3390,1
3391,0
3392,1
3393,0
3394,1
3395,0
3396,0
3397,0
3398,1
3399,0
3400,0
3401,0
3402,1
3403,1
3404,0
3405,1
3406,1
3407,1
3408,0
3409,0
3410,1
3411,0
3412,0
3413,1
3414,1
3415,0
3416,2
3417,0
3418,1
3419,1
3420,1
3421,1
3422,1
3423,0
3424,0
3425,1
3426,1
3427,1
3428,0
3429,0
3430,0
3431,1
3432,2
3433,0
3434,0
3435,0
3436,0
3437,1
3438,1
3439,1
3440,0
3441,0
3442,0
3443,0
3444,1
3445,1
3446,0
3447,1
3448,1
3449,0
3450,0
3451,1
3452,0
3453,1
3454,1
3455,1
3456,1
3457,1
3458,1
3459,1
3460,2
3461,0
3462,0
3463,2
3464,1
3465,1
3466,1
3467,1
3468,1
3469,0
3470,0
3471,1
3472,1
3473,1
3474,1
3475,1
3476,0
3477,1
3478,0
3479,1
3480,1
3481,0
3482,0
3483,1
3484,1
3485,1
3486,1
3487,0
3488,1
3489,1
3490,0
3491,1
3492,0
3493,1
3494,0
3495,1
3496,1
3497,1
3498,1
3499,0
3500,2
3501,2
3502,1
3503,1
3504,0
3505,1
3506,1
3507,0
3508,1
3509,1
3510,0
3511,0
3512,0
3513,1
3514,2
3515,1
3516,0
3517,1
3518,0
3519,1
3520,1
3521,0
3522,1
3523,1
3524,1
3525,2
3526,1
3527,1
3528,2
3529,0
3530,1
3531,2
3532,1
3533,2
3534,1
3535,1
3536,0
3537,1
3538,1
3539,1
3540,1
3541,1
3542,1
3543,1
3544,0
3545,1
3546,1
3547,1
3548,1
3549,0
3550,0
3551,1
3552,1
3553,0
3554,0
3555,0
3556,0
3557,0
3558,1
3559,0
3560,1
3561,1
3562,0
3563,1
3564,0
3565,1
3566,1
3567,2
3568,2
3569,0
3570,1
3571,0
3572,1
3573,0
3574,2
3575,0
3576,1
3577,0
3578,1
3579,0
3580,2
3581,0
3582,0
3583,1
3584,1
3585,1
3586,1
3587,1
3588,1
3589,2
3590,1
3591,1
3592,0
3593,1
3594,0
3595,1
3596,0
3597,1
3598,0
3599,1
3600,1
3601,2
3602,1
3603,1
3604,2
3605,1
3606,1
3607,1
3608,2
3609,1
3610,0
3611,0
3612,1
3613,0
3614,1
3615,0
3616,0
3617,0
3618,0
3619,0
3620,0
3621,1
3622,0
3623,2
3624,0
3625,1
3626,0
3627,0
3628,0
3629,0
3630,0
3631,1
3632,1
3633,1
3634,0
3635,1
3636,1
3637,0
3638,1
3639,1
3640,1
3641,1
3642,1
3643,1
3644,0
3645,0
3646,0
3647,0
3648,0
3649,1
3650,1
3651,0
3652,1
3653,0
3654,0
3655,1
3656,1
3657,0
3658,0
3659,0
3660,1
3661,1
3662,1
3663,0
3664,0
3665,1
3666,1
3667,0
3668,1
3669,0
3670,1
3671,0
3672,1
3673,1
3674,1
3675,0
3676,0
3677,0
3678,0
3679,1
3680,1
3681,1
3682,0
3683,0
3684,0
3685,0
3686,1
3687,1
3688,0
3689,1
3690,0
3691,2
3692,1
3693,1
3694,1
3695,0
3696,1
3697,0
3698,1
3699,1
3700,1
3701,1
3702,1
3703,0
3704,0
3705,1
3706,0
3707,1
3708,0
3709,0
3710,0
3711,1
3712,0
3713,0
3714,2
3715,0
3716,2
3717,1
3718,1
3719,1
3720,2
3721,1
3722,1
3723,1
3724,0
3725,0
3726,0
3727,0
3728,0
3729,0
3730,0
3731,0
3732,0
3733,1
3734,0
3735,0
3736,1
3737,0
3738,1
3739,0
3740,1
3741,0
3742,1
3743,1
3744,1
3745,1
3746,0
3747,1
3748,1
3749,1
3750,0
3751,1
3752,1
3753,1
3754,2
3755,1
3756,1
3757,0
3758,1
3759,0
3760,1
3761,0
3762,0
3763,0
3764,0
3765,1
3766,1
3767,1
3768,1
3769,1
3770,1
3771,0
3772,0
3773,2
3774,1
3775,1
3776,2
3777,0
3778,1
3779,1
3780,0
3781,2
3782,1
3783,1
3784,0
3785,0
3786,1
3787,1
3788,1
3789,0
3790,1
3791,1
3792,0
3793,1
3794,2
3795,1
3796,0
3797,1
3798,0
3799,1
3800,1
3801,0
3802,2
3803,0
3804,0
3805,0
3806,1
3807,0
3808,2
3809,2
3810,0
3811,0
3812,2
3813,0
3814,0
3815,1
3816,1
3817,1
3818,0
3819,0
3820,1
3821,0
3822,1
3823,1
3824,0
3825,1
3826,0
3827,1
3828,0
3829,0
3830,1
3831,1
3832,1
3833,1
3834,1
3835,0
3836,0
3837,0
3838,1
3839,0
3840,1
3841,2
3842,0
3843,1
3844,0
3845,0
3846,2
3847,0
3848,1
3849,0
3850,2
3851,1
3852,0
3853,1
3854,0
3855,1
3856,1
3857,1
3858,0
3859,1
3860,0
3861,1
3862,0
3863,1
3864,0
3865,1
3866,1
3867,1
3868,0
3869,1
3870,2
3871,1
3872,1
3873,0
3874,2
3875,0
3876,0
3877,0
3878,1
3879,0
3880,1
3881,0
3882,1
3883,0
3884,2
3885,1
3886,1
3887,0
3888,1
3889,1
3890,1
3891,1
3892,1
3893,0
3894,1
3895,0
3896,0
3897,0
3898,0
3899,0
3900,0
3901,0
3902,0
3903,1
3904,1
3905,0
3906,1
3907,1
3908,0
3909,1
3910,1
3911,2
3912,0
3913,1
3914,1
3915,0
3916,0
3917,1
3918,0
3919,1
3920,1
3921,0
3922,1
3923,0
3924,0
3925,1
3926,2
3927,0
3928,0
3929,2
3930,1
3931,0
3932,1
3933,1
3934,0
3935,0
3936,1
3937,1
3938,1
3939,1
3940,1
3941,0
3942,1
3943,1
3944,0
3945,1
3946,1
3947,2
3948,1
3949,1
3950,0
3951,0
3952,0
3953,0
3954,1
3955,1
3956,0
3957,0
3958,1
3959,0
3960,0
3961,1
3962,1
3963,0
3964,0
3965,1
3966,1
3967,0
3968,2
3969,0
3970,1
3971,1
3972,0
3973,1
3974,0
3975,0
3976,0
3977,0
3978,1
3979,1
3980,0
3981,0
3982,0
3983,0
3984,0
3985,0
3986,1
3987,1
3988,1
3989,0
3990,0
3991,0
3992,1
3993,1
3994,1
3995,0
3996,1
3997,0
3998,0
3999,1
4000,1
4001,1
4002,1
4003,1
4004,1
4005,1
4006,1
4007,1
4008,1
4009,1
4010,1
4011,0
4012,1
4013,1
4014,0
4015,0
4016,0
4017,1
4018,0
4019,1
4020,1
4021,0
4022,1
4023,1
4024,1
4025,0
4026,1
4027,0
4028,0
4029,2
4030,0
4031,1
4032,1
4033,2
4034,1
4035,1
4036,1
4037,1
4038,1
4039,1
4040,1
4041,0
4042,1
4043,1
4044,1
4045,0
4046,1
4047,0
4048,0
4049,0
4050,0
4051,0
4052,1
4053,0
4054,1
4055,0
4056,0
4057,1
4058,1
4059,1
4060,1
4061,1
4062,1
4063,1
4064,0
4065,0
4066,0
4067,1
4068,0
4069,1
4070,1
4071,1
4072,0
4073,1
4074,0
4075,1
4076,1
4077,1
4078,2
4079,0
4080,0
4081,2
4082,0
4083,0
4084,0
4085,2
4086,0
4087,0
4088,0
4089,1
4090,0
4091,0
4092,1
4093,1
4094,0
4095,0
4096,0
4097,1
4098,0
4099,1
4100,0
4101,0
4102,0
4103,1
4104,0
4105,0
4106,1
4107,0
4108,1
4109,0
4110,0
4111,1
4112,0
4113,1
4114,1
4115,0
4116,2
4117,0
4118,0
4119,1
4120,2
4121,0
4122,0
4123,0
4124,1
4125,0
4126,1
4127,0
4128,0
4129,1
4130,0
4131,1
4132,1
4133,0
4134,0
4135,0
4136,1
4137,0
4138,1
4139,1
4140,1
4141,1
4142,1
4143,1
4144,0
4145,1
4146,1
4147,1
4148,0
4149,1
4150,1
4151,1
4152,0
4153,0
4154,0
4155,1
4156,0
4157,0
4158,1
4159,0
4160,0
4161,1
4162,0
4163,1
4164,2
4165,1
4166,0
4167,0
4168,1
4169,1
4170,0
4171,0
4172,0
4173,1
4174,0
4175,0
4176,0
4177,2
4178,0
4179,1
4180,0
4181,1
4182,1
4183,0
4184,1
4185,1
4186,1
4187,0
4188,0
4189,0
4190,1
4191,1
4192,1
4193,0
4194,0
4195,1
4196,1
4197,1
4198,1
4199,0
4200,0
4201,0
4202,0
4203,1
4204,0
4205,1
4206,1
4207,1
4208,1
4209,1
4210,1
4211,0
4212,0
4213,1
4214,0
4215,1
4216,2
4217,0
4218,0
4219,0
4220,0
4221,1
4222,1
4223,1
4224,2
4225,2
4226,1
4227,1
4228,1
4229,0
4230,1
4231,1
4232,0
4233,0
4234,1
4235,1
4236,1
4237,1
4238,2
4239,1
4240,0
4241,0
4242,1
4243,1
4244,0
4245,1
4246,0
4247,1
4248,1
4249,0
4250,1
4251,0
4252,0
4253,2
4254,2
4255,1
4256,1
4257,1
4258,0
4259,0
4260,0
4261,0
4262,2
4263,0
4264,0
4265,0
4266,1
4267,1
4268,0
4269,0
4270,1
4271,1
4272,1
4273,1
4274,1
4275,0
4276,2
4277,0
4278,0
4279,0
4280,0
4281,1
4282,1
4283,1
4284,0
4285,1
4286,1
4287,1
4288,0
4289,1
4290,0
4291,0
4292,1
4293,1
4294,1
4295,1
4296,0
4297,1
4298,1
4299,1
4300,0
4301,0
4302,1
4303,1
4304,0
4305,1
4306,1
4307,1
4308,0
4309,0
4310,1
4311,1
4312,0
4313,2
4314,0
4315,0
4316,0
4317,1
4318,1
4319,1
4320,1
4321,1
4322,1
4323,1
4324,1
4325,1
4326,0
4327,1
4328,1
4329,1
4330,1
4331,0
4332,1
4333,2
4334,1
4335,1
4336,1
4337,1
4338,1
4339,1
4340,0
4341,1
4342,1
4343,1
4344,1
4345,1
4346,1
4347,1
4348,1
4349,0
4350,1
4351,1
4352,1
4353,2
4354,0
4355,0
4356,0
4357,1
4358,1
4359,1
4360,0
4361,0
4362,0
4363,2
4364,0
4365,0
4366,1
4367,1
4368,0
4369,1
4370,1
4371,1
4372,0
4373,0
4374,1
4375,0
4376,0
4377,1
4378,1
4379,0
4380,2
4381,2
4382,0
4383,0
4384,1
4385,0
4386,1
4387,0
4388,1
4389,1
4390,0
4391,0
4392,0
4393,0
4394,0
4395,0
4396,2
4397,0
4398,0
4399,0
4400,1
4401,1
4402,1
4403,1
4404,1
4405,1
4406,0
4407,1
4408,2
4409,1
4410,1
4411,1
4412,2
4413,1
4414,0
4415,1
4416,0
4417,0
4418,0
4419,0
4420,0
4421,1
4422,1
4423,0
4424,1
4425,1
4426,0
4427,1
4428,0
4429,0
4430,1
4431,1
4432,0
4433,0
4434,0
4435,0
4436,0
4437,1
4438,2
4439,1
4440,1
4441,1
4442,1
4443,1
4444,1
4445,1
4446,1
4447,1
4448,1
4449,0
4450,0
4451,0
4452,1
4453,1
4454,0
4455,1
4456,0
4457,0
4458,0
4459,1
4460,0
4461,1
4462,1
4463,1
4464,0
4465,1
4466,0
4467,1
4468,1
4469,1
4470,0
4471,1
4472,1
4473,1
4474,0
4475,1
4476,1
4477,1
4478,0
4479,0
4480,1
4481,0
4482,0
4483,1
4484,0
4485,0
4486,1
4487,0
4488,2
4489,0
4490,1
4491,1
4492,1
4493,0
4494,1
4495,0
4496,1
4497,1
4498,0
4499,1
4500,0
4501,1
4502,0
4503,0
4504,1
4505,0
4506,1
4507,0
4508,0
4509,0
4510,1
4511,0
4512,0
4513,1
4514,0
4515,0
4516,1
4517,0
4518,2
4519,1
4520,0
4521,1
4522,0
4523,1
4524,1
4525,1
4526,1
4527,1
4528,0
4529,1
4530,0
4531,0
4532,1
4533,2
4534,2
4535,1
4536,2
4537,1
4538,1
4539,1
4540,0
4541,0
4542,1
4543,2
4544,0
4545,0
4546,0
4547,0
4548,1
4549,1
4550,2
4551,2
4552,1
4553,1
4554,0
4555,0
4556,1
4557,1
4558,1
4559,1
4560,1
4561,0
4562,1
4563,0
4564,0
4565,1
4566,1
4567,0
4568,1
4569,0
4570,1
4571,1
4572,1
4573,0
4574,1
4575,1
4576,0
4577,0
4578,1
4579,0
4580,1
4581,0
4582,1
4583,0
4584,1
4585,2
4586,1
4587,1
4588,1
4589,2
4590,1
4591,0
4592,1
4593,2
4594,1
4595,0
4596,0
4597,0
4598,1
4599,2
4600,2
4601,0
4602,1
4603,0
4604,1
4605,2
4606,2
4607,2
4608,0
4609,1
4610,0
4611,0
4612,0
4613,0
4614,0
4615,0
4616,1
4617,1
4618,0
4619,0
4620,1
4621,0
4622,1
4623,0
4624,0
4625,1
4626,0
4627,1
4628,0
4629,1
4630,0
4631,1
4632,1
4633,1
4634,1
4635,0
4636,1
4637,0
4638,1
4639,0
4640,0
4641,1
4642,2
4643,1
4644,0
4645,1
4646,1
4647,1
4648,2
4649,0
4650,1
4651,1
4652,0
4653,0
4654,1
4655,1
4656,0
4657,1
4658,1
4659,1
4660,1
4661,2
4662,0
4663,0
4664,0
4665,0
4666,0
4667,2
4668,1
4669,1
4670,1
4671,2
4672,1
4673,1
4674,1
4675,1
4676,1
4677,1
4678,0
4679,0
4680,0
4681,0
4682,1
4683,1
4684,0
4685,0
4686,1
4687,0
4688,2
4689,0
4690,1
4691,1
4692,1
4693,1
4694,1
4695,1
4696,1
4697,1
4698,0
4699,1
4700,1
4701,1
4702,1
4703,1
4704,1
4705,0
4706,0
4707,1
4708,0
4709,1
4710,0
4711,0
4712,1
4713,2
4714,0
4715,1
4716,1
4717,1
4718,1
4719,1
4720,1
4721,1
4722,1
4723,0
4724,1
4725,1
4726,0
4727,0
4728,1
4729,1
4730,0
4731,1
4732,1
4733,1
4734,0
4735,1
4736,0
4737,1
4738,1
4739,1
4740,1
4741,1
4742,1
4743,1
4744,1
4745,2
4746,1
4747,0
4748,1
4749,0
4750,0
4751,1
4752,1
4753,1
4754,0
4755,0
4756,1
4757,0
4758,1
4759,1
4760,1
4761,1
4762,0
4763,0
4764,1
4765,1
4766,1
4767,0
4768,0
4769,1
4770,1
4771,0
4772,0
4773,1
4774,1
4775,0
4776,1
4777,0
4778,1
4779,0
4780,0
4781,1
4782,0
4783,0
4784,1
4785,1
4786,0
4787,1
4788,2
4789,1
4790,1
4791,1
4792,0
4793,1
4794,0
4795,1
4796,0
4797,0
4798,0
4799,0
4800,0
4801,1
4802,0
4803,1
4804,1
4805,1
4806,0
4807,1
4808,0
4809,1
4810,1
4811,0
4812,1
4813,0
4814,1
4815,2
4816,0
4817,1
4818,1
4819,1
4820,2
4821,1
4822,1
4823,1
4824,1
4825,1
4826,0
4827,1
4828,0
4829,0
4830,0
4831,0
4832,2
4833,1
4834,1
4835,1
4836,0
4837,1
4838,0
4839,1
4840,0
4841,2
4842,0
4843,1
4844,0
4845,0
4846,0
4847,1
4848,1
4849,1
4850,2
4851,1
4852,0
4853,1
4854,1
4855,0
4856,1
4857,0
4858,0
4859,1
4860,0
4861,0
4862,0
4863,0
4864,0
4865,1
4866,1
4867,2
4868,0
4869,0
4870,1
4871,1
4872,0
4873,0
4874,1
4875,0
4876,0
4877,0
4878,0
4879,1
4880,1
4881,0
4882,1
4883,1
4884,1
4885,2
4886,0
4887,1
4888,0
4889,1
4890,0
4891,1
4892,0
4893,0
4894,1
4895,1
4896,0
4897,1
4898,0
4899,1
4900,1
4901,0
4902,1
4903,0
4904,0
4905,1
4906,0
4907,1
4908,1
4909,1
4910,0
4911,0
4912,2
4913,0
4914,1
4915,0
4916,0
4917,0
4918,2
4919,1
4920,1
4921,1
4922,1
4923,1
4924,1
4925,1
4926,1
4927,1
4928,2
4929,0
4930,1
4931,0
4932,0
4933,0
4934,0
4935,1
4936,1
4937,0
4938,2
4939,0
4940,0
4941,1
4942,1
4943,1
4944,0
4945,0
4946,2
4947,0
4948,0
4949,1
4950,1
4951,0
4952,1
4953,1
4954,1
4955,1
4956,1
4957,0
4958,0
4959,0
4960,1
4961,1
4962,0
4963,1
4964,2
4965,0
4966,0
4967,0
4968,0
4969,1
4970,0
4971,1
4972,1
4973,1
4974,0
4975,0
4976,0
4977,1
4978,1
4979,1
4980,1
4981,0
4982,0
4983,1
4984,2
4985,0
4986,0
4987,1
4988,1
4989,1
4990,0
4991,1
4992,0
4993,1
4994,1
4995,0
4996,2
4997,1
4998,0
4999,2
5000,1
5001,1
5002,1
5003,2
5004,0
5005,0
5006,0
5007,0
5008,2
5009,1
5010,1
5011,0
5012,0
5013,1
5014,2
5015,1
5016,1
5017,1
5018,1
5019,0
5020,1
5021,0
5022,1
5023,1
5024,0
5025,1
5026,1
5027,1
5028,0
5029,0
5030,0
5031,0
5032,2
5033,0
5034,1
5035,1
5036,2
5037,2
5038,0
5039,1
5040,2
5041,1
5042,1
5043,1
5044,0
5045,0
5046,0
5047,0
5048,0
5049,0
5050,0
5051,1
5052,0
5053,0
5054,1
5055,0
5056,1
5057,1
5058,1
5059,2
5060,0
5061,0
5062,0
5063,1
5064,1
5065,0
5066,0
5067,1
5068,0
5069,1
5070,0
5071,1
5072,1
5073,2
5074,1
5075,0
5076,1
5077,0
5078,0
5079,0
5080,0
5081,0
5082,1
5083,0
5084,1
5085,1
5086,1
5087,0
5088,0
5089,1
5090,0
5091,1
5092,1
5093,1
5094,0
5095,1
5096,0
5097,1
5098,1
5099,1
5100,1
5101,0
5102,1
5103,2
5104,0
5105,0
5106,0
5107,0
5108,1
5109,2
5110,1
5111,0
5112,1
5113,1
5114,1
5115,1
5116,1
5117,1
5118,1
5119,0
5120,0
5121,1
5122,0
5123,1
5124,1
5125,1
5126,1
5127,1
5128,1
5129,1
5130,1
5131,1
5132,1
5133,1
5134,0
5135,2
5136,1
5137,1
5138,1
5139,0
5140,1
5141,1
5142,2
5143,0
5144,0
5145,2
5146,1
5147,0
5148,0
5149,0
5150,0
5151,1
5152,0
5153,0
5154,1
5155,0
5156,2
5157,0
5158,1
5159,2
5160,1
5161,0
5162,0
5163,0
5164,0
5165,1
5166,1
5167,0
5168,1
5169,0
5170,0
5171,0
5172,1
5173,1
5174,0
5175,1
5176,2
5177,0
5178,2
5179,2
5180,1
5181,1
5182,1
5183,2
5184,1
5185,1
5186,1
5187,0
5188,1
5189,0
5190,1
5191,0
5192,1
5193,1
5194,0
5195,1
5196,1
5197,1
5198,1
5199,1
5200,0
5201,1
5202,1
5203,0
5204,0
5205,1
5206,0
5207,1
5208,0
5209,0
5210,1
5211,0
5212,0
5213,1
5214,1
5215,0
5216,0
5217,1
5218,1
5219,0
5220,1
5221,0
5222,1
5223,2
5224,0
5225,1
5226,1
5227,2
5228,1
5229,1
5230,0
5231,0
5232,0
5233,0
5234,1
5235,1
5236,1
5237,0
5238,1
5239,1
5240,0
5241,1
5242,1
5243,1
5244,0
5245,0
5246,1
5247,0
5248,2
5249,1
5250,1
5251,0
5252,0
5253,1
5254,1
5255,1
5256,1
5257,1
5258,0
5259,0
5260,1
5261,0
5262,1
5263,0
5264,1
5265,1
5266,0
5267,0
5268,1
5269,1
5270,2
5271,1
5272,2
5273,0
5274,0
5275,0
5276,0
5277,1
5278,1
5279,0
5280,1
5281,1
5282,1
5283,2
5284,0
5285,1
5286,1
5287,1
5288,1
5289,0
5290,0
5291,0
5292,0
5293,1
5294,1
5295,0
5296,0
5297,1
5298,0
5299,1
5300,1
5301,0
5302,0
5303,1
5304,0
5305,1
5306,0
5307,1
5308,1
5309,2
5310,0
5311,1
5312,1
5313,1
5314,1
5315,0
5316,1
5317,1
5318,1
5319,0
5320,1
5321,0
5322,1
5323,0
5324,1
5325,1
5326,1
5327,1
5328,0
5329,0
5330,0
5331,1
5332,1
5333,1
5334,1
5335,1
5336,2
5337,1
5338,1
5339,1
5340,0
5341,0
5342,1
5343,1
5344,1
5345,0
5346,0
5347,1
5348,0
5349,1
5350,0
5351,0
5352,1
5353,1
5354,1
5355,1
5356,1
5357,1
5358,0
5359,1
5360,0
5361,1
5362,0
5363,1
5364,0
5365,1
5366,2
5367,1
5368,0
5369,1
5370,0
5371,2
5372,0
5373,0
5374,1
5375,1
5376,1
5377,0
5378,0
5379,2
5380,0
5381,0
5382,1
5383,0
5384,1
5385,0
5386,0
5387,0
5388,0
5389,1
5390,0
5391,2
5392,0
5393,1
5394,0
5395,1
5396,0
5397,0
5398,1
5399,1
5400,1
5401,0
5402,2
5403,1
5404,0
5405,1
5406,1
5407,0
5408,1
5409,0
5410,2
5411,1
5412,1
5413,0
5414,1
5415,0
5416,1
5417,1
5418,0
5419,1
5420,0
5421,1
5422,1
5423,0
5424,1
5425,0
5426,2
5427,0
5428,0
5429,1
5430,1
5431,1
5432,1
5433,0
5434,0
5435,1
5436,1
5437,0
5438,1
5439,1
5440,1
5441,0
5442,0
5443,0
5444,1
5445,2
5446,1
5447,0
5448,0
5449,1
5450,0
5451,0
5452,1
5453,0
5454,0
5455,2
5456,2
5457,0
5458,2
5459,0
5460,1
5461,1
5462,1
5463,1
5464,1
5465,0
5466,0
5467,0
5468,0
5469,0
5470,0
5471,1
5472,1
5473,1
5474,1
5475,0
5476,1
5477,1
5478,1
5479,0
5480,1
5481,1
5482,1
5483,1
5484,1
5485,1
5486,1
5487,0
5488,2
5489,1
5490,0
5491,1
5492,0
5493,0
5494,1
5495,1
5496,1
5497,0
5498,0
5499,1
5500,1
5501,2
5502,0
5503,1
5504,1
5505,1
5506,1
5507,0
5508,1
5509,1
5510,1
5511,1
5512,2
5513,0
5514,2
5515,2
5516,1
5517,1
5518,0
5519,1
5520,1
5521,1
5522,1
5523,1
5524,1
5525,0
5526,1
5527,1
5528,1
5529,1
5530,2
5531,0
5532,1
5533,1
5534,0
5535,1
5536,0
5537,0
5538,0
5539,1
5540,0
5541,0
5542,1
5543,0
5544,1
5545,1
5546,0
5547,0
5548,0
5549,1
5550,1
5551,0
5552,0
5553,1
5554,1
5555,0
5556,0
5557,0
5558,1
5559,0
5560,1
5561,0
5562,0
5563,0
5564,1
5565,0
5566,0
5567,1
5568,1
5569,0
5570,0
5571,1
5572,2
5573,0
5574,0
5575,1
5576,1
5577,0
5578,0
5579,1
5580,1
5581,1
5582,1
5583,0
5584,0
5585,1
5586,0
5587,1
5588,1
5589,1
5590,1
5591,1
5592,1
5593,1
5594,0
5595,0
5596,0
5597,1
5598,1
5599,1
5600,0
5601,1
5602,1
5603,2
5604,1
5605,1
5606,1
5607,1
5608,1
5609,1
5610,0
5611,1
5612,1
5613,0
5614,1
5615,0
5616,1
5617,1
5618,1
5619,2
5620,1
5621,2
5622,1
5623,0
5624,1
5625,0
5626,0
5627,1
5628,0
5629,1
5630,1
5631,1
5632,1
5633,0
5634,0
5635,1
5636,1
5637,1
5638,0
5639,1
5640,2
5641,1
5642,1
5643,1
5644,1
5645,1
5646,1
5647,1
5648,0
5649,1
5650,1
5651,0
5652,0
5653,1
5654,1
5655,2
5656,0
5657,1
5658,0
5659,0
5660,1
5661,1
5662,2
5663,1
5664,1
5665,1
5666,0
5667,1
5668,0
5669,1
5670,1
5671,1
5672,2
5673,1
5674,1
5675,0
5676,1
5677,0
5678,0
5679,1
5680,0
5681,1
5682,0
5683,1
5684,1
5685,2
5686,0
5687,1
5688,2
5689,0
5690,1
5691,1
5692,0
5693,0
5694,1
5695,0
5696,0
5697,0
5698,0
5699,1
5700,0
5701,0
5702,1
5703,0
5704,0
5705,0
5706,1
5707,1
5708,0
5709,0
5710,1
5711,1
5712,1
5713,0
5714,0
5715,0
5716,1
5717,0
5718,1
5719,0
5720,1
5721,1
5722,0
5723,0
5724,2
5725,1
5726,0
5727,1
5728,1
5729,1
5730,0
5731,0
5732,1
5733,2
5734,1
5735,0
5736,1
5737,1
5738,1
5739,1
5740,0
5741,1
5742,1
5743,1
5744,2
5745,1
5746,0
5747,0
5748,1
5749,1
5750,1
5751,1
5752,0
5753,0
5754,1
5755,0
5756,1
5757,0
5758,1
5759,1
5760,1
5761,0
5762,1
5763,1
5764,0
5765,1
5766,1
5767,1
5768,1
5769,1
5770,1
5771,0
5772,1
5773,1
5774,1
5775,2
5776,1
5777,1
5778,2
5779,1
5780,1
5781,1
5782,1
5783,0
5784,1
5785,2
5786,0
5787,1
5788,1
5789,0
5790,0
5791,1
5792,1
5793,1
5794,1
5795,0
5796,0
5797,1
5798,0
5799,0
5800,0
5801,1
5802,0
5803,0
5804,2
5805,1
5806,1
5807,1
5808,0
5809,1
5810,1
5811,0
5812,2
5813,1
5814,1
5815,1
5816,1
5817,1
5818,1
5819,1
5820,0
5821,0
5822,2
5823,1
5824,1
5825,0
5826,1
5827,0
5828,1
5829,1
5830,2
5831,0
5832,0
5833,0
5834,0
5835,0
5836,1
5837,1
5838,2
5839,0
5840,1
5841,1
5842,2
5843,0
5844,1
5845,0
5846,1
5847,2
5848,0
5849,1
5850,0
5851,0
5852,1
5853,1
5854,0
5855,0
5856,0
5857,2
5858,0
5859,0
5860,1
5861,1
5862,0
5863,0
5864,1
5865,0
5866,1
5867,1
5868,1
5869,0
5870,0
5871,1
5872,0
5873,1
5874,1
5875,0
5876,1
5877,2
5878,1
5879,1
5880,0
5881,2
5882,0
5883,0
5884,0
5885,0
5886,0
5887,0
5888,1
5889,1
5890,0
5891,0
5892,0
5893,1
5894,1
5895,2
5896,0
5897,1
5898,0
5899,1
5900,1
5901,0
5902,0
5903,0
5904,1
5905,1
5906,1
5907,1
5908,1
5909,1
5910,0
5911,0
5912,0
5913,0
5914,1
5915,0
5916,1
5917,1
5918,0
5919,1
5920,1
5921,2
5922,1
5923,1
5924,1
5925,0
5926,0
5927,1
5928,0
5929,1
5930,1
5931,1
5932,0
5933,1
5934,1
5935,1
5936,0
5937,2
5938,0
5939,1
5940,1
5941,1
5942,1
5943,1
5944,2
5945,0
5946,0
5947,1
5948,1
5949,0
5950,0
5951,0
5952,1
5953,2
5954,0
5955,1
5956,0
5957,0
5958,2
5959,1
5960,1
5961,1
5962,0
5963,1
5964,1
5965,0
5966,0
5967,1
5968,1
5969,0
5970,0
5971,0
5972,1
5973,1
5974,1
5975,1
5976,1
5977,1
5978,0
5979,0
5980,0
5981,2
5982,0
5983,1
5984,1
5985,1
5986,0
5987,2
5988,0
5989,1
5990,0
5991,0
5992,0
5993,2
5994,2
5995,0
5996,0
5997,0
5998,2
5999,1
6000,1
6001,1
6002,1
6003,0
6004,1
6005,1
6006,1
6007,2
6008,1
6009,1
6010,1
6011,1
6012,1
6013,1
6014,1
6015,0
6016,1
6017,1
6018,0
6019,1
6020,1
6021,1
6022,1
6023,0
6024,1
6025,1
6026,1
6027,1
6028,0
6029,1
6030,1
6031,1
6032,0
6033,0
6034,1
6035,0
6036,1
6037,1
6038,0
6039,0
6040,0
6041,1
6042,0
6043,0
6044,0
6045,0
6046,0
6047,1
6048,1
6049,1
6050,0
6051,1
6052,0
6053,1
6054,1
6055,1
6056,0
6057,2
6058,2
6059,0
6060,1
6061,1
6062,0
6063,0
6064,1
6065,1
6066,0
6067,1
6068,1
6069,1
6070,1
6071,1
6072,0
6073,1
6074,0
6075,1
6076,1
6077,0
6078,1
6079,1
6080,1
6081,1
6082,0
6083,0
6084,1
6085,1
6086,1
6087,0
6088,0
6089,0
6090,1
6091,0
6092,2
6093,0
6094,1
6095,1
6096,0
6097,0
6098,1
6099,1
6100,1
6101,1
6102,0
6103,1
6104,2
6105,2
6106,1
6107,1
6108,1
6109,0
6110,1
6111,0
6112,0
6113,1
6114,1
6115,0
6116,1
6117,1
6118,0
6119,0
6120,0
6121,0
6122,1
6123,2
6124,0
6125,1
6126,1
6127,1
6128,0
6129,1
6130,0
6131,0
6132,0
6133,1
6134,1
6135,0
6136,1
6137,0
6138,1
6139,1
6140,1
6141,1
6142,0
6143,2
6144,1
6145,0
6146,1
6147,1
6148,0
6149,0
6150,1
6151,1
6152,0
6153,1
6154,1
6155,1
6156,2
6157,1
6158,0
6159,1
6160,1
6161,1
6162,0
6163,1
6164,0
6165,1
6166,1
6167,0
6168,1
6169,1
6170,0
6171,1
6172,1
6173,1
6174,1
6175,0
6176,0
6177,1
6178,0
6179,1
6180,0
6181,0
6182,1
6183,1
6184,1
6185,2
6186,0
6187,0
6188,1
6189,0
6190,1
6191,1
6192,1
6193,0
6194,1
6195,1
6196,1
6197,0
6198,0
6199,0
6200,1
6201,0
6202,0
6203,1
6204,0
6205,2
6206,1
6207,0
6208,1
6209,1
6210,0
6211,0
6212,0
6213,1
6214,1
6215,0
6216,0
6217,1
6218,1
6219,0
6220,1
6221,2
6222,1
6223,1
6224,0
6225,0
6226,0
6227,1
6228,1
6229,0
6230,1
6231,0
6232,1
6233,1
6234,1
6235,0
6236,1
6237,1
6238,0
6239,1
6240,0
6241,1
6242,0
6243,1
6244,0
6245,0
6246,2
6247,1
6248,1
6249,1
6250,1
6251,0
6252,1
6253,2
6254,0
6255,1
6256,1
6257,0
6258,0
6259,0
6260,1
6261,1
6262,1
6263,0
6264,0
6265,2
6266,1
6267,1
6268,1
6269,1
6270,1
6271,0
6272,1
6273,0
6274,0
6275,0
6276,0
6277,0
6278,1
6279,0
6280,0
6281,1
6282,1
6283,0
6284,0
6285,0
6286,0
6287,0
6288,1
6289,1
6290,1
6291,2
6292,0
6293,1
6294,1
6295,1
6296,2
6297,1
6298,0
6299,1
6300,0
6301,0
6302,0
6303,2
6304,1
6305,2
6306,0
6307,0
6308,0
6309,2
6310,1
6311,0
6312,0
6313,2
6314,0
6315,0
6316,0
6317,1
6318,0
6319,1
6320,2
6321,0
6322,1
6323,2
6324,1
6325,1
6326,1
6327,1
6328,1
6329,1
6330,1
6331,0
6332,1
6333,1
6334,2
6335,0
6336,2
6337,1
6338,0
6339,0
6340,1
6341,0
6342,0
6343,2
6344,1
6345,0
6346,1
6347,1
6348,1
6349,0
6350,1
6351,0
6352,0
6353,1
6354,1
6355,0
6356,1
6357,0
6358,1
6359,1
6360,1
6361,0
6362,1
6363,1
6364,0
6365,0
6366,0
6367,1
6368,0
6369,1
6370,1
6371,1
6372,1
6373,0
6374,0
6375,0
6376,1
6377,0
6378,2
6379,2
6380,0
6381,0
6382,0
6383,1
6384,1
6385,1
6386,1
6387,1
6388,1
6389,1
6390,1
6391,0
6392,1
6393,1
6394,1
6395,0
6396,0
6397,0
6398,1
6399,1
6400,0
6401,1
6402,0
6403,1
6404,1
6405,2
6406,1
6407,0
6408,1
6409,2
6410,1
6411,0
6412,1
6413,1
6414,1
6415,1
6416,1
6417,1
6418,0
6419,1
6420,1
6421,2
6422,0
6423,1
6424,1
6425,0
6426,0
6427,1
6428,0
6429,1
6430,0
6431,1
6432,1
6433,0
6434,1
6435,1
6436,1
6437,0
6438,0
6439,1
6440,0
6441,0
6442,1
6443,0
6444,1
6445,0
6446,0
6447,0
6448,1
6449,1
6450,0
6451,1
6452,0
6453,0
6454,1
6455,1
6456,1
6457,0
6458,1
6459,2
6460,1
6461,1
6462,1
6463,1
6464,1
6465,0
6466,0
6467,1
6468,1
6469,1
6470,1
6471,1
6472,0
6473,0
6474,1
6475,0
6476,0
6477,0
6478,1
6479,1
6480,0
6481,0
6482,0
6483,2
6484,0
6485,1
6486,0
6487,0
6488,1
6489,1
6490,2
6491,0
6492,2
6493,1
6494,0
6495,0
6496,1
6497,0
6498,0
6499,0
6500,1
6501,1
6502,0
6503,1
6504,1
6505,1
6506,1
6507,1
6508,1
6509,0
6510,1
6511,0
6512,1
6513,0
6514,1
6515,1
6516,1
6517,1
6518,1
6519,1
6520,0
6521,1
6522,1
6523,1
6524,1
6525,1
6526,1
6527,1
6528,2
6529,1
6530,0
6531,0
6532,2
6533,1
6534,0
6535,1
6536,0
6537,0
6538,1
6539,1
6540,1
6541,0
6542,0
6543,0
6544,0
6545,0
6546,1
6547,2
6548,1
6549,0
6550,1
6551,0
6552,0
6553,1
6554,0
6555,0
6556,1
6557,1
6558,0
6559,0
6560,0
6561,0
6562,1
6563,0
6564,1
6565,1
6566,0
6567,0
6568,1
6569,1
6570,1
6571,1
6572,1
6573,0
6574,0
6575,1
6576,1
6577,1
6578,1
6579,1
6580,1
6581,1
6582,0
6583,0
6584,0
6585,0
6586,0
6587,0
6588,1
6589,1
6590,1
6591,1
6592,0
6593,1
6594,1
6595,0
6596,1
6597,1
6598,0
6599,1
6600,1
6601,0
6602,1
6603,1
6604,0
6605,0
6606,1
6607,0
6608,1
6609,0
6610,2
6611,0
6612,1
6613,0
6614,0
6615,1
6616,0
6617,1
6618,1
6619,1
6620,1
6621,0
6622,0
6623,0
6624,0
6625,0
6626,1
6627,1
6628,1
6629,1
6630,1
6631,0
6632,1
6633,1
6634,0
6635,0
6636,1
6637,1
6638,1
6639,0
6640,1
6641,1
6642,2
6643,1
6644,0
6645,1
6646,1
6647,1
6648,1
6649,1
6650,0
6651,1
6652,0
6653,1
6654,2
6655,1
6656,1
6657,0
6658,1
6659,0
6660,1
6661,0
6662,0
6663,0
6664,0
6665,0
6666,1
6667,1
6668,0
6669,0
6670,0
6671,1
6672,2
6673,0
6674,0
6675,2
6676,1
6677,1
6678,1
6679,1
6680,0
6681,1
6682,1
6683,0
6684,0
6685,1
6686,1
6687,1
6688,1
6689,1
6690,1
6691,1
6692,1
6693,0
6694,0
6695,0
6696,1
6697,1
6698,0
6699,1
6700,0
6701,0
6702,0
6703,1
6704,0
6705,0
6706,1
6707,0
6708,1
6709,1
6710,0
6711,1
6712,1
6713,0
6714,0
6715,0
6716,0
6717,1
6718,1
6719,0
6720,0
6721,0
6722,1
6723,2
6724,1
6725,0
6726,2
6727,1
6728,1
6729,0
6730,0
6731,1
6732,1
6733,1
6734,1
6735,0
6736,0
6737,0
6738,1
6739,2
6740,0
6741,1
6742,1
6743,1
6744,0
6745,1
6746,0
6747,0
6748,2
6749,2
6750,1
6751,1
6752,2
6753,0
6754,0
6755,1
6756,0
6757,1
6758,0
6759,0
6760,1
6761,1
6762,1
6763,0
6764,0
6765,1
6766,0
6767,1
6768,1
6769,0
6770,0
6771,0
6772,1
6773,1
6774,0
6775,0
6776,0
6777,1
6778,2
6779,2
6780,0
6781,1
6782,0
6783,0
6784,1
6785,0
6786,0
6787,1
6788,2
6789,0
6790,0
6791,1
6792,1
6793,0
6794,1
6795,0
6796,0
6797,1
6798,0
6799,0
6800,1
6801,1
6802,1
6803,1
6804,1
6805,0
6806,1
6807,0
6808,1
6809,1
6810,0
6811,1
6812,0
6813,1
6814,1
6815,1
6816,1
6817,1
6818,1
6819,1
6820,1
6821,1
6822,1
6823,1
6824,1
6825,0
6826,0
6827,0
6828,1
6829,1
6830,0
6831,1
6832,0
6833,0
6834,1
6835,1
6836,0
6837,1
6838,1
6839,1
6840,0
6841,1
6842,1
6843,0
6844,1
6845,0
6846,2
6847,0
6848,1
6849,0
6850,1
6851,0
6852,0
6853,0
6854,1
6855,1
6856,0
6857,1
6858,0
6859,0
6860,0
6861,1
6862,1
6863,1
6864,1
6865,1
6866,1
6867,0
6868,0
6869,0
6870,1
6871,0
6872,1
6873,1
6874,1
6875,1
6876,1
6877,0
6878,0
6879,1
6880,1
6881,0
6882,2
6883,0
6884,0
6885,1
6886,1
6887,0
6888,0
6889,1
6890,1
6891,1
6892,0
6893,2
6894,0
6895,0
6896,0
6897,1
6898,2
6899,1
6900,0
6901,0
6902,0
6903,1
6904,0
6905,1
6906,1
6907,0
6908,0
6909,1
6910,0
6911,0
6912,1
6913,1
6914,0
6915,0
6916,0
6917,0
6918,2
6919,0
6920,1
6921,1
6922,0
6923,1
6924,0
6925,1
6926,1
6927,1
6928,1
6929,0
6930,1
6931,0
6932,1
6933,1
6934,1
6935,1
6936,1
6937,0
6938,1
6939,1
6940,1
6941,1
6942,1
6943,0
6944,1
6945,1
6946,0
6947,2
6948,1
6949,1
6950,1
6951,0
6952,0
6953,0
6954,1
6955,1
6956,1
6957,0
6958,0
6959,1
6960,1
6961,1
6962,0
6963,1
6964,1
6965,0
6966,1
6967,0
6968,0
6969,1
6970,1
6971,1
6972,1
6973,2
6974,1
6975,1
6976,1
6977,0
6978,1
6979,0
6980,1
6981,0
6982,0
6983,0
6984,0
6985,1
6986,0
6987,1
6988,1
6989,1
6990,1
6991,0
6992,0
6993,1
6994,1
6995,1
6996,1
6997,1
6998,0
6999,1
7000,1
7001,1
7002,2
7003,1
7004,1
7005,1
7006,1
7007,1
7008,1
7009,0
7010,1
7011,1
7012,0
7013,1
7014,0
7015,0
7016,1
7017,0
7018,1
7019,1
7020,0
7021,1
7022,0
7023,1
7024,1
7025,1
7026,1
7027,2
7028,2
7029,0
7030,0
7031,1
7032,0
7033,0
7034,1
7035,0
7036,1
7037,1
7038,0
7039,1
7040,0
7041,1
7042,1
7043,1
7044,2
7045,0
7046,0
7047,1
7048,1
7049,0
7050,1
7051,1
7052,1
7053,1
7054,0
7055,1
7056,1
7057,1
7058,1
7059,0
7060,0
7061,0
7062,1
7063,2
7064,0
7065,0
7066,0
7067,0
7068,1
7069,0
7070,0
7071,1
7072,0
7073,1
7074,1
7075,1
7076,1
7077,1
7078,1
7079,0
7080,0
7081,1
7082,0
7083,0
7084,1
7085,0
7086,0
7087,1
7088,0
7089,2
7090,1
7091,0
7092,1
7093,1
7094,0
7095,1
7096,0
7097,0
7098,0
7099,0
7100,1
7101,1
7102,0
7103,0
7104,1
7105,0
7106,1
7107,1
7108,1
7109,1
7110,1
7111,0
7112,2
7113,0
7114,0
7115,0
7116,1
7117,0
7118,1
7119,0
7120,0
7121,1
7122,2
7123,1
7124,2
7125,1
7126,1
7127,1
7128,0
7129,0
7130,1
7131,0
7132,1
7133,0
7134,1
7135,1
7136,0
7137,1
7138,1
7139,1
7140,1
7141,0
7142,0
7143,1
7144,1
7145,0
7146,1
7147,1
7148,1
7149,1
7150,0
7151,1
7152,0
7153,1
7154,0
7155,1
7156,1
7157,0
7158,1
7159,0
7160,0
7161,1
7162,1
7163,1
7164,1
7165,0
7166,1
7167,0
7168,1
7169,0
7170,1
7171,0
7172,1
7173,0
7174,0
7175,1
7176,1
7177,1
7178,1
7179,1
7180,1
7181,1
7182,1
7183,1
7184,1
7185,0
7186,0
7187,1
7188,1
7189,0
7190,0
7191,1
7192,1
7193,0
7194,2
7195,0
7196,1
7197,0
7198,1
7199,0
7200,0
7201,1
7202,0
7203,1
7204,1
7205,1
7206,1
7207,1
7208,0
7209,0
7210,1
7211,1
7212,1
7213,1
7214,1
7215,1
7216,1
7217,1
7218,1
7219,1
7220,0
7221,1
7222,1
7223,1
7224,0
7225,0
7226,0
7227,0
7228,1
7229,0
7230,1
7231,0
7232,1
7233,2
7234,0
7235,1
7236,0
7237,0
7238,0
7239,1
7240,0
7241,1
7242,1
7243,0
7244,1
7245,1
7246,0
7247,0
7248,0
7249,0
7250,0
7251,1
7252,2
7253,1
7254,1
7255,1
7256,2
7257,1
7258,0
7259,0
7260,1
7261,0
7262,1
7263,0
7264,1
7265,0
7266,0
7267,0
7268,1
7269,2
7270,1
7271,0
7272,1
7273,1
7274,0
7275,0
7276,1
7277,1
7278,2
7279,1
7280,1
7281,0
7282,0
7283,1
7284,1
7285,2
7286,0
7287,0
7288,1
7289,1
7290,1
7291,1
7292,0
7293,0
7294,1
7295,0
7296,1
7297,1
7298,0
7299,1
7300,1
7301,1
7302,1
7303,0
7304,1
7305,1
7306,1
7307,0
7308,2
7309,0
7310,0
7311,2
7312,1
7313,1
7314,0
7315,0
7316,0
7317,1
7318,1
7319,0
7320,1
7321,0
7322,0
7323,0
7324,2
7325,0
7326,1
7327,1
7328,0
7329,0
7330,1
7331,1
7332,2
7333,1
7334,1
7335,1
7336,1
7337,1
7338,1
7339,1
7340,1
7341,1
7342,1
7343,0
7344,1
7345,0
7346,0
7347,0
7348,0
7349,0
7350,1
7351,2
7352,0
7353,0
7354,1
7355,0
7356,2
7357,1
7358,1
7359,1
7360,1
7361,0
7362,0
7363,0
7364,2
7365,0
7366,0
7367,0
7368,1
7369,0
7370,0
7371,1
7372,0
7373,1
7374,1
7375,0
7376,0
7377,0
7378,0
7379,0
7380,1
7381,1
7382,1
7383,2
7384,1
7385,1
7386,1
7387,2
7388,1
7389,0
7390,1
7391,0
7392,0
7393,1
7394,2
7395,1
7396,1
7397,0
7398,0
7399,1
7400,0
7401,0
7402,1
7403,0
7404,1
7405,1
7406,1
7407,0
7408,0
7409,0
7410,1
7411,0
7412,0
7413,1
7414,1
7415,0
7416,1
7417,1
7418,0
7419,2
7420,0
7421,0
7422,1
7423,0
7424,0
7425,1
7426,1
7427,0
7428,0
7429,1
7430,0
7431,2
7432,0
7433,0
7434,1
7435,1
7436,1
7437,1
7438,0
7439,2
7440,1
7441,1
7442,0
7443,1
7444,1
7445,1
7446,0
7447,0
7448,0
7449,1
7450,0
7451,0
7452,0
7453,0
7454,0
7455,1
7456,0
7457,1
7458,1
7459,2
7460,2
7461,0
7462,1
7463,0
7464,0
7465,0
7466,1
7467,0
7468,1
7469,0
7470,0
7471,0
7472,0
7473,0
7474,1
7475,1
7476,0
7477,1
7478,0
7479,1
7480,1
7481,1
7482,1
7483,0
7484,0
7485,0
7486,1
7487,1
7488,1
7489,1
7490,1
7491,1
7492,1
7493,1
7494,1
7495,0
7496,1
7497,0
7498,1
7499,1
7500,1
7501,1
7502,1
7503,0
7504,1
7505,0
7506,1
7507,1
7508,1
7509,2
7510,0
7511,1
7512,0
7513,0
7514,1
7515,1
7516,2
7517,2
7518,0
7519,1
7520,0
7521,0
7522,1
7523,0
7524,1
7525,1
7526,0
7527,1
7528,1
7529,1
7530,0
7531,1
7532,1
7533,0
7534,1
7535,1
7536,2
7537,0
7538,1
7539,2
7540,0
7541,0
7542,0
7543,0
7544,1
7545,0
7546,1
7547,2
7548,1
7549,1
7550,0
7551,0
7552,1
7553,1
7554,1
7555,0
7556,1
7557,1
7558,0
7559,1
7560,0
7561,0
7562,1
7563,2
7564,1
7565,1
7566,1
7567,0
7568,1
7569,0
7570,0
7571,0
7572,1
7573,1
7574,1
7575,1
7576,1
7577,0
7578,0
7579,1
7580,0
7581,2
7582,1
7583,1
7584,0
7585,0
7586,0
7587,1
7588,1
7589,0
7590,1
7591,1
7592,2
7593,1
7594,1
7595,1
7596,0
7597,1
7598,1
7599,0
7600,2
7601,1
7602,0
7603,0
7604,0
7605,1
7606,1
7607,1
7608,1
7609,0
7610,0
7611,0
7612,0
7613,1
7614,0
7615,1
7616,1
7617,0
7618,0
7619,2
7620,1
7621,0
7622,2
7623,1
7624,1
7625,1
7626,1
7627,1
7628,1
7629,1
7630,2
7631,0
7632,1
7633,1
7634,1
7635,0
7636,0
7637,1
7638,2
7639,1
7640,0
7641,2
7642,0
7643,0
7644,0
7645,0
7646,0
7647,0
7648,1
7649,1
7650,1
7651,1
7652,1
7653,0
7654,1
7655,1
7656,1
7657,1
7658,1
7659,0
7660,1
7661,1
7662,0
7663,0
7664,1
7665,0
7666,0
7667,0
7668,1
7669,0
7670,2
7671,1
7672,0
7673,0
7674,0
7675,2
7676,0
7677,1
7678,1
7679,0
7680,1
7681,2
7682,1
7683,0
7684,1
7685,1
7686,0
7687,1
7688,1
7689,0
7690,1
7691,1
7692,2
7693,0
7694,1
7695,1
7696,1
7697,1
7698,1
7699,1
7700,0
7701,0
7702,2
7703,0
7704,1
7705,0
7706,1
7707,1
7708,1
7709,0
7710,1
7711,0
7712,1
7713,0
7714,1
7715,1
7716,0
7717,1
7718,0
7719,1
7720,1
7721,0
7722,1
7723,0
7724,0
7725,1
7726,0
7727,1
7728,1
7729,2
7730,1
7731,0
7732,1
7733,1
7734,1
7735,1
7736,1
7737,0
7738,1
7739,0
7740,0
7741,0
7742,0
7743,1
7744,1
7745,0
7746,0
7747,0
7748,0
7749,1
7750,0
7751,2
7752,0
7753,0
7754,0
7755,2
7756,0
7757,1
7758,0
7759,0
7760,0
7761,2
7762,0
7763,0
7764,1
7765,1
7766,1
7767,2
7768,0
7769,0
7770,0
7771,1
7772,0
7773,0
7774,2
7775,1
7776,1
7777,1
7778,1
7779,0
7780,1
7781,0
7782,2
7783,2
7784,0
7785,1
7786,1
7787,1
7788,2
7789,0
7790,0
7791,1
7792,0
7793,1
7794,1
7795,0
7796,1
7797,0
7798,1
7799,1
7800,2
7801,1
7802,0
7803,0
7804,0
7805,1
7806,1
7807,1
7808,1
7809,0
7810,1
7811,0
7812,1
7813,1
7814,1
7815,2
7816,1
7817,0
7818,1
7819,0
7820,1
7821,1
7822,1
7823,1
7824,1
7825,0
7826,1
7827,1
7828,1
7829,0
7830,1
7831,1
7832,1
7833,0
7834,2
7835,1
7836,0
7837,0
7838,1
7839,0
7840,1
7841,0
7842,1
7843,0
7844,0
7845,1
7846,0
7847,0
7848,1
7849,0
7850,1
7851,0
7852,0
7853,0
7854,1
7855,1
7856,1
7857,1
7858,1
7859,1
7860,0
7861,0
7862,0
7863,1
7864,0
7865,1
7866,1
7867,0
7868,0
7869,0
7870,0
7871,1
7872,1
7873,1
7874,0
7875,0
7876,1
7877,0
7878,1
7879,1
7880,1
7881,1
7882,1
7883,1
7884,1
7885,2
7886,1
7887,0
7888,0
7889,1
7890,0
7891,0
7892,1
7893,0
7894,1
7895,1
7896,0
7897,1
7898,0
7899,0
7900,1
7901,0
7902,0
7903,0
7904,1
7905,0
7906,1
7907,0
7908,1
7909,0
7910,0
7911,0
7912,0
7913,0
7914,0
7915,1
7916,0
7917,0
7918,1
7919,0
7920,1
7921,0
7922,0
7923,0
7924,2
7925,0
7926,0
7927,1
7928,1
7929,1
7930,1
7931,1
7932,0
7933,0
7934,0
7935,1
7936,0
7937,0
7938,1
7939,1
7940,0
7941,0
7942,0
7943,0
7944,0
7945,0
7946,0
7947,1
7948,1
7949,1
7950,1
7951,1
7952,1
7953,0
7954,1
7955,1
7956,1
7957,2
7958,0
7959,2
7960,2
7961,0
7962,1
7963,1
7964,0
7965,2
7966,2
7967,0
7968,1
7969,2
7970,1
7971,0
7972,2
7973,1
7974,0
7975,1
7976,0
7977,1
7978,1
7979,1
7980,2
7981,1
7982,2
7983,0
7984,1
7985,1
7986,0
7987,0
7988,1
7989,1
7990,1
7991,1
7992,2
7993,2
7994,0
7995,2
7996,2
7997,1
7998,0
7999,1
8000,1
8001,2
8002,1
8003,0
8004,1
8005,0
8006,0
8007,0
8008,1
8009,1
8010,1
8011,0
8012,1
8013,0
8014,1
8015,1
8016,1
8017,1
8018,0
8019,0
8020,0
8021,1
8022,0
8023,1
8024,1
8025,0
8026,0
8027,0
8028,0
8029,1
8030,1
8031,1
8032,1
8033,1
8034,0
8035,1
8036,0
8037,0
8038,1
8039,0
8040,0
8041,1
8042,1
8043,0
8044,1
8045,0
8046,1
8047,0
8048,1
8049,1
8050,1
8051,1
8052,1
8053,0
8054,2
8055,1
8056,0
8057,1
8058,1
8059,1
8060,2
8061,1
8062,0
8063,1
8064,1
8065,1
8066,1
8067,1
8068,1
8069,0
8070,1
8071,0
8072,1
8073,0
8074,1
8075,1
8076,1
8077,1
8078,1
8079,0
8080,0
8081,1
8082,0
8083,0
8084,1
8085,1
8086,1
8087,0
8088,0
8089,0
8090,0
8091,0
8092,1
8093,2
8094,1
8095,2
8096,0
8097,1
8098,1
8099,1
8100,0
8101,1
8102,2
8103,1
8104,2
8105,0
8106,0
8107,2
8108,1
8109,1
8110,0
8111,1
8112,1
8113,1
8114,0
8115,1
8116,0
8117,2
8118,2
8119,2
8120,0
8121,0
8122,0
8123,1
8124,0
8125,0
8126,1
8127,0
8128,0
8129,0
8130,0
8131,0
8132,0
8133,1
8134,1
8135,0
8136,0
8137,1
8138,2
8139,0
8140,2
8141,1
8142,1
8143,1
8144,2
8145,0
8146,1
8147,1
8148,1
8149,1
8150,0
8151,1
8152,0
8153,0
8154,0
8155,0
8156,0
8157,1
8158,0
8159,1
8160,1
8161,1
8162,0
8163,2
8164,1
8165,1
8166,1
8167,1
8168,1
8169,2
8170,0
8171,0
8172,0
8173,1
8174,0
8175,0
8176,0
8177,0
8178,0
8179,1
8180,1
8181,0
8182,0
8183,2
8184,0
8185,2
8186,1
8187,1
8188,1
8189,2
8190,0
8191,1
8192,2
8193,2
8194,1
8195,1
8196,0
8197,1
8198,0
8199,0
8200,1
8201,1
8202,0
8203,1
8204,0
8205,1
8206,1
8207,1
8208,1
8209,0
8210,1
8211,1
8212,1
8213,0
8214,1
8215,0
8216,1
8217,0
8218,0
8219,1
8220,1
8221,1
8222,2
8223,2
8224,0
8225,0
8226,0
8227,0
8228,0
8229,0
8230,1
8231,0
8232,1
8233,0
8234,1
8235,0
8236,0
8237,1
8238,0
8239,1
8240,0
8241,0
8242,0
8243,0
8244,1
8245,1
8246,1
8247,0
8248,0
8249,0
8250,0
8251,0
8252,1
8253,0
8254,1
8255,1
8256,1
8257,0
8258,0
8259,1
8260,0
8261,0
8262,1
8263,1
8264,1
8265,0
8266,0
8267,1
8268,0
8269,1
8270,1
8271,0
8272,0
8273,0
8274,1
8275,0
8276,0
8277,1
8278,0
8279,1
8280,1
8281,0
8282,2
8283,0
8284,1
8285,0
8286,0
8287,2
8288,1
8289,0
8290,0
8291,0
8292,0
8293,1
8294,0
8295,2
8296,1
8297,1
8298,0
8299,1
8300,1
8301,0
8302,1
8303,1
8304,0
8305,1
8306,2
8307,0
8308,0
8309,1
8310,0
8311,1
8312,1
8313,1
8314,1
8315,1
8316,1
8317,1
8318,0
8319,1
8320,0
8321,1
8322,1
8323,1
8324,0
8325,0
8326,1
8327,1
8328,2
8329,1
8330,1
8331,1
8332,1
8333,1
8334,1
8335,0
8336,1
8337,0
8338,0
8339,1
8340,0
8341,1
8342,0
8343,0
8344,0
8345,1
8346,0
8347,1
8348,0
8349,0
8350,2
8351,1
8352,2
8353,1
8354,1
8355,0
8356,0
8357,0
8358,0
8359,0
8360,1
8361,1
8362,1
8363,1
8364,1
8365,0
8366,1
8367,0
8368,1
8369,1
8370,0
8371,0
8372,0
8373,1
8374,1
8375,2
8376,0
8377,2
8378,1
8379,0
8380,2
8381,1
8382,1
8383,1
8384,1
8385,0
8386,0
8387,1
8388,1
8389,0
8390,1
8391,1
8392,1
8393,0
8394,1
8395,1
8396,1
8397,1
8398,1
8399,0
8400,1
8401,1
8402,2
8403,1
8404,1
8405,1
8406,2
8407,1
8408,1
8409,2
8410,0
8411,0
8412,0
8413,1
8414,0
8415,0
8416,0
8417,0
8418,2
8419,0
8420,1
8421,0
8422,0
8423,1
8424,0
8425,1
8426,0
8427,0
8428,0
8429,0
8430,1
8431,1
8432,1
8433,0
8434,2
8435,0
8436,1
8437,1
8438,0
8439,0
8440,1
8441,1
8442,0
8443,0
8444,1
8445,0
8446,0
8447,0
8448,1
8449,1
8450,2
8451,1
8452,1
8453,0
8454,0
8455,0
8456,1
8457,0
8458,0
8459,0
8460,1
8461,1
8462,1
8463,1
8464,1
8465,0
8466,1
8467,1
8468,0
8469,1
8470,1
8471,1
8472,1
8473,1
8474,0
8475,0
8476,1
8477,0
8478,0
8479,0
8480,2
8481,1
8482,1
8483,0
8484,1
8485,0
8486,1
8487,1
8488,1
8489,1
8490,0
8491,0
8492,1
8493,1
8494,0
8495,0
8496,0
8497,0
8498,0
8499,0
8500,1
8501,0
8502,1
8503,0
8504,1
8505,1
8506,1
8507,0
8508,2
8509,0
8510,0
8511,1
8512,0
8513,1
8514,2
8515,1
8516,1
8517,1
8518,1
8519,0
8520,1
8521,1
8522,1
8523,1
8524,0
8525,0
8526,1
8527,0
8528,1
8529,1
8530,0
8531,1
8532,1
8533,0
8534,1
8535,1
8536,0
8537,1
8538,1
8539,2
8540,1
8541,1
8542,2
8543,2
8544,1
8545,0
8546,1
8547,0
8548,0
8549,2
8550,2
8551,0
8552,0
8553,2
8554,1
8555,1
8556,1
8557,1
8558,0
8559,1
8560,2
8561,1
8562,0
8563,0
8564,1
8565,1
8566,0
8567,0
8568,1
8569,0
8570,1
8571,0
8572,1
8573,0
8574,0
8575,2
8576,1
8577,0
8578,1
8579,1
8580,1
8581,1
8582,1
8583,1
8584,1
8585,0
8586,0
8587,0
8588,1
8589,0
8590,0
8591,1
8592,1
8593,1
8594,1
8595,1
8596,0
8597,0
8598,1
8599,1
8600,1
8601,0
8602,1
8603,1
8604,0
8605,2
8606,1
8607,0
8608,1
8609,1
8610,1
8611,0
8612,0
8613,1
8614,1
8615,0
8616,0
8617,1
8618,1
8619,0
8620,0
8621,0
8622,1
8623,1
8624,0
8625,0
8626,0
8627,1
8628,2
8629,0
8630,1
8631,1
8632,1
8633,0
8634,1
8635,1
8636,2
8637,1
8638,1
8639,1
8640,0
8641,0
8642,1
8643,1
8644,0
8645,1
8646,1
8647,0
8648,0
8649,1
8650,1
8651,0
8652,0
8653,0
8654,0
8655,1
8656,0
8657,1
8658,0
8659,1
8660,0
8661,0
8662,0
8663,1
8664,1
8665,1
8666,0
8667,0
8668,0
8669,1
8670,2
8671,0
8672,1
8673,1
8674,1
8675,0
8676,0
8677,0
8678,1
8679,0
8680,1
8681,1
8682,1
8683,0
8684,1
8685,0
8686,2
8687,0
8688,0
8689,1
8690,2
8691,1
8692,0
8693,1
8694,1
8695,1
8696,1
8697,0
8698,1
8699,1
8700,1
8701,1
8702,1
8703,1
8704,0
8705,1
8706,2
8707,1
8708,1
8709,1
8710,2
8711,1
8712,1
8713,0
8714,1
8715,0
8716,1
8717,1
8718,1
8719,1
8720,0
8721,0
8722,1
8723,1
8724,0
8725,1
8726,1
8727,1
8728,1
8729,1
8730,1
8731,0
8732,0
8733,1
8734,0
8735,1
8736,0
8737,0
8738,1
8739,1
8740,0
8741,0
8742,1
8743,0
8744,0
8745,1
8746,0
8747,0
8748,0
8749,1
8750,1
8751,0
8752,0
8753,0
8754,1
8755,1
8756,1
8757,1
8758,0
8759,1
8760,0
8761,0
8762,0
8763,1
8764,1
8765,0
8766,0
8767,1
8768,2
8769,0
8770,0
8771,1
8772,0
8773,1
8774,1
8775,1
8776,0
8777,1
8778,1
8779,0
8780,0
8781,0
8782,0
8783,1
8784,1
8785,1
8786,0
8787,1
8788,1
8789,1
8790,1
8791,1
8792,1
8793,0
8794,1
8795,1
8796,1
8797,0
8798,0
8799,0
8800,1
8801,0
8802,1
8803,1
8804,1
8805,0
8806,0
8807,0
8808,1
8809,1
8810,0
8811,1
8812,1
8813,1
8814,1
8815,2
8816,1
8817,1
8818,0
8819,1
8820,1
8821,1
8822,1
8823,1
8824,0
8825,1
8826,1
8827,1
8828,2
8829,0
8830,1
8831,1
8832,1
8833,1
8834,0
8835,1
8836,1
8837,0
8838,1
8839,1
8840,0
8841,0
8842,1
8843,1
8844,0
8845,0
8846,1
8847,1
8848,1
8849,2
8850,1
8851,0
8852,0
8853,1
8854,1
8855,0
8856,1
8857,0
8858,1
8859,1
8860,1
8861,1
8862,0
8863,0
8864,0
8865,1
8866,0
8867,0
8868,0
8869,0
8870,0
8871,1
8872,1
8873,1
8874,2
8875,2
8876,1
8877,1
8878,0
8879,1
8880,0
8881,0
8882,1
8883,0
8884,1
8885,1
8886,0
8887,2
8888,1
8889,1
8890,0
8891,0
8892,1
8893,0
8894,0
8895,1
8896,0
8897,1
8898,1
8899,1
8900,1
8901,0
8902,2
8903,0
8904,0
8905,0
8906,0
8907,1
8908,1
8909,0
8910,1
8911,1
8912,1
8913,1
8914,1
8915,0
8916,1
8917,1
8918,1
8919,1
8920,0
8921,0
8922,2
8923,0
8924,2
8925,2
8926,1
8927,0
8928,0
8929,0
8930,1
8931,1
8932,1
8933,0
8934,0
8935,0
8936,1
8937,0
8938,0
8939,1
8940,1
8941,1
8942,2
8943,2
8944,2
8945,1
8946,1
8947,0
8948,0
8949,0
8950,1
8951,1
8952,0
8953,1
8954,0
8955,1
8956,0
8957,2
8958,1
8959,1
8960,0
8961,1
8962,0
8963,0
8964,0
8965,2
8966,1
8967,0
8968,1
8969,0
8970,0
8971,1
8972,1
8973,1
8974,2
8975,1
8976,1
8977,0
8978,0
8979,0
8980,0
8981,1
8982,0
8983,0
8984,0
8985,0
8986,0
8987,1
8988,0
8989,2
8990,1
8991,1
8992,1
8993,1
8994,0
8995,0
8996,1
8997,0
8998,0
8999,0
9000,0
9001,0
9002,1
9003,1
9004,2
9005,2
9006,0
9007,0
9008,1
9009,0
9010,0
9011,1
9012,1
9013,2
9014,1
9015,0
9016,1
9017,1
9018,1
9019,0
9020,1
9021,0
9022,1
9023,0
9024,2
9025,1
9026,0
9027,1
9028,2
9029,1
9030,0
9031,1
9032,0
9033,1
9034,0
9035,0
9036,1
9037,1
9038,1
9039,0
9040,0
9041,2
9042,0
9043,0
9044,1
9045,1
9046,1
9047,1
9048,1
9049,0
9050,1
9051,0
9052,1
9053,1
9054,1
9055,1
9056,0
9057,1
9058,1
9059,0
9060,1
9061,0
9062,1
9063,0
9064,1
9065,0
9066,0
9067,0
9068,0
9069,1
9070,0
9071,0
9072,1
9073,0
9074,1
9075,0
9076,1
9077,0
9078,0
9079,1
9080,1
9081,0
9082,1
9083,0
9084,1
9085,0
9086,1
9087,0
9088,1
9089,1
9090,0
9091,0
9092,1
9093,0
9094,1
9095,0
9096,0
9097,1
9098,1
9099,1
9100,0
9101,0
9102,1
9103,1
9104,0
9105,1
9106,1
9107,1
9108,0
9109,1
9110,1
9111,1
9112,0
9113,1
9114,1
9115,0
9116,2
9117,1
9118,2
9119,1
9120,0
9121,0
9122,1
9123,0
9124,2
9125,1
9126,0
9127,1
9128,1
9129,1
9130,1
9131,1
9132,0
9133,0
9134,1
9135,2
9136,1
9137,0
9138,1
9139,1
9140,0
9141,0
9142,1
9143,1
9144,0
9145,1
9146,0
9147,0
9148,1
9149,0
9150,1
9151,1
9152,0
9153,0
9154,1
9155,0
9156,1
9157,0
9158,0
9159,0
9160,1
9161,1
9162,1
9163,0
9164,0
9165,1
9166,0
9167,1
9168,2
9169,1
9170,1
9171,1
9172,0
9173,0
9174,1
9175,0
9176,1
9177,1
9178,0
9179,0
9180,1
9181,1
9182,1
9183,1
9184,1
9185,1
9186,2
9187,1
9188,0
9189,1
9190,1
9191,0
9192,0
9193,1
9194,0
9195,1
9196,0
9197,0
9198,1
9199,0
9200,0
9201,0
9202,1
9203,0
9204,0
9205,1
9206,0
9207,0
9208,1
9209,0
9210,1
9211,1
9212,0
9213,0
9214,1
9215,1
9216,0
9217,0
9218,1
9219,0
9220,1
9221,0
9222,1
9223,1
9224,1
9225,1
9226,0
9227,0
9228,1
9229,1
9230,1
9231,1
9232,2
9233,1
9234,1
9235,0
9236,0
9237,1
9238,1
9239,1
9240,1
9241,0
9242,0
9243,0
9244,1
9245,0
9246,0
9247,0
9248,1
9249,0
9250,2
9251,0
9252,1
9253,1
9254,0
9255,1
9256,0
9257,1
9258,1
9259,1
9260,1
9261,0
9262,0
9263,1
9264,1
9265,1
9266,1
9267,1
9268,0
9269,0
9270,0
9271,1
9272,1
9273,1
9274,0
9275,0
9276,1
9277,1
9278,0
9279,1
9280,1
9281,0
9282,1
9283,1
9284,1
9285,1
9286,1
9287,0
9288,1
9289,0
9290,1
9291,1
9292,0
9293,1
9294,1
9295,0
9296,1
9297,1
9298,1
9299,2
9300,0
9301,0
9302,0
9303,1
9304,0
9305,1
9306,0
9307,0
9308,1
9309,1
9310,1
9311,1
9312,1
9313,0
9314,1
9315,1
9316,1
9317,0
9318,1
9319,0
9320,0
9321,1
9322,0
9323,0
9324,1
9325,1
9326,0
9327,0
9328,1
9329,1
9330,0
9331,0
9332,0
9333,1
9334,0
9335,0
9336,0
9337,1
9338,0
9339,0
9340,0
9341,0
9342,0
9343,1
9344,1
9345,0
9346,0
9347,1
9348,1
9349,1
9350,1
9351,0
9352,0
9353,1
9354,1
9355,0
9356,0
9357,0
9358,1
9359,1
9360,1
9361,0
9362,1
9363,1
9364,1
9365,0
9366,1
9367,2
9368,1
9369,0
9370,1
9371,0
9372,1
9373,0
9374,1
9375,0
9376,0
9377,1
9378,1
9379,2
9380,0
9381,0
9382,1
9383,1
9384,0
9385,0
9386,0
9387,0
9388,0
9389,1
9390,1
9391,0
9392,1
9393,0
9394,0
9395,1
9396,1
9397,1
9398,1
9399,0
9400,0
9401,0
9402,0
9403,1
9404,0
9405,1
9406,1
9407,0
9408,0
9409,0
9410,2
9411,1
9412,2
9413,1
9414,2
9415,0
9416,2
9417,1
9418,1
9419,0
9420,1
9421,1
9422,1
9423,0
9424,0
9425,0
9426,1
9427,0
9428,1
9429,0
9430,0
9431,1
9432,1
9433,0
9434,1
9435,0
9436,1
9437,0
9438,0
9439,1
9440,0
9441,1
9442,1
9443,1
9444,0
9445,0
9446,1
9447,0
9448,1
9449,0
9450,2
9451,1
9452,0
9453,1
9454,1
9455,0
9456,1
9457,0
9458,0
9459,1
9460,1
9461,0
9462,0
9463,0
9464,0
9465,0
9466,0
9467,0
9468,1
9469,0
9470,1
9471,0
9472,0
9473,0
9474,1
9475,1
9476,1
9477,0
9478,0
9479,1
9480,1
9481,1
9482,1
9483,0
9484,0
9485,1
9486,1
9487,1
9488,1
9489,0
9490,0
9491,0
9492,1
9493,0
9494,1
9495,0
9496,0
9497,0
9498,1
9499,0
9500,1
9501,0
9502,1
9503,0
9504,2
9505,0
9506,0
9507,1
9508,0
9509,1
9510,0
9511,1
9512,1
9513,1
9514,1
9515,1
9516,0
9517,1
9518,0
9519,0
9520,1
9521,1
9522,1
9523,0
9524,0
9525,0
9526,0
9527,1
9528,1
9529,0
9530,2
9531,1
9532,2
9533,1
9534,0
9535,0
9536,0
9537,2
9538,1
9539,1
9540,1
9541,2
9542,1
9543,1
9544,1
9545,0
9546,0
9547,1
9548,0
9549,1
9550,1
9551,1
9552,1
9553,1
9554,0
9555,2
9556,1
9557,0
9558,0
9559,1
9560,1
9561,1
9562,0
9563,1
9564,2
9565,0
9566,0
9567,1
9568,0
9569,1
9570,1
9571,0
9572,0
9573,0
9574,1
9575,0
9576,0
9577,0
9578,1
9579,1
9580,1
9581,1
9582,1
9583,0
9584,0
9585,1
9586,1
9587,1
9588,1
9589,0
9590,1
9591,0
9592,0
9593,0
9594,0
9595,1
9596,0
9597,0
9598,0
9599,0
9600,0
9601,0
9602,0
9603,1
9604,1
9605,2
9606,1
9607,1
9608,1
9609,0
9610,1
9611,1
9612,0
9613,1
9614,1
9615,1
9616,1
9617,1
9618,0
9619,0
9620,1
9621,1
9622,1
9623,1
9624,1
9625,1
9626,1
9627,1
9628,1
9629,0
9630,1
9631,1
9632,1
9633,1
9634,0
9635,1
9636,2
9637,1
9638,1
9639,1
9640,2
9641,0
9642,0
9643,1
9644,0
9645,1
9646,1
9647,0
9648,0
9649,1
9650,1
9651,0
9652,1
9653,1
9654,1
9655,1
9656,0
9657,0
9658,0
9659,1
9660,0
9661,0
9662,1
9663,0
9664,1
9665,1
9666,2
9667,1
9668,0
9669,1
9670,1
9671,1
9672,0
9673,1
9674,0
9675,0
9676,0
9677,1
9678,0
9679,1
9680,0
9681,0
9682,1
9683,1
9684,0
9685,1
9686,0
9687,0
9688,1
9689,1
9690,1
9691,1
9692,1
9693,1
9694,1
9695,0
9696,1
9697,0
9698,2
9699,1
9700,0
9701,1
9702,1
9703,0
9704,1
9705,1
9706,1
9707,0
9708,1
9709,0
9710,1
9711,0
9712,1
9713,0
9714,1
9715,1
9716,0
9717,0
9718,1
9719,1
9720,1
9721,0
9722,0
9723,0
9724,0
9725,1
9726,1
9727,1
9728,1
9729,2
9730,0
9731,1
9732,1
9733,0
9734,0
9735,2
9736,1
9737,0
9738,1
9739,0
9740,1
9741,1
9742,0
9743,0
9744,1
9745,1
9746,0
9747,0
9748,0
9749,1
9750,2
9751,1
9752,2
9753,1
9754,1
9755,1
9756,1
9757,1
9758,0
9759,1
9760,0
9761,0
9762,0
9763,0
9764,0
9765,0
9766,0
9767,1
9768,1
9769,0
9770,0
9771,1
9772,0
9773,1
9774,1
9775,1
9776,0
9777,1
9778,1
9779,0
9780,0
9781,0
9782,0
9783,2
9784,0
9785,2
9786,2
9787,0
9788,1
9789,1
9790,1
9791,1
9792,1
9793,0
9794,1
9795,1
9796,1
9797,0
9798,0
9799,1
9800,0
9801,1
9802,0
9803,0
9804,0
9805,1
9806,1
9807,1
9808,1
9809,1
9810,1
9811,1
9812,1
9813,1
9814,1
9815,0
9816,1
9817,1
9818,1
9819,1
9820,0
9821,1
9822,1
9823,0
9824,1
9825,1
9826,1
9827,0
9828,1
9829,1
9830,0
9831,1
9832,1
9833,1
9834,1
9835,0
9836,1
9837,0
9838,1
9839,1
9840,1
9841,0
9842,0
9843,0
9844,1
9845,0
9846,1
9847,1
9848,1
9849,1
9850,1
9851,0
9852,0
9853,1
9854,1
9855,0
9856,0
9857,1
9858,1
9859,0
9860,0
9861,0
9862,1
9863,1
9864,1
9865,0
9866,1
9867,0
9868,1
9869,0
9870,0
9871,0
9872,0
9873,1
9874,1
9875,1
9876,0
9877,0
9878,1
9879,0
9880,1
9881,1
9882,0
9883,1
9884,1
9885,1
9886,1
9887,0
9888,0
9889,0
9890,0
9891,1
9892,1
9893,0
9894,1
9895,0
9896,0
9897,1
9898,0
9899,0
9900,0
9901,0
9902,0
9903,0
9904,1
9905,0
9906,0
9907,1
9908,0
9909,1
9910,1
9911,1
9912,0
9913,1
9914,0
9915,0
9916,0
9917,2
9918,1
9919,1
9920,0
9921,1
9922,1
9923,1
9924,1
9925,0
9926,1
9927,0
9928,1
9929,0
9930,1
9931,0
9932,0
9933,1
9934,0
9935,1
9936,0
9937,0
9938,1
9939,1
9940,1
9941,1
9942,0
9943,0
9944,0
9945,1
9946,1
9947,1
9948,1
9949,1
9950,1
9951,0
9952,1
9953,0
9954,1
9955,0
9956,1
9957,0
9958,0
9959,0
9960,1
9961,0
9962,0
9963,0
9964,0
9965,0
9966,2
9967,1
9968,1
9969,1
9970,2
9971,0
9972,2
9973,1
9974,1
9975,0
9976,1
9977,0
9978,0
9979,1
9980,1
9981,0
9982,1
9983,0
9984,1
9985,1
9986,0
9987,0
9988,0
9989,1
9990,0
9991,2
9992,1
9993,2
9994,1
9995,1
9996,0
9997,0
9998,1
9999,1
10000,1
10001,0
10002,1
10003,1
10004,0
10005,1
10006,2
10007,1
10008,1
10009,1
10010,0
10011,0
10012,1
10013,0
10014,0
10015,1
10016,0
10017,1
10018,1
10019,2
10020,0
10021,0
10022,1
10023,1
10024,1
10025,1
10026,2
10027,0
10028,0
10029,0
10030,1
10031,0
10032,1
10033,0
10034,1
10035,1
10036,1
10037,1
10038,0
10039,0
10040,1
10041,0
10042,1
10043,1
10044,1
10045,0
10046,2
10047,2
10048,1
10049,1
10050,1
10051,1
10052,1
10053,1
10054,1
10055,1
10056,1
10057,1
10058,1
10059,1
10060,2
10061,1
10062,0
10063,0
10064,0
10065,2
10066,2
10067,0
10068,0
10069,2
10070,1
10071,2
10072,1
10073,0
10074,1
10075,2
10076,1
10077,1
10078,0
10079,0
10080,1
10081,0
10082,1
10083,1
10084,1
10085,1
10086,1
10087,0
10088,1
10089,1
10090,0
10091,0
10092,1
10093,0
10094,1
10095,1
10096,0
10097,1
10098,1
10099,1
10100,2
10101,1
10102,1
10103,1
10104,2
10105,1
10106,1
10107,0
10108,0
10109,1
10110,2
10111,1
10112,1
10113,0
10114,0
10115,0
10116,0
10117,1
10118,1
10119,1
10120,0
10121,0
10122,1
10123,1
10124,0
10125,1
10126,0
10127,0
10128,1
10129,1
10130,0
10131,1
10132,0
10133,1
10134,1
10135,1
10136,1
10137,0
10138,0
10139,1
10140,1
10141,1
10142,2
10143,1
10144,0
10145,0
10146,1
10147,0
10148,1
10149,2
10150,0
10151,0
10152,1
10153,1
10154,1
10155,0
10156,1
10157,1
10158,0
10159,0
10160,2
10161,2
10162,1
10163,1
10164,0
10165,0
10166,1
10167,1
10168,0
10169,0
10170,0
10171,0
10172,1
10173,0
10174,0
10175,0
10176,0
10177,0
10178,1
10179,0
10180,1
10181,0
10182,0
10183,0
10184,1
10185,1
10186,1
10187,0
10188,1
10189,1
10190,1
10191,0
10192,1
10193,1
10194,2
10195,2
10196,1
10197,1
10198,1
10199,0
10200,0
10201,1
10202,0
10203,1
10204,1
10205,1
10206,1
10207,0
10208,0
10209,1
10210,1
10211,1
10212,0
10213,0
10214,1
10215,0
10216,1
10217,0
10218,0
10219,1
10220,0
10221,1
10222,1
10223,1
10224,1
10225,0
10226,1
10227,2
10228,0
10229,1
10230,1
10231,0
10232,2
10233,0
10234,0
10235,1
10236,0
10237,0
10238,0
10239,0
10240,1
10241,1
10242,0
10243,0
10244,0
10245,1
10246,1
10247,1
10248,0
10249,1
10250,1
10251,1
10252,0
10253,0
10254,1
10255,1
10256,0
10257,0
10258,0
10259,1
10260,2
10261,1
10262,0
10263,1
10264,1
10265,0
10266,0
10267,1
10268,1
10269,1
10270,0
10271,1
10272,0
10273,0
10274,1
10275,1
10276,1
10277,1
10278,1
10279,2
10280,0
10281,1
10282,1
10283,0
10284,0
10285,2
10286,1
10287,0
10288,0
10289,1
10290,0
10291,2
10292,0
10293,1
10294,0
10295,1
10296,1
10297,1
10298,1
10299,1
10300,0
10301,1
10302,1
10303,1
10304,0
10305,0
10306,0
10307,1
10308,0
10309,1
10310,0
10311,1
10312,0
10313,1
10314,1
10315,0
10316,0
10317,1
10318,1
10319,0
10320,1
10321,2
10322,1
10323,1
10324,0
10325,1
10326,1
10327,0
10328,0
10329,0
10330,2
10331,0
10332,0
10333,1
10334,1
10335,1
10336,0
10337,0
10338,0
10339,0
10340,1
10341,1
10342,0
10343,1
10344,1
10345,1
10346,0
10347,1
10348,2
10349,0
10350,0
10351,0
10352,2
10353,2
10354,1
10355,0
10356,1
10357,1
10358,1
10359,1
10360,1
10361,0
10362,0
10363,0
10364,0
10365,0
10366,0
10367,1
10368,0
10369,2
10370,0
10371,0
10372,1
10373,0
10374,1
10375,2
10376,0
10377,0
10378,0
10379,0
10380,1
10381,0
10382,1
10383,1
10384,2
10385,1
10386,1
10387,0
10388,1
10389,0
10390,0
10391,1
10392,0
10393,0
10394,2
10395,0
10396,1
10397,1
10398,1
10399,1
10400,0
10401,1
10402,2
10403,2
10404,1
10405,2
10406,1
10407,0
10408,0
10409,0
10410,0
10411,0
10412,1
10413,1
10414,2
10415,2
10416,0
10417,0
10418,2
10419,2
10420,1
10421,2
10422,0
10423,1
10424,1
10425,0
10426,2
10427,0
10428,1
10429,1
10430,0
10431,1
10432,1
10433,1
10434,0
10435,0
10436,1
10437,0
10438,0
10439,1
10440,1
10441,0
10442,1
10443,1
10444,0
10445,1
10446,1
10447,0
10448,1
10449,1
10450,1
10451,0
10452,0
10453,0
10454,0
10455,0
10456,0
10457,1
10458,1
10459,1
10460,0
10461,1
10462,1
10463,0
10464,1
10465,1
10466,1
10467,1
10468,0
10469,0
10470,1
10471,1
10472,2
10473,1
10474,0
10475,0
10476,0
10477,0
10478,1
10479,1
10480,1
10481,1
10482,0
10483,0
10484,0
10485,1
10486,2
10487,0
10488,0
10489,0
10490,2
10491,0
10492,0
10493,1
10494,1
10495,0
10496,1
10497,1
10498,0
10499,0
10500,2
10501,0
10502,1
10503,2
10504,2
10505,1
10506,0
10507,1
10508,0
10509,2
10510,0
10511,1
10512,1
10513,1
10514,0
10515,1
10516,0
10517,0
10518,0
10519,1
10520,1
10521,0
10522,0
10523,1
10524,1
10525,1
10526,0
10527,2
10528,0
10529,1
10530,0
10531,1
10532,0
10533,0
10534,0
10535,1
10536,0
10537,0
10538,0
10539,1
10540,0
10541,1
10542,1
10543,0
10544,1
10545,0
10546,0
10547,0
10548,0
10549,1
10550,1
10551,0
10552,0
10553,0
10554,1
10555,1
10556,1
10557,0
10558,0
10559,0
10560,0
10561,1
10562,2
10563,1
10564,1
10565,0
10566,0
10567,0
10568,0
10569,0
10570,1
10571,0
10572,0
10573,1
10574,2
10575,0
10576,0
10577,0
10578,0
10579,0
10580,2
10581,1
10582,0
10583,0
10584,1
10585,2
10586,2
10587,1
10588,1
10589,0
10590,0
10591,1
10592,1
10593,0
10594,1
10595,1
10596,0
10597,0
10598,0
10599,0
10600,0
10601,0
10602,0
10603,2
10604,1
10605,1
10606,0
10607,1
10608,2
10609,0
10610,0
10611,1
10612,0
10613,0
10614,1
10615,0
10616,1
10617,1
10618,1
10619,0
10620,1
10621,1
10622,1
10623,1
10624,0
10625,1
10626,1
10627,0
10628,0
10629,2
10630,1
10631,0
10632,1
10633,1
10634,0
10635,0
10636,1
10637,1
10638,0
10639,1
10640,0
10641,0
10642,1
10643,1
10644,0
10645,1
10646,0
10647,0
10648,0
10649,1
10650,0
10651,0
10652,1
10653,0
10654,0
10655,2
10656,0
10657,1
10658,1
10659,0
10660,1
10661,0
10662,0
10663,0
10664,0
10665,2
10666,0
10667,0
10668,2
10669,0
10670,1
10671,1
10672,1
10673,0
10674,0
10675,0
10676,1
10677,0
10678,2
10679,1
10680,0
10681,0
10682,0
10683,0
10684,1
10685,1
10686,1
10687,1
10688,1
10689,0
10690,0
10691,1
10692,2
10693,0
10694,0
10695,0
10696,1
10697,1
10698,1
10699,1
10700,1
10701,1
10702,1
10703,1
10704,1
10705,1
10706,0
10707,1
10708,0
10709,1
10710,2
10711,1
10712,1
10713,0
10714,0
10715,1
10716,1
10717,1
10718,1
10719,1
10720,1
10721,1
10722,1
10723,1
10724,0
10725,1
10726,0
10727,0
10728,0
10729,1
10730,1
10731,0
10732,0
10733,0
10734,0
10735,1
10736,1
10737,0
10738,1
10739,0
10740,0
10741,0
10742,0
10743,0
10744,1
10745,1
10746,1
10747,1
10748,0
10749,1
10750,0
10751,1
10752,1
10753,0
10754,0
10755,1
10756,1
10757,0
10758,1
10759,1
10760,0
10761,1
10762,1
10763,0
10764,1
10765,0
10766,1
10767,1
10768,1
10769,0
10770,0
10771,0
10772,0
10773,0
10774,1
10775,1
10776,1
10777,0
10778,0
10779,1
10780,1
10781,1
10782,0
10783,1
10784,1
10785,1
10786,1
10787,1
10788,0
10789,1
10790,2
10791,1
10792,0
10793,0
10794,0
10795,1
10796,1
10797,1
10798,0
10799,1
10800,0
10801,2
10802,0
10803,0
10804,0
10805,0
10806,0
10807,1
10808,0
10809,0
10810,0
10811,0
10812,0
10813,0
10814,1
10815,1
10816,0
10817,0
10818,0
10819,0
10820,0
10821,1
10822,1
10823,1
10824,1
10825,1
10826,1
10827,1
10828,1
10829,0
10830,1
10831,0
10832,1
10833,1
10834,1
10835,1
10836,1
10837,0
10838,0
10839,1
10840,0
10841,1
10842,0
10843,0
10844,1
10845,2
10846,0
10847,1
10848,0
10849,1
10850,0
10851,1
10852,1
10853,2
10854,1
10855,1
10856,2
10857,0
10858,1
10859,0
10860,2
10861,0
10862,1
10863,0
10864,1
10865,1
10866,0
10867,0
10868,0
10869,1
10870,0
10871,1
10872,1
10873,0
10874,0
10875,2
10876,0
10877,1
10878,0
10879,1
10880,1
10881,1
10882,0
10883,0
10884,1
10885,1
10886,1
10887,2
10888,1
10889,1
10890,0
10891,1
10892,0
10893,1
10894,0
10895,0
10896,0
10897,1
10898,0
10899,0
10900,1
10901,0
10902,0
10903,0
10904,1
10905,0
10906,1
10907,1
10908,1
10909,0
10910,1
10911,0
10912,0
10913,1
10914,1
10915,1
10916,1
10917,0
10918,0
10919,2
10920,0
10921,0
10922,1
10923,0
10924,0
10925,0
10926,1
10927,1
10928,2
10929,1
10930,1
10931,1
10932,1
10933,1
10934,0
10935,1
10936,1
10937,0
10938,0
10939,0
10940,1
10941,0
10942,0
10943,1
10944,0
10945,1
10946,0
10947,1
10948,2
10949,1
10950,0
10951,0
10952,1
10953,1
10954,0
10955,1
10956,0
10957,1
10958,0
10959,1
10960,0
10961,0
10962,0
10963,0
10964,1
10965,1
10966,1
10967,1
10968,1
10969,1
10970,0
10971,0
10972,1
10973,0
10974,1
10975,1
10976,1
10977,1
10978,0
10979,0
10980,0
10981,1
10982,2
10983,0
10984,1
10985,1
10986,1
10987,2
10988,1
10989,1
10990,0
10991,1
10992,0
10993,1
10994,1
10995,1
10996,0
10997,0
10998,0
10999,0
11000,0
11001,1
11002,0
11003,1
11004,1
11005,1
11006,0
11007,1
11008,1
11009,1
11010,1
11011,1
11012,0
11013,1
11014,0
11015,1
11016,0
11017,0
11018,2
11019,0
11020,1
11021,1
11022,0
11023,2
11024,1
11025,0
11026,0
11027,1
11028,0
11029,1
11030,0
11031,0
11032,1
11033,1
11034,0
11035,1
11036,0
11037,0
11038,2
11039,1
11040,1
11041,1
11042,1
11043,2
11044,1
11045,0
11046,1
11047,1
11048,1
11049,0
11050,0
11051,0
11052,1
11053,0
11054,2
11055,1
11056,1
11057,1
11058,0
11059,1
11060,1
11061,0
11062,0
11063,1
11064,1
11065,1
11066,2
11067,1
11068,0
11069,1
11070,1
11071,0
11072,0
11073,0
11074,0
11075,0
11076,0
11077,1
11078,1
11079,2
11080,1
11081,1
11082,1
11083,0
11084,0
11085,0
11086,1
11087,1
11088,1
11089,1
11090,0
11091,1
11092,1
11093,1
11094,1
11095,1
11096,1
11097,0
11098,2
11099,0
11100,0
11101,0
11102,0
11103,1
11104,1
11105,1
11106,0
11107,0
11108,1
11109,1
11110,1
11111,1
11112,0
11113,1
11114,1
11115,0
11116,1
11117,1
11118,1
11119,1
11120,0
11121,0
11122,1
11123,2
11124,0
11125,2
11126,1
11127,1
11128,0
11129,2
11130,1
11131,2
11132,2
11133,1
11134,0
11135,1
11136,0
11137,1
11138,2
11139,1
11140,0
11141,1
11142,1
11143,1
11144,0
11145,2
11146,1
11147,2
11148,0
11149,0
11150,0
11151,0
11152,1
11153,1
11154,0
11155,1
11156,0
11157,0
11158,2
11159,0
11160,0
11161,2
11162,1
11163,0
11164,1
11165,1
11166,1
11167,1
11168,2
11169,1
11170,0
11171,1
11172,1
11173,1
11174,1
11175,1
11176,1
11177,1
11178,0
11179,0
11180,0
11181,1
11182,1
11183,1
11184,2
11185,0
11186,1
11187,0
11188,0
11189,0
11190,0
11191,0
11192,0
11193,0
11194,0
11195,0
11196,1
11197,0
11198,1
11199,1
11200,0
11201,1
11202,0
11203,0
11204,0
11205,0
11206,1
11207,1
11208,1
11209,1
11210,1
11211,1
11212,1
11213,1
11214,1
11215,1
11216,0
11217,1
11218,1
11219,0
11220,1
11221,0
11222,1
11223,1
11224,0
11225,2
11226,0
11227,2
11228,1
11229,1
11230,1
11231,1
11232,2
11233,0
11234,0
11235,0
11236,1
11237,0
11238,1
11239,0
11240,0
11241,0
11242,1
11243,0
11244,0
11245,2
11246,2
11247,1
11248,1
11249,1
11250,0
11251,1
11252,0
11253,1
11254,1
11255,1
11256,0
11257,1
11258,0
11259,0
11260,2
11261,1
11262,0
11263,0
11264,2
11265,0
11266,1
11267,1
11268,2
11269,0
11270,0
11271,0
11272,1
11273,1
11274,0
11275,1
11276,1
11277,0
11278,1
11279,2
11280,1
11281,0
11282,1
11283,0
11284,0
11285,0
11286,1
11287,1
11288,1
11289,1
11290,0
11291,0
11292,1
11293,0
11294,0
11295,0
11296,1
11297,1
11298,1
11299,1
11300,1
11301,1
11302,0
11303,0
11304,1
11305,0
11306,0
11307,1
11308,1
11309,0
11310,0
11311,0
11312,0
11313,0
11314,2
11315,0
11316,1
11317,0
11318,1
11319,2
11320,0
11321,0
11322,0
11323,0
11324,0
11325,1
11326,0
11327,1
11328,1
11329,0
11330,1
11331,1
11332,0
11333,2
11334,0
11335,2
11336,0
11337,1
11338,1
11339,1
11340,1
11341,2
11342,1
11343,0
11344,0
11345,1
11346,1
11347,1
11348,1
11349,1
11350,2
11351,1
11352,1
11353,2
11354,0
11355,0
11356,1
11357,1
11358,0
11359,0
11360,1
11361,1
11362,1
11363,1
11364,1
11365,1
11366,1
11367,1
11368,1
11369,1
11370,1
11371,0
11372,0
11373,1
11374,1
11375,0
11376,0
11377,0
11378,0
11379,0
11380,0
11381,2
11382,1
11383,2
11384,1
11385,0
11386,1
11387,1
11388,0
11389,1
11390,1
11391,0
11392,0
11393,1
11394,0
11395,1
11396,1
11397,1
11398,1
11399,1
11400,0
11401,1
11402,2
11403,0
11404,2
11405,2
11406,1
11407,1
11408,1
11409,0
11410,1
11411,1
11412,2
11413,0
11414,0
11415,1
11416,1
11417,0
11418,1
11419,1
11420,1
11421,0
11422,0
11423,1
11424,1
11425,0
11426,0
11427,1
11428,1
11429,1
11430,1
11431,0
11432,1
11433,1
11434,1
11435,1
11436,0
11437,1
11438,0
11439,0
11440,1
11441,0
11442,0
11443,0
11444,1
11445,0
11446,1
11447,0
11448,2
11449,1
11450,0
11451,2
11452,0
11453,1
11454,0
11455,1
11456,0
11457,0
11458,1
11459,0
11460,0
11461,1
11462,0
11463,1
11464,2
11465,1
11466,0
11467,1
11468,0
11469,0
11470,1
11471,0
11472,1
11473,1
11474,1
11475,0
11476,1
11477,1
11478,1
11479,1
11480,0
11481,1
11482,0
11483,1
11484,0
11485,0
11486,0
11487,0
11488,1
11489,1
11490,1
11491,0
11492,1
11493,1
11494,1
11495,0
11496,0
11497,1
11498,1
11499,1
11500,0
11501,0
11502,1
11503,2
11504,0
11505,2
11506,0
11507,0
11508,0
11509,1
11510,1
11511,1
11512,0
11513,1
11514,1
11515,1
11516,1
11517,1
11518,0
11519,0
11520,0
11521,0
11522,1
11523,0
11524,1
11525,0
11526,1
11527,0
11528,0
11529,0
11530,1
11531,1
11532,1
11533,2
11534,0
11535,1
11536,0
11537,1
11538,0
11539,0
11540,0
11541,2
11542,2
11543,0
11544,0
11545,1
11546,1
11547,1
11548,1
11549,2
11550,0
11551,0
11552,1
11553,0
11554,0
11555,1
11556,0
11557,0
11558,1
11559,0
11560,0
11561,2
11562,1
11563,0
11564,1
11565,1
11566,0
11567,0
11568,1
11569,1
11570,1
11571,1
11572,1
11573,1
11574,1
11575,1
11576,1
11577,1
11578,1
11579,1
11580,1
11581,0
11582,2
11583,1
11584,1
11585,1
11586,2
11587,0
11588,1
11589,0
11590,0
11591,0
11592,1
11593,1
11594,0
11595,2
11596,0
11597,1
11598,1
11599,1
11600,1
11601,0
11602,1
11603,1
11604,2
11605,2
11606,1
11607,0
11608,0
11609,0
11610,0
11611,1
11612,1
11613,1
11614,0
11615,0
11616,0
11617,0
11618,1
11619,1
11620,1
11621,1
11622,0
11623,0
11624,1
11625,1
11626,1
11627,0
11628,1
11629,1
11630,1
11631,1
11632,1
11633,1
11634,0
11635,0
11636,1
11637,0
11638,0
11639,0
11640,1
11641,1
11642,1
11643,1
11644,0
11645,0
11646,1
11647,1
11648,1
11649,0
11650,0
11651,0
11652,2
11653,0
11654,0
11655,1
11656,1
11657,0
11658,1
11659,0
11660,1
11661,1
11662,1
11663,1
11664,1
11665,0
11666,1
11667,0
11668,1
11669,0
11670,1
11671,1
11672,1
11673,0
11674,2
11675,0
11676,2
11677,1
11678,0
11679,1
11680,1
11681,1
11682,1
11683,1
11684,0
11685,1
11686,1
11687,1
11688,1
11689,2
11690,1
11691,1
11692,0
11693,1
11694,0
11695,0
11696,1
11697,0
11698,1
11699,1
11700,1
11701,1
11702,0
11703,0
11704,1
11705,1
11706,0
11707,1
11708,1
11709,0
11710,0
11711,0
11712,0
11713,0
11714,1
11715,0
11716,1
11717,0
11718,1
11719,0
11720,0
11721,0
11722,1
11723,0
11724,1
11725,0
11726,1
11727,0
11728,1
11729,1
11730,0
11731,0
11732,1
11733,1
11734,1
11735,1
11736,1
11737,0
11738,0
11739,0
11740,0
11741,1
11742,0
11743,0
11744,1
11745,1
11746,0
11747,1
11748,1
11749,1
11750,0
11751,1
11752,1
11753,2
11754,0
11755,1
11756,1
11757,0
11758,0
11759,2
11760,0
11761,1
11762,0
11763,0
11764,0
11765,1
11766,1
11767,0
11768,1
11769,1
11770,2
11771,1
11772,0
11773,1
11774,0
11775,0
11776,1
11777,2
11778,0
11779,0
11780,0
11781,1
11782,1
11783,2
11784,0
11785,0
11786,1
11787,1
11788,1
11789,0
11790,1
11791,1
11792,1
11793,0
11794,1
11795,0
11796,1
11797,0
11798,0
11799,1
11800,0
11801,0
11802,1
11803,1
11804,0
11805,1
11806,1
11807,0
11808,1
11809,0
11810,1
11811,1
11812,1
11813,2
11814,0
11815,1
11816,1
11817,1
11818,0
11819,1
11820,1
11821,1
11822,1
11823,1
11824,1
11825,1
11826,1
11827,0
11828,1
11829,1
11830,0
11831,1
11832,2
11833,1
11834,2
11835,1
11836,0
11837,0
11838,2
11839,0
11840,1
11841,1
11842,0
11843,0
11844,1
11845,0
11846,0
11847,0
11848,0
11849,0
11850,1
11851,1
11852,0
11853,0
11854,1
11855,2
11856,2
11857,1
11858,0
11859,1
11860,0
11861,0
11862,1
11863,1
11864,1
11865,2
11866,2
11867,0
11868,0
11869,1
11870,1
11871,0
11872,1
11873,1
11874,1
11875,0
11876,1
11877,1
11878,0
11879,2
11880,0
11881,1
11882,0
11883,0
11884,0
11885,1
11886,1
11887,1
11888,1
11889,0
11890,1
11891,1
11892,0
11893,0
11894,1
11895,2
11896,1
11897,1
11898,0
11899,0
11900,1
11901,0
11902,1
11903,2
11904,1
11905,2
11906,0
11907,1
11908,2
11909,0
11910,1
11911,1
11912,1
11913,0
11914,1
11915,2
11916,0
11917,0
11918,0
11919,1
11920,1
11921,1
11922,0
11923,0
11924,1
11925,0
11926,0
11927,0
11928,0
11929,0
11930,0
11931,1
11932,2
11933,1
11934,2
11935,1
11936,1
11937,1
11938,1
11939,2
11940,0
11941,2
11942,0
11943,1
11944,0
11945,1
11946,0
11947,1
11948,1
11949,0
11950,0
11951,0
11952,0
11953,2
11954,2
11955,0
11956,2
11957,0
11958,1
11959,1
11960,1
11961,2
11962,1
11963,1
11964,1
11965,2
11966,0
11967,0
11968,1
11969,1
11970,0
11971,1
11972,0
11973,2
11974,1
11975,1
11976,0
11977,1
11978,0
11979,0
11980,1
11981,1
11982,1
11983,1
11984,0
11985,1
11986,0
11987,0
11988,0
11989,0
11990,1
11991,1
11992,1
11993,1
11994,1
11995,1
11996,0
11997,1
11998,1
11999,2
12000,0
12001,2
12002,1
12003,1
12004,0
12005,0
12006,1
12007,2
12008,0
12009,0
12010,0
12011,0
12012,1
12013,1
12014,0
12015,1
12016,1
12017,1
12018,2
12019,1
12020,1
12021,0
12022,1
12023,0
12024,1
12025,1
12026,1
12027,2
12028,0
12029,1
12030,1
12031,1
12032,1
12033,1
12034,0
12035,1
12036,1
12037,0
12038,2
12039,1
12040,1
12041,0
12042,1
12043,1
12044,0
12045,0
12046,1
12047,0
12048,1
12049,1
12050,1
12051,1
12052,0
12053,1
12054,1
12055,0
12056,2
12057,1
12058,1
12059,0
12060,1
12061,1
12062,1
12063,1
12064,0
12065,0
12066,0
12067,0
12068,1
12069,1
12070,1
12071,0
12072,0
12073,1
12074,1
12075,1
12076,1
12077,1
12078,1
12079,2
12080,0
12081,1
12082,1
12083,0
12084,2
12085,0
12086,0
12087,1
12088,0
12089,0
12090,0
12091,2
12092,2
12093,0
12094,0
12095,1
12096,1
12097,2
12098,0
12099,1
12100,0
12101,1
12102,0
12103,1
12104,1
12105,0
12106,1
12107,0
12108,0
12109,1
12110,2
12111,1
12112,1
12113,1
12114,0
12115,2
12116,0
12117,1
12118,1
12119,1
12120,1
12121,1
12122,1
12123,1
12124,0
12125,1
12126,2
12127,1
12128,1
12129,0
12130,2
12131,1
12132,0
12133,1
12134,0
12135,0
12136,0
12137,2
12138,1
12139,1
12140,1
12141,1
12142,1
12143,1
12144,1
12145,0
12146,1
12147,1
12148,1
12149,1
12150,1
12151,0
12152,0
12153,0
12154,1
12155,0
12156,1
12157,0
12158,1
12159,0
12160,1
12161,1
12162,1
12163,1
12164,0
12165,0
12166,0
12167,2
12168,1
12169,0
12170,0
12171,0
12172,0
12173,1
12174,0
12175,1
12176,0
12177,1
12178,1
12179,2
12180,1
12181,0
12182,1
12183,1
12184,2
12185,1
12186,1
12187,1
12188,0
12189,1
12190,1
12191,0
12192,1
12193,1
12194,1
12195,0
12196,0
12197,0
12198,0
12199,0
12200,1
12201,2
12202,1
12203,0
12204,0
12205,1
12206,0
12207,0
12208,0
12209,1
12210,1
12211,1
12212,0
12213,0
12214,0
12215,1
12216,1
12217,0
12218,2
12219,1
12220,1
12221,1
12222,1
12223,1
12224,0
12225,0
12226,1
12227,1
12228,0
12229,2
12230,0
12231,2
12232,0
12233,1
12234,0
12235,2
12236,1
12237,1
12238,0
12239,1
12240,0
12241,0
12242,0
12243,0
12244,1
12245,1
12246,0
12247,2
12248,1
12249,1
12250,1
12251,0
12252,1
12253,1
12254,1
12255,1
12256,0
12257,1
12258,1
12259,0
12260,0
12261,0
12262,1
12263,1
12264,1
12265,1
12266,1
12267,1
12268,1
12269,1
12270,0
12271,2
12272,0
12273,1
12274,0
12275,1
12276,0
12277,1
12278,1
12279,1
12280,0
12281,1
12282,0
12283,1
12284,2
12285,1
12286,0
12287,1
12288,1
12289,0
12290,1
12291,1
12292,1
12293,0
12294,0
12295,1
12296,1
12297,1
12298,1
12299,1
12300,1
12301,0
12302,0
12303,1
12304,1
12305,1
12306,1
12307,0
12308,0
12309,0
12310,1
12311,1
12312,0
12313,0
12314,1
12315,0
12316,0
12317,0
12318,1
12319,1
12320,1
12321,1
12322,0
12323,0
12324,1
12325,1
12326,0
12327,1
12328,1
12329,1
12330,0
12331,2
12332,0
12333,0
12334,0
12335,1
12336,0
12337,1
12338,1
12339,0
12340,1
12341,0
12342,1
12343,0
12344,2
12345,1
12346,0
12347,0
12348,0
12349,1
12350,0
12351,1
12352,1
12353,1
12354,1
12355,1
12356,0
12357,0
12358,1
12359,0
12360,1
12361,0
12362,0
12363,1
12364,0
12365,0
12366,2
12367,0
12368,0
12369,0
12370,1
12371,2
12372,2
12373,0
12374,1
12375,0
12376,0
12377,2
12378,0
12379,0
12380,1
12381,1
12382,1
12383,1
12384,0
12385,0
12386,1
12387,1
12388,0
12389,1
12390,1
12391,1
12392,1
12393,1
12394,0
12395,1
12396,0
12397,0
12398,0
12399,1
12400,1
12401,1
12402,1
12403,0
12404,1
12405,0
12406,0
12407,1
12408,1
12409,1
12410,1
12411,1
12412,0
12413,1
12414,1
12415,0
12416,0
12417,1
12418,0
12419,0
12420,2
12421,0
12422,0
12423,1
12424,1
12425,1
12426,1
12427,1
12428,0
12429,1
12430,0
12431,0
12432,1
12433,0
12434,0
12435,1
12436,1
12437,1
12438,1
12439,1
12440,1
12441,1
12442,2
12443,1
12444,1
12445,0
12446,1
12447,1
12448,1
12449,1
12450,1
12451,1
12452,1
12453,1
12454,1
12455,1
12456,0
12457,1
12458,2
12459,0
12460,0
12461,0
12462,0
12463,0
12464,1
12465,1
12466,1
12467,1
12468,1
12469,0
12470,2
12471,0
12472,0
12473,0
12474,1
12475,1
12476,0
12477,1
12478,0
12479,1
12480,1
12481,1
12482,0
12483,0
12484,0
12485,0
12486,1
12487,2
12488,0
12489,0
12490,0
12491,1
12492,0
12493,0
12494,2
12495,1
12496,0
12497,2
12498,0
12499,0
12500,1
12501,2
12502,0
12503,1
12504,1
12505,1
12506,0
12507,0
12508,0
12509,1
12510,1
12511,1
12512,1
12513,0
12514,1
12515,1
12516,1
12517,1
12518,1
12519,1
12520,1
12521,1
12522,0
12523,1
12524,0
12525,1
12526,0
12527,1
12528,1
12529,1
12530,2
12531,0
12532,1
12533,0
12534,1
12535,1
12536,0
12537,0
12538,1
12539,0
12540,0
12541,0
12542,0
12543,0
12544,0
12545,1
12546,0
12547,1
12548,0
12549,1
12550,0
12551,1
12552,0
12553,0
12554,0
12555,1
12556,1
12557,0
12558,1
12559,1
12560,1
12561,1
12562,0
12563,1
12564,0
12565,0
12566,0
12567,1
12568,1
12569,0
12570,1
12571,0
12572,0
12573,0
12574,1
12575,1
12576,1
12577,1
12578,1
12579,1
12580,1
12581,0
12582,1
12583,1
12584,1
12585,1
12586,1
12587,1
12588,0
12589,2
12590,0
12591,1
12592,1
12593,0
12594,0
12595,0
12596,1
12597,1
12598,1
12599,0
12600,0
12601,2
12602,1
12603,0
12604,0
12605,0
12606,1
12607,1
12608,0
12609,0
12610,0
12611,2
12612,1
12613,1
12614,1
12615,0
12616,0
12617,1
12618,1
12619,1
12620,0
12621,2
12622,1
12623,1
12624,1
12625,1
12626,1
12627,1
12628,1
12629,1
12630,0
12631,1
12632,1
12633,1
12634,1
12635,2
12636,1
12637,0
12638,0
12639,0
12640,1
12641,0
12642,1
12643,1
12644,0
12645,1
12646,1
12647,0
12648,1
12649,1
12650,2
12651,1
12652,1
12653,1
12654,1
12655,1
12656,0
12657,0
12658,0
12659,0
12660,1
12661,1
12662,1
12663,0
12664,1
12665,0
12666,0
12667,0
12668,1
12669,1
12670,1
12671,0
12672,1
12673,1
12674,1
12675,2
12676,1
12677,1
12678,0
12679,0
12680,1
12681,0
12682,0
12683,2
12684,0
12685,1
12686,1
12687,2
12688,0
12689,1
12690,0
12691,1
12692,1
12693,1
12694,0
12695,0
12696,1
12697,2
12698,1
12699,0
12700,0
12701,0
12702,1
12703,1
12704,0
12705,1
12706,1
12707,1
12708,1
12709,1
12710,2
12711,0
12712,0
12713,0
12714,1
12715,2
12716,1
12717,1
12718,1
12719,1
12720,0
12721,1
12722,1
12723,0
12724,0
12725,1
12726,0
12727,1
12728,1
12729,1
12730,0
12731,1
12732,0
12733,1
12734,0
12735,0
12736,0
12737,1
12738,0
12739,1
12740,0
12741,1
12742,1
12743,2
12744,1
12745,0
12746,1
12747,1
12748,1
12749,0
12750,1
12751,0
12752,0
12753,0
12754,1
12755,2
12756,1
12757,0
12758,1
12759,2
12760,1
12761,1
12762,1
12763,1
12764,2
12765,0
12766,2
12767,1
12768,0
12769,1
12770,1
12771,0
12772,0
12773,1
12774,0
12775,0
12776,1
12777,1
12778,0
12779,1
12780,0
12781,1
12782,1
12783,0
12784,1
12785,1
12786,0
12787,1
12788,0
12789,0
12790,0
12791,1
12792,1
12793,1
12794,1
12795,0
12796,1
12797,1
12798,1
12799,0
12800,0
12801,0
12802,1
12803,1
12804,1
12805,0
12806,0
12807,1
12808,0
12809,0
12810,1
12811,1
12812,1
12813,1
12814,0
12815,0
12816,1
12817,0
12818,1
12819,0
12820,1
12821,0
12822,1
12823,0
12824,0
12825,1
12826,0
12827,0
12828,2
12829,1
12830,1
12831,1
12832,0
12833,1
12834,1
12835,1
12836,1
12837,1
12838,1
12839,0
12840,0
12841,0
12842,1
12843,1
12844,1
12845,1
12846,0
12847,0
12848,1
12849,1
12850,0
12851,1
12852,2
12853,0
12854,0
12855,0
12856,0
12857,0
12858,2
12859,0
12860,1
12861,1
12862,1
12863,0
12864,1
12865,1
12866,1
12867,2
12868,0
12869,1
12870,1
12871,0
12872,0
12873,0
12874,1
12875,0
12876,2
12877,0
12878,1
12879,0
12880,0
12881,1
12882,1
12883,1
12884,0
12885,1
12886,0
12887,2
12888,2
12889,2
12890,0
12891,0
12892,1
12893,2
12894,0
12895,0
12896,0
12897,1
12898,0
12899,1
12900,0
12901,1
12902,1
12903,1
12904,1
12905,0
12906,0
12907,0
12908,2
12909,1
12910,0
12911,1
12912,0
12913,0
12914,0
12915,1
12916,1
12917,0
12918,1
12919,0
12920,1
12921,0
12922,0
12923,0
12924,0
12925,0
12926,0
12927,0
12928,1
12929,0
12930,0
12931,0
12932,1
12933,1
12934,1
12935,1
12936,1
12937,0
12938,0
12939,0
12940,0
12941,1
12942,1
12943,1
12944,1
12945,0
12946,0
12947,1
12948,0
12949,1
12950,0
12951,0
12952,0
12953,1
12954,2
12955,1
12956,1
12957,0
12958,0
12959,1
12960,1
12961,1
12962,1
12963,0
12964,1
12965,0
12966,2
12967,0
12968,1
12969,1
12970,0
12971,0
12972,0
12973,0
12974,1
12975,0
12976,1
12977,1
12978,1
12979,0
12980,1
12981,1
12982,1
12983,1
12984,0
12985,1
12986,1
12987,0
12988,0
12989,0
12990,0
12991,2
12992,0
12993,0
12994,0
12995,0
12996,0
12997,0
12998,0
12999,0
13000,0
13001,1
13002,1
13003,0
13004,1
13005,1
13006,0
13007,0
13008,1
13009,1
13010,0
13011,0
13012,1
13013,0
13014,0
13015,1
13016,0
13017,1
13018,0
13019,0
13020,0
13021,0
13022,1
13023,2
13024,0
13025,1
13026,1
13027,1
13028,0
13029,0
13030,0
13031,1
13032,2
13033,0
13034,0
13035,1
13036,2
13037,1
13038,1
13039,1
13040,0
13041,1
13042,2
13043,1
13044,1
13045,2
13046,1
13047,0
13048,1
13049,0
13050,0
13051,1
13052,0
13053,0
13054,1
13055,1
13056,0
13057,1
13058,1
13059,1
13060,1
13061,0
13062,0
13063,0
13064,2
13065,0
13066,1
13067,1
13068,0
13069,0
13070,0
13071,0
13072,1
13073,1
13074,1
13075,2
13076,1
13077,0
13078,1
13079,0
13080,1
13081,0
13082,0
13083,0
13084,1
13085,0
13086,1
13087,1
13088,1
13089,0
13090,1
13091,1
13092,0
13093,2
13094,0
13095,0
13096,1
13097,0
13098,1
13099,1
13100,1
13101,1
13102,0
13103,1
13104,0
13105,0
13106,2
13107,0
13108,0
13109,1
13110,1
13111,1
13112,0
13113,1
13114,0
13115,1
13116,1
13117,1
13118,1
13119,1
13120,1
13121,1
13122,1
13123,1
13124,0
13125,1
13126,1
13127,0
13128,2
13129,1
13130,0
13131,2
13132,2
13133,1
13134,1
13135,1
13136,0
13137,0
13138,0
13139,1
13140,1
13141,1
13142,0
13143,0
13144,1
13145,2
13146,0
13147,2
13148,0
13149,1
13150,1
13151,1
13152,0
13153,0
13154,0
13155,2
13156,1
13157,1
13158,1
13159,1
13160,1
13161,1
13162,0
13163,0
13164,0
13165,1
13166,1
13167,1
13168,1
13169,0
13170,0
13171,1
13172,1
13173,1
13174,1
13175,1
13176,0
13177,1
13178,0
13179,0
13180,0
13181,0
13182,1
13183,0
13184,1
13185,1
13186,1
13187,1
13188,1
13189,1
13190,2
13191,1
13192,0
13193,1
13194,1
13195,0
13196,0
13197,1
13198,0
13199,0
13200,1
13201,1
13202,0
13203,0
13204,1
13205,1
13206,2
13207,0
13208,1
13209,1
13210,0
13211,0
13212,1
13213,1
13214,1
13215,1
13216,1
13217,0
13218,1
13219,0
13220,1
13221,0
13222,1
13223,0
13224,1
13225,1
13226,1
13227,1
13228,1
13229,1
13230,0
13231,1
13232,1
13233,1
13234,1
13235,1
13236,0
13237,0
13238,0
13239,0
13240,0
13241,1
13242,0
13243,0
13244,0
13245,0
13246,0
13247,1
13248,0
13249,2
13250,1
13251,0
13252,1
13253,1
13254,0
13255,2
13256,0
13257,0
13258,0
13259,0
13260,1
13261,0
13262,0
13263,2
13264,1
13265,0
13266,1
13267,1
13268,0
13269,2
13270,1
13271,0
13272,1
13273,0
13274,0
13275,1
13276,0
13277,0
13278,1
13279,1
13280,1
13281,1
13282,0
13283,2
13284,0
13285,1
13286,1
13287,1
13288,0
13289,1
13290,1
13291,1
13292,0
13293,1
13294,0
13295,1
13296,0
13297,0
13298,1
13299,0
13300,0
13301,1
13302,0
13303,1
13304,0
13305,1
13306,1
13307,1
13308,0
13309,0
13310,0
13311,1
13312,0
13313,0
13314,1
13315,0
13316,0
13317,1
13318,1
13319,0
13320,0
13321,0
13322,1
13323,0
13324,0
13325,1
13326,0
13327,1
13328,1
13329,1
13330,1
13331,1
13332,1
13333,1
13334,0
13335,2
13336,1
13337,0
13338,0
13339,1
13340,0
13341,0
13342,1
13343,0
13344,1
13345,1
13346,1
13347,1
13348,1
13349,0
13350,1
13351,1
13352,0
13353,0
13354,1
13355,2
13356,2
13357,1
13358,0
13359,0
13360,0
13361,1
13362,0
13363,0
13364,0
13365,1
13366,1
13367,1
13368,1
13369,1
13370,1
13371,1
13372,1
13373,1
13374,0
13375,0
13376,0
13377,1
13378,0
13379,0
13380,2
13381,1
13382,1
13383,0
13384,2
13385,0
13386,1
13387,0
13388,0
13389,0
13390,1
13391,0
13392,1
13393,1
13394,2
13395,0
13396,1
13397,2
13398,0
13399,1
13400,1
13401,0
13402,1
13403,1
13404,1
13405,0
13406,0
13407,0
13408,0
13409,1
13410,1
13411,1
13412,0
13413,0
13414,1
13415,0
13416,1
13417,2
13418,2
13419,0
13420,0
13421,1
13422,1
13423,0
13424,1
13425,0
13426,0
13427,1
13428,2
13429,0
13430,1
13431,2
13432,1
13433,1
13434,0
13435,1
13436,1
13437,1
13438,0
13439,1
13440,1
13441,0
13442,1
13443,0
13444,1
13445,1
13446,1
13447,1
13448,2
13449,0
13450,2
13451,0
13452,1
13453,0
13454,1
13455,0
13456,1
13457,0
13458,2
13459,1
13460,1
13461,1
13462,1
13463,0
13464,1
13465,1
13466,1
13467,0
13468,1
13469,0
13470,1
13471,0
13472,1
13473,1
13474,1
13475,0
13476,1
13477,0
13478,0
13479,1
13480,2
13481,1
13482,1
13483,1
13484,1
13485,1
13486,1
13487,1
13488,0
13489,1
13490,1
13491,1
13492,1
13493,1
13494,1
13495,1
13496,1
13497,0
13498,0
13499,1
13500,1
13501,0
13502,1
13503,1
13504,0
13505,1
13506,1
13507,1
13508,0
13509,1
13510,1
13511,1
13512,0
13513,1
13514,1
13515,1
13516,0
13517,1
13518,0
13519,1
13520,1
13521,0
13522,1
13523,1
13524,1
13525,1
13526,2
13527,0
13528,1
13529,0
13530,1
13531,1
13532,0
13533,1
13534,1
13535,0
13536,1
13537,2
13538,1
13539,0
13540,2
13541,2
13542,0
13543,1
13544,0
13545,0
13546,2
13547,1
13548,1
13549,1
13550,2
13551,0
13552,0
13553,0
13554,1
13555,1
13556,0
13557,1
13558,1
13559,0
13560,0
13561,0
13562,1
13563,1
13564,0
13565,1
13566,0
13567,2
13568,0
13569,2
13570,1
13571,1
13572,2
13573,0
13574,1
13575,1
13576,1
13577,1
13578,1
13579,1
13580,1
13581,1
13582,1
13583,0
13584,1
13585,1
13586,1
13587,0
13588,1
13589,1
13590,0
13591,1
13592,0
13593,0
13594,0
13595,1
13596,0
13597,2
13598,1
13599,0
13600,0
13601,1
13602,0
13603,0
13604,0
13605,1
13606,0
13607,0
13608,1
13609,0
13610,0
13611,1
13612,0
13613,1
13614,0
13615,0
13616,0
13617,1
13618,1
13619,0
13620,1
13621,0
13622,0
13623,1
13624,1
13625,1
13626,1
13627,0
13628,1
13629,1
13630,1
13631,2
13632,0
13633,1
13634,0
13635,0
13636,1
13637,0
13638,1
13639,1
13640,0
13641,0
13642,0
13643,1
13644,1
13645,1
13646,1
13647,1
13648,0
13649,0
13650,1
13651,0
13652,0
13653,1
13654,0
13655,1
13656,0
13657,0
13658,1
13659,1
13660,1
13661,0
13662,1
13663,0
13664,2
13665,1
13666,1
13667,1
13668,1
13669,1
13670,1
13671,0
13672,1
13673,0
13674,0
13675,1
13676,1
13677,1
13678,0
13679,1
13680,0
13681,1
13682,1
13683,1
13684,0
13685,0
13686,1
13687,1
13688,0
13689,0
13690,0
13691,0
13692,1
13693,0
13694,0
13695,0
13696,1
13697,0
13698,0
13699,0
13700,0
13701,0
13702,0
13703,1
13704,0
13705,0
13706,0
13707,0
13708,1
13709,1
13710,0
13711,0
13712,0
13713,0
13714,1
13715,1
13716,2
13717,1
13718,0
13719,1
13720,1
13721,1
13722,1
13723,1
13724,1
13725,0
13726,0
13727,0
13728,1
13729,1
13730,0
13731,0
13732,1
13733,1
13734,1
13735,0
13736,1
13737,1
13738,0
13739,0
13740,1
13741,2
13742,0
13743,1
13744,0
13745,0
13746,0
13747,1
13748,1
13749,0
13750,0
13751,0
13752,1
13753,1
13754,1
13755,0
13756,0
13757,0
13758,1
13759,2
13760,1
13761,1
13762,1
13763,0
13764,0
13765,1
13766,0
13767,0
13768,1
13769,0
13770,2
13771,1
13772,0
13773,0
13774,1
13775,2
13776,0
13777,2
13778,0
13779,0
13780,1
13781,0
13782,2
13783,0
13784,1
13785,1
13786,0
13787,1
13788,0
13789,0
13790,1
13791,1
13792,0
13793,0
13794,0
13795,0
13796,0
13797,0
13798,1
13799,0
13800,1
13801,1
13802,1
13803,0
13804,1
13805,0
13806,1
13807,0
13808,0
13809,0
13810,0
13811,0
13812,1
13813,1
13814,1
13815,1
13816,1
13817,1
13818,0
13819,0
13820,0
13821,1
13822,1
13823,2
13824,1
13825,1
13826,1
13827,0
13828,1
13829,1
13830,1
13831,0
13832,0
13833,1
13834,1
13835,1
13836,1
13837,1
13838,0
13839,0
13840,0
13841,0
13842,1
13843,1
13844,0
13845,1
13846,1
13847,0
13848,0
13849,1
13850,2
13851,2
13852,1
13853,1
13854,1
13855,0
13856,0
13857,0
13858,1
13859,2
13860,1
13861,0
13862,1
13863,0
13864,1
13865,0
13866,1
13867,0
13868,2
13869,0
13870,0
13871,1
13872,1
13873,0
13874,1
13875,1
13876,1
13877,0
13878,2
13879,2
13880,1
13881,1
13882,0
13883,1
13884,1
13885,0
13886,1
13887,0
13888,0
13889,0
13890,1
13891,0
13892,1
13893,2
13894,1
13895,0
13896,1
13897,0
13898,2
13899,0
13900,1
13901,1
13902,1
13903,1
13904,1
13905,1
13906,0
13907,0
13908,1
13909,1
13910,1
13911,1
13912,1
13913,1
13914,0
13915,1
13916,1
13917,1
13918,0
13919,1
13920,1
13921,1
13922,1
13923,0
13924,1
13925,1
13926,1
13927,0
13928,1
13929,1
13930,1
13931,0
13932,1
13933,1
13934,1
13935,1
13936,0
13937,1
13938,1
13939,0
13940,1
13941,1
13942,1
13943,1
13944,1
13945,1
13946,1
13947,1
13948,1
13949,0
13950,1
13951,0
13952,0
13953,0
13954,1
13955,0
13956,2
13957,1
13958,0
13959,1
13960,1
13961,0
13962,1
13963,0
13964,1
13965,1
13966,0
13967,1
13968,1
13969,0
13970,0
13971,1
13972,1
13973,1
13974,1
13975,0
13976,1
13977,0
13978,0
13979,1
13980,1
13981,1
13982,1
13983,0
13984,1
13985,0
13986,1
13987,1
13988,0
13989,1
13990,1
13991,1
13992,1
13993,1
13994,1
13995,0
13996,1
13997,0
13998,1
13999,0
14000,1
14001,0
14002,0
14003,1
14004,1
14005,0
14006,1
14007,1
14008,0
14009,1
14010,0
14011,0
14012,0
14013,1
14014,0
14015,1
14016,0
14017,1
14018,1
14019,1
14020,1
14021,0
14022,1
14023,1
14024,0
14025,1
14026,0
14027,1
14028,1
14029,0
14030,1
14031,0
14032,1
14033,0
14034,0
14035,1
14036,1
14037,1
14038,1
14039,0
14040,2
14041,1
14042,0
14043,1
14044,0
14045,0
14046,1
14047,0
14048,2
14049,2
14050,0
14051,1
14052,0
14053,0
14054,1
14055,0
14056,0
14057,2
14058,2
14059,0
14060,0
14061,1
14062,0
14063,1
14064,1
14065,0
14066,0
14067,0
14068,1
14069,0
14070,1
14071,0
14072,1
14073,0
14074,2
14075,1
14076,1
14077,1
14078,2
14079,1
14080,1
14081,0
14082,1
14083,1
14084,1
14085,1
14086,1
14087,0
14088,1
14089,0
14090,0
14091,0
14092,1
14093,0
14094,1
14095,1
14096,1
14097,1
14098,0
14099,2
14100,1
14101,0
14102,0
14103,0
14104,1
14105,1
14106,0
14107,1
14108,1
14109,0
14110,0
14111,1
14112,0
14113,1
14114,0
14115,1
14116,1
14117,1
14118,2
14119,1
14120,0
14121,0
14122,1
14123,0
14124,2
14125,0
14126,1
14127,1
14128,1
14129,0
14130,1
14131,1
14132,1
14133,0
14134,1
14135,1
14136,2
14137,0
14138,1
14139,0
14140,0
14141,0
14142,0
14143,0
14144,0
14145,1
14146,1
14147,1
14148,1
14149,0
14150,1
14151,1
14152,1
14153,0
14154,1
14155,1
14156,1
14157,0
14158,1
14159,0
14160,0
14161,2
14162,2
14163,0
14164,0
14165,0
14166,1
14167,0
14168,1
14169,1
14170,0
14171,2
14172,1
14173,1
14174,0
14175,2
14176,2
14177,1
14178,1
14179,0
14180,0
14181,0
14182,1
14183,0
14184,1
14185,1
14186,0
14187,0
14188,2
14189,1
14190,1
14191,1
14192,1
14193,0
14194,0
14195,0
14196,1
14197,1
14198,0
14199,0
14200,1
14201,1
14202,0
14203,1
14204,1
14205,1
14206,1
14207,1
14208,0
14209,1
14210,1
14211,1
14212,1
14213,1
14214,1
14215,1
14216,0
14217,1
14218,1
14219,0
14220,0
14221,1
14222,0
14223,0
14224,1
14225,1
14226,1
14227,0
14228,1
14229,0
14230,1
14231,0
14232,0
14233,1
14234,1
14235,0
14236,1
14237,1
14238,0
14239,0
14240,1
14241,1
14242,0
14243,1
14244,1
14245,0
14246,0
14247,0
14248,1
14249,1
14250,0
14251,0
14252,0
14253,0
14254,0
14255,0
14256,1
14257,0
14258,1
14259,0
14260,1
14261,1
14262,0
14263,0
14264,1
14265,1
14266,0
14267,0
14268,1
14269,1
14270,1
14271,1
14272,1
14273,1
14274,0
14275,1
14276,0
14277,0
14278,0
14279,2
14280,0
14281,0
14282,1
14283,1
14284,0
14285,1
14286,1
14287,0
14288,1
14289,0
14290,1
14291,2
14292,0
14293,1
14294,0
14295,1
14296,0
14297,1
14298,1
14299,1
14300,0
14301,0
14302,0
14303,1
14304,1
14305,0
14306,0
14307,1
14308,0
14309,2
14310,0
14311,2
14312,1
14313,1
14314,1
14315,0
14316,0
14317,2
14318,0
14319,1
14320,1
14321,0
14322,1
14323,0
14324,0
14325,0
14326,1
14327,0
14328,0
14329,0
14330,1
14331,1
14332,0
14333,1
14334,0
14335,1
14336,1
14337,0
14338,1
14339,1
14340,1
14341,0
14342,1
14343,0
14344,1
14345,1
14346,1
14347,0
14348,1
14349,1
14350,0
14351,1
14352,1
14353,1
14354,1
14355,0
14356,0
14357,0
14358,1
14359,0
14360,1
14361,1
14362,1
14363,1
14364,0
14365,1
14366,0
14367,0
14368,1
14369,2
14370,1
14371,2
14372,1
14373,1
14374,1
14375,1
14376,1
14377,0
14378,0
14379,0
14380,1
14381,1
14382,0
14383,1
14384,1
14385,0
14386,1
14387,1
14388,1
14389,1
14390,1
14391,1
14392,1
14393,1
14394,1
14395,1
14396,2
14397,1
14398,2
14399,0
14400,0
14401,1
14402,1
14403,0
14404,0
14405,0
14406,0
14407,1
14408,1
14409,0
14410,0
14411,0
14412,1
14413,0
14414,0
14415,0
14416,0
14417,1
14418,1
14419,0
14420,0
14421,1
14422,1
14423,0
14424,1
14425,0
14426,0
14427,0
14428,2
14429,0
14430,1
14431,0
14432,1
14433,0
14434,1
14435,0
14436,1
14437,1
14438,1
14439,0
14440,0
14441,1
14442,0
14443,0
14444,0
14445,0
14446,0
14447,0
14448,0
14449,1
14450,0
14451,1
14452,0
14453,1
14454,1
14455,0
14456,1
14457,2
14458,1
14459,2
14460,0
14461,2
14462,0
14463,0
14464,0
14465,0
14466,0
14467,0
14468,1
14469,1
14470,0
14471,1
14472,0
14473,1
14474,0
14475,0
14476,1
14477,0
14478,1
14479,1
14480,1
14481,0
14482,1
14483,1
14484,2
14485,1
14486,1
14487,1
14488,1
14489,0
14490,1
14491,0
14492,0
14493,1
14494,2
14495,1
14496,2
14497,1
14498,0
14499,1
14500,0
14501,0
14502,1
14503,0
14504,1
14505,0
14506,0
14507,0
14508,1
14509,1
14510,2
14511,2
14512,1
14513,1
14514,1
14515,1
14516,0
14517,1
14518,0
14519,1
14520,1
14521,0
14522,1
14523,1
14524,1
14525,1
14526,1
14527,1
14528,1
14529,2
14530,0
14531,1
14532,1
14533,1
14534,1
14535,1
14536,0
14537,0
14538,1
14539,0
14540,1
14541,1
14542,1
14543,0
14544,1
14545,0
14546,1
14547,0
14548,0
14549,0
14550,0
14551,1
14552,0
14553,0
14554,1
14555,0
14556,1
14557,1
14558,0
14559,0
14560,1
14561,0
14562,2
14563,0
14564,0
14565,1
14566,2
14567,0
14568,1
14569,0
14570,1
14571,1
14572,0
14573,1
14574,1
14575,1
14576,0
14577,1
14578,0
14579,1
14580,1
14581,0
14582,0
14583,0
14584,0
14585,1
14586,0
14587,1
14588,1
14589,0
14590,0
14591,1
14592,1
14593,1
14594,0
14595,1
14596,0
14597,0
14598,0
14599,0
14600,0
14601,1
14602,0
14603,1
14604,0
14605,1
14606,0
14607,0
14608,0
14609,1
14610,0
14611,1
14612,1
14613,0
14614,1
14615,1
14616,0
14617,0
14618,0
14619,0
14620,1
14621,0
14622,0
14623,1
14624,0
14625,1
14626,1
14627,0
14628,1
14629,1
14630,1
14631,0
14632,1
14633,0
14634,0
14635,0
14636,1
14637,1
14638,1
14639,0
14640,1
14641,2
14642,1
14643,1
14644,0
14645,1
14646,1
14647,0
14648,1
14649,1
14650,0
14651,1
14652,0
14653,0
14654,1
14655,0
14656,0
14657,1
14658,1
14659,2
14660,1
14661,2
14662,0
14663,0
14664,2
14665,1
14666,0
14667,0
14668,1
14669,0
14670,0
14671,1
14672,1
14673,1
14674,1
14675,1
14676,0
14677,1
14678,0
14679,1
14680,1
14681,1
14682,1
14683,1
14684,1
14685,1
14686,0
14687,2
14688,1
14689,0
14690,0
14691,0
14692,2
14693,0
14694,0
14695,1
14696,0
14697,1
14698,0
14699,0
14700,0
14701,1
14702,1
14703,1
14704,0
14705,1
14706,0
14707,0
14708,1
14709,0
14710,1
14711,1
14712,1
14713,0
14714,0
14715,0
14716,1
14717,2
14718,0
14719,0
14720,1
14721,1
14722,1
14723,0
14724,1
14725,1
14726,2
14727,1
14728,1
14729,0
14730,1
14731,0
14732,0
14733,0
14734,0
14735,1
14736,0
14737,0
14738,2
14739,1
14740,1
14741,0
14742,0
14743,0
14744,0
14745,0
14746,1
14747,1
14748,1
14749,1
14750,2
14751,1
14752,1
14753,0
14754,0
14755,0
14756,0
14757,0
14758,0
14759,0
14760,1
14761,1
14762,1
14763,1
14764,2
14765,0
14766,1
14767,0
14768,0
14769,1
14770,1
14771,0
14772,1
14773,0
14774,0
14775,1
14776,1
14777,1
14778,0
14779,0
14780,1
14781,0
14782,1
14783,0
14784,1
14785,1
14786,1
14787,1
14788,0
14789,1
14790,0
14791,1
14792,1
14793,2
14794,0
14795,0
14796,0
14797,0
14798,1
14799,1
14800,1
14801,0
14802,1
14803,0
14804,1
14805,1
14806,1
14807,1
14808,0
14809,1
14810,1
14811,1
14812,1
14813,1
14814,2
14815,1
14816,1
14817,1
14818,0
14819,1
14820,1
14821,0
14822,0
14823,0
14824,1
14825,0
14826,1
14827,1
14828,0
14829,0
14830,1
14831,1
14832,1
14833,1
14834,0
14835,1
14836,0
14837,2
14838,0
14839,2
14840,0
14841,1
14842,1
14843,1
14844,2
14845,0
14846,0
14847,1
14848,0
14849,1
14850,2
14851,1
14852,1
14853,1
14854,1
14855,0
14856,1
14857,1
14858,1
14859,1
14860,2
14861,1
14862,1
14863,0
14864,1
14865,1
14866,0
14867,0
14868,1
14869,0
14870,1
14871,1
14872,1
14873,0
14874,1
14875,1
14876,0
14877,1
14878,0
14879,0
14880,1
14881,0
14882,0
14883,1
14884,0
14885,1
14886,1
14887,0
14888,2
14889,1
14890,1
14891,1
14892,0
14893,1
14894,0
14895,1
14896,1
14897,1
14898,0
14899,0
14900,0
14901,2
14902,1
14903,0
14904,0
14905,0
14906,0
14907,1
14908,1
14909,0
14910,2
14911,2
14912,1
14913,1
14914,1
14915,1
14916,2
14917,1
14918,0
14919,0
14920,1
14921,0
14922,0
14923,0
14924,0
14925,1
14926,1
14927,1
14928,0
14929,0
14930,1
14931,1
14932,0
14933,0
14934,0
14935,0
14936,1
14937,2
14938,1
14939,1
14940,0
14941,0
14942,1
14943,1
14944,1
14945,1
14946,1
14947,1
14948,1
14949,2
14950,0
14951,0
14952,0
14953,1
14954,2
14955,1
14956,0
14957,1
14958,1
14959,1
14960,1
14961,1
14962,1
14963,1
14964,0
14965,0
14966,1
14967,1
14968,1
14969,2
14970,0
14971,1
14972,0
14973,1
14974,0
14975,0
14976,1
14977,1
14978,1
14979,0
14980,2
14981,0
14982,2
14983,1
14984,1
14985,1
14986,1
14987,0
14988,1
14989,1
14990,0
14991,1
14992,1
14993,2
14994,0
14995,1
14996,1
14997,1
14998,1
14999,1
15000,1
15001,1
15002,1
15003,0
15004,0
15005,1
15006,0
15007,0
15008,1
15009,0
15010,1
15011,1
15012,0
15013,0
15014,1
15015,0
15016,0
15017,1
15018,1
15019,1
15020,0
15021,1
15022,0
15023,1
15024,1
15025,1
15026,1
15027,1
15028,1
15029,0
15030,2
15031,0
15032,1
15033,1
15034,1
15035,0
15036,1
15037,2
15038,0
15039,0
15040,0
15041,0
15042,0
15043,1
15044,1
15045,0
15046,0
15047,1
15048,0
15049,1
15050,0
15051,1
15052,0
15053,0
15054,1
15055,0
15056,0
15057,1
15058,0
15059,1
15060,0
15061,1
15062,1
15063,1
15064,0
15065,1
15066,0
15067,1
15068,1
15069,0
15070,0
15071,1
15072,1
15073,1
15074,1
15075,1
15076,0
15077,1
15078,1
15079,1
15080,2
15081,0
15082,1
15083,0
15084,0
15085,0
15086,0
15087,0
15088,0
15089,0
15090,0
15091,0
15092,1
15093,1
15094,2
15095,2
15096,0
15097,1
15098,0
15099,1
15100,1
15101,1
15102,1
15103,1
15104,2
15105,2
15106,0
15107,0
15108,0
15109,1
15110,1
15111,1
15112,1
15113,1
15114,1
15115,0
15116,2
15117,0
15118,1
15119,0
15120,1
15121,0
15122,1
15123,2
15124,1
15125,0
15126,1
15127,0
15128,0
15129,0
15130,0
15131,1
15132,0
15133,0
15134,0
15135,0
15136,1
15137,1
15138,1
15139,1
15140,0
15141,1
15142,1
15143,0
15144,0
15145,1
15146,0
15147,0
15148,1
15149,2
15150,0
15151,0
15152,0
15153,1
15154,1
15155,1
15156,0
15157,0
15158,1
15159,0
15160,1
15161,1
15162,0
15163,1
15164,1
15165,1
15166,0
15167,1
15168,0
15169,0
15170,1
15171,1
15172,1
15173,2
15174,2
15175,1
15176,1
15177,0
15178,1
15179,1
15180,1
15181,1
15182,1
15183,0
15184,0
15185,1
15186,1
15187,2
15188,1
15189,1
15190,1
15191,1
15192,1
15193,1
15194,1
15195,0
15196,0
15197,1
15198,1
15199,0
15200,1
15201,1
15202,0
15203,1
15204,1
15205,0
15206,0
15207,0
15208,1
15209,1
15210,1
15211,0
15212,0
15213,0
15214,0
15215,0
15216,0
15217,0
15218,0
15219,1
15220,0
15221,0
15222,0
15223,0
15224,1
15225,0
15226,0
15227,0
15228,0
15229,0
15230,1
15231,2
15232,0
15233,0
15234,1
15235,1
15236,1
15237,0
15238,1
15239,2
15240,1
15241,0
15242,1
15243,1
15244,0
15245,0
15246,2
15247,0
15248,1
15249,0
15250,1
15251,1
15252,1
15253,1
15254,1
15255,0
15256,1
15257,1
15258,0
15259,0
15260,1
15261,0
15262,1
15263,0
15264,0
15265,0
15266,1
15267,0
15268,0
15269,1
15270,1
15271,2
15272,1
15273,1
15274,1
15275,1
15276,0
15277,1
15278,0
15279,0
15280,0
15281,0
15282,2
15283,1
15284,0
15285,0
15286,0
15287,1
15288,1
15289,0
15290,0
15291,1
15292,1
15293,0
15294,1
15295,0
15296,0
15297,1
15298,0
15299,0
15300,0
15301,0
15302,0
15303,1
15304,1
15305,0
15306,0
15307,0
15308,1
15309,1
15310,0
15311,0
15312,1
15313,0
15314,0
15315,0
15316,1
15317,1
15318,0
15319,1
15320,0
15321,1
15322,1
15323,0
15324,0
15325,1
15326,1
15327,0
15328,1
15329,0
15330,1
15331,1
15332,1
15333,0
15334,0
15335,0
15336,0
15337,2
15338,1
15339,1
15340,2
15341,0
15342,0
15343,1
15344,1
15345,1
15346,1
15347,0
15348,1
15349,1
15350,0
15351,0
15352,0
15353,0
15354,2
15355,1
15356,1
15357,1
15358,1
15359,2
15360,2
15361,1
15362,1
15363,2
15364,1
15365,1
15366,1
15367,1
15368,0
15369,1
15370,1
15371,1
15372,1
15373,1
15374,1
15375,1
15376,2
15377,1
15378,1
15379,1
15380,2
15381,0
15382,0
15383,1
15384,1
15385,1
15386,1
15387,1
15388,1
15389,0
15390,1
15391,1
15392,0
15393,1
15394,0
15395,0
15396,1
15397,1
15398,0
15399,1
15400,1
15401,1
15402,0
15403,1
15404,1
15405,1
15406,1
15407,1
15408,0
15409,1
15410,0
15411,1
15412,0
15413,0
15414,1
15415,0
15416,1
15417,0
15418,2
15419,0
15420,0
15421,1
15422,0
15423,0
15424,0
15425,0
15426,1
15427,1
15428,1
15429,0
15430,0
15431,1
15432,0
15433,0
15434,1
15435,1
15436,1
15437,1
15438,1
15439,1
15440,0
15441,1
15442,1
15443,1
15444,0
15445,1
15446,0
15447,0
15448,1
15449,0
15450,0
15451,1
15452,1
15453,0
15454,0
15455,1
15456,0
15457,0
15458,0
15459,2
15460,2
15461,0
15462,1
15463,1
15464,1
15465,1
15466,0
15467,0
15468,0
15469,1
15470,1
15471,1
15472,1
15473,1
15474,1
15475,1
15476,1
15477,1
15478,1
15479,0
15480,1
15481,1
15482,1
15483,1
15484,1
15485,1
15486,1
15487,0
15488,0
15489,1
15490,0
15491,0
15492,1
15493,1
15494,1
15495,1
15496,0
15497,1
15498,1
15499,1
15500,1
15501,0
15502,0
15503,0
15504,1
15505,1
15506,0
15507,0
15508,0
15509,0
15510,0
15511,1
15512,0
15513,0
15514,0
15515,1
15516,0
15517,0
15518,1
15519,1
15520,1
15521,2
15522,2
15523,1
15524,1
15525,1
15526,1
15527,1
15528,0
15529,1
15530,0
15531,0
15532,1
15533,0
15534,0
15535,1
15536,1
15537,1
15538,1
15539,0
15540,0
15541,0
15542,1
15543,1
15544,1
15545,1
15546,1
15547,0
15548,0
15549,0
15550,1
15551,2
15552,0
15553,1
15554,1
15555,1
15556,0
15557,1
15558,1
15559,0
15560,1
15561,1
15562,0
15563,1
15564,1
15565,1
15566,1
15567,1
15568,1
15569,1
15570,0
15571,1
15572,1
15573,0
15574,1
15575,1
15576,0
15577,0
15578,0
15579,1
15580,0
15581,1
15582,1
15583,0
15584,0
15585,1
15586,1
15587,1
15588,2
15589,1
15590,0
15591,0
15592,1
15593,0
15594,1
15595,0
15596,0
15597,1
15598,2
15599,1
15600,0
15601,0
15602,1
15603,1
15604,0
15605,0
15606,1
15607,1
15608,0
15609,1
15610,0
15611,1
15612,1
15613,0
15614,1
15615,0
15616,1
15617,1
15618,0
15619,0
15620,1
15621,0
15622,1
15623,0
15624,1
15625,1
15626,0
15627,1
15628,1
15629,1
15630,0
15631,1
15632,0
15633,0
15634,1
15635,0
15636,0
15637,0
15638,1
15639,1
15640,0
15641,2
15642,1
15643,0
15644,1
15645,0
15646,1
15647,1
15648,1
15649,1
15650,1
15651,1
15652,1
15653,0
15654,0
15655,0
15656,0
15657,1
15658,1
15659,2
15660,1
15661,0
15662,1
15663,1
15664,0
15665,0
15666,1
15667,1
15668,1
15669,0
15670,1
15671,1
15672,1
15673,0
15674,1
15675,1
15676,0
15677,1
15678,1
15679,1
15680,0
15681,2
15682,0
15683,1
15684,2
15685,1
15686,1
15687,0
15688,0
15689,0
15690,1
15691,1
15692,1
15693,0
15694,1
15695,0
15696,1
15697,0
15698,1
15699,1
15700,0
15701,1
15702,1
15703,1
15704,0
15705,1
15706,1
15707,1
15708,1
15709,1
15710,0
15711,0
15712,0
15713,1
15714,1
15715,1
15716,1
15717,0
15718,0
15719,1
15720,0
15721,2
15722,0
15723,0
15724,1
15725,2
15726,0
15727,1
15728,1
15729,0
15730,1
15731,1
15732,1
15733,1
15734,0
15735,1
15736,1
15737,1
15738,0
15739,0
15740,1
15741,0
15742,0
15743,1
15744,0
15745,0
15746,0
15747,0
15748,0
15749,0
15750,1
15751,1
15752,0
15753,1
15754,1
15755,0
15756,2
15757,0
15758,0
15759,1
15760,0
15761,1
15762,1
15763,1
15764,1
15765,2
15766,1
15767,0
15768,0
15769,1
15770,1
15771,0
15772,0
15773,1
15774,1
15775,1
15776,0
15777,1
15778,1
15779,1
15780,1
15781,0
15782,1
15783,1
15784,0
15785,2
15786,0
15787,1
15788,1
15789,1
15790,1
15791,1
15792,0
15793,0
15794,0
15795,1
15796,1
15797,1
15798,1
15799,1
15800,1
15801,2
15802,1
15803,1
15804,1
15805,0
15806,0
15807,0
15808,1
15809,1
15810,0
15811,0
15812,1
15813,1
15814,1
15815,1
15816,1
15817,1
15818,0
15819,1
15820,0
15821,1
15822,0
15823,2
15824,0
15825,1
15826,1
15827,2
15828,1
15829,2
15830,0
15831,1
15832,1
15833,1
15834,1
15835,1
15836,1
15837,0
15838,1
15839,0
15840,1
15841,1
15842,1
15843,1
15844,1
15845,1
15846,2
15847,1
15848,0
15849,1
15850,1
15851,1
15852,0
15853,1
15854,1
15855,0
15856,1
15857,0
15858,1
15859,0
15860,1
15861,1
15862,1
15863,1
15864,1
15865,2
15866,1
15867,1
15868,1
15869,1
15870,1
15871,0
15872,0
15873,1
15874,1
15875,0
15876,1
15877,1
15878,1
15879,1
15880,1
15881,1
15882,0
15883,0
15884,0
15885,1
15886,1
15887,0
15888,0
15889,0
15890,0
15891,1
15892,0
15893,1
15894,0
15895,0
15896,1
15897,1
15898,1
15899,2
15900,0
15901,0
15902,1
15903,0
15904,1
15905,1
15906,1
15907,1
15908,1
15909,2
15910,1
15911,0
15912,0
15913,0
15914,0
15915,1
15916,0
15917,0
15918,0
15919,1
15920,2
15921,2
15922,0
15923,1
15924,1
15925,1
15926,1
15927,0
15928,1
15929,0
15930,0
15931,2
15932,1
15933,1
15934,1
15935,0
15936,1
15937,1
15938,1
15939,1
15940,1
15941,1
15942,1
15943,0
15944,1
15945,0
15946,0
15947,1
15948,1
15949,0
15950,0
15951,2
15952,0
15953,1
15954,1
15955,1
15956,1
15957,1
15958,1
15959,0
15960,0
15961,1
15962,0
15963,0
15964,0
15965,1
15966,0
15967,0
15968,1
15969,2
15970,1
15971,1
15972,0
15973,1
15974,1
15975,1
15976,1
15977,0
15978,0
15979,1
15980,0
15981,0
15982,0
15983,1
15984,1
15985,1
15986,0
15987,1
15988,1
15989,1
15990,0
15991,1
15992,0
15993,0
15994,0
15995,0
15996,0
15997,0
15998,1
15999,0
16000,2
16001,0
16002,0
16003,0
16004,0
16005,1
16006,1
16007,1
16008,1
16009,1
16010,1
16011,1
16012,1
16013,1
16014,1
16015,0
16016,1
16017,1
16018,2
16019,1
16020,0
16021,1
16022,0
16023,0
16024,0
16025,0
16026,1
16027,1
16028,0
16029,0
16030,1
16031,1
16032,0
16033,1
16034,1
16035,1
16036,1
16037,1
16038,1
16039,0
16040,0
16041,1
16042,1
16043,2
16044,1
16045,0
16046,0
16047,0
16048,1
16049,1
16050,1
16051,1
16052,1
16053,0
16054,1
16055,1
16056,0
16057,0
16058,1
16059,1
16060,0
16061,1
16062,0
16063,1
16064,0
16065,1
16066,0
16067,1
16068,0
16069,1
16070,0
16071,0
16072,1
16073,1
16074,1
16075,1
16076,0
16077,1
16078,2
16079,0
16080,0
16081,1
16082,1
16083,0
16084,0
16085,1
16086,1
16087,1
16088,1
16089,1
16090,1
16091,2
16092,1
16093,1
16094,1
16095,0
16096,1
16097,1
16098,0
16099,0
16100,1
16101,1
16102,0
16103,1
16104,0
16105,1
16106,0
16107,2
16108,0
16109,1
16110,1
16111,1
16112,1
16113,0
16114,1
16115,1
16116,1
16117,1
16118,1
16119,0
16120,1
16121,1
16122,1
16123,0
16124,1
16125,0
16126,1
16127,1
16128,0
16129,0
16130,1
16131,1
16132,2
16133,1
16134,0
16135,0
16136,0
16137,0
16138,1
16139,0
16140,0
16141,0
16142,0
16143,1
16144,0
16145,1
16146,1
16147,0
16148,0
16149,1
16150,1
16151,0
16152,1
16153,2
16154,1
16155,0
16156,1
16157,1
16158,0
16159,1
16160,1
16161,1
16162,0
16163,1
16164,0
16165,0
16166,2
16167,0
16168,1
16169,0
16170,1
16171,1
16172,1
16173,1
16174,1
16175,1
16176,1
16177,1
16178,2
16179,1
16180,1
16181,1
16182,2
16183,0
16184,2
16185,1
16186,0
16187,1
16188,0
16189,1
16190,0
16191,0
16192,1
16193,1
16194,1
16195,0
16196,1
16197,0
16198,1
16199,2
16200,0
16201,0
16202,1
16203,0
16204,1
16205,1
16206,0
16207,1
16208,0
16209,0
16210,0
16211,0
16212,0
16213,1
16214,1
16215,0
16216,2
16217,1
16218,1
16219,1
16220,1
16221,1
16222,1
16223,0
16224,1
16225,0
16226,1
16227,1
16228,1
16229,0
16230,1
16231,1
16232,0
16233,1
16234,0
16235,0
16236,1
16237,0
16238,0
16239,0
16240,1
16241,0
16242,1
16243,0
16244,0
16245,2
16246,0
16247,1
16248,0
16249,0
16250,0
16251,0
16252,2
16253,0
16254,0
16255,0
16256,1
16257,0
16258,0
16259,1
16260,1
16261,1
16262,1
16263,1
16264,0
16265,2
16266,1
16267,1
16268,0
16269,1
16270,1
16271,1
16272,0
16273,1
16274,1
16275,1
16276,1
16277,2
16278,0
16279,1
16280,1
16281,1
16282,0
16283,0
16284,1
16285,1
16286,0
16287,1
16288,1
16289,1
16290,0
16291,0
16292,1
16293,1
16294,2
16295,1
16296,1
16297,1
16298,0
16299,1
16300,1
16301,2
16302,0
16303,1
16304,2
16305,1
16306,0
16307,2
16308,0
16309,0
16310,1
16311,1
16312,0
16313,1
16314,1
16315,1
16316,0
16317,0
16318,1
16319,1
16320,1
16321,1
16322,0
16323,1
16324,1
16325,0
16326,1
16327,0
16328,0
16329,1
16330,0
16331,0
16332,2
16333,0
16334,2
16335,2
16336,1
16337,0
16338,0
16339,1
16340,0
16341,1
16342,1
16343,0
16344,0
16345,0
16346,0
16347,1
16348,0
16349,0
16350,1
16351,0
16352,1
16353,0
16354,1
16355,0
16356,0
16357,1
16358,0
16359,1
16360,1
16361,0
16362,1
16363,1
16364,1
16365,1
16366,1
16367,0
16368,1
16369,0
16370,1
16371,1
16372,1
16373,1
16374,0
16375,2
16376,0
16377,1
16378,1
16379,1
16380,1
16381,1
16382,0
16383,1
16384,0
16385,0
16386,2
16387,0
16388,1
16389,0
16390,0
16391,1
16392,1
16393,0
16394,0
16395,1
16396,1
16397,2
16398,0
16399,1
16400,0
16401,1
16402,1
16403,0
16404,0
16405,0
16406,0
16407,1
16408,0
16409,1
16410,1
16411,1
16412,1
16413,1
16414,2
16415,0
16416,1
16417,0
16418,2
16419,0
16420,1
16421,0
16422,1
16423,1
16424,1
16425,2
16426,1
16427,1
16428,1
16429,0
16430,0
16431,2
16432,0
16433,1
16434,2
16435,0
16436,2
16437,1
16438,0
16439,1
16440,0
16441,1
16442,1
16443,1
16444,0
16445,1
16446,1
16447,1
16448,1
16449,0
16450,1
16451,0
16452,0
16453,1
16454,0
16455,1
16456,0
16457,0
16458,1
16459,0
16460,2
16461,1
16462,1
16463,1
16464,0
16465,1
16466,1
16467,1
16468,0
16469,1
16470,2
16471,1
16472,0
16473,2
16474,0
16475,0
16476,1
16477,1
16478,1
16479,1
16480,2
16481,0
16482,1
16483,1
16484,0
16485,1
16486,1
16487,1
16488,0
16489,1
16490,1
16491,0
16492,0
16493,1
16494,1
16495,0
16496,1
16497,1
16498,0
16499,1
16500,0
16501,0
16502,1
16503,0
16504,1
16505,0
16506,1
16507,0
16508,1
16509,1
16510,1
16511,2
16512,1
16513,1
16514,0
16515,0
16516,1
16517,1
16518,1
16519,0
16520,1
16521,0
16522,0
16523,0
16524,1
16525,0
16526,1
16527,1
16528,0
16529,1
16530,1
16531,1
16532,1
16533,0
16534,1
16535,0
16536,1
16537,0
16538,0
16539,1
16540,1
16541,1
16542,1
16543,0
16544,1
16545,1
16546,1
16547,1
16548,1
16549,2
16550,1
16551,0
16552,1
16553,0
16554,0
16555,0
16556,2
16557,2
16558,1
16559,0
16560,0
16561,0
16562,0
16563,1
16564,0
16565,1
16566,1
16567,1
16568,1
16569,1
16570,1
16571,1
16572,1
16573,0
16574,1
16575,1
16576,1
16577,1
16578,0
16579,0
16580,0
16581,1
16582,1
16583,1
16584,0
16585,0
16586,1
16587,1
16588,1
16589,2
16590,1
16591,1
16592,0
16593,0
16594,0
16595,0
16596,1
16597,1
16598,1
16599,1
16600,0
16601,1
16602,1
16603,1
16604,1
16605,1
16606,1
16607,1
16608,1
16609,1
16610,1
16611,0
16612,1
16613,1
16614,1
16615,0
16616,1
16617,0
16618,0
16619,0
16620,0
16621,0
16622,2
16623,1
16624,1
16625,0
16626,1
16627,1
16628,0
16629,1
16630,1
16631,0
16632,1
16633,1
16634,0
16635,1
16636,0
16637,0
16638,1
16639,0
16640,0
16641,1
16642,1
16643,1
16644,1
16645,1
16646,1
16647,1
16648,2
16649,0
16650,1
16651,1
16652,1
16653,2
16654,0
16655,0
16656,1
16657,1
16658,1
16659,1
16660,0
16661,0
16662,0
16663,0
16664,1
16665,0
16666,1
16667,1
16668,1
16669,0
16670,1
16671,0
16672,1
16673,1
16674,1
16675,1
16676,2
16677,0
16678,0
16679,0
16680,0
16681,0
16682,1
16683,0
16684,0
16685,1
16686,0
16687,1
16688,1
16689,1
16690,0
16691,1
16692,1
16693,0
16694,0
16695,1
16696,0
16697,0
16698,1
16699,0
16700,1
16701,1
16702,0
16703,0
16704,1
16705,0
16706,1
16707,0
16708,1
16709,0
16710,1
16711,1
16712,1
16713,0
16714,1
16715,1
16716,0
16717,0
16718,0
16719,0
16720,1
16721,0
16722,0
16723,1
16724,1
16725,0
16726,1
16727,0
16728,2
16729,1
16730,1
16731,2
16732,2
16733,0
16734,2
16735,1
16736,1
16737,0
16738,1
16739,1
16740,0
16741,0
16742,0
16743,0
16744,1
16745,1
16746,1
16747,0
16748,1
16749,2
16750,1
16751,0
16752,0
16753,1
16754,1
16755,0
16756,1
16757,1
16758,2
16759,0
16760,1
16761,0
16762,0
16763,1
16764,2
16765,2
16766,1
16767,1
16768,0
16769,0
16770,1
16771,0
16772,0
16773,1
16774,0
16775,1
16776,1
16777,1
16778,1
16779,0
16780,0
16781,1
16782,1
16783,2
16784,1
16785,1
16786,0
16787,0
16788,1
16789,1
16790,0
16791,0
16792,0
16793,1
16794,1
16795,0
16796,1
16797,1
16798,0
16799,1
16800,0
16801,0
16802,1
16803,0
16804,1
16805,1
16806,1
16807,2
16808,0
16809,1
16810,0
16811,1
16812,1
16813,1
16814,1
16815,1
16816,0
16817,1
16818,0
16819,0
16820,2
16821,0
16822,0
16823,1
16824,1
16825,2
16826,1
16827,1
16828,1
16829,1
16830,0
16831,1
16832,1
16833,1
16834,1
16835,0
16836,0
16837,1
16838,0
16839,0
16840,1
16841,0
16842,1
16843,0
16844,1
16845,1
16846,0
16847,1
16848,1
16849,2
16850,1
16851,1
16852,1
16853,1
16854,0
16855,1
16856,1
16857,1
16858,0
16859,1
16860,1
16861,0
16862,1
16863,0
16864,0
16865,0
16866,1
16867,2
16868,1
16869,0
16870,1
16871,0
16872,0
16873,2
16874,1
16875,0
16876,1
16877,1
16878,1
16879,1
16880,0
16881,1
16882,1
16883,0
16884,2
16885,0
16886,1
16887,1
16888,2
16889,1
16890,1
16891,0
16892,1
16893,0
16894,1
16895,1
16896,1
16897,0
16898,0
16899,0
16900,1
16901,0
16902,0
16903,1
16904,1
16905,0
16906,2
16907,1
16908,0
16909,1
16910,2
16911,0
16912,1
16913,1
16914,1
16915,0
16916,1
16917,0
16918,1
16919,2
16920,1
16921,0
16922,1
16923,2
16924,0
16925,0
16926,1
16927,0
16928,0
16929,1
16930,1
16931,0
16932,1
16933,1
16934,1
16935,1
16936,1
16937,0
16938,0
16939,1
16940,1
16941,1
16942,0
16943,0
16944,0
16945,1
16946,2
16947,1
16948,1
16949,0
16950,1
16951,1
16952,1
16953,0
16954,1
16955,0
16956,1
16957,1
16958,1
16959,1
16960,0
16961,0
16962,0
16963,0
16964,1
16965,1
16966,1
16967,0
16968,0
16969,0
16970,1
16971,1
16972,1
16973,1
16974,0
16975,0
16976,0
16977,1
16978,0
16979,0
16980,0
16981,0
16982,2
16983,1
16984,0
16985,1
16986,0
16987,1
16988,1
16989,0
16990,1
16991,0
16992,2
16993,0
16994,1
16995,2
16996,0
16997,1
16998,0
16999,2
17000,1
17001,1
17002,0
17003,1
17004,0
17005,0
17006,1
17007,0
17008,1
17009,0
17010,1
17011,0
17012,0
17013,1
17014,0
17015,1
17016,0
17017,1
17018,0
17019,1
17020,1
17021,0
17022,0
17023,0
17024,1
17025,0
17026,1
17027,1
17028,1
17029,0
17030,2
17031,1
17032,0
17033,0
17034,0
17035,0
17036,1
17037,1
17038,0
17039,1
17040,0
17041,0
17042,0
17043,0
17044,0
17045,0
17046,1
17047,1
17048,1
17049,1
17050,1
17051,1
17052,1
17053,0
17054,2
17055,1
17056,0
17057,1
17058,2
17059,0
17060,1
17061,0
17062,1
17063,1
17064,0
17065,1
17066,0
17067,1
17068,1
17069,0
17070,1
17071,1
17072,0
17073,2
17074,1
17075,0
17076,0
17077,0
17078,0
17079,0
17080,0
17081,0
17082,0
17083,0
17084,1
17085,1
17086,1
17087,0
17088,0
17089,0
17090,2
17091,0
17092,1
17093,1
17094,1
17095,2
17096,0
17097,0
17098,1
17099,0
17100,1
17101,0
17102,1
17103,1
17104,1
17105,0
17106,0
17107,2
17108,1
17109,1
17110,0
17111,1
17112,2
17113,1
17114,1
17115,0
17116,0
17117,1
17118,0
17119,1
17120,0
17121,1
17122,1
17123,0
17124,1
17125,1
17126,1
17127,1
17128,1
17129,0
17130,1
17131,1
17132,1
17133,0
17134,1
17135,1
17136,1
17137,1
17138,0
17139,0
17140,0
17141,1
17142,0
17143,1
17144,1
17145,0
17146,1
17147,2
17148,1
17149,1
17150,1
17151,1
17152,0
17153,1
17154,0
17155,1
17156,1
17157,0
17158,1
17159,1
17160,0
17161,0
17162,0
17163,1
17164,1
17165,0
17166,0
17167,1
17168,0
17169,1
17170,1
17171,0
17172,2
17173,1
17174,1
17175,1
17176,0
17177,1
17178,1
17179,0
17180,0
17181,0
17182,1
17183,0
17184,0
17185,1
17186,0
17187,2
17188,1
17189,0
17190,0
17191,0
17192,0
17193,1
17194,0
17195,0
17196,1
17197,2
17198,1
17199,0
17200,0
17201,1
17202,1
17203,1
17204,1
17205,0
17206,1
17207,0
17208,1
17209,0
17210,0
17211,0
17212,1
17213,0
17214,0
17215,0
17216,0
17217,0
17218,1
17219,1
17220,1
17221,1
17222,0
17223,0
17224,1
17225,1
17226,1
17227,2
17228,2
17229,0
17230,1
17231,0
17232,0
17233,2
17234,0
17235,1
17236,1
17237,1
17238,0
17239,0
17240,0
17241,1
17242,1
17243,0
17244,1
17245,1
17246,1
17247,0
17248,1
17249,1
17250,1
17251,0
17252,1
17253,1
17254,1
17255,1
17256,1
17257,0
17258,0
17259,1
17260,1
17261,0
17262,1
17263,0
17264,1
17265,1
17266,0
17267,1
17268,1
17269,1
17270,1
17271,1
17272,0
17273,0
17274,0
17275,0
17276,0
17277,1
17278,0
17279,0
17280,0
17281,1
17282,0
17283,1
17284,0
17285,1
17286,1
17287,1
17288,2
17289,1
17290,0
17291,1
17292,0
17293,1
17294,1
17295,1
17296,0
17297,1
17298,1
17299,0
17300,1
17301,0
17302,1
17303,1
17304,1
17305,0
17306,0
17307,1
17308,1
17309,0
17310,1
17311,1
17312,0
17313,1
17314,1
17315,0
17316,1
17317,0
17318,0
17319,1
17320,0
17321,1
17322,1
17323,0
17324,1
17325,0
17326,1
17327,1
17328,0
17329,0
17330,2
17331,0
17332,0
17333,1
17334,1
17335,1
17336,1
17337,1
17338,2
17339,1
17340,0
17341,0
17342,1
17343,0
17344,1
17345,0
17346,1
17347,1
17348,0
17349,1
17350,1
17351,1
17352,1
17353,1
17354,1
17355,0
17356,1
17357,1
17358,0
17359,0
17360,1
17361,1
17362,1
17363,1
17364,0
17365,0
17366,1
17367,1
17368,1
17369,0
17370,0
17371,1
17372,1
17373,0
17374,1
17375,0
17376,0
17377,1
17378,2
17379,1
17380,2
17381,1
17382,0
17383,2
17384,1
17385,0
17386,1
17387,1
17388,0
17389,0
17390,1
17391,0
17392,1
17393,0
17394,0
17395,0
17396,1
17397,1
17398,1
17399,0
17400,1
17401,1
17402,0
17403,1
17404,0
17405,0
17406,1
17407,0
17408,1
17409,0
17410,1
17411,1
17412,0
17413,1
17414,1
17415,1
17416,0
17417,1
17418,1
17419,0
17420,1
17421,1
17422,0
17423,0
17424,1
17425,0
17426,0
17427,0
17428,1
17429,2
17430,1
17431,1
17432,1
17433,1
17434,1
17435,0
17436,1
17437,1
17438,0
17439,1
17440,1
17441,1
17442,1
17443,1
17444,0
17445,1
17446,2
17447,0
17448,0
17449,1
17450,1
17451,0
17452,1
17453,1
17454,0
17455,0
17456,1
17457,2
17458,1
17459,1
17460,1
17461,1
17462,0
17463,1
17464,1
17465,2
17466,1
17467,1
17468,1
17469,0
17470,1
17471,0
17472,1
17473,0
17474,1
17475,0
17476,0
17477,1
17478,1
17479,0
17480,1
17481,2
17482,1
17483,1
17484,1
17485,0
17486,0
17487,1
17488,1
17489,0
17490,1
17491,0
17492,1
17493,0
17494,1
17495,0
17496,0
17497,0
17498,0
17499,0
17500,0
17501,1
17502,0
17503,1
17504,1
17505,1
17506,1
17507,1
17508,1
17509,1
17510,1
17511,0
17512,2
17513,1
17514,0
17515,1
17516,1
17517,1
17518,1
17519,1
17520,1
17521,0
17522,0
17523,1
17524,0
17525,0
17526,1
17527,0
17528,0
17529,1
17530,1
17531,0
17532,0
17533,1
17534,1
17535,0
17536,0
17537,0
17538,1
17539,0
17540,1
17541,0
17542,2
17543,1
17544,0
17545,0
17546,0
17547,1
17548,1
17549,1
17550,0
17551,0
17552,0
17553,0
17554,0
17555,1
17556,1
17557,0
17558,0
17559,0
17560,1
17561,1
17562,1
17563,0
17564,1
17565,0
17566,0
17567,1
17568,0
17569,1
17570,0
17571,2
17572,1
17573,1
17574,0
17575,0
17576,0
17577,0
17578,1
17579,1
17580,1
17581,0
17582,0
17583,1
17584,0
17585,1
17586,1
17587,1
17588,0
17589,1
17590,1
17591,0
17592,1
17593,0
17594,0
17595,2
17596,2
17597,2
17598,1
17599,1
17600,0
17601,0
17602,1
17603,2
17604,1
17605,1
17606,0
17607,1
17608,1
17609,1
17610,2
17611,1
17612,1
17613,0
17614,0
17615,1
17616,1
17617,1
17618,1
17619,1
17620,0
17621,1
17622,0
17623,1
17624,0
17625,1
17626,1
17627,1
17628,0
17629,0
17630,1
17631,2
17632,1
17633,0
17634,1
17635,0
17636,0
17637,1
17638,0
17639,1
17640,1
17641,1
17642,0
17643,0
17644,0
17645,0
17646,1
17647,0
17648,1
17649,0
17650,1
17651,0
17652,0
17653,1
17654,0
17655,0
17656,0
17657,0
17658,0
17659,1
17660,0
17661,0
17662,0
17663,1
17664,1
17665,1
17666,1
17667,0
17668,1
17669,1
17670,0
17671,2
17672,2
17673,1
17674,1
17675,0
17676,1
17677,0
17678,1
17679,1
17680,1
17681,0
17682,2
17683,0
17684,2
17685,0
17686,1
17687,0
17688,2
17689,0
17690,0
17691,1
17692,1
17693,1
17694,1
17695,0
17696,1
17697,1
17698,1
17699,2
17700,1
17701,0
17702,1
17703,0
17704,1
17705,1
17706,0
17707,1
17708,0
17709,1
17710,1
17711,0
17712,0
17713,0
17714,0
17715,0
17716,0
17717,0
17718,1
17719,1
17720,0
17721,0
17722,2
17723,1
17724,1
17725,1
17726,0
17727,0
17728,1
17729,0
17730,2
17731,0
17732,1
17733,0
17734,0
17735,0
17736,2
17737,0
17738,1
17739,1
17740,1
17741,1
17742,2
17743,1
17744,1
17745,0
17746,1
17747,0
17748,1
17749,0
17750,1
17751,1
17752,0
17753,0
17754,1
17755,2
17756,1
17757,1
17758,1
17759,1
17760,1
17761,1
17762,0
17763,0
17764,1
17765,1
17766,0
17767,1
17768,0
17769,1
17770,1
17771,0
17772,1
17773,0
17774,0
17775,0
17776,0
17777,1
17778,1
17779,1
17780,0
17781,2
17782,1
17783,1
17784,0
17785,0
17786,0
17787,1
17788,1
17789,1
17790,1
17791,0
17792,1
17793,1
17794,1
17795,1
17796,1
17797,1
17798,0
17799,0
17800,0
17801,1
17802,1
17803,1
17804,0
17805,0
17806,0
17807,0
17808,1
17809,1
17810,1
17811,1
17812,1
17813,0
17814,1
17815,0
17816,1
17817,1
17818,1
17819,0
17820,1
17821,0
17822,0
17823,1
17824,0
17825,1
17826,0
17827,1
17828,0
17829,1
17830,1
17831,1
17832,0
17833,1
17834,1
17835,0
17836,0
17837,1
17838,1
17839,0
17840,1
17841,1
17842,0
17843,0
17844,1
17845,2
17846,1
17847,1
17848,0
17849,0
17850,1
17851,1
17852,1
17853,0
17854,0
17855,0
17856,1
17857,0
17858,0
17859,0
17860,0
17861,1
17862,1
17863,2
17864,1
17865,0
17866,2
17867,0
17868,1
17869,0
17870,0
17871,1
17872,1
17873,0
17874,0
17875,0
17876,1
17877,1
17878,0
17879,1
17880,1
17881,0
17882,0
17883,0
17884,0
17885,1
17886,1
17887,1
17888,1
17889,1
17890,1
17891,1
17892,2
17893,1
17894,1
17895,0
17896,1
17897,1
17898,1
17899,1
17900,1
17901,1
17902,1
17903,0
17904,1
17905,2
17906,0
17907,1
17908,2
17909,0
17910,0
17911,1
17912,1
17913,0
17914,1
17915,2
17916,1
17917,0
17918,2
17919,1
17920,1
17921,0
17922,0
17923,0
17924,0
17925,0
17926,0
17927,0
17928,0
17929,1
17930,1
17931,1
17932,0
17933,1
17934,0
17935,0
17936,0
17937,0
17938,1
17939,2
17940,1
17941,1
17942,1
17943,1
17944,1
17945,1
17946,0
17947,1
17948,0
17949,0
17950,1
17951,2
17952,0
17953,0
17954,0
17955,1
17956,1
17957,1
17958,1
17959,0
17960,0
17961,0
17962,1
17963,0
17964,2
17965,0
17966,0
17967,1
17968,1
17969,0
17970,0
17971,1
17972,0
17973,0
17974,1
17975,1
17976,0
17977,1
17978,1
17979,0
17980,0
17981,1
17982,1
17983,1
17984,0
17985,0
17986,1
17987,0
17988,1
17989,1
17990,0
17991,1
17992,0
17993,0
17994,1
17995,0
17996,1
17997,1
17998,0
17999,0
18000,0
18001,0
18002,1
18003,1
18004,1
18005,1
18006,2
18007,0
18008,1
18009,0
18010,0
18011,1
18012,1
18013,0
18014,1
18015,1
18016,0
18017,1
18018,1
18019,0
18020,0
18021,0
18022,0
18023,0
18024,0
18025,1
18026,1
18027,0
18028,0
18029,1
18030,1
18031,1
18032,0
18033,1
18034,1
18035,1
18036,0
18037,0
18038,0
18039,1
18040,2
18041,0
18042,0
18043,1
18044,0
18045,1
18046,1
18047,1
18048,0
18049,0
18050,0
18051,0
18052,1
18053,1
18054,0
18055,2
18056,0
18057,1
18058,1
18059,0
18060,2
18061,0
18062,1
18063,1
18064,0
18065,0
18066,0
18067,1
18068,0
18069,1
18070,1
18071,2
18072,2
18073,0
18074,1
18075,0
18076,1
18077,1
18078,0
18079,0
18080,0
18081,1
18082,0
18083,2
18084,0
18085,0
18086,1
18087,2
18088,0
18089,0
18090,1
18091,0
18092,1
18093,1
18094,1
18095,1
18096,0
18097,0
18098,1
18099,1
18100,1
18101,2
18102,0
18103,0
18104,1
18105,0
18106,1
18107,0
18108,0
18109,0
18110,0
18111,1
18112,1
18113,0
18114,1
18115,0
18116,0
18117,1
18118,2
18119,0
18120,0
18121,1
18122,1
18123,1
18124,1
18125,0
18126,1
18127,1
18128,0
18129,1
18130,0
18131,1
18132,0
18133,1
18134,1
18135,2
18136,1
18137,1
18138,0
18139,2
18140,0
18141,0
18142,0
18143,2
18144,1
18145,0
18146,0
18147,0
18148,0
18149,1
18150,0
18151,1
18152,0
18153,1
18154,1
18155,0
18156,1
18157,0
18158,0
18159,1
18160,1
18161,1
18162,0
18163,1
18164,0
18165,0
18166,0
18167,0
18168,2
18169,0
18170,1
18171,0
18172,2
18173,0
18174,0
18175,2
18176,0
18177,2
18178,1
18179,1
18180,1
18181,0
18182,1
18183,0
18184,2
18185,0
18186,0
18187,1
18188,0
18189,1
18190,1
18191,0
18192,0
18193,2
18194,0
18195,1
18196,0
18197,1
18198,1
18199,0
18200,0
18201,1
18202,1
18203,0
18204,2
18205,2
18206,1
18207,1
18208,1
18209,1
18210,1
18211,1
18212,0
18213,1
18214,1
18215,2
18216,2
18217,1
18218,1
18219,1
18220,1
18221,0
18222,1
18223,0
18224,1
18225,2
18226,1
18227,1
18228,0
18229,1
18230,0
18231,1
18232,1
18233,1
18234,1
18235,1
18236,0
18237,0
18238,1
18239,0
18240,2
18241,0
18242,1
18243,0
18244,0
18245,0
18246,1
18247,0
18248,1
18249,0
18250,0
18251,2
18252,0
18253,1
18254,0
18255,0
18256,0
18257,1
18258,0
18259,1
18260,1
18261,1
18262,0
18263,2
18264,0
18265,1
18266,0
18267,2
18268,1
18269,1
18270,1
18271,1
18272,1
18273,1
18274,0
18275,1
18276,1
18277,1
18278,1
18279,0
18280,0
18281,0
18282,1
18283,1
18284,1
18285,0
18286,0
18287,0
18288,0
18289,1
18290,1
18291,0
18292,0
18293,0
18294,0
18295,0
18296,0
18297,1
18298,1
18299,0
18300,1
18301,0
18302,1
18303,1
18304,0
18305,1
18306,1
18307,0
18308,1
18309,0
18310,2
18311,0
18312,0
18313,2
18314,1
18315,0
18316,1
18317,2
18318,1
18319,1
18320,1
18321,0
18322,1
18323,1
18324,1
18325,1
18326,0
18327,1
18328,0
18329,0
18330,0
18331,1
18332,1
18333,0
18334,1
18335,0
18336,1
18337,1
18338,0
18339,1
18340,1
18341,0
18342,0
18343,0
18344,1
18345,1
18346,2
18347,1
18348,2
18349,1
18350,1
18351,1
18352,1
18353,0
18354,0
18355,1
18356,1
18357,0
18358,1
18359,1
18360,1
18361,0
18362,1
18363,0
18364,0
18365,1
18366,1
18367,1
18368,1
18369,0
18370,0
18371,1
18372,1
18373,1
18374,0
18375,1
18376,1
18377,1
18378,0
18379,0
18380,1
18381,0
18382,1
18383,0
18384,1
18385,0
18386,0
18387,1
18388,2
18389,0
18390,0
18391,1
18392,1
18393,1
18394,1
18395,1
18396,0
18397,1
18398,0
18399,1
18400,1
18401,1
18402,1
18403,1
18404,0
18405,0
18406,1
18407,0
18408,1
18409,0
18410,1
18411,1
18412,0
18413,1
18414,0
18415,1
18416,2
18417,0
18418,1
18419,0
18420,2
18421,1
18422,0
18423,0
18424,1
18425,0
18426,0
18427,1
18428,2
18429,0
18430,2
18431,0
18432,1
18433,0
18434,1
18435,1
18436,1
18437,0
18438,1
18439,2
18440,1
18441,1
18442,1
18443,2
18444,1
18445,0
18446,1
18447,0
18448,0
18449,0
18450,0
18451,0
18452,2
18453,1
18454,1
18455,0
18456,0
18457,0
18458,1
18459,1
18460,1
18461,0
18462,0
18463,1
18464,1
18465,0
18466,1
18467,1
18468,1
18469,0
18470,0
18471,1
18472,0
18473,0
18474,0
18475,1
18476,1
18477,1
18478,1
18479,0
18480,0
18481,1
18482,0
18483,1
18484,0
18485,0
18486,0
18487,0
18488,1
18489,0
18490,1
18491,0
18492,0
18493,1
18494,1
18495,1
18496,0
18497,1
18498,1
18499,1
18500,1
18501,1
18502,1
18503,1
18504,2
18505,1
18506,0
18507,1
18508,1
18509,1
18510,1
18511,0
18512,0
18513,1
18514,0
18515,1
18516,1
18517,1
18518,0
18519,1
18520,0
18521,0
18522,0
18523,1
18524,1
18525,1
18526,0
18527,0
18528,0
18529,1
18530,0
18531,2
18532,0
18533,0
18534,1
18535,0
18536,1
18537,1
18538,1
18539,0
18540,1
18541,1
18542,1
18543,2
18544,1
18545,1
18546,0
18547,1
18548,1
18549,1
18550,1
18551,1
18552,0
18553,1
18554,1
18555,1
18556,1
18557,1
18558,0
18559,0
18560,0
18561,2
18562,0
18563,0
18564,0
18565,0
18566,0
18567,0
18568,1
18569,0
18570,0
18571,1
18572,2
18573,0
18574,0
18575,1
18576,1
18577,1
18578,0
18579,0
18580,0
18581,0
18582,0
18583,0
18584,0
18585,0
18586,0
18587,1
18588,0
18589,1
18590,0
18591,0
18592,0
18593,1
18594,1
18595,1
18596,1
18597,1
18598,1
18599,1
18600,1
18601,1
18602,2
18603,1
18604,2
18605,1
18606,0
18607,0
18608,0
18609,1
18610,2
18611,0
18612,2
18613,0
18614,1
18615,0
18616,1
18617,1
18618,1
18619,1
18620,0
18621,0
18622,0
18623,0
18624,1
18625,0
18626,1
18627,0
18628,2
18629,1
18630,0
18631,1
18632,0
18633,2
18634,1
18635,1
18636,1
18637,1
18638,1
18639,0
18640,1
18641,0
18642,1
18643,1
18644,0
18645,1
18646,0
18647,2
18648,1
18649,0
18650,0
18651,1
18652,2
18653,2
18654,0
18655,1
18656,1
18657,0
18658,1
18659,1
18660,1
18661,1
18662,1
18663,0
18664,0
18665,1
18666,1
18667,0
18668,0
18669,0
18670,1
18671,0
18672,0
18673,1
18674,0
18675,1
18676,1
18677,0
18678,1
18679,1
18680,1
18681,0
18682,0
18683,2
18684,1
18685,0
18686,0
18687,0
18688,1
18689,1
18690,0
18691,0
18692,1
18693,0
18694,0
18695,0
18696,0
18697,1
18698,0
18699,1
18700,1
18701,0
18702,1
18703,1
18704,0
18705,0
18706,1
18707,0
18708,1
18709,1
18710,1
18711,1
18712,0
18713,0
18714,1
18715,0
18716,1
18717,0
18718,0
18719,0
18720,1
18721,0
18722,2
18723,1
18724,0
18725,1
18726,0
18727,1
18728,1
18729,0
18730,0
18731,1
18732,0
18733,1
18734,2
18735,0
18736,1
18737,0
18738,2
18739,0
18740,0
18741,1
18742,1
18743,0
18744,0
18745,1
18746,0
18747,1
18748,1
18749,1
18750,1
18751,1
18752,1
18753,2
18754,0
18755,1
18756,0
18757,1
18758,0
18759,1
18760,1
18761,1
18762,0
18763,2
18764,1
18765,0
18766,1
18767,0
18768,0
18769,1
18770,0
18771,1
18772,2
18773,0
18774,1
18775,0
18776,1
18777,0
18778,2
18779,1
18780,1
18781,0
18782,0
18783,1
18784,0
18785,2
18786,1
18787,0
18788,0
18789,0
18790,1
18791,1
18792,0
18793,1
18794,1
18795,1
18796,1
18797,2
18798,0
18799,1
18800,0
18801,1
18802,1
18803,1
18804,1
18805,1
18806,2
18807,2
18808,0
18809,1
18810,0
18811,1
18812,1
18813,1
18814,1
18815,0
18816,1
18817,1
18818,1
18819,0
18820,0
18821,0
18822,1
18823,0
18824,1
18825,1
18826,1
18827,1
18828,1
18829,0
18830,1
18831,0
18832,0
18833,0
18834,0
18835,1
18836,1
18837,1
18838,0
18839,0
18840,0
18841,2
18842,1
18843,2
18844,1
18845,0
18846,1
18847,0
18848,0
18849,0
18850,1
18851,1
18852,0
18853,0
18854,0
18855,0
18856,0
18857,0
18858,0
18859,0
18860,0
18861,1
18862,1
18863,0
18864,0
18865,0
18866,1
18867,0
18868,1
18869,1
18870,0
18871,0
18872,1
18873,0
18874,0
18875,1
18876,1
18877,0
18878,1
18879,2
18880,1
18881,0
18882,0
18883,1
18884,0
18885,1
18886,1
18887,0
18888,0
18889,1
18890,1
18891,1
18892,1
18893,2
18894,1
18895,1
18896,0
18897,1
18898,1
18899,1
18900,0
18901,1
18902,0
18903,1
18904,1
18905,1
18906,1
18907,0
18908,2
18909,0
18910,0
18911,1
18912,1
18913,0
18914,1
18915,0
18916,0
18917,0
18918,1
18919,0
18920,1
18921,0
18922,1
18923,1
18924,1
18925,1
18926,1
18927,1
18928,1
18929,0
18930,0
18931,0
18932,1
18933,1
18934,1
18935,0
18936,1
18937,1
18938,1
18939,1
18940,0
18941,2
18942,0
18943,0
18944,0
18945,2
18946,1
18947,1
18948,0
18949,0
18950,0
18951,1
18952,1
18953,0
18954,0
18955,0
18956,1
18957,1
18958,1
18959,0
18960,0
18961,0
18962,0
18963,1
18964,2
18965,1
18966,1
18967,0
18968,1
18969,0
18970,1
18971,1
18972,1
18973,1
18974,1
18975,0
18976,1
18977,1
18978,0
18979,0
18980,0
18981,1
18982,0
18983,1
18984,0
18985,1
18986,0
18987,0
18988,1
18989,1
18990,0
18991,1
18992,1
18993,1
18994,1
18995,0
18996,2
18997,1
18998,1
18999,1
19000,1
19001,2
19002,0
19003,1
19004,0
19005,0
19006,1
19007,1
19008,1
19009,1
19010,1
19011,1
19012,1
19013,0
19014,0
19015,0
19016,2
19017,1
19018,0
19019,1
19020,1
19021,1
19022,1
19023,1
19024,2
19025,1
19026,0
19027,0
19028,1
19029,1
19030,1
19031,0
19032,0
19033,1
19034,0
19035,0
19036,1
19037,1
19038,0
19039,0
19040,1
19041,1
19042,1
19043,0
19044,1
19045,1
19046,0
19047,1
19048,0
19049,1
19050,2
19051,0
19052,2
19053,0
19054,0
19055,1
19056,2
19057,0
19058,1
19059,1
19060,0
19061,1
19062,0
19063,2
19064,1
19065,1
19066,1
19067,1
19068,0
19069,0
19070,0
19071,1
19072,0
19073,1
19074,2
19075,1
19076,1
19077,1
19078,0
19079,0
19080,1
19081,0
19082,2
19083,1
19084,0
19085,1
19086,0
19087,0
19088,1
19089,0
19090,1
19091,0
19092,0
19093,1
19094,2
19095,1
19096,0
19097,0
19098,0
19099,1
19100,1
19101,2
19102,1
19103,2
19104,1
19105,1
19106,1
19107,1
19108,0
19109,1
19110,1
19111,0
19112,0
19113,1
19114,1
19115,0
19116,0
19117,1
19118,1
19119,1
19120,1
19121,2
19122,0
19123,1
19124,1
19125,1
19126,1
19127,1
19128,0
19129,1
19130,0
19131,0
19132,1
19133,0
19134,1
19135,1
19136,1
19137,0
19138,1
19139,0
19140,1
19141,1
19142,1
19143,1
19144,1
19145,0
19146,2
19147,1
19148,0
19149,0
19150,1
19151,2
19152,0
19153,1
19154,2
19155,1
19156,1
19157,1
19158,2
19159,2
19160,0
19161,1
19162,1
19163,1
19164,1
19165,0
19166,1
19167,0
19168,1
19169,0
19170,0
19171,0
19172,1
19173,1
19174,1
19175,1
19176,2
19177,1
19178,0
19179,2
19180,1
19181,0
19182,0
19183,0
19184,1
19185,0
19186,1
19187,1
19188,1
19189,0
19190,0
19191,0
19192,0
19193,0
19194,0
19195,1
19196,1
19197,1
19198,1
19199,1
19200,0
19201,1
19202,1
19203,1
19204,1
19205,1
19206,1
19207,1
19208,1
19209,1
19210,0
19211,0
19212,1
19213,0
19214,0
19215,1
19216,0
19217,1
19218,0
19219,1
19220,0
19221,0
19222,1
19223,1
19224,1
19225,1
19226,1
19227,0
19228,1
19229,0
19230,2
19231,0
19232,1
19233,1
19234,0
19235,0
19236,2
19237,1
19238,2
19239,0
19240,2
19241,0
19242,2
19243,0
19244,1
19245,1
19246,1
19247,1
19248,1
19249,0
19250,0
19251,1
19252,0
19253,1
19254,1
19255,1
19256,0
19257,1
19258,1
19259,0
19260,0
19261,1
19262,1
19263,0
19264,0
19265,0
19266,1
19267,1
19268,2
19269,0
19270,1
19271,1
19272,0
19273,1
19274,0
19275,1
19276,0
19277,0
19278,1
19279,1
19280,0
19281,1
19282,0
19283,0
19284,1
19285,0
19286,1
19287,1
19288,0
19289,1
19290,1
19291,1
19292,0
19293,2
19294,0
19295,0
19296,1
19297,1
19298,2
19299,0
19300,1
19301,0
19302,1
19303,0
19304,1
19305,2
19306,1
19307,0
19308,1
19309,0
19310,0
19311,1
19312,1
19313,1
19314,1
19315,0
19316,0
19317,0
19318,0
19319,2
19320,0
19321,0
19322,0
19323,0
19324,1
19325,1
19326,0
19327,1
19328,1
19329,0
19330,1
19331,0
19332,2
19333,0
19334,2
19335,1
19336,1
19337,1
19338,1
19339,0
19340,1
19341,1
19342,0
19343,1
19344,1
19345,1
19346,0
19347,1
19348,0
19349,0
19350,0
19351,0
19352,1
19353,1
19354,0
19355,1
19356,0
19357,1
19358,1
19359,0
19360,1
19361,0
19362,0
19363,1
19364,0
19365,1
19366,0
19367,1
19368,2
19369,1
19370,0
19371,0
19372,1
19373,1
19374,2
19375,0
19376,0
19377,1
19378,0
19379,1
19380,1
19381,1
19382,1
19383,1
19384,1
19385,0
19386,0
19387,1
19388,0
19389,1
19390,0
19391,1
19392,0
19393,0
19394,1
19395,0
19396,0
19397,1
19398,1
19399,0
19400,1
19401,1
19402,0
19403,1
19404,1
19405,1
19406,1
19407,1
19408,1
19409,1
19410,1
19411,2
19412,0
19413,1
19414,1
19415,0
19416,0
19417,1
19418,1
19419,1
19420,0
19421,2
19422,1
19423,0
19424,0
19425,0
19426,0
19427,0
19428,1
19429,1
19430,1
19431,1
19432,1
19433,0
19434,0
19435,1
19436,0
19437,1
19438,2
19439,1
19440,1
19441,1
19442,0
19443,0
19444,1
19445,0
19446,1
19447,1
19448,1
19449,1
19450,0
19451,2
19452,2
19453,1
19454,0
19455,1
19456,1
19457,0
19458,0
19459,0
19460,0
19461,1
19462,0
19463,1
19464,1
19465,0
19466,0
19467,0
19468,1
19469,1
19470,0
19471,1
19472,1
19473,1
19474,1
19475,0
19476,0
19477,0
19478,0
19479,1
19480,1
19481,1
19482,2
19483,0
19484,0
19485,1
19486,0
19487,1
19488,0
19489,1
19490,1
19491,1
19492,0
19493,0
19494,0
19495,0
19496,0
19497,0
19498,1
19499,1
19500,1
19501,1
19502,1
19503,1
19504,0
19505,0
19506,1
19507,0
19508,1
19509,0
19510,0
19511,1
19512,1
19513,1
19514,1
19515,2
19516,1
19517,0
19518,0
19519,0
19520,0
19521,0
19522,1
19523,0
19524,1
19525,0
19526,1
19527,0
19528,0
19529,1
19530,0
19531,0
19532,0
19533,1
19534,1
19535,1
19536,1
19537,1
19538,0
19539,1
19540,1
19541,0
19542,1
19543,1
19544,1
19545,1
19546,0
19547,1
19548,1
19549,1
19550,2
19551,1
19552,1
19553,1
19554,0
19555,1
19556,0
19557,0
19558,0
19559,0
19560,2
19561,1
19562,2
19563,1
19564,0
19565,0
19566,0
19567,1
19568,1
19569,0
19570,0
19571,1
19572,0
19573,1
19574,1
19575,1
19576,1
19577,1
19578,1
19579,0
19580,0
19581,0
19582,0
19583,0
19584,0
19585,1
19586,0
19587,0
19588,0
19589,2
19590,1
19591,1
19592,0
19593,1
19594,0
19595,1
19596,0
19597,1
19598,0
19599,0
19600,1
19601,0
19602,1
19603,1
19604,0
19605,1
19606,1
19607,0
19608,0
19609,1
19610,0
19611,0
19612,1
19613,0
19614,1
19615,1
19616,0
19617,0
19618,0
19619,1
19620,0
19621,0
19622,1
19623,0
19624,0
19625,1
19626,1
19627,1
19628,0
19629,0
19630,0
19631,0
19632,0
19633,1
19634,0
19635,1
19636,1
19637,1
19638,1
19639,0
19640,0
19641,1
19642,0
19643,0
19644,0
19645,0
19646,1
19647,0
19648,0
19649,1
19650,2
19651,0
19652,0
19653,0
19654,0
19655,0
19656,1
19657,0
19658,1
19659,1
19660,0
19661,1
19662,1
19663,2
19664,1
19665,0
19666,0
19667,2
19668,0
19669,0
19670,0
19671,1
19672,1
19673,0
19674,0
19675,1
19676,0
19677,1
19678,0
19679,1
19680,1
19681,1
19682,0
19683,0
19684,1
19685,1
19686,1
19687,1
19688,1
19689,1
19690,1
19691,0
19692,1
19693,1
19694,2
19695,0
19696,1
19697,1
19698,2
19699,1
19700,1
19701,0
19702,0
19703,1
19704,0
19705,1
19706,0
19707,0
19708,2
19709,0
19710,1
19711,0
19712,0
19713,0
19714,1
19715,1
19716,0
19717,0
19718,2
19719,0
19720,1
19721,2
19722,1
19723,1
19724,1
19725,1
19726,0
19727,1
19728,2
19729,0
19730,1
19731,1
19732,1
19733,0
19734,0
19735,0
19736,1
19737,0
19738,0
19739,2
19740,1
19741,1
19742,1
19743,1
19744,0
19745,1
19746,0
19747,1
19748,1
19749,0
19750,1
19751,0
19752,1
19753,0
19754,1
19755,1
19756,0
19757,0
19758,0
19759,2
19760,0
19761,1
19762,0
19763,1
19764,1
19765,1
19766,0
19767,0
19768,1
19769,0
19770,1
19771,1
19772,0
19773,0
19774,0
19775,0
19776,1
19777,0
19778,0
19779,0
19780,0
19781,0
19782,1
19783,0
19784,0
19785,0
19786,1
19787,0
19788,1
19789,0
19790,0
19791,1
19792,1
19793,1
19794,0
19795,1
19796,1
19797,1
19798,0
19799,0
19800,1
19801,1
19802,2
19803,1
19804,1
19805,1
19806,1
19807,2
19808,1
19809,2
19810,0
19811,0
19812,2
19813,1
19814,0
19815,0
19816,1
19817,1
19818,1
19819,0
19820,0
19821,1
19822,0
19823,1
19824,1
19825,1
19826,0
19827,0
19828,1
19829,0
19830,1
19831,0
19832,2
19833,1
19834,0
19835,0
19836,1
19837,0
19838,1
19839,1
19840,1
19841,1
19842,0
19843,2
19844,1
19845,1
19846,0
19847,1
19848,0
19849,1
19850,0
19851,0
19852,0
19853,1
19854,1
19855,1
19856,0
19857,0
19858,0
19859,0
19860,1
19861,1
19862,0
19863,1
19864,2
19865,2
19866,1
19867,0
19868,0
19869,1
19870,0
19871,0
19872,1
19873,1
19874,1
19875,0
19876,1
19877,1
19878,0
19879,1
19880,0
19881,1
19882,1
19883,0
19884,0
19885,0
19886,2
19887,0
19888,0
19889,0
19890,0
19891,1
19892,0
19893,2
19894,1
19895,0
19896,0
19897,1
19898,0
19899,0
19900,1
19901,0
19902,0
19903,0
19904,1
19905,1
19906,1
19907,1
19908,2
19909,0
19910,1
19911,1
19912,1
19913,1
19914,1
19915,2
19916,0
19917,0
19918,1
19919,1
19920,0
19921,1
19922,2
19923,0
19924,1
19925,0
19926,1
19927,0
19928,0
19929,0
19930,1
19931,1
19932,1
19933,1
19934,1
19935,0
19936,0
19937,1
19938,1
19939,0
19940,1
19941,1
19942,1
19943,1
19944,0
19945,1
19946,1
19947,0
19948,1
19949,0
19950,0
19951,0
19952,2
19953,1
19954,1
19955,1
19956,1
19957,1
19958,0
19959,1
19960,1
19961,0
19962,0
19963,0
19964,0
19965,1
19966,1
19967,1
19968,0
19969,1
19970,0
19971,1
19972,1
19973,1
19974,1
19975,1
19976,0
19977,1
19978,1
19979,0
19980,1
19981,0
19982,0
19983,0
19984,2
19985,1
19986,1
19987,1
19988,1
19989,1
19990,1
19991,0
19992,1
19993,0
19994,1
19995,0
19996,0
19997,0
19998,2
19999,0
20000,0
20001,0
20002,1
20003,0
20004,2
20005,1
20006,0
20007,1
20008,0
20009,1
20010,1
20011,1
20012,1
20013,1
20014,1
20015,1
20016,1
20017,1
20018,1
20019,2
20020,1
20021,1
20022,1
20023,1
20024,1
20025,0
20026,1
20027,0
20028,0
20029,1
20030,0
20031,2
20032,0
20033,1
20034,1
20035,0
20036,1
20037,0
20038,1
20039,1
20040,2
20041,0
20042,1
20043,0
20044,2
20045,0
20046,1
20047,1
20048,1
20049,1
20050,2
20051,1
20052,0
20053,1
20054,0
20055,0
20056,0
20057,1
20058,0
20059,0
20060,0
20061,0
20062,0
20063,0
20064,1
20065,0
20066,1
20067,0
20068,1
20069,1
20070,1
20071,1
20072,0
20073,1
20074,0
20075,0
20076,1
20077,0
20078,1
20079,0
20080,0
20081,1
20082,1
20083,1
20084,0
20085,0
20086,1
20087,1
20088,1
20089,1
20090,1
20091,0
20092,1
20093,0
20094,0
20095,1
20096,2
20097,2
20098,0
20099,1
20100,0
20101,1
20102,0
20103,1
20104,1
20105,2
20106,0
20107,2
20108,0
20109,0
20110,0
20111,1
20112,0
20113,0
20114,0
20115,2
20116,1
20117,1
20118,1
20119,0
20120,1
20121,0
20122,1
20123,1
20124,0
20125,0
20126,2
20127,0
20128,1
20129,1
20130,0
20131,1
20132,1
20133,0
20134,0
20135,1
20136,2
20137,1
20138,0
20139,1
20140,1
20141,1
20142,0
20143,1
20144,0
20145,0
20146,0
20147,2
20148,1
20149,0
20150,0
20151,1
20152,1
20153,0
20154,2
20155,1
20156,1
20157,0
20158,1
20159,0
20160,1
20161,1
20162,2
20163,0
20164,0
20165,0
20166,0
20167,0
20168,0
20169,0
20170,1
20171,0
20172,2
20173,1
20174,1
20175,1
20176,1
20177,0
20178,1
20179,1
20180,1
20181,0
20182,0
20183,1
20184,0
20185,0
20186,1
20187,1
20188,0
20189,1
20190,1
20191,1
20192,1
20193,1
20194,0
20195,0
20196,1
20197,0
20198,1
20199,0
20200,1
20201,0
20202,1
20203,0
20204,0
20205,1
20206,0
20207,1
20208,1
20209,1
20210,2
20211,0
20212,1
20213,1
20214,0
20215,0
20216,1
20217,1
20218,1
20219,1
20220,0
20221,1
20222,0
20223,0
20224,1
20225,1
20226,1
20227,0
20228,1
20229,0
20230,1
20231,1
20232,1
20233,1
20234,0
20235,1
20236,0
20237,0
20238,1
20239,0
20240,1
20241,1
20242,0
20243,1
20244,0
20245,0
20246,1
20247,0
20248,0
20249,1
20250,0
20251,0
20252,0
20253,0
20254,0
20255,0
20256,0
20257,0
20258,1
20259,0
20260,0
20261,0
20262,1
20263,2
20264,1
20265,0
20266,0
20267,1
20268,1
20269,0
20270,1
20271,0
20272,1
20273,1
20274,1
20275,1
20276,0
20277,0
20278,2
20279,1
20280,1
20281,1
20282,0
20283,0
20284,1
20285,0
20286,0
20287,1
20288,1
20289,1
20290,1
20291,0
20292,1
20293,0
20294,2
20295,0
20296,1
20297,1
20298,1
20299,1
20300,0
20301,0
20302,1
20303,0
20304,1
20305,1
20306,1
20307,1
20308,0
20309,1
20310,1
20311,1
20312,0
20313,0
20314,1
20315,0
20316,0
20317,0
20318,1
20319,0
20320,0
20321,0
20322,1
20323,1
20324,1
20325,1
20326,0
20327,0
20328,0
20329,0
20330,0
20331,0
20332,1
20333,2
20334,1
20335,0
20336,1
20337,0
20338,1
20339,0
20340,1
20341,2
20342,1
20343,1
20344,0
20345,0
20346,0
20347,0
20348,1
20349,1
20350,0
20351,1
20352,0
20353,0
20354,1
20355,1
20356,2
20357,1
20358,0
20359,1
20360,1
20361,1
20362,1
20363,1
20364,1
20365,0
20366,0
20367,0
20368,0
20369,1
20370,0
20371,0
20372,1
20373,1
20374,2
20375,1
20376,0
20377,0
20378,2
20379,0
20380,0
20381,0
20382,1
20383,1
20384,1
20385,1
20386,1
20387,0
20388,1
20389,2
20390,0
20391,0
20392,1
20393,1
20394,1
20395,0
20396,1
20397,0
20398,1
20399,1
20400,1
20401,0
20402,1
20403,1
20404,0
20405,0
20406,1
20407,1
20408,2
20409,1
20410,1
20411,0
20412,1
20413,1
20414,0
20415,0
20416,0
20417,1
20418,0
20419,0
20420,1
20421,1
20422,1
20423,1
20424,0
20425,0
20426,0
20427,0
20428,1
20429,2
20430,0
20431,1
20432,0
20433,0
20434,1
20435,1
20436,0
20437,0
20438,0
20439,1
20440,0
20441,1
20442,1
20443,0
20444,2
20445,1
20446,0
20447,0
20448,0
20449,1
20450,2
20451,1
20452,0
20453,0
20454,1
20455,2
20456,1
20457,1
20458,0
20459,0
20460,0
20461,1
20462,0
20463,1
20464,0
20465,0
20466,0
20467,1
20468,1
20469,1
20470,1
20471,1
20472,0
20473,1
20474,1
20475,0
20476,0
20477,0
20478,1
20479,1
20480,0
20481,1
20482,0
20483,1
20484,0
20485,1
20486,0
20487,0
20488,1
20489,1
20490,0
20491,0
20492,1
20493,1
20494,0
20495,0
20496,2
20497,0
20498,1
20499,1
20500,1
20501,1
20502,2
20503,2
20504,0
20505,0
20506,0
20507,1
20508,0
20509,2
20510,1
20511,1
20512,1
20513,0
20514,0
20515,1
20516,2
20517,1
20518,0
20519,0
20520,0
20521,1
20522,1
20523,2
20524,1
20525,1
20526,0
20527,0
20528,1
20529,2
20530,1
20531,0
20532,0
20533,1
20534,1
20535,1
20536,1
20537,0
20538,1
20539,1
20540,1
20541,1
20542,1
20543,2
20544,0
20545,1
20546,0
20547,1
20548,1
20549,2
20550,0
20551,1
20552,0
20553,1
20554,2
20555,1
20556,0
20557,0
20558,1
20559,1
20560,0
20561,0
20562,0
20563,2
20564,1
20565,0
20566,1
20567,1
20568,1
20569,1
20570,1
20571,0
20572,0
20573,1
20574,1
20575,0
20576,0
20577,1
20578,0
20579,0
20580,2
20581,1
20582,1
20583,1
20584,0
20585,1
20586,0
20587,1
20588,0
20589,1
20590,0
20591,1
20592,0
20593,0
20594,1
20595,1
20596,0
20597,1
20598,0
20599,2
20600,1
20601,0
20602,1
20603,1
20604,2
20605,1
20606,1
20607,0
20608,1
20609,0
20610,0
20611,0
20612,1
20613,1
20614,1
20615,2
20616,1
20617,0
20618,1
20619,1
20620,1
20621,1
20622,0
20623,1
20624,1
20625,1
20626,1
20627,1
20628,1
20629,0
20630,0
20631,1
20632,1
20633,1
20634,1
20635,1
20636,0
20637,0
20638,0
20639,0
20640,0
20641,1
20642,1
20643,2
20644,1
20645,1
20646,1
20647,1
20648,0
20649,0
20650,1
20651,1
20652,0
20653,1
20654,0
20655,1
20656,0
20657,1
20658,1
20659,1
20660,0
20661,2
20662,1
20663,1
20664,0
20665,1
20666,1
20667,0
20668,1
20669,2
20670,1
20671,1
20672,0
20673,0
20674,2
20675,1
20676,0
20677,1
20678,1
20679,1
20680,0
20681,1
20682,1
20683,1
20684,0
20685,1
20686,1
20687,1
20688,1
20689,0
20690,1
20691,1
20692,1
20693,0
20694,0
20695,0
20696,0
20697,2
20698,1
20699,0
20700,0
20701,1
20702,1
20703,1
20704,1
20705,1
20706,1
20707,0
20708,0
20709,0
20710,1
20711,1
20712,2
20713,1
20714,0
20715,0
20716,0
20717,0
20718,2
20719,1
20720,1
20721,1
20722,0
20723,1
20724,0
20725,1
20726,1
20727,1
20728,1
20729,0
20730,1
20731,2
20732,0
20733,0
20734,1
20735,0
20736,1
20737,1
20738,0
20739,0
20740,0
20741,1
20742,1
20743,1
20744,0
20745,1
20746,1
20747,1
20748,1
20749,1
20750,1
20751,1
20752,0
20753,1
20754,0
20755,1
20756,1
20757,1
20758,1
20759,0
20760,0
20761,1
20762,2
20763,0
20764,1
20765,1
20766,1
20767,1
20768,1
20769,1
20770,2
20771,0
20772,1
20773,2
20774,1
20775,0
20776,1
20777,1
20778,0
20779,2
20780,1
20781,0
20782,0
20783,1
20784,0
20785,1
20786,0
20787,1
20788,0
20789,0
20790,1
20791,0
20792,2
20793,0
20794,0
20795,1
20796,0
20797,0
20798,0
20799,1
20800,1
20801,1
20802,1
20803,0
20804,1
20805,1
20806,0
20807,1
20808,1
20809,1
20810,1
20811,1
20812,1
20813,1
20814,1
20815,1
20816,1
20817,0
20818,1
20819,1
20820,0
20821,0
20822,0
20823,1
20824,0
20825,1
20826,0
20827,0
20828,1
20829,1
20830,1
20831,1
20832,1
20833,1
20834,0
20835,1
20836,1
20837,0
20838,1
20839,0
20840,1
20841,0
20842,0
20843,0
20844,2
20845,0
20846,0
20847,1
20848,1
20849,0
20850,1
20851,0
20852,0
20853,1
20854,0
20855,1
20856,1
20857,1
20858,0
20859,1
20860,0
20861,1
20862,1
20863,0
20864,2
20865,0
20866,0
20867,0
20868,1
20869,1
20870,2
20871,0
20872,1
20873,0
20874,0
20875,1
20876,0
20877,0
20878,1
20879,1
20880,1
20881,0
20882,0
20883,1
20884,0
20885,0
20886,1
20887,1
20888,1
20889,1
20890,0
20891,0
20892,0
20893,0
20894,1
20895,2
20896,2
20897,1
20898,1
20899,2
20900,0
20901,2
20902,1
20903,1
20904,0
20905,1
20906,1
20907,1
20908,1
20909,0
20910,1
20911,0
20912,1
20913,1
20914,0
20915,1
20916,2
20917,1
20918,0
20919,0
20920,1
20921,0
20922,1
20923,1
20924,0
20925,1
20926,2
20927,0
20928,0
20929,0
20930,0
20931,1
20932,1
20933,1
20934,1
20935,1
20936,0
20937,1
20938,1
20939,1
20940,0
20941,1
20942,1
20943,0
20944,0
20945,1
20946,1
20947,0
20948,0
20949,0
20950,0
20951,1
20952,1
20953,0
20954,0
20955,1
20956,0
20957,0
20958,0
20959,0
20960,1
20961,0
20962,0
20963,1
20964,2
20965,0
20966,1
20967,1
20968,1
20969,0
20970,0
20971,1
20972,1
20973,1
20974,0
20975,1
20976,0
20977,1
20978,0
20979,1
20980,1
20981,0
20982,0
20983,0
20984,1
20985,1
20986,1
20987,1
20988,1
20989,1
20990,0
20991,1
20992,1
20993,0
20994,0
20995,1
20996,0
20997,1
20998,1
20999,0
21000,1
21001,0
21002,0
21003,2
21004,0
21005,1
21006,0
21007,1
21008,0
21009,1
21010,0
21011,0
21012,1
21013,1
21014,1
21015,1
21016,1
21017,1
21018,1
21019,1
21020,1
21021,1
21022,0
21023,1
21024,1
21025,1
21026,1
21027,1
21028,0
21029,1
21030,1
21031,1
21032,2
21033,1
21034,1
21035,1
21036,0
21037,1
21038,1
21039,0
21040,1
21041,0
21042,1
21043,1
21044,1
21045,1
21046,0
21047,1
21048,0
21049,0
21050,1
21051,1
21052,0
21053,1
21054,1
21055,0
21056,0
21057,0
21058,2
21059,0
21060,1
21061,1
21062,2
21063,0
21064,1
21065,0
21066,1
21067,0
21068,1
21069,0
21070,1
21071,1
21072,0
21073,2
21074,2
21075,1
21076,0
21077,1
21078,1
21079,1
21080,1
21081,1
21082,1
21083,0
21084,1
21085,1
21086,1
21087,0
21088,1
21089,0
21090,1
21091,0
21092,0
21093,1
21094,0
21095,1
21096,0
21097,2
21098,2
21099,1
21100,1
21101,1
21102,0
21103,1
21104,1
21105,0
21106,1
21107,0
21108,0
21109,0
21110,0
21111,2
21112,0
21113,1
21114,1
21115,1
21116,0
21117,1
21118,0
21119,1
21120,0
21121,1
21122,0
21123,1
21124,1
21125,1
21126,0
21127,0
21128,0
21129,0
21130,0
21131,1
21132,1
21133,0
21134,1
21135,0
21136,2
21137,1
21138,2
21139,1
21140,1
21141,0
21142,1
21143,1
21144,1
21145,1
21146,0
21147,1
21148,0
21149,1
21150,0
21151,0
21152,1
21153,1
21154,0
21155,0
21156,1
21157,0
21158,0
21159,1
21160,0
21161,1
21162,0
21163,1
21164,0
21165,0
21166,0
21167,1
21168,1
21169,0
21170,0
21171,0
21172,1
21173,1
21174,1
21175,0
21176,0
21177,1
21178,1
21179,1
21180,1
21181,0
21182,0
21183,0
21184,2
21185,0
21186,0
21187,2
21188,1
21189,1
21190,0
21191,0
21192,1
21193,2
21194,0
21195,0
21196,0
21197,1
21198,0
21199,2
21200,2
21201,1
21202,1
21203,0
21204,1
21205,1
21206,0
21207,1
21208,0
21209,0
21210,2
21211,2
21212,0
21213,1
21214,0
21215,2
21216,1
21217,1
21218,1
21219,0
21220,1
21221,0
21222,1
21223,1
21224,1
21225,1
21226,1
21227,1
21228,1
21229,0
21230,1
21231,0
21232,1
21233,1
21234,1
21235,1
21236,1
21237,1
21238,0
21239,2
21240,0
21241,2
21242,0
21243,1
21244,1
21245,1
21246,0
21247,1
21248,1
21249,1
21250,0
21251,0
21252,1
21253,1
21254,0
21255,0
21256,1
21257,0
21258,2
21259,2
21260,1
21261,1
21262,1
21263,1
21264,0
21265,1
21266,0
21267,1
21268,0
21269,0
21270,1
21271,0
21272,0
21273,0
21274,0
21275,0
21276,1
21277,1
21278,0
21279,1
21280,1
21281,2
21282,0
21283,1
21284,0
21285,1
21286,0
21287,0
21288,0
21289,0
21290,0
21291,0
21292,0
21293,1
21294,1
21295,1
21296,0
21297,0
21298,1
21299,1
21300,0
21301,1
21302,1
21303,1
21304,1
21305,0
21306,0
21307,1
21308,0
21309,1
21310,0
21311,0
21312,1
21313,0
21314,0
21315,0
21316,0
21317,1
21318,0
21319,1
21320,1
21321,1
21322,2
21323,1
21324,0
21325,1
21326,1
21327,1
21328,0
21329,1
21330,0
21331,0
21332,0
21333,1
21334,1
21335,1
21336,0
21337,0
21338,0
21339,0
21340,2
21341,1
21342,1
21343,0
21344,1
21345,1
21346,1
21347,0
21348,0
21349,0
21350,0
21351,1
21352,1
21353,0
21354,0
21355,1
21356,2
21357,0
21358,1
21359,0
21360,0
21361,0
21362,0
21363,1
21364,1
21365,1
21366,1
21367,0
21368,0
21369,0
21370,1
21371,1
21372,0
21373,1
21374,1
21375,2
21376,1
21377,0
21378,1
21379,0
21380,0
21381,1
21382,1
21383,1
21384,1
21385,1
21386,1
21387,0
21388,1
21389,0
21390,0
21391,0
21392,0
21393,1
21394,1
21395,0
21396,0
21397,1
21398,0
21399,1
21400,1
21401,1
21402,1
21403,1
21404,1
21405,0
21406,0
21407,1
21408,0
21409,1
21410,0
21411,2
21412,1
21413,1
21414,0
21415,0
21416,0
21417,1
21418,0
21419,0
21420,1
21421,1
21422,1
21423,1
21424,0
21425,0
21426,2
21427,1
21428,1
21429,0
21430,2
21431,1
21432,1
21433,1
21434,2
21435,0
21436,0
21437,0
21438,0
21439,0
21440,0
21441,0
21442,2
21443,1
21444,0
21445,2
21446,1
21447,1
21448,0
21449,0
21450,0
21451,1
21452,1
21453,0
21454,1
21455,1
21456,0
21457,0
21458,1
21459,1
21460,0
21461,0
21462,1
21463,1
21464,1
21465,1
21466,0
21467,1
21468,1
21469,0
21470,1
21471,0
21472,1
21473,1
21474,0
21475,1
21476,1
21477,1
21478,0
21479,1
21480,1
21481,1
21482,2
21483,0
21484,1
21485,1
21486,1
21487,1
21488,0
21489,1
21490,0
21491,1
21492,0
21493,0
21494,1
21495,1
21496,0
21497,1
21498,1
21499,0
21500,0
21501,0
21502,1
21503,1
21504,0
21505,0
21506,1
21507,0
21508,1
21509,1
21510,0
21511,1
21512,1
21513,0
21514,0
21515,0
21516,0
21517,1
21518,0
21519,0
21520,1
21521,0
21522,0
21523,1
21524,1
21525,2
21526,0
21527,1
21528,0
21529,0
21530,1
21531,1
21532,0
21533,0
21534,1
21535,2
21536,0
21537,1
21538,1
21539,0
21540,1
21541,0
21542,1
21543,1
21544,0
21545,1
21546,0
21547,1
21548,1
21549,1
21550,0
21551,1
21552,1
21553,2
21554,1
21555,1
21556,1
21557,1
21558,0
21559,1
21560,1
21561,1
21562,1
21563,0
21564,0
21565,0
21566,0
21567,1
21568,2
21569,0
21570,0
21571,0
21572,0
21573,1
21574,0
21575,1
21576,1
21577,1
21578,1
21579,1
21580,2
21581,1
21582,0
21583,0
21584,1
21585,1
21586,0
21587,0
21588,0
21589,0
21590,0
21591,0
21592,0
21593,0
21594,1
21595,1
21596,0
21597,1
21598,0
21599,1
21600,0
21601,1
21602,1
21603,1
21604,1
21605,0
21606,1
21607,1
21608,2
21609,0
21610,0
21611,1
21612,0
21613,1
21614,1
21615,0
21616,1
21617,0
21618,1
21619,1
21620,0
21621,0
21622,0
21623,0
21624,0
21625,0
21626,2
21627,2
21628,1
21629,0
21630,0
21631,1
21632,0
21633,1
21634,1
21635,1
21636,1
21637,1
21638,1
21639,1
21640,0
21641,0
21642,0
21643,1
21644,1
21645,1
21646,1
21647,1
21648,1
21649,2
21650,1
21651,0
21652,1
21653,1
21654,0
21655,1
21656,0
21657,1
21658,1
21659,0
21660,0
21661,1
21662,0
21663,0
21664,0
21665,1
21666,1
21667,1
21668,1
21669,0
21670,0
21671,0
21672,0
21673,2
21674,1
21675,1
21676,0
21677,1
21678,1
21679,1
21680,1
21681,1
21682,1
21683,0
21684,1
21685,0
21686,1
21687,2
21688,1
21689,1
21690,0
21691,1
21692,0
21693,1
21694,1
21695,1
21696,1
21697,1
21698,0
21699,0
21700,1
21701,1
21702,0
21703,1
21704,1
21705,1
21706,0
21707,0
21708,1
21709,1
21710,1
21711,1
21712,1
21713,1
21714,1
21715,0
21716,1
21717,0
21718,1
21719,0
21720,0
21721,1
21722,0
21723,0
21724,1
21725,0
21726,0
21727,2
21728,2
21729,0
21730,0
21731,2
21732,1
21733,1
21734,0
21735,1
21736,0
21737,1
21738,1
21739,1
21740,0
21741,0
21742,0
21743,1
21744,1
21745,0
21746,1
21747,1
21748,1
21749,0
21750,0
21751,0
21752,0
21753,0
21754,0
21755,0
21756,0
21757,0
21758,0
21759,1
21760,0
21761,0
21762,0
21763,2
21764,1
21765,1
21766,0
21767,0
21768,0
21769,0
21770,1
21771,1
21772,1
21773,0
21774,1
21775,1
21776,1
21777,1
21778,1
21779,1
21780,1
21781,1
21782,0
21783,1
21784,1
21785,1
21786,0
21787,0
21788,1
21789,1
21790,1
21791,0
21792,0
21793,2
21794,0
21795,1
21796,1
21797,0
21798,1
21799,0
21800,0
21801,1
21802,0
21803,1
21804,1
21805,0
21806,1
21807,1
21808,2
21809,0
21810,0
21811,0
21812,1
21813,1
21814,0
21815,0
21816,1
21817,2
21818,0
21819,0
21820,1
21821,0
21822,0
21823,1
21824,0
21825,1
21826,2
21827,1
21828,0
21829,0
21830,0
21831,2
21832,1
21833,0
21834,0
21835,1
21836,0
21837,1
21838,1
21839,1
21840,1
21841,1
21842,0
21843,1
21844,2
21845,0
21846,0
21847,0
21848,2
21849,1
21850,0
21851,0
21852,1
21853,1
21854,1
21855,0
21856,0
21857,0
21858,0
21859,0
21860,0
21861,1
21862,0
21863,0
21864,2
21865,0
21866,1
21867,0
21868,0
21869,0
21870,0
21871,1
21872,1
21873,0
21874,1
21875,1
21876,0
21877,0
21878,1
21879,1
21880,2
21881,1
21882,1
21883,2
21884,1
21885,1
21886,2
21887,0
21888,1
21889,1
21890,1
21891,1
21892,1
21893,1
21894,0
21895,0
21896,1
21897,0
21898,1
21899,1
21900,1
21901,1
21902,0
21903,0
21904,1
21905,0
21906,0
21907,1
21908,1
21909,1
21910,0
21911,1
21912,0
21913,1
21914,1
21915,2
21916,1
21917,1
21918,1
21919,0
21920,1
21921,1
21922,1
21923,1
21924,1
21925,0
21926,0
21927,1
21928,0
21929,1
21930,1
21931,1
21932,0
21933,0
21934,1
21935,1
21936,0
21937,1
21938,0
21939,0
21940,0
21941,0
21942,1
21943,1
21944,0
21945,0
21946,0
21947,0
21948,0
21949,1
21950,0
21951,1
21952,0
21953,1
21954,1
21955,0
21956,0
21957,1
21958,1
21959,0
21960,1
21961,1
21962,2
21963,1
21964,0
21965,1
21966,0
21967,1
21968,0
21969,1
21970,0
21971,1
21972,0
21973,0
21974,1
21975,1
21976,0
21977,1
21978,1
21979,2
21980,1
21981,1
21982,1
21983,1
21984,0
21985,0
21986,0
21987,0
21988,0
21989,1
21990,0
21991,1
21992,1
21993,1
21994,0
21995,0
21996,1
21997,0
21998,0
21999,0
22000,1
22001,2
22002,0
22003,0
22004,1
22005,1
22006,2
22007,1
22008,1
22009,1
22010,0
22011,0
22012,1
22013,1
22014,0
22015,1
22016,1
22017,1
22018,0
22019,0
22020,1
22021,1
22022,0
22023,0
22024,0
22025,2
22026,1
22027,1
22028,0
22029,0
22030,0
22031,1
22032,1
22033,1
22034,1
22035,1
22036,2
22037,0
22038,0
22039,0
22040,1
22041,0
22042,1
22043,0
22044,0
22045,0
22046,0
22047,0
22048,0
22049,2
22050,1
22051,1
22052,0
22053,2
22054,0
22055,1
22056,1
22057,1
22058,0
22059,1
22060,0
22061,1
22062,0
22063,2
22064,0
22065,0
22066,2
22067,0
22068,0
22069,0
22070,1
22071,0
22072,1
22073,1
22074,1
22075,0
22076,1
22077,1
22078,1
22079,1
22080,1
22081,0
22082,2
22083,0
22084,1
22085,0
22086,0
22087,1
22088,1
22089,0
22090,1
22091,0
22092,1
22093,1
22094,1
22095,1
22096,1
22097,1
22098,0
22099,0
22100,0
22101,0
22102,1
22103,1
22104,1
22105,0
22106,1
22107,1
22108,0
22109,0
22110,0
22111,2
22112,0
22113,1
22114,0
22115,0
22116,0
22117,1
22118,1
22119,1
22120,1
22121,0
22122,1
22123,0
22124,0
22125,1
22126,0
22127,1
22128,0
22129,1
22130,2
22131,0
22132,1
22133,0
22134,0
22135,1
22136,0
22137,2
22138,0
22139,0
22140,0
22141,1
22142,1
22143,0
22144,1
22145,0
22146,1
22147,0
22148,0
22149,0
22150,1
22151,0
22152,0
22153,0
22154,0
22155,0
22156,1
22157,0
22158,1
22159,0
22160,0
22161,0
22162,1
22163,1
22164,0
22165,1
22166,0
22167,1
22168,1
22169,0
22170,1
22171,1
22172,0
22173,1
22174,0
22175,0
22176,0
22177,1
22178,1
22179,1
22180,1
22181,0
22182,0
22183,1
22184,0
22185,0
22186,1
22187,1
22188,0
22189,0
22190,1
22191,1
22192,1
22193,0
22194,1
22195,0
22196,0
22197,1
22198,1
22199,1
22200,0
22201,1
22202,1
22203,0
22204,0
22205,0
22206,1
22207,1
22208,1
22209,1
22210,0
22211,0
22212,1
22213,0
22214,0
22215,1
22216,2
22217,0
22218,1
22219,0
22220,0
22221,1
22222,1
22223,1
22224,0
22225,1
22226,1
22227,1
22228,1
22229,0
22230,0
22231,0
22232,1
22233,1
22234,0
22235,1
22236,1
22237,0
22238,0
22239,1
22240,2
22241,1
22242,0
22243,0
22244,1
22245,2
22246,1
22247,1
22248,0
22249,1
22250,1
22251,1
22252,1
22253,1
22254,1
22255,1
22256,0
22257,1
22258,1
22259,0
22260,1
22261,1
22262,1
22263,1
22264,1
22265,1
22266,0
22267,0
22268,0
22269,1
22270,0
22271,2
22272,1
22273,1
22274,2
22275,0
22276,0
22277,0
22278,1
22279,1
22280,0
22281,1
22282,0
22283,1
22284,1
22285,0
22286,1
22287,0
22288,1
22289,0
22290,1
22291,0
22292,1
22293,1
22294,1
22295,0
22296,0
22297,2
22298,1
22299,1
22300,1
22301,1
22302,0
22303,1
22304,1
22305,1
22306,0
22307,1
22308,1
22309,2
22310,1
22311,0
22312,0
22313,0
22314,1
22315,1
22316,1
22317,2
22318,0
22319,1
22320,1
22321,0
22322,2
22323,1
22324,0
22325,1
22326,1
22327,1
22328,1
22329,2
22330,2
22331,2
22332,1
22333,1
22334,1
22335,0
22336,0
22337,0
22338,1
22339,0
22340,0
22341,0
22342,0
22343,1
22344,1
22345,1
22346,1
22347,1
22348,1
22349,1
22350,0
22351,0
22352,0
22353,1
22354,1
22355,1
22356,0
22357,1
22358,2
22359,1
22360,0
22361,1
22362,1
22363,1
22364,0
22365,1
22366,0
22367,1
22368,0
22369,0
22370,1
22371,1
22372,2
22373,1
22374,0
22375,1
22376,1
22377,2
22378,1
22379,1
22380,1
22381,1
22382,0
22383,1
22384,0
22385,1
22386,1
22387,1
22388,1
22389,0
22390,1
22391,1
22392,0
22393,1
22394,0
22395,1
22396,1
22397,1
22398,1
22399,0
22400,1
22401,2
22402,0
22403,1
22404,1
22405,0
22406,1
22407,1
22408,0
22409,0
22410,1
22411,0
22412,1
22413,0
22414,1
22415,0
22416,1
22417,0
22418,0
22419,1
22420,1
22421,1
22422,0
22423,1
22424,0
22425,1
22426,2
22427,0
22428,1
22429,0
22430,1
22431,1
22432,1
22433,0
22434,0
22435,1
22436,0
22437,1
22438,1
22439,1
22440,1
22441,0
22442,0
22443,1
22444,0
22445,1
22446,1
22447,1
22448,1
22449,0
22450,1
22451,1
22452,0
22453,1
22454,1
22455,1
22456,1
22457,1
22458,1
22459,1
22460,0
22461,1
22462,0
22463,1
22464,1
22465,1
22466,1
22467,1
22468,2
22469,0
22470,0
22471,0
22472,1
22473,0
22474,1
22475,1
22476,0
22477,1
22478,0
22479,1
22480,1
22481,2
22482,0
22483,0
22484,0
22485,2
22486,0
22487,1
22488,0
22489,0
22490,1
22491,0
22492,1
22493,1
22494,0
22495,1
22496,0
22497,0
22498,1
22499,1
22500,0
22501,0
22502,1
22503,1
22504,0
22505,0
22506,0
22507,0
22508,1
22509,0
22510,1
22511,1
22512,1
22513,0
22514,1
22515,1
22516,1
22517,0
22518,2
22519,0
22520,2
22521,1
22522,0
22523,1
22524,1
22525,0
22526,0
22527,0
22528,1
22529,1
22530,2
22531,1
22532,0
22533,1
22534,0
22535,1
22536,1
22537,1
22538,0
22539,0
22540,0
22541,0
22542,2
22543,0
22544,1
22545,0
22546,1
22547,0
22548,1
22549,0
22550,2
22551,0
22552,0
22553,1
22554,0
22555,0
22556,1
22557,1
22558,0
22559,1
22560,1
22561,0
22562,1
22563,1
22564,0
22565,0
22566,0
22567,2
22568,0
22569,0
22570,1
22571,1
22572,1
22573,1
22574,0
22575,1
22576,1
22577,1
22578,0
22579,1
22580,0
22581,0
22582,1
22583,0
22584,0
22585,0
22586,0
22587,1
22588,1
22589,0
22590,1
22591,0
22592,1
22593,0
22594,0
22595,0
22596,1
22597,1
22598,0
22599,0
22600,1
22601,1
22602,0
22603,1
22604,0
22605,1
22606,1
22607,1
22608,0
22609,0
22610,1
22611,0
22612,1
22613,1
22614,1
22615,2
22616,1
22617,2
22618,0
22619,1
22620,1
22621,1
22622,0
22623,1
22624,0
22625,1
22626,0
22627,0
22628,1
22629,0
22630,0
22631,1
22632,1
22633,0
22634,1
22635,0
22636,1
22637,1
22638,1
22639,1
22640,1
22641,1
22642,1
22643,1
22644,0
22645,1
22646,1
22647,1
22648,1
22649,1
22650,1
22651,1
22652,1
22653,1
22654,0
22655,0
22656,0
22657,1
22658,1
22659,0
22660,0
22661,1
22662,1
22663,1
22664,0
22665,0
22666,1
22667,0
22668,1
22669,1
22670,0
22671,1
22672,0
22673,0
22674,0
22675,1
22676,1
22677,0
22678,1
22679,0
22680,1
22681,1
22682,0
22683,1
22684,1
22685,0
22686,0
22687,1
22688,1
22689,0
22690,2
22691,1
22692,1
22693,1
22694,0
22695,1
22696,0
22697,0
22698,2
22699,1
22700,1
22701,2
22702,1
22703,1
22704,1
22705,0
22706,1
22707,1
22708,0
22709,1
22710,0
22711,2
22712,1
22713,1
22714,0
22715,0
22716,0
22717,0
22718,0
22719,2
22720,0
22721,0
22722,1
22723,1
22724,0
22725,0
22726,1
22727,0
22728,0
22729,1
22730,1
22731,1
22732,1
22733,2
22734,0
22735,1
22736,2
22737,0
22738,0
22739,0
22740,2
22741,1
22742,2
22743,1
22744,1
22745,0
22746,1
22747,0
22748,1
22749,1
22750,0
22751,0
22752,1
22753,0
22754,0
22755,1
22756,0
22757,0
22758,1
22759,0
22760,1
22761,0
22762,1
22763,1
22764,0
22765,2
22766,0
22767,1
22768,1
22769,1
22770,0
22771,0
22772,0
22773,0
22774,1
22775,2
22776,1
22777,2
22778,1
22779,1
22780,1
22781,0
22782,1
22783,1
22784,1
22785,1
22786,2
22787,1
22788,1
22789,0
22790,0
22791,0
22792,2
22793,1
22794,0
22795,0
22796,1
22797,1
22798,0
22799,1
22800,1
22801,0
22802,1
22803,1
22804,1
22805,1
22806,1
22807,1
22808,0
22809,1
22810,0
22811,0
22812,0
22813,1
22814,1
22815,1
22816,1
22817,0
22818,1
22819,2
22820,1
22821,0
22822,2
22823,0
22824,2
22825,0
22826,1
22827,1
22828,2
22829,0
22830,1
22831,1
22832,2
22833,1
22834,1
22835,0
22836,1
22837,0
22838,1
22839,1
22840,1
22841,2
22842,1
22843,0
22844,0
22845,0
22846,0
22847,1
22848,1
22849,1
22850,0
22851,1
22852,0
22853,0
22854,1
22855,0
22856,1
22857,1
22858,1
22859,1
22860,1
22861,1
22862,2
22863,1
22864,1
22865,1
22866,0
22867,0
22868,0
22869,1
22870,0
22871,1
22872,0
22873,1
22874,1
22875,0
22876,1
22877,0
22878,0
22879,0
22880,0
22881,1
22882,0
22883,1
22884,0
22885,0
22886,0
22887,0
22888,2
22889,0
22890,1
22891,0
22892,0
22893,0
22894,1
22895,0
22896,1
22897,0
22898,0
22899,1
22900,1
22901,2
22902,1
22903,0
22904,0
22905,0
22906,0
22907,0
22908,2
22909,0
22910,0
22911,0
22912,0
22913,1
22914,0
22915,0
22916,1
22917,1
22918,0
22919,1
22920,1
22921,0
22922,0
22923,0
22924,0
22925,0
22926,0
22927,0
22928,0
22929,1
22930,0
22931,1
22932,1
22933,0
22934,1
22935,0
22936,2
22937,1
22938,2
22939,1
22940,1
22941,1
22942,1
22943,0
22944,0
22945,0
22946,0
22947,1
22948,1
22949,0
22950,0
22951,1
22952,0
22953,0
22954,0
22955,1
22956,1
22957,2
22958,0
22959,0
22960,0
22961,1
22962,0
22963,0
22964,0
22965,1
22966,1
22967,0
22968,1
22969,1
22970,0
22971,0
22972,1
22973,1
22974,0
22975,0
22976,2
22977,0
22978,2
22979,1
22980,1
22981,1
22982,0
22983,0
22984,1
22985,1
22986,0
22987,1
22988,1
22989,1
22990,0
22991,1
22992,0
22993,1
22994,0
22995,2
22996,0
22997,1
22998,1
22999,1
23000,1
23001,0
23002,0
23003,1
23004,0
23005,1
23006,1
23007,0
23008,1
23009,1
23010,1
23011,1
23012,1
23013,0
23014,0
23015,1
23016,1
23017,0
23018,1
23019,1
23020,1
23021,0
23022,1
23023,0
23024,1
23025,2
23026,0
23027,0
23028,1
23029,1
23030,0
23031,0
23032,0
23033,1
23034,1
23035,0
23036,1
23037,1
23038,0
23039,1
23040,0
23041,2
23042,2
23043,1
23044,1
23045,1
23046,1
23047,1
23048,1
23049,2
23050,1
23051,1
23052,1
23053,1
23054,0
23055,1
23056,1
23057,2
23058,0
23059,1
23060,0
23061,0
23062,0
23063,1
23064,2
23065,0
23066,1
23067,0
23068,1
23069,0
23070,0
23071,0
23072,1
23073,1
23074,0
23075,1
23076,1
23077,0
23078,1
23079,1
23080,1
23081,0
23082,0
23083,1
23084,1
23085,1
23086,1
23087,1
23088,0
23089,1
23090,1
23091,0
23092,1
23093,1
23094,1
23095,1
23096,1
23097,1
23098,0
23099,1
23100,1
23101,0
23102,1
23103,1
23104,0
23105,1
23106,0
23107,1
23108,1
23109,1
23110,1
23111,0
23112,0
23113,0
23114,0
23115,0
23116,1
23117,1
23118,0
23119,0
23120,1
23121,2
23122,0
23123,0
23124,1
23125,0
23126,0
23127,1
23128,1
23129,2
23130,1
23131,0
23132,2
23133,1
23134,1
23135,1
23136,2
23137,1
23138,1
23139,1
23140,1
23141,1
23142,1
23143,1
23144,1
23145,0
23146,1
23147,1
23148,1
23149,1
23150,2
23151,2
23152,2
23153,0
23154,1
23155,0
23156,1
23157,1
23158,1
23159,0
23160,0
23161,0
23162,1
23163,2
23164,0
23165,0
23166,0
23167,0
23168,1
23169,0
23170,0
23171,1
23172,1
23173,1
23174,0
23175,2
23176,1
23177,1
23178,0
23179,1
23180,1
23181,0
23182,0
23183,1
23184,1
23185,2
23186,1
23187,1
23188,1
23189,0
23190,1
23191,1
23192,1
23193,0
23194,0
23195,1
23196,0
23197,1
23198,0
23199,1
23200,0
23201,0
23202,1
23203,0
23204,0
23205,1
23206,0
23207,2
23208,1
23209,0
23210,0
23211,1
23212,1
23213,0
23214,1
23215,1
23216,1
23217,0
23218,1
23219,0
23220,1
23221,1
23222,0
23223,1
23224,0
23225,1
23226,1
23227,1
23228,1
23229,1
23230,2
23231,1
23232,0
23233,1
23234,1
23235,0
23236,1
23237,2
23238,1
23239,1
23240,1
23241,0
23242,0
23243,0
23244,1
23245,1
23246,2
23247,0
23248,1
23249,1
23250,0
23251,2
23252,1
23253,1
23254,1
23255,0
23256,1
23257,0
23258,0
23259,0
23260,1
23261,1
23262,0
23263,0
23264,1
23265,0
23266,1
23267,1
23268,0
23269,1
23270,1
23271,1
23272,1
23273,1
23274,1
23275,1
23276,1
23277,1
23278,2
23279,0
23280,1
23281,0
23282,1
23283,1
23284,0
23285,0
23286,0
23287,1
23288,0
23289,0
23290,0
23291,1
23292,0
23293,2
23294,1
23295,0
23296,1
23297,0
23298,0
23299,2
23300,1
23301,1
23302,0
23303,0
23304,1
23305,1
23306,1
23307,1
23308,1
23309,1
23310,1
23311,1
23312,0
23313,0
23314,0
23315,1
23316,0
23317,2
23318,0
23319,0
23320,0
23321,1
23322,0
23323,0
23324,2
23325,1
23326,0
23327,1
23328,1
23329,1
23330,1
23331,0
23332,1
23333,1
23334,1
23335,1
23336,2
23337,1
23338,1
23339,0
23340,1
23341,0
23342,1
23343,0
23344,1
23345,1
23346,1
23347,0
23348,0
23349,0
23350,0
23351,1
23352,1
23353,0
23354,0
23355,2
23356,0
23357,1
23358,0
23359,0
23360,0
23361,0
23362,1
23363,2
23364,0
23365,1
23366,1
23367,1
23368,0
23369,2
23370,0
23371,1
23372,1
23373,1
23374,1
23375,1
23376,1
23377,0
23378,0
23379,0
23380,1
23381,0
23382,2
23383,0
23384,0
23385,0
23386,1
23387,0
23388,0
23389,0
23390,1
23391,0
23392,1
23393,0
23394,1
23395,0
23396,1
23397,0
23398,1
23399,0
23400,0
23401,1
23402,1
23403,0
23404,0
23405,1
23406,0
23407,1
23408,0
23409,1
23410,0
23411,2
23412,0
23413,1
23414,1
23415,2
23416,0
23417,1
23418,0
23419,1
23420,1
23421,1
23422,1
23423,0
23424,1
23425,0
23426,0
23427,0
23428,2
23429,0
23430,0
23431,0
23432,1
23433,2
23434,0
23435,1
23436,0
23437,1
23438,0
23439,0
23440,1
23441,1
23442,0
23443,2
23444,0
23445,0
23446,0
23447,1
23448,0
23449,1
23450,1
23451,0
23452,1
23453,2
23454,1
23455,0
23456,0
23457,2
23458,1
23459,1
23460,1
23461,1
23462,0
23463,2
23464,1
23465,1
23466,0
23467,1
23468,0
23469,0
23470,1
23471,1
23472,2
23473,1
23474,1
23475,0
23476,0
23477,1
23478,1
