index,cluster
0,2
1,1
2,1
3,0
4,1
5,2
6,0
7,2
8,1
9,2
10,2
11,1
12,2
13,1
14,2
15,0
16,2
17,0
18,1
19,1
20,1
21,2
22,1
23,1
24,1
25,2
26,2
27,2
28,2
29,2
30,2
31,1
32,1
33,1
34,1
35,1
36,1
37,1
38,1
39,0
40,1
41,2
42,2
43,1
44,1
45,2
46,2
47,1
48,1
49,1
50,1
51,2
52,1
53,2
54,1
55,1
56,2
57,1
58,1
59,1
60,1
61,1
62,0
63,1
64,1
65,1
66,1
67,1
68,0
69,1
70,1
71,1
72,1
73,1
74,1
75,1
76,1
77,1
78,0
79,1
80,2
81,1
82,2
83,1
84,1
85,0
86,1
87,1
88,1
89,1
90,1
91,0
92,1
93,1
94,1
95,2
96,1
97,1
98,1
99,2
100,0
101,1
102,2
103,1
104,2
105,2
106,1
107,1
108,1
109,0
110,1
111,2
112,1
113,1
114,1
115,1
116,2
117,2
118,1
119,2
120,1
121,2
122,1
123,1
124,1
125,2
126,1
127,1
128,2
129,0
130,2
131,1
132,2
133,1
134,1
135,1
136,1
137,2
138,1
139,2
140,2
141,2
142,1
143,2
144,2
145,1
146,1
147,2
148,1
149,1
150,2
151,2
152,2
153,2
154,1
155,1
156,1
157,1
158,1
159,0
160,1
161,2
162,1
163,2
164,1
165,1
166,0
167,1
168,2
169,2
170,1
171,1
172,0
173,1
174,1
175,1
176,1
177,1
178,1
179,2
180,2
181,2
182,2
183,2
184,1
185,1
186,1
187,1
188,2
189,2
190,2
191,2
192,2
193,2
194,1
195,1
196,2
197,1
198,2
199,2
200,2
201,2
202,2
203,2
204,2
205,1
206,1
207,1
208,1
209,0
210,1
211,1
212,2
213,0
214,2
215,1
216,2
217,2
218,1
219,2
220,1
221,2
222,1
223,2
224,1
225,2
226,2
227,2
228,1
229,0
230,1
231,2
232,0
233,1
234,0
235,2
236,2
237,1
238,0
239,1
240,1
241,1
242,2
243,1
244,2
245,1
246,1
247,1
248,2
249,1
250,1
251,2
252,1
253,2
254,2
255,2
256,0
257,1
258,1
259,0
260,2
261,1
262,1
263,2
264,1
265,2
266,1
267,1
268,2
269,1
270,2
271,2
272,2
273,0
274,1
275,1
276,1
277,1
278,2
279,2
280,1
281,1
282,1
283,2
284,0
285,1
286,2
287,1
288,1
289,1
290,1
291,0
292,0
293,1
294,1
295,0
296,1
297,2
298,1
299,1
300,2
301,2
302,2
303,1
304,1
305,1
306,1
307,1
308,0
309,1
310,1
311,1
312,1
313,0
314,0
315,1
316,0
317,2
318,1
319,1
320,1
321,1
322,2
323,1
324,1
325,1
326,2
327,1
328,2
329,0
330,0
331,2
332,2
333,2
334,2
335,2
336,2
337,1
338,1
339,1
340,2
341,2
342,1
343,1
344,2
345,0
346,0
347,2
348,1
349,1
350,2
351,1
352,2
353,2
354,2
355,1
356,1
357,2
358,2
359,2
360,1
361,1
362,2
363,2
364,1
365,2
366,2
367,2
368,2
369,1
370,2
371,2
372,1
373,2
374,0
375,1
376,1
377,2
378,1
379,2
380,1
381,2
382,1
383,2
384,1
385,2
386,1
387,2
388,1
389,2
390,1
391,0
392,1
393,1
394,0
395,2
396,1
397,0
398,2
399,2
400,1
401,1
402,2
403,1
404,2
405,1
406,2
407,2
408,1
409,1
410,1
411,0
412,1
413,2
414,2
415,1
416,1
417,1
418,2
419,1
420,1
421,2
422,0
423,2
424,1
425,1
426,1
427,2
428,2
429,1
430,2
431,2
432,2
433,0
434,2
435,1
436,1
437,1
438,0
439,0
440,0
441,1
442,1
443,2
444,2
445,2
446,1
447,1
448,1
449,1
450,2
451,2
452,2
453,1
454,1
455,1
456,2
457,1
458,1
459,2
460,1
461,2
462,0
463,1
464,2
465,1
466,2
467,1
468,1
469,2
470,1
471,1
472,2
473,2
474,0
475,2
476,1
477,2
478,2
479,1
480,0
481,0
482,2
483,0
484,1
485,1
486,1
487,2
488,2
489,1
490,2
491,1
492,1
493,1
494,1
495,2
496,0
497,2
498,2
499,2
500,0
501,2
502,0
503,1
504,1
505,1
506,0
507,2
508,2
509,2
510,2
511,1
512,2
513,0
514,0
515,2
516,2
517,1
518,2
519,1
520,1
521,1
522,0
523,0
524,0
525,2
526,1
527,2
528,2
529,2
530,1
531,1
532,1
533,1
534,2
535,1
536,2
537,1
538,1
539,1
540,1
541,1
542,1
543,0
544,2
545,0
546,0
547,2
548,1
549,0
550,1
551,1
552,1
553,1
554,1
555,2
556,1
557,1
558,1
559,2
560,1
561,2
562,1
563,0
564,2
565,0
566,2
567,1
568,1
569,1
570,1
571,1
572,2
573,2
574,1
575,0
576,1
577,2
578,1
579,2
580,2
581,2
582,1
583,1
584,0
585,2
586,1
587,2
588,1
589,1
590,1
591,2
592,1
593,1
594,2
595,1
596,2
597,2
598,0
599,1
600,2
601,1
602,1
603,2
604,2
605,2
606,2
607,1
608,1
609,2
610,0
611,2
612,1
613,2
614,2
615,1
616,1
617,2
618,1
619,1
620,2
621,2
622,2
623,1
624,2
625,1
626,2
627,1
628,1
629,2
630,1
631,2
632,2
633,2
634,2
635,2
636,1
637,2
638,2
639,0
640,1
641,0
642,2
643,2
644,1
645,2
646,1
647,1
648,2
649,1
650,2
651,1
652,2
653,2
654,1
655,2
656,2
657,2
658,1
659,2
660,2
661,1
662,0
663,0
664,2
665,1
666,2
667,1
668,2
669,2
670,1
671,1
672,1
673,1
674,1
675,1
676,2
677,1
678,2
679,1
680,2
681,2
682,1
683,1
684,1
685,0
686,1
687,0
688,2
689,1
690,1
691,2
692,2
693,2
694,1
695,1
696,1
697,2
698,1
699,1
700,1
701,2
702,1
703,2
704,1
705,1
706,1
707,1
708,1
709,2
710,1
711,1
712,2
713,1
714,1
715,2
716,1
717,2
718,2
719,1
720,1
721,2
722,2
723,1
724,2
725,2
726,0
727,2
728,1
729,1
730,2
731,1
732,2
733,2
734,0
735,2
736,1
737,2
738,1
739,2
740,1
741,1
742,1
743,0
744,2
745,1
746,1
747,2
748,1
749,1
750,1
751,2
752,1
753,2
754,2
755,1
756,1
757,1
758,1
759,1
760,1
761,0
762,2
763,2
764,2
765,1
766,0
767,2
768,1
769,2
770,1
771,2
772,1
773,0
774,2
775,1
776,1
777,2
778,1
779,1
780,1
781,1
782,1
783,2
784,1
785,1
786,1
787,1
788,1
789,2
790,1
791,2
792,1
793,1
794,2
795,1
796,2
797,2
798,0
799,2
800,0
801,1
802,2
803,1
804,2
805,2
806,1
807,0
808,1
809,2
810,2
811,1
812,2
813,2
814,1
815,1
816,2
817,1
818,2
819,1
820,2
821,1
822,2
823,1
824,2
825,2
826,1
827,2
828,2
829,2
830,1
831,1
832,2
833,2
834,2
835,2
836,2
837,2
838,1
839,1
840,2
841,1
842,2
843,1
844,1
845,1
846,2
847,2
848,2
849,2
850,2
851,2
852,2
853,1
854,1
855,0
856,1
857,1
858,1
859,2
860,1
861,1
862,1
863,1
864,1
865,0
866,2
867,1
868,1
869,1
870,2
871,2
872,0
873,0
874,1
875,2
876,2
877,1
878,2
879,2
880,2
881,0
882,2
883,1
884,0
885,2
886,2
887,1
888,1
889,1
890,2
891,2
892,2
893,2
894,0
895,2
896,2
897,2
898,2
899,2
900,1
901,0
902,1
903,1
904,2
905,1
906,1
907,2
908,0
909,0
910,1
911,1
912,0
913,0
914,2
915,2
916,1
917,1
918,1
919,2
920,2
921,1
922,0
923,2
924,2
925,1
926,1
927,1
928,0
929,1
930,2
931,1
932,1
933,1
934,1
935,0
936,1
937,1
938,1
939,0
940,0
941,0
942,1
943,0
944,2
945,2
946,2
947,2
948,1
949,2
950,2
951,2
952,2
953,2
954,2
955,2
956,0
957,2
958,0
959,2
960,2
961,1
962,1
963,1
964,2
965,1
966,1
967,2
968,0
969,2
970,2
971,1
972,0
973,2
974,1
975,1
976,2
977,1
978,2
979,1
980,0
981,2
982,1
983,2
984,2
985,1
986,1
987,2
988,2
989,2
990,2
991,1
992,2
993,1
994,1
995,2
996,2
997,1
998,2
999,2
1000,1
1001,0
1002,2
1003,1
1004,2
1005,1
1006,0
1007,1
1008,1
1009,1
1010,2
1011,1
1012,1
1013,0
1014,2
1015,2
1016,2
1017,1
1018,0
1019,2
1020,2
1021,1
1022,0
1023,0
1024,2
1025,2
1026,1
1027,2
1028,0
1029,1
1030,1
1031,1
1032,1
1033,1
1034,2
1035,2
1036,0
1037,2
1038,1
1039,1
1040,1
1041,1
1042,1
1043,1
1044,2
1045,2
1046,2
1047,1
1048,1
1049,1
1050,1
1051,1
1052,1
1053,0
1054,1
1055,2
1056,2
1057,2
1058,2
1059,1
1060,1
1061,2
1062,1
1063,2
1064,1
1065,2
1066,0
1067,2
1068,1
1069,1
1070,1
1071,0
1072,2
1073,2
1074,2
1075,1
1076,2
1077,0
1078,1
1079,2
1080,2
1081,1
1082,1
1083,1
1084,1
1085,2
1086,0
1087,1
1088,1
1089,1
1090,1
1091,1
1092,1
1093,1
1094,2
1095,1
1096,2
1097,2
1098,2
1099,0
1100,2
1101,0
1102,2
1103,2
1104,1
1105,1
1106,2
1107,1
1108,2
1109,2
1110,2
1111,1
1112,2
1113,1
1114,1
1115,2
1116,0
1117,2
1118,2
1119,2
1120,1
1121,1
1122,2
1123,1
1124,1
1125,1
1126,2
1127,1
1128,0
1129,2
1130,0
1131,2
1132,2
1133,2
1134,2
1135,1
1136,0
1137,2
1138,1
1139,1
1140,2
1141,1
1142,1
1143,2
1144,2
1145,2
1146,0
1147,1
1148,0
1149,2
1150,2
1151,1
1152,2
1153,1
1154,1
1155,2
1156,2
1157,1
1158,2
1159,1
1160,0
1161,2
1162,1
1163,2
1164,2
1165,1
1166,1
1167,0
1168,1
1169,1
1170,1
1171,1
1172,0
1173,1
1174,2
1175,2
1176,2
1177,1
1178,1
1179,1
1180,1
1181,1
1182,2
1183,2
1184,1
1185,1
1186,2
1187,2
1188,1
1189,1
1190,1
1191,1
1192,0
1193,2
1194,1
1195,1
1196,1
1197,1
1198,0
1199,1
1200,0
1201,1
1202,1
1203,0
1204,2
1205,1
1206,0
1207,2
1208,1
1209,2
1210,2
1211,1
1212,1
1213,1
1214,2
1215,1
1216,1
1217,2
1218,1
1219,1
1220,2
1221,2
1222,0
1223,2
1224,1
1225,2
1226,2
1227,1
1228,1
1229,2
1230,2
1231,2
1232,1
1233,1
1234,1
1235,2
1236,0
1237,1
1238,0
1239,2
1240,1
1241,1
1242,0
1243,1
1244,2
1245,2
1246,1
1247,1
1248,1
1249,1
1250,1
1251,1
1252,1
1253,1
1254,1
1255,1
1256,2
1257,2
1258,2
1259,1
1260,0
1261,1
1262,1
1263,2
1264,0
1265,0
1266,1
1267,1
1268,1
1269,2
1270,1
1271,0
1272,1
1273,1
1274,1
1275,0
1276,1
1277,2
1278,2
1279,2
1280,1
1281,1
1282,2
1283,1
1284,2
1285,1
1286,2
1287,1
1288,2
1289,1
1290,0
1291,1
1292,1
1293,2
1294,2
1295,2
1296,2
1297,2
1298,0
1299,2
1300,2
1301,0
1302,2
1303,1
1304,1
1305,2
1306,1
1307,1
1308,1
1309,2
1310,0
1311,2
1312,1
1313,1
1314,1
1315,2
1316,1
1317,1
1318,1
1319,1
1320,2
1321,2
1322,2
1323,1
1324,2
1325,0
1326,1
1327,1
1328,1
1329,1
1330,0
1331,2
1332,0
1333,1
1334,2
1335,2
1336,1
1337,2
1338,0
1339,1
1340,1
1341,2
1342,1
1343,2
1344,1
1345,1
1346,2
1347,2
1348,2
1349,2
1350,2
1351,2
1352,2
1353,1
1354,0
1355,1
1356,2
1357,2
1358,2
1359,1
1360,2
1361,2
1362,1
1363,1
1364,2
1365,2
1366,1
1367,2
1368,2
1369,0
1370,1
1371,0
1372,2
1373,1
1374,0
1375,2
1376,0
1377,1
1378,1
1379,1
1380,1
1381,2
1382,1
1383,1
1384,0
1385,1
1386,0
1387,1
1388,2
1389,1
1390,2
1391,1
1392,2
1393,1
1394,2
1395,1
1396,2
1397,1
1398,2
1399,2
1400,1
1401,2
1402,2
1403,2
1404,2
1405,2
1406,1
1407,1
1408,0
1409,2
1410,2
1411,2
1412,2
1413,0
1414,1
1415,0
1416,2
1417,2
1418,1
1419,2
1420,2
1421,1
1422,0
1423,0
1424,1
1425,1
1426,0
1427,1
1428,1
1429,2
1430,0
1431,2
1432,2
1433,2
1434,0
1435,2
1436,1
1437,2
1438,2
1439,1
1440,2
1441,2
1442,2
1443,2
1444,1
1445,0
1446,1
1447,0
1448,2
1449,2
1450,1
1451,0
1452,2
1453,1
1454,1
1455,1
1456,0
1457,1
1458,2
1459,2
1460,2
1461,2
1462,1
1463,1
1464,2
1465,1
1466,1
1467,1
1468,1
1469,1
1470,2
1471,1
1472,1
1473,1
1474,1
1475,1
1476,1
1477,1
1478,1
1479,1
1480,1
1481,1
1482,2
1483,0
1484,2
1485,2
1486,1
1487,0
1488,1
1489,2
1490,1
1491,2
1492,2
1493,1
1494,1
1495,1
1496,0
1497,1
1498,1
1499,1
1500,1
1501,1
1502,1
1503,2
1504,2
1505,1
1506,2
1507,1
1508,1
1509,0
1510,1
1511,2
1512,2
1513,1
1514,1
1515,0
1516,2
1517,0
1518,2
1519,2
1520,1
1521,2
1522,0
1523,1
1524,2
1525,0
1526,2
1527,2
1528,1
1529,1
1530,2
1531,0
1532,2
1533,1
1534,1
1535,1
1536,1
1537,1
1538,1
1539,2
1540,0
1541,2
1542,2
1543,1
1544,1
1545,2
1546,1
1547,1
1548,1
1549,2
1550,1
1551,1
1552,1
1553,0
1554,1
1555,2
1556,0
1557,1
1558,1
1559,2
1560,2
1561,1
1562,1
1563,1
1564,1
1565,1
1566,0
1567,1
1568,2
1569,2
1570,2
1571,1
1572,2
1573,0
1574,2
1575,2
1576,1
1577,2
1578,2
1579,1
1580,1
1581,2
1582,1
1583,2
1584,1
1585,0
1586,2
1587,0
1588,2
1589,1
1590,2
1591,1
1592,0
1593,1
1594,1
1595,0
1596,1
1597,1
1598,2
1599,0
1600,2
1601,2
1602,2
1603,2
1604,1
1605,2
1606,2
1607,2
1608,1
1609,1
1610,2
1611,0
1612,2
1613,0
1614,2
1615,1
1616,1
1617,1
1618,2
1619,1
1620,2
1621,2
1622,1
1623,2
1624,2
1625,1
1626,2
1627,0
1628,2
1629,2
1630,1
1631,2
1632,1
1633,1
1634,2
1635,1
1636,2
1637,1
1638,0
1639,1
1640,1
1641,1
1642,2
1643,0
1644,2
1645,0
1646,2
1647,1
1648,0
1649,1
1650,1
1651,2
1652,1
1653,2
1654,2
1655,2
1656,1
1657,1
1658,2
1659,2
1660,0
1661,1
1662,2
1663,2
1664,1
1665,2
1666,0
1667,1
1668,2
1669,2
1670,2
1671,2
1672,2
1673,1
1674,2
1675,0
1676,2
1677,2
1678,2
1679,2
1680,2
1681,1
1682,1
1683,2
1684,1
1685,1
1686,2
1687,1
1688,1
1689,1
1690,1
1691,1
1692,2
1693,2
1694,1
1695,0
1696,2
1697,2
1698,1
1699,2
1700,2
1701,1
1702,1
1703,2
1704,1
1705,2
1706,1
1707,1
1708,2
1709,1
1710,2
1711,0
1712,1
1713,2
1714,1
1715,1
1716,2
1717,1
1718,0
1719,2
1720,1
1721,2
1722,1
1723,1
1724,2
1725,2
1726,1
1727,1
1728,2
1729,2
1730,2
1731,1
1732,1
1733,1
1734,2
1735,2
1736,2
1737,1
1738,1
1739,0
1740,0
1741,1
1742,2
1743,1
1744,1
1745,1
1746,1
1747,2
1748,1
1749,1
1750,2
1751,1
1752,0
1753,0
1754,2
1755,2
1756,1
1757,2
1758,2
1759,1
1760,1
1761,0
1762,2
1763,1
1764,1
1765,1
1766,2
1767,1
1768,2
1769,1
1770,1
1771,1
1772,1
1773,1
1774,1
1775,1
1776,2
1777,2
1778,2
1779,1
1780,1
1781,1
1782,2
1783,1
1784,0
1785,2
1786,2
1787,2
1788,0
1789,1
1790,1
1791,2
1792,1
1793,1
1794,2
1795,1
1796,1
1797,1
1798,2
1799,2
1800,1
1801,2
1802,1
1803,1
1804,2
1805,2
1806,2
1807,1
1808,2
1809,2
1810,1
1811,1
1812,1
1813,2
1814,0
1815,2
1816,2
1817,2
1818,0
1819,2
1820,0
1821,1
1822,0
1823,2
1824,1
1825,2
1826,0
1827,0
1828,2
1829,0
1830,2
1831,1
1832,2
1833,1
1834,2
1835,2
1836,1
1837,1
1838,1
1839,2
1840,1
1841,1
1842,1
1843,2
1844,2
1845,1
1846,1
1847,1
1848,1
1849,0
1850,0
1851,1
1852,2
1853,2
1854,0
1855,1
1856,1
1857,1
1858,1
1859,2
1860,2
1861,1
1862,1
1863,1
1864,0
1865,2
1866,1
1867,1
1868,2
1869,1
1870,1
1871,2
1872,0
1873,1
1874,1
1875,2
1876,1
1877,2
1878,2
1879,2
1880,2
1881,2
1882,1
1883,1
1884,2
1885,1
1886,1
1887,2
1888,1
1889,2
1890,0
1891,2
1892,2
1893,2
1894,1
1895,2
1896,1
1897,2
1898,2
1899,2
1900,1
1901,0
1902,2
1903,2
1904,0
1905,1
1906,1
1907,2
1908,2
1909,1
1910,1
1911,1
1912,2
1913,1
1914,1
1915,1
1916,2
1917,2
1918,2
1919,1
1920,2
1921,1
1922,2
1923,1
1924,2
1925,2
1926,1
1927,2
1928,1
1929,1
1930,2
1931,0
1932,1
1933,1
1934,2
1935,2
1936,2
1937,1
1938,2
1939,1
1940,2
1941,1
1942,2
1943,2
1944,0
1945,1
1946,2
1947,2
1948,1
1949,2
1950,2
1951,0
1952,2
1953,1
1954,1
1955,1
1956,1
1957,2
1958,1
1959,0
1960,1
1961,1
1962,1
1963,2
1964,0
1965,0
1966,1
1967,1
1968,1
1969,2
1970,2
1971,1
1972,1
1973,1
1974,2
1975,2
1976,2
1977,1
1978,1
1979,1
1980,1
1981,0
1982,1
1983,2
1984,0
1985,0
1986,1
1987,1
1988,1
1989,2
1990,2
1991,1
1992,2
1993,1
1994,1
1995,2
1996,1
1997,2
1998,0
1999,1
2000,2
2001,2
2002,0
2003,2
2004,1
2005,1
2006,1
2007,2
2008,1
2009,2
2010,2
2011,1
2012,1
2013,2
2014,2
2015,2
2016,1
2017,2
2018,2
2019,0
2020,1
2021,1
2022,1
2023,1
2024,2
2025,2
2026,1
2027,1
2028,2
2029,2
2030,2
2031,1
2032,1
2033,1
2034,1
2035,1
2036,0
2037,0
2038,1
2039,2
2040,1
2041,2
2042,1
2043,2
2044,2
2045,2
2046,2
2047,2
2048,2
2049,1
2050,1
2051,2
2052,0
2053,2
2054,2
2055,2
2056,2
2057,2
2058,0
2059,1
2060,1
2061,1
2062,1
2063,2
2064,2
2065,2
2066,2
2067,1
2068,1
2069,0
2070,2
2071,1
2072,0
2073,1
2074,1
2075,1
2076,1
2077,1
2078,1
2079,2
2080,2
2081,2
2082,0
2083,1
2084,0
2085,2
2086,2
2087,2
2088,1
2089,2
2090,1
2091,1
2092,1
2093,2
2094,1
2095,2
2096,0
2097,2
2098,1
2099,2
2100,1
2101,1
2102,2
2103,2
2104,1
2105,1
2106,2
2107,2
2108,2
2109,2
2110,2
2111,2
2112,1
2113,1
2114,2
2115,1
2116,2
2117,0
2118,1
2119,0
2120,2
2121,2
2122,1
2123,1
2124,2
2125,2
2126,1
2127,0
2128,2
2129,2
2130,0
2131,1
2132,1
2133,1
2134,0
2135,0
2136,2
2137,2
2138,2
2139,2
2140,1
2141,1
2142,2
2143,2
2144,2
2145,1
2146,2
2147,1
2148,1
2149,1
2150,0
2151,2
2152,1
2153,1
2154,2
2155,1
2156,2
2157,0
2158,1
2159,1
2160,2
2161,0
2162,1
2163,2
2164,1
2165,1
2166,2
2167,1
2168,0
2169,1
2170,2
2171,2
2172,0
2173,2
2174,2
2175,2
2176,1
2177,1
2178,1
2179,2
2180,0
2181,0
2182,1
2183,0
2184,2
2185,2
2186,2
2187,2
2188,1
2189,1
2190,1
2191,2
2192,1
2193,2
2194,2
2195,0
2196,0
2197,1
2198,2
2199,1
2200,0
2201,2
2202,1
2203,1
2204,0
2205,2
2206,0
2207,1
2208,2
2209,1
2210,2
2211,0
2212,1
2213,0
2214,0
2215,2
2216,2
2217,2
2218,1
2219,2
2220,2
2221,2
2222,1
2223,1
2224,2
2225,2
2226,2
2227,1
2228,2
2229,1
2230,2
2231,1
2232,2
2233,0
2234,0
2235,2
2236,2
2237,1
2238,1
2239,1
2240,2
2241,0
2242,1
2243,2
2244,2
2245,2
2246,1
2247,0
2248,1
2249,0
2250,1
2251,1
2252,1
2253,2
2254,1
2255,2
2256,1
2257,2
2258,2
2259,2
2260,1
2261,1
2262,2
2263,0
2264,1
2265,2
2266,2
2267,1
2268,2
2269,1
2270,2
2271,2
2272,1
2273,1
2274,2
2275,2
2276,0
2277,1
2278,1
2279,2
2280,2
2281,1
2282,1
2283,1
2284,1
2285,1
2286,1
2287,2
2288,1
2289,2
2290,1
2291,1
2292,1
2293,2
2294,2
2295,2
2296,0
2297,2
2298,1
2299,2
2300,2
2301,1
2302,1
2303,2
2304,0
2305,2
2306,2
2307,2
2308,2
2309,2
2310,2
2311,1
2312,1
2313,0
2314,2
2315,1
2316,1
2317,2
2318,1
2319,2
2320,2
2321,2
2322,1
2323,1
2324,0
2325,2
2326,2
2327,1
2328,1
2329,2
2330,1
2331,2
2332,1
2333,1
2334,0
2335,2
2336,1
2337,1
2338,2
2339,0
2340,0
2341,2
2342,1
2343,2
2344,2
2345,2
2346,0
2347,1
2348,2
2349,2
2350,1
2351,2
2352,1
2353,1
2354,0
2355,1
2356,0
2357,1
2358,2
2359,1
2360,2
2361,2
2362,0
2363,1
2364,2
2365,2
2366,1
2367,1
2368,1
2369,1
2370,2
2371,2
2372,2
2373,2
2374,1
2375,2
2376,1
2377,1
2378,0
2379,2
2380,1
2381,2
2382,2
2383,2
2384,1
2385,1
2386,2
2387,2
2388,2
2389,1
2390,2
2391,1
2392,2
2393,1
2394,1
2395,0
2396,2
2397,0
2398,2
2399,1
2400,2
2401,1
2402,2
2403,2
2404,2
2405,1
2406,1
2407,1
2408,1
2409,1
2410,2
2411,2
2412,2
2413,2
2414,1
2415,1
2416,1
2417,1
2418,2
2419,1
2420,2
2421,2
2422,0
2423,2
2424,2
2425,2
2426,2
2427,2
2428,1
2429,1
2430,1
2431,2
2432,1
2433,1
2434,1
2435,2
2436,2
2437,1
2438,1
2439,1
2440,1
2441,2
2442,1
2443,1
2444,1
2445,2
2446,2
2447,2
2448,2
2449,2
2450,2
2451,2
2452,2
2453,2
2454,1
2455,0
2456,1
2457,2
2458,2
2459,1
2460,2
2461,1
2462,1
2463,2
2464,2
2465,1
2466,1
2467,0
2468,2
2469,1
2470,0
2471,2
2472,2
2473,1
2474,2
2475,2
2476,0
2477,1
2478,2
2479,1
2480,0
2481,1
2482,1
2483,2
2484,1
2485,2
2486,2
2487,2
2488,2
2489,1
2490,1
2491,2
2492,1
2493,2
2494,0
2495,0
2496,2
2497,1
2498,1
2499,1
2500,0
2501,1
2502,2
2503,1
2504,2
2505,2
2506,1
2507,1
2508,1
2509,1
2510,1
2511,1
2512,2
2513,1
2514,1
2515,2
2516,1
2517,0
2518,0
2519,1
2520,2
2521,1
2522,1
2523,1
2524,2
2525,0
2526,2
2527,2
2528,2
2529,0
2530,0
2531,1
2532,0
2533,1
2534,1
2535,1
2536,1
2537,1
2538,1
2539,0
2540,0
2541,2
2542,1
2543,1
2544,2
2545,2
2546,2
2547,1
2548,1
2549,1
2550,1
2551,1
2552,1
2553,1
2554,1
2555,0
2556,1
2557,1
2558,1
2559,2
2560,2
2561,1
2562,1
2563,0
2564,2
2565,2
2566,1
2567,2
2568,0
2569,2
2570,2
2571,1
2572,0
2573,2
2574,1
2575,1
2576,1
2577,2
2578,1
2579,2
2580,1
2581,1
2582,1
2583,1
2584,2
2585,1
2586,2
2587,2
2588,1
2589,2
2590,1
2591,2
2592,1
2593,2
2594,0
2595,1
2596,1
2597,1
2598,2
2599,1
2600,2
2601,2
2602,1
2603,1
2604,1
2605,1
2606,2
2607,1
2608,1
2609,2
2610,2
2611,1
2612,2
2613,0
2614,0
2615,2
2616,2
2617,2
2618,0
2619,2
2620,2
2621,2
2622,1
2623,2
2624,2
2625,1
2626,2
2627,2
2628,2
2629,1
2630,2
2631,2
2632,2
2633,2
2634,1
2635,2
2636,0
2637,1
2638,2
2639,2
2640,1
2641,2
2642,2
2643,1
2644,0
2645,1
2646,0
2647,1
2648,2
2649,0
2650,2
2651,1
2652,2
2653,1
2654,1
2655,1
2656,2
2657,1
2658,0
2659,2
2660,0
2661,1
2662,2
2663,1
2664,0
2665,2
2666,2
2667,1
2668,2
2669,1
2670,2
2671,1
2672,1
2673,1
2674,2
2675,2
2676,1
2677,2
2678,1
2679,1
2680,1
2681,2
2682,1
2683,1
2684,2
2685,2
2686,2
2687,2
2688,2
2689,1
2690,1
2691,1
2692,2
2693,2
2694,2
2695,2
2696,2
2697,2
2698,2
2699,2
2700,0
2701,2
2702,2
2703,2
2704,2
2705,2
2706,1
2707,1
2708,1
2709,1
2710,1
2711,2
2712,1
2713,1
2714,2
2715,1
2716,1
2717,2
2718,2
2719,1
2720,0
2721,1
2722,1
2723,1
2724,2
2725,1
2726,1
2727,2
2728,1
2729,1
2730,0
2731,2
2732,2
2733,1
2734,2
2735,0
2736,1
2737,2
2738,1
2739,2
2740,1
2741,1
2742,1
2743,0
2744,2
2745,1
2746,2
2747,2
2748,1
2749,2
2750,2
2751,2
2752,2
2753,1
2754,2
2755,2
2756,1
2757,2
2758,1
2759,0
2760,1
2761,2
2762,1
2763,1
2764,0
2765,0
2766,2
2767,0
2768,1
2769,2
2770,0
2771,2
2772,1
2773,0
2774,2
2775,1
2776,2
2777,2
2778,1
2779,1
2780,2
2781,0
2782,1
2783,2
2784,2
2785,2
2786,1
2787,0
2788,0
2789,1
2790,1
2791,1
2792,2
2793,1
2794,1
2795,2
2796,1
2797,2
2798,2
2799,1
2800,1
2801,2
2802,1
2803,1
2804,2
2805,2
2806,1
2807,1
2808,1
2809,2
2810,1
2811,1
2812,2
2813,1
2814,1
2815,1
2816,1
2817,0
2818,1
2819,1
2820,2
2821,1
2822,2
2823,1
2824,2
2825,1
2826,1
2827,1
2828,2
2829,1
2830,1
2831,1
2832,2
2833,2
2834,2
2835,1
2836,2
2837,2
2838,2
2839,2
2840,2
2841,1
2842,1
2843,1
2844,1
2845,0
2846,1
2847,2
2848,2
2849,2
2850,1
2851,2
2852,2
2853,1
2854,1
2855,1
2856,1
2857,1
2858,2
2859,1
2860,1
2861,2
2862,1
2863,0
2864,1
2865,0
2866,0
2867,2
2868,2
2869,2
2870,2
2871,2
2872,1
2873,2
2874,2
2875,1
2876,1
2877,2
2878,1
2879,1
2880,1
2881,0
2882,1
2883,1
2884,1
2885,1
2886,1
2887,1
2888,2
2889,0
2890,1
2891,2
2892,1
2893,1
2894,1
2895,1
2896,1
2897,2
2898,2
2899,2
2900,0
2901,1
2902,1
2903,2
2904,0
2905,0
2906,2
2907,0
2908,2
2909,1
2910,2
2911,1
2912,1
2913,0
2914,2
2915,1
2916,0
2917,2
2918,1
2919,2
2920,1
2921,2
2922,1
2923,2
2924,2
2925,2
2926,0
2927,2
2928,2
2929,2
2930,2
2931,2
2932,1
2933,1
2934,1
2935,0
2936,2
2937,1
2938,0
2939,2
2940,1
2941,1
2942,2
2943,2
2944,2
2945,2
2946,2
2947,2
2948,0
2949,2
2950,1
2951,1
2952,1
2953,1
2954,2
2955,2
2956,2
2957,1
2958,1
2959,1
2960,2
2961,1
2962,2
2963,2
2964,1
2965,1
2966,1
2967,1
2968,1
2969,0
2970,1
2971,1
2972,2
2973,1
2974,2
2975,1
2976,2
2977,0
2978,0
2979,2
2980,2
2981,0
2982,2
2983,2
2984,0
2985,1
2986,1
2987,1
2988,1
2989,1
2990,2
2991,1
2992,2
2993,2
2994,1
2995,2
2996,1
2997,1
2998,2
2999,2
3000,2
3001,2
3002,1
3003,2
3004,0
3005,2
3006,1
3007,0
3008,0
3009,1
3010,2
3011,1
3012,1
3013,1
3014,0
3015,1
3016,1
3017,0
3018,1
3019,2
3020,1
3021,1
3022,2
3023,2
3024,1
3025,2
3026,2
3027,2
3028,0
3029,1
3030,2
3031,1
3032,1
3033,1
3034,1
3035,2
3036,1
3037,2
3038,2
3039,1
3040,2
3041,2
3042,2
3043,1
3044,1
3045,1
3046,1
3047,0
3048,1
3049,1
3050,2
3051,1
3052,2
3053,2
3054,1
3055,2
3056,1
3057,0
3058,2
3059,2
3060,0
3061,1
3062,1
3063,1
3064,1
3065,1
3066,1
3067,1
3068,2
3069,1
3070,2
3071,2
3072,1
3073,1
3074,1
3075,2
3076,1
3077,1
3078,1
3079,2
3080,1
3081,1
3082,2
3083,0
3084,1
3085,2
3086,1
3087,2
3088,1
3089,2
3090,2
3091,0
3092,2
3093,2
3094,0
3095,0
3096,1
3097,2
3098,2
3099,1
3100,2
3101,0
3102,2
3103,0
3104,1
3105,1
3106,1
3107,2
3108,0
3109,2
3110,2
3111,1
3112,2
3113,2
3114,2
3115,2
3116,1
3117,2
3118,2
3119,2
3120,2
3121,1
3122,2
3123,2
3124,1
3125,0
3126,1
3127,1
3128,2
3129,2
3130,2
3131,1
3132,0
3133,1
3134,1
3135,1
3136,2
3137,2
3138,0
3139,2
3140,2
3141,1
3142,1
3143,2
3144,0
3145,0
3146,2
3147,1
3148,1
3149,2
3150,1
3151,1
3152,2
3153,2
3154,0
3155,1
3156,1
3157,2
3158,2
3159,1
3160,0
3161,2
3162,2
3163,2
3164,1
3165,1
3166,1
3167,1
3168,1
3169,1
3170,0
3171,2
3172,2
3173,2
3174,2
3175,1
3176,1
3177,1
3178,1
3179,1
3180,2
3181,1
3182,1
3183,1
3184,2
3185,2
3186,1
3187,2
3188,0
3189,1
3190,1
3191,2
3192,2
3193,2
3194,1
3195,1
3196,2
3197,1
3198,2
3199,1
3200,0
3201,2
3202,1
3203,1
3204,2
3205,1
3206,2
3207,0
3208,1
3209,2
3210,2
3211,1
3212,2
3213,2
3214,1
3215,2
3216,1
3217,2
3218,2
3219,1
3220,0
3221,1
3222,0
3223,2
3224,1
3225,2
3226,0
3227,2
3228,1
3229,1
3230,1
3231,2
3232,2
3233,2
3234,0
3235,1
3236,0
3237,1
3238,1
3239,1
3240,1
3241,2
3242,1
3243,1
3244,2
3245,2
3246,0
3247,1
3248,2
3249,1
3250,1
3251,1
3252,2
3253,2
3254,2
3255,2
3256,2
3257,0
3258,2
3259,2
3260,1
3261,1
3262,2
3263,1
3264,2
3265,0
3266,0
3267,1
3268,2
3269,1
3270,2
3271,2
3272,1
3273,1
3274,2
3275,2
3276,2
3277,1
3278,1
3279,1
3280,0
3281,2
3282,2
3283,1
3284,0
3285,0
3286,2
3287,2
3288,2
3289,1
3290,1
3291,2
3292,1
3293,1
3294,1
3295,2
3296,1
3297,1
3298,2
3299,2
3300,1
3301,1
3302,2
3303,0
3304,1
3305,1
3306,1
3307,2
3308,1
3309,1
3310,1
3311,1
3312,2
3313,1
3314,2
3315,2
3316,0
3317,1
3318,1
3319,1
3320,2
3321,1
3322,2
3323,0
3324,2
3325,2
3326,2
3327,2
3328,1
3329,1
3330,2
3331,2
3332,2
3333,1
3334,2
3335,1
3336,1
3337,2
3338,2
3339,2
3340,1
3341,2
3342,0
3343,1
3344,2
3345,1
3346,0
3347,2
3348,1
3349,1
3350,2
3351,2
3352,1
3353,2
3354,1
3355,1
3356,0
3357,1
3358,1
3359,0
3360,2
3361,2
3362,1
3363,0
3364,1
3365,2
3366,1
3367,1
3368,1
3369,1
3370,2
3371,1
3372,2
3373,1
3374,2
3375,2
3376,1
3377,2
3378,1
3379,2
3380,0
3381,1
3382,2
3383,1
3384,2
3385,2
3386,1
3387,2
3388,2
3389,2
3390,1
3391,0
3392,1
3393,2
3394,2
3395,0
3396,2
3397,1
3398,1
3399,2
3400,2
3401,0
3402,2
3403,2
3404,2
3405,1
3406,0
3407,1
3408,2
3409,2
3410,0
3411,0
3412,2
3413,1
3414,1
3415,2
3416,2
3417,2
3418,2
3419,1
3420,1
3421,1
3422,1
3423,2
3424,1
3425,2
3426,1
3427,2
3428,1
3429,1
3430,1
3431,1
3432,2
3433,1
3434,2
3435,2
3436,2
3437,2
3438,2
3439,2
3440,0
3441,1
3442,1
3443,2
3444,1
3445,1
3446,2
3447,0
3448,2
3449,2
3450,0
3451,2
3452,2
3453,1
3454,0
3455,1
3456,2
3457,1
3458,1
3459,1
3460,2
3461,2
3462,1
3463,2
3464,1
3465,1
3466,1
3467,1
3468,2
3469,0
3470,0
3471,2
3472,1
3473,2
3474,1
3475,2
3476,2
3477,1
3478,0
3479,1
3480,1
3481,2
3482,2
3483,2
3484,1
3485,1
3486,1
3487,0
3488,1
3489,1
3490,2
3491,1
3492,2
3493,2
3494,1
3495,1
3496,1
3497,1
3498,2
3499,2
3500,2
3501,2
3502,1
3503,0
3504,2
3505,1
3506,1
3507,0
3508,1
3509,1
3510,2
3511,2
3512,2
3513,1
3514,2
3515,2
3516,2
3517,2
3518,0
3519,1
3520,1
3521,1
3522,1
3523,1
3524,0
3525,2
3526,1
3527,1
3528,2
3529,2
3530,1
3531,2
3532,1
3533,2
3534,1
3535,2
3536,2
3537,1
3538,0
3539,1
3540,2
3541,1
3542,2
3543,1
3544,1
3545,1
3546,1
3547,1
3548,1
3549,2
3550,2
3551,1
3552,1
3553,2
3554,0
3555,2
3556,2
3557,2
3558,1
3559,0
3560,1
3561,1
3562,2
3563,2
3564,2
3565,2
3566,1
3567,2
3568,2
3569,2
3570,2
3571,0
3572,1
3573,0
3574,2
3575,2
3576,1
3577,1
3578,1
3579,2
3580,2
3581,2
3582,1
3583,1
3584,1
3585,0
3586,2
3587,2
3588,2
3589,2
3590,2
3591,1
3592,0
3593,1
3594,2
3595,1
3596,1
3597,2
3598,2
3599,1
3600,2
3601,2
3602,0
3603,1
3604,2
3605,2
3606,2
3607,2
3608,2
3609,1
3610,0
3611,2
3612,1
3613,2
3614,1
3615,2
3616,1
3617,0
3618,2
3619,2
3620,2
3621,1
3622,2
3623,2
3624,2
3625,1
3626,2
3627,1
3628,0
3629,0
3630,2
3631,1
3632,1
3633,2
3634,2
3635,1
3636,2
3637,1
3638,1
3639,2
3640,1
3641,2
3642,2
3643,1
3644,0
3645,2
3646,2
3647,1
3648,2
3649,2
3650,1
3651,2
3652,2
3653,2
3654,0
3655,1
3656,2
3657,2
3658,0
3659,2
3660,1
3661,2
3662,1
3663,2
3664,1
3665,1
3666,0
3667,1
3668,1
3669,1
3670,0
3671,0
3672,1
3673,0
3674,1
3675,2
3676,2
3677,2
3678,1
3679,1
3680,1
3681,1
3682,2
3683,1
3684,0
3685,2
3686,1
3687,2
3688,2
3689,2
3690,2
3691,2
3692,1
3693,1
3694,1
3695,1
3696,1
3697,2
3698,0
3699,1
3700,1
3701,1
3702,2
3703,0
3704,1
3705,1
3706,2
3707,1
3708,2
3709,2
3710,1
3711,1
3712,1
3713,1
3714,2
3715,0
3716,2
3717,0
3718,1
3719,1
3720,2
3721,1
3722,1
3723,1
3724,1
3725,1
3726,2
3727,2
3728,2
3729,0
3730,0
3731,2
3732,1
3733,1
3734,0
3735,2
3736,1
3737,1
3738,1
3739,1
3740,1
3741,1
3742,2
3743,1
3744,2
3745,1
3746,1
3747,1
3748,1
3749,1
3750,2
3751,2
3752,1
3753,1
3754,2
3755,0
3756,1
3757,2
3758,1
3759,2
3760,1
3761,1
3762,0
3763,2
3764,2
3765,1
3766,1
3767,1
3768,0
3769,1
3770,2
3771,2
3772,2
3773,2
3774,1
3775,1
3776,2
3777,2
3778,2
3779,1
3780,2
3781,2
3782,0
3783,1
3784,1
3785,0
3786,1
3787,1
3788,2
3789,2
3790,1
3791,1
3792,0
3793,1
3794,2
3795,1
3796,2
3797,0
3798,2
3799,1
3800,1
3801,0
3802,2
3803,2
3804,0
3805,0
3806,2
3807,2
3808,2
3809,2
3810,2
3811,1
3812,2
3813,2
3814,2
3815,2
3816,1
3817,1
3818,2
3819,2
3820,2
3821,2
3822,1
3823,1
3824,2
3825,2
3826,2
3827,2
3828,0
3829,2
3830,2
3831,1
3832,0
3833,1
3834,2
3835,0
3836,2
3837,1
3838,1
3839,1
3840,0
3841,2
3842,1
3843,1
3844,2
3845,1
3846,2
3847,1
3848,2
3849,2
3850,2
3851,2
3852,1
3853,1
3854,2
3855,1
3856,1
3857,2
3858,1
3859,1
3860,0
3861,1
3862,1
3863,1
3864,2
3865,1
3866,1
3867,1
3868,2
3869,1
3870,2
3871,1
3872,1
3873,2
3874,2
3875,2
3876,0
3877,2
3878,1
3879,0
3880,0
3881,2
3882,1
3883,2
3884,2
3885,1
3886,1
3887,1
3888,1
3889,1
3890,1
3891,1
3892,2
3893,2
3894,1
3895,1
3896,0
3897,2
3898,2
3899,2
3900,2
3901,2
3902,1
3903,1
3904,1
3905,2
3906,1
3907,2
3908,2
3909,0
3910,2
3911,2
3912,1
3913,1
3914,1
3915,2
3916,1
3917,1
3918,0
3919,2
3920,1
3921,1
3922,1
3923,0
3924,0
3925,1
3926,2
3927,2
3928,0
3929,2
3930,1
3931,2
3932,1
3933,1
3934,2
3935,0
3936,1
3937,1
3938,1
3939,1
3940,1
3941,1
3942,1
3943,1
3944,2
3945,2
3946,1
3947,2
3948,2
3949,1
3950,0
3951,2
3952,0
3953,2
3954,1
3955,1
3956,2
3957,2
3958,1
3959,2
3960,2
3961,1
3962,1
3963,1
3964,2
3965,1
3966,1
3967,0
3968,2
3969,1
3970,1
3971,1
3972,1
3973,1
3974,2
3975,2
3976,2
3977,0
3978,1
3979,2
3980,0
3981,1
3982,2
3983,2
3984,1
3985,2
3986,1
3987,1
3988,1
3989,0
3990,1
3991,1
3992,1
3993,1
3994,1
3995,2
3996,1
3997,2
3998,1
3999,1
4000,1
4001,1
4002,2
4003,1
4004,1
4005,1
4006,0
4007,2
4008,1
4009,1
4010,1
4011,2
4012,1
4013,1
4014,2
4015,2
4016,2
4017,1
4018,0
4019,1
4020,1
4021,2
4022,2
4023,1
4024,1
4025,2
4026,1
4027,0
4028,1
4029,2
4030,1
4031,2
4032,1
4033,2
4034,1
4035,1
4036,1
4037,1
4038,1
4039,2
4040,1
4041,1
4042,1
4043,1
4044,1
4045,2
4046,2
4047,2
4048,0
4049,1
4050,1
4051,2
4052,0
4053,2
4054,1
4055,1
4056,0
4057,1
4058,1
4059,2
4060,1
4061,1
4062,1
4063,0
4064,2
4065,0
4066,2
4067,1
4068,2
4069,1
4070,1
4071,1
4072,2
4073,1
4074,2
4075,2
4076,1
4077,1
4078,2
4079,1
4080,2
4081,2
4082,0
4083,2
4084,2
4085,2
4086,0
4087,2
4088,1
4089,1
4090,0
4091,2
4092,1
4093,1
4094,2
4095,2
4096,1
4097,1
4098,0
4099,0
4100,2
4101,1
4102,0
4103,1
4104,1
4105,2
4106,2
4107,2
4108,2
4109,2
4110,2
4111,1
4112,2
4113,2
4114,1
4115,2
4116,2
4117,1
4118,2
4119,2
4120,2
4121,1
4122,1
4123,2
4124,1
4125,0
4126,1
4127,2
4128,2
4129,1
4130,2
4131,0
4132,1
4133,2
4134,2
4135,1
4136,1
4137,1
4138,2
4139,1
4140,2
4141,2
4142,2
4143,1
4144,2
4145,1
4146,1
4147,2
4148,2
4149,2
4150,2
4151,1
4152,2
4153,2
4154,1
4155,2
4156,0
4157,1
4158,2
4159,2
4160,2
4161,1
4162,2
4163,1
4164,2
4165,1
4166,0
4167,2
4168,2
4169,2
4170,1
4171,0
4172,1
4173,1
4174,2
4175,2
4176,1
4177,2
4178,2
4179,1
4180,0
4181,0
4182,2
4183,2
4184,1
4185,1
4186,1
4187,2
4188,1
4189,2
4190,1
4191,1
4192,1
4193,0
4194,2
4195,2
4196,1
4197,0
4198,1
4199,2
4200,2
4201,2
4202,2
4203,0
4204,2
4205,2
4206,1
4207,1
4208,1
4209,1
4210,1
4211,2
4212,2
4213,1
4214,0
4215,2
4216,2
4217,0
4218,2
4219,2
4220,2
4221,1
4222,1
4223,1
4224,2
4225,2
4226,1
4227,2
4228,0
4229,1
4230,1
4231,1
4232,1
4233,2
4234,2
4235,1
4236,0
4237,1
4238,2
4239,1
4240,2
4241,1
4242,1
4243,1
4244,0
4245,1
4246,2
4247,1
4248,1
4249,0
4250,1
4251,2
4252,1
4253,2
4254,2
4255,0
4256,1
4257,1
4258,0
4259,1
4260,1
4261,0
4262,2
4263,2
4264,1
4265,0
4266,1
4267,1
4268,0
4269,2
4270,1
4271,0
4272,1
4273,1
4274,1
4275,2
4276,2
4277,0
4278,2
4279,0
4280,2
4281,1
4282,1
4283,1
4284,2
4285,1
4286,1
4287,2
4288,1
4289,1
4290,0
4291,2
4292,1
4293,1
4294,1
4295,0
4296,1
4297,1
4298,2
4299,1
4300,2
4301,1
4302,1
4303,2
4304,2
4305,1
4306,1
4307,2
4308,2
4309,0
4310,1
4311,1
4312,2
4313,2
4314,2
4315,2
4316,2
4317,1
4318,1
4319,1
4320,1
4321,1
4322,1
4323,1
4324,1
4325,1
4326,2
4327,2
4328,1
4329,1
4330,1
4331,0
4332,1
4333,2
4334,1
4335,1
4336,2
4337,1
4338,2
4339,2
4340,0
4341,1
4342,1
4343,1
4344,1
4345,2
4346,1
4347,1
4348,1
4349,2
4350,1
4351,2
4352,1
4353,2
4354,2
4355,2
4356,2
4357,0
4358,0
4359,2
4360,2
4361,1
4362,2
4363,2
4364,2
4365,1
4366,1
4367,2
4368,1
4369,1
4370,2
4371,1
4372,1
4373,2
4374,1
4375,0
4376,1
4377,1
4378,1
4379,2
4380,2
4381,2
4382,1
4383,0
4384,2
4385,2
4386,1
4387,2
4388,2
4389,1
4390,2
4391,2
4392,1
4393,0
4394,2
4395,2
4396,2
4397,2
4398,1
4399,0
4400,0
4401,1
4402,1
4403,1
4404,2
4405,2
4406,2
4407,2
4408,2
4409,2
4410,2
4411,1
4412,2
4413,0
4414,2
4415,1
4416,2
4417,2
4418,2
4419,2
4420,1
4421,1
4422,1
4423,0
4424,1
4425,1
4426,1
4427,1
4428,0
4429,2
4430,2
4431,2
4432,0
4433,1
4434,0
4435,1
4436,2
4437,2
4438,2
4439,1
4440,1
4441,0
4442,1
4443,1
4444,1
4445,1
4446,1
4447,2
4448,1
4449,0
4450,2
4451,1
4452,1
4453,2
4454,2
4455,1
4456,2
4457,0
4458,2
4459,2
4460,0
4461,2
4462,1
4463,1
4464,2
4465,1
4466,2
4467,2
4468,1
4469,1
4470,2
4471,1
4472,1
4473,2
4474,0
4475,1
4476,1
4477,2
4478,2
4479,2
4480,0
4481,0
4482,2
4483,1
4484,2
4485,1
4486,1
4487,1
4488,2
4489,2
4490,1
4491,1
4492,1
4493,1
4494,1
4495,1
4496,1
4497,2
4498,2
4499,2
4500,0
4501,0
4502,2
4503,2
4504,1
4505,1
4506,2
4507,0
4508,2
4509,0
4510,1
4511,0
4512,0
4513,1
4514,1
4515,2
4516,0
4517,2
4518,2
4519,2
4520,1
4521,2
4522,0
4523,0
4524,1
4525,2
4526,2
4527,1
4528,2
4529,1
4530,0
4531,0
4532,2
4533,2
4534,2
4535,1
4536,2
4537,1
4538,1
4539,1
4540,1
4541,2
4542,1
4543,2
4544,0
4545,2
4546,0
4547,1
4548,1
4549,1
4550,2
4551,2
4552,1
4553,2
4554,2
4555,2
4556,1
4557,2
4558,2
4559,1
4560,0
4561,0
4562,2
4563,2
4564,2
4565,1
4566,2
4567,2
4568,1
4569,2
4570,1
4571,2
4572,1
4573,2
4574,1
4575,1
4576,1
4577,1
4578,1
4579,2
4580,2
4581,2
4582,1
4583,2
4584,1
4585,2
4586,1
4587,1
4588,2
4589,2
4590,2
4591,0
4592,1
4593,2
4594,2
4595,2
4596,2
4597,2
4598,1
4599,2
4600,2
4601,0
4602,1
4603,2
4604,0
4605,2
4606,2
4607,2
4608,2
4609,1
4610,2
4611,2
4612,2
4613,2
4614,2
4615,2
4616,1
4617,2
4618,0
4619,2
4620,2
4621,0
4622,1
4623,1
4624,2
4625,0
4626,2
4627,1
4628,1
4629,1
4630,2
4631,1
4632,1
4633,1
4634,2
4635,2
4636,2
4637,1
4638,1
4639,2
4640,0
4641,2
4642,2
4643,1
4644,2
4645,1
4646,1
4647,2
4648,2
4649,0
4650,1
4651,1
4652,2
4653,0
4654,1
4655,2
4656,2
4657,2
4658,1
4659,0
4660,1
4661,2
4662,2
4663,2
4664,2
4665,2
4666,2
4667,2
4668,1
4669,1
4670,0
4671,2
4672,1
4673,2
4674,1
4675,1
4676,2
4677,2
4678,2
4679,2
4680,1
4681,2
4682,1
4683,2
4684,2
4685,1
4686,2
4687,0
4688,2
4689,2
4690,1
4691,1
4692,1
4693,1
4694,1
4695,1
4696,1
4697,1
4698,1
4699,1
4700,1
4701,1
4702,1
4703,1
4704,1
4705,2
4706,0
4707,1
4708,2
4709,0
4710,0
4711,0
4712,1
4713,2
4714,1
4715,1
4716,1
4717,1
4718,2
4719,1
4720,1
4721,1
4722,1
4723,1
4724,2
4725,1
4726,2
4727,2
4728,1
4729,2
4730,2
4731,1
4732,1
4733,2
4734,2
4735,1
4736,2
4737,1
4738,1
4739,1
4740,1
4741,1
4742,1
4743,1
4744,1
4745,2
4746,1
4747,2
4748,2
4749,2
4750,2
4751,1
4752,1
4753,1
4754,1
4755,0
4756,1
4757,2
4758,1
4759,1
4760,1
4761,1
4762,2
4763,0
4764,2
4765,2
4766,2
4767,1
4768,2
4769,0
4770,1
4771,2
4772,2
4773,1
4774,2
4775,0
4776,2
4777,0
4778,1
4779,1
4780,0
4781,1
4782,2
4783,2
4784,1
4785,1
4786,2
4787,1
4788,2
4789,1
4790,0
4791,1
4792,1
4793,2
4794,2
4795,2
4796,1
4797,1
4798,2
4799,2
4800,0
4801,2
4802,0
4803,1
4804,1
4805,1
4806,2
4807,1
4808,2
4809,2
4810,1
4811,0
4812,2
4813,1
4814,1
4815,2
4816,0
4817,1
4818,2
4819,2
4820,2
4821,1
4822,2
4823,0
4824,1
4825,2
4826,2
4827,1
4828,1
4829,0
4830,0
4831,2
4832,2
4833,1
4834,1
4835,1
4836,0
4837,1
4838,1
4839,1
4840,2
4841,2
4842,0
4843,2
4844,2
4845,1
4846,1
4847,1
4848,1
4849,0
4850,2
4851,2
4852,1
4853,1
4854,1
4855,2
4856,1
4857,2
4858,1
4859,1
4860,1
4861,1
4862,0
4863,2
4864,2
4865,1
4866,1
4867,2
4868,2
4869,0
4870,2
4871,1
4872,0
4873,1
4874,2
4875,1
4876,0
4877,0
4878,1
4879,1
4880,1
4881,1
4882,1
4883,1
4884,1
4885,2
4886,2
4887,1
4888,0
4889,1
4890,2
4891,2
4892,1
4893,1
4894,2
4895,2
4896,1
4897,2
4898,2
4899,1
4900,1
4901,2
4902,1
4903,0
4904,2
4905,1
4906,2
4907,2
4908,1
4909,1
4910,1
4911,1
4912,2
4913,1
4914,1
4915,2
4916,0
4917,0
4918,2
4919,1
4920,1
4921,2
4922,1
4923,1
4924,2
4925,1
4926,2
4927,1
4928,2
4929,2
4930,1
4931,1
4932,2
4933,1
4934,1
4935,2
4936,1
4937,0
4938,2
4939,2
4940,1
4941,1
4942,1
4943,1
4944,0
4945,1
4946,2
4947,0
4948,2
4949,1
4950,2
4951,1
4952,1
4953,2
4954,1
4955,1
4956,2
4957,2
4958,1
4959,2
4960,2
4961,1
4962,1
4963,2
4964,2
4965,2
4966,2
4967,1
4968,2
4969,2
4970,1
4971,1
4972,2
4973,1
4974,0
4975,1
4976,1
4977,2
4978,0
4979,1
4980,1
4981,2
4982,0
4983,1
4984,2
4985,2
4986,0
4987,1
4988,1
4989,1
4990,1
4991,1
4992,1
4993,2
4994,2
4995,2
4996,2
4997,1
4998,2
4999,2
5000,2
5001,2
5002,1
5003,2
5004,2
5005,2
5006,2
5007,0
5008,2
5009,1
5010,0
5011,2
5012,2
5013,1
5014,2
5015,1
5016,1
5017,1
5018,1
5019,2
5020,2
5021,1
5022,1
5023,2
5024,0
5025,1
5026,1
5027,2
5028,2
5029,1
5030,0
5031,0
5032,2
5033,2
5034,1
5035,2
5036,2
5037,2
5038,2
5039,1
5040,2
5041,1
5042,1
5043,1
5044,2
5045,2
5046,2
5047,1
5048,2
5049,2
5050,2
5051,1
5052,2
5053,2
5054,1
5055,2
5056,1
5057,1
5058,2
5059,2
5060,2
5061,0
5062,2
5063,1
5064,1
5065,2
5066,2
5067,0
5068,2
5069,1
5070,2
5071,1
5072,1
5073,2
5074,1
5075,2
5076,1
5077,2
5078,2
5079,2
5080,2
5081,2
5082,1
5083,1
5084,0
5085,1
5086,1
5087,2
5088,1
5089,2
5090,2
5091,2
5092,1
5093,2
5094,0
5095,1
5096,1
5097,1
5098,1
5099,1
5100,1
5101,2
5102,2
5103,2
5104,0
5105,0
5106,2
5107,0
5108,1
5109,2
5110,2
5111,2
5112,2
5113,1
5114,1
5115,1
5116,2
5117,1
5118,1
5119,2
5120,0
5121,0
5122,1
5123,1
5124,2
5125,1
5126,2
5127,2
5128,1
5129,1
5130,2
5131,0
5132,2
5133,1
5134,1
5135,2
5136,1
5137,1
5138,1
5139,2
5140,1
5141,0
5142,2
5143,2
5144,1
5145,2
5146,2
5147,2
5148,1
5149,1
5150,1
5151,2
5152,2
5153,2
5154,0
5155,2
5156,2
5157,0
5158,1
5159,2
5160,1
5161,2
5162,0
5163,2
5164,1
5165,1
5166,1
5167,2
5168,0
5169,2
5170,0
5171,0
5172,1
5173,1
5174,1
5175,1
5176,2
5177,2
5178,2
5179,2
5180,1
5181,1
5182,0
5183,2
5184,1
5185,1
5186,2
5187,1
5188,1
5189,2
5190,1
5191,1
5192,1
5193,0
5194,1
5195,2
5196,2
5197,1
5198,2
5199,1
5200,2
5201,1
5202,1
5203,2
5204,1
5205,1
5206,2
5207,1
5208,2
5209,2
5210,1
5211,1
5212,1
5213,1
5214,1
5215,0
5216,1
5217,1
5218,2
5219,2
5220,1
5221,2
5222,1
5223,2
5224,2
5225,1
5226,2
5227,2
5228,2
5229,0
5230,2
5231,0
5232,2
5233,1
5234,1
5235,2
5236,1
5237,2
5238,1
5239,1
5240,1
5241,1
5242,1
5243,1
5244,2
5245,1
5246,2
5247,2
5248,2
5249,2
5250,1
5251,1
5252,0
5253,2
5254,2
5255,1
5256,2
5257,1
5258,1
5259,2
5260,0
5261,1
5262,2
5263,0
5264,1
5265,2
5266,2
5267,2
5268,1
5269,1
5270,2
5271,1
5272,2
5273,2
5274,2
5275,0
5276,1
5277,1
5278,1
5279,1
5280,0
5281,1
5282,1
5283,2
5284,0
5285,1
5286,1
5287,1
5288,1
5289,1
5290,1
5291,1
5292,1
5293,1
5294,1
5295,2
5296,2
5297,1
5298,2
5299,1
5300,1
5301,2
5302,1
5303,1
5304,2
5305,1
5306,2
5307,0
5308,2
5309,2
5310,2
5311,2
5312,2
5313,1
5314,2
5315,2
5316,1
5317,1
5318,1
5319,1
5320,0
5321,1
5322,1
5323,0
5324,2
5325,1
5326,1
5327,1
5328,2
5329,2
5330,2
5331,2
5332,1
5333,1
5334,1
5335,2
5336,2
5337,0
5338,1
5339,2
5340,0
5341,0
5342,0
5343,1
5344,2
5345,1
5346,2
5347,2
5348,2
5349,1
5350,2
5351,1
5352,1
5353,0
5354,1
5355,1
5356,1
5357,1
5358,1
5359,2
5360,0
5361,1
5362,0
5363,2
5364,1
5365,1
5366,2
5367,1
5368,1
5369,1
5370,1
5371,2
5372,2
5373,2
5374,1
5375,1
5376,1
5377,2
5378,0
5379,2
5380,1
5381,1
5382,1
5383,2
5384,1
5385,1
5386,2
5387,0
5388,2
5389,2
5390,2
5391,2
5392,2
5393,2
5394,1
5395,1
5396,0
5397,0
5398,2
5399,1
5400,2
5401,0
5402,2
5403,0
5404,2
5405,1
5406,2
5407,0
5408,1
5409,2
5410,2
5411,0
5412,1
5413,2
5414,2
5415,2
5416,1
5417,0
5418,0
5419,1
5420,2
5421,1
5422,1
5423,2
5424,1
5425,2
5426,2
5427,2
5428,2
5429,2
5430,1
5431,1
5432,2
5433,2
5434,2
5435,1
5436,2
5437,0
5438,1
5439,1
5440,1
5441,0
5442,2
5443,2
5444,1
5445,2
5446,2
5447,2
5448,1
5449,1
5450,2
5451,0
5452,1
5453,1
5454,2
5455,2
5456,2
5457,2
5458,2
5459,2
5460,1
5461,1
5462,1
5463,1
5464,1
5465,2
5466,1
5467,0
5468,2
5469,2
5470,2
5471,1
5472,1
5473,1
5474,1
5475,2
5476,1
5477,1
5478,1
5479,1
5480,0
5481,1
5482,1
5483,2
5484,1
5485,1
5486,2
5487,2
5488,2
5489,2
5490,2
5491,1
5492,0
5493,2
5494,1
5495,1
5496,1
5497,1
5498,1
5499,1
5500,1
5501,2
5502,0
5503,1
5504,1
5505,1
5506,1
5507,2
5508,1
5509,0
5510,1
5511,1
5512,2
5513,0
5514,2
5515,2
5516,2
5517,2
5518,2
5519,1
5520,1
5521,1
5522,2
5523,1
5524,1
5525,1
5526,2
5527,1
5528,1
5529,1
5530,2
5531,0
5532,1
5533,2
5534,2
5535,1
5536,2
5537,0
5538,0
5539,1
5540,1
5541,2
5542,1
5543,2
5544,2
5545,1
5546,2
5547,1
5548,1
5549,1
5550,1
5551,1
5552,2
5553,2
5554,2
5555,2
5556,1
5557,2
5558,1
5559,2
5560,1
5561,0
5562,2
5563,1
5564,1
5565,2
5566,2
5567,1
5568,2
5569,2
5570,0
5571,1
5572,2
5573,2
5574,2
5575,1
5576,1
5577,0
5578,0
5579,1
5580,1
5581,1
5582,1
5583,2
5584,1
5585,2
5586,2
5587,1
5588,1
5589,2
5590,1
5591,1
5592,0
5593,1
5594,2
5595,2
5596,1
5597,1
5598,1
5599,1
5600,2
5601,1
5602,2
5603,2
5604,1
5605,2
5606,2
5607,1
5608,1
5609,2
5610,0
5611,1
5612,1
5613,0
5614,1
5615,0
5616,1
5617,1
5618,1
5619,2
5620,2
5621,2
5622,2
5623,0
5624,1
5625,2
5626,0
5627,1
5628,1
5629,1
5630,2
5631,1
5632,1
5633,2
5634,1
5635,1
5636,2
5637,2
5638,2
5639,1
5640,2
5641,2
5642,2
5643,1
5644,1
5645,1
5646,2
5647,1
5648,2
5649,1
5650,1
5651,2
5652,2
5653,2
5654,1
5655,2
5656,2
5657,1
5658,2
5659,2
5660,2
5661,1
5662,2
5663,1
5664,2
5665,1
5666,2
5667,1
5668,0
5669,2
5670,1
5671,1
5672,2
5673,2
5674,1
5675,1
5676,2
5677,2
5678,2
5679,1
5680,2
5681,2
5682,2
5683,1
5684,1
5685,2
5686,2
5687,1
5688,2
5689,2
5690,1
5691,0
5692,0
5693,0
5694,1
5695,2
5696,2
5697,2
5698,2
5699,2
5700,2
5701,2
5702,1
5703,2
5704,0
5705,2
5706,1
5707,2
5708,2
5709,1
5710,1
5711,1
5712,1
5713,2
5714,2
5715,1
5716,0
5717,2
5718,1
5719,2
5720,0
5721,1
5722,2
5723,0
5724,2
5725,1
5726,2
5727,1
5728,1
5729,2
5730,0
5731,0
5732,2
5733,2
5734,1
5735,2
5736,1
5737,1
5738,1
5739,1
5740,0
5741,1
5742,1
5743,2
5744,2
5745,1
5746,2
5747,1
5748,1
5749,1
5750,2
5751,1
5752,0
5753,2
5754,1
5755,0
5756,1
5757,1
5758,1
5759,1
5760,1
5761,1
5762,1
5763,1
5764,2
5765,1
5766,1
5767,2
5768,2
5769,0
5770,1
5771,2
5772,2
5773,1
5774,1
5775,2
5776,1
5777,1
5778,2
5779,2
5780,2
5781,2
5782,2
5783,0
5784,2
5785,2
5786,2
5787,1
5788,1
5789,1
5790,2
5791,1
5792,1
5793,1
5794,2
5795,1
5796,1
5797,1
5798,2
5799,2
5800,1
5801,1
5802,2
5803,0
5804,2
5805,1
5806,0
5807,1
5808,0
5809,1
5810,1
5811,0
5812,2
5813,1
5814,1
5815,1
5816,2
5817,1
5818,1
5819,1
5820,1
5821,0
5822,2
5823,1
5824,2
5825,2
5826,1
5827,2
5828,1
5829,2
5830,2
5831,1
5832,2
5833,2
5834,1
5835,2
5836,1
5837,2
5838,2
5839,2
5840,1
5841,1
5842,2
5843,1
5844,1
5845,2
5846,1
5847,2
5848,2
5849,2
5850,0
5851,0
5852,0
5853,1
5854,1
5855,1
5856,2
5857,2
5858,2
5859,1
5860,1
5861,2
5862,2
5863,1
5864,1
5865,0
5866,1
5867,1
5868,1
5869,2
5870,2
5871,1
5872,0
5873,1
5874,1
5875,0
5876,1
5877,2
5878,1
5879,1
5880,2
5881,2
5882,1
5883,0
5884,2
5885,2
5886,0
5887,2
5888,1
5889,1
5890,0
5891,0
5892,0
5893,2
5894,1
5895,2
5896,0
5897,1
5898,1
5899,1
5900,1
5901,2
5902,2
5903,0
5904,1
5905,1
5906,1
5907,1
5908,1
5909,1
5910,2
5911,2
5912,2
5913,1
5914,1
5915,0
5916,1
5917,1
5918,2
5919,2
5920,0
5921,2
5922,1
5923,1
5924,1
5925,1
5926,0
5927,1
5928,0
5929,1
5930,1
5931,1
5932,0
5933,2
5934,1
5935,1
5936,2
5937,2
5938,1
5939,1
5940,1
5941,1
5942,1
5943,1
5944,2
5945,2
5946,0
5947,1
5948,2
5949,2
5950,2
5951,1
5952,1
5953,2
5954,2
5955,1
5956,1
5957,1
5958,2
5959,1
5960,0
5961,1
5962,2
5963,1
5964,2
5965,2
5966,2
5967,1
5968,1
5969,2
5970,1
5971,0
5972,2
5973,0
5974,2
5975,2
5976,1
5977,1
5978,2
5979,2
5980,0
5981,2
5982,1
5983,1
5984,1
5985,1
5986,0
5987,2
5988,2
5989,1
5990,1
5991,2
5992,0
5993,2
5994,2
5995,1
5996,1
5997,2
5998,2
5999,1
6000,1
6001,1
6002,1
6003,1
6004,1
6005,2
6006,1
6007,2
6008,1
6009,1
6010,1
6011,1
6012,1
6013,1
6014,2
6015,0
6016,1
6017,1
6018,0
6019,0
6020,2
6021,1
6022,2
6023,0
6024,1
6025,1
6026,2
6027,2
6028,1
6029,1
6030,1
6031,2
6032,0
6033,1
6034,1
6035,0
6036,2
6037,1
6038,0
6039,0
6040,1
6041,1
6042,2
6043,2
6044,2
6045,2
6046,2
6047,1
6048,1
6049,1
6050,0
6051,1
6052,2
6053,1
6054,1
6055,1
6056,2
6057,2
6058,2
6059,0
6060,1
6061,1
6062,2
6063,1
6064,1
6065,2
6066,2
6067,1
6068,1
6069,1
6070,2
6071,1
6072,2
6073,1
6074,2
6075,2
6076,1
6077,0
6078,1
6079,1
6080,0
6081,1
6082,2
6083,2
6084,1
6085,1
6086,1
6087,0
6088,2
6089,2
6090,1
6091,2
6092,2
6093,1
6094,1
6095,1
6096,2
6097,2
6098,2
6099,1
6100,2
6101,1
6102,2
6103,0
6104,2
6105,2
6106,1
6107,1
6108,1
6109,2
6110,1
6111,1
6112,2
6113,1
6114,0
6115,0
6116,1
6117,1
6118,2
6119,0
6120,2
6121,2
6122,1
6123,2
6124,2
6125,2
6126,1
6127,2
6128,1
6129,1
6130,1
6131,2
6132,2
6133,2
6134,2
6135,1
6136,1
6137,1
6138,0
6139,1
6140,1
6141,1
6142,2
6143,2
6144,1
6145,1
6146,1
6147,0
6148,2
6149,0
6150,1
6151,1
6152,2
6153,1
6154,1
6155,2
6156,2
6157,1
6158,2
6159,1
6160,2
6161,0
6162,0
6163,1
6164,0
6165,1
6166,0
6167,2
6168,1
6169,1
6170,0
6171,1
6172,1
6173,2
6174,2
6175,1
6176,1
6177,1
6178,2
6179,2
6180,2
6181,2
6182,2
6183,1
6184,1
6185,2
6186,1
6187,0
6188,0
6189,0
6190,1
6191,1
6192,1
6193,2
6194,1
6195,1
6196,0
6197,0
6198,2
6199,2
6200,1
6201,1
6202,2
6203,2
6204,2
6205,2
6206,1
6207,1
6208,2
6209,1
6210,2
6211,0
6212,2
6213,2
6214,1
6215,2
6216,2
6217,1
6218,2
6219,2
6220,1
6221,2
6222,1
6223,2
6224,2
6225,1
6226,2
6227,1
6228,1
6229,2
6230,1
6231,1
6232,1
6233,2
6234,1
6235,2
6236,1
6237,0
6238,1
6239,1
6240,2
6241,1
6242,2
6243,2
6244,2
6245,1
6246,2
6247,2
6248,2
6249,1
6250,1
6251,1
6252,1
6253,2
6254,0
6255,1
6256,1
6257,1
6258,2
6259,2
6260,1
6261,2
6262,1
6263,2
6264,1
6265,2
6266,2
6267,1
6268,2
6269,1
6270,1
6271,1
6272,2
6273,2
6274,0
6275,2
6276,2
6277,0
6278,2
6279,0
6280,0
6281,1
6282,2
6283,0
6284,2
6285,2
6286,2
6287,0
6288,1
6289,1
6290,1
6291,2
6292,2
6293,2
6294,2
6295,1
6296,2
6297,1
6298,1
6299,1
6300,2
6301,2
6302,2
6303,2
6304,1
6305,2
6306,2
6307,0
6308,0
6309,2
6310,2
6311,2
6312,1
6313,2
6314,2
6315,2
6316,2
6317,1
6318,2
6319,1
6320,2
6321,2
6322,1
6323,2
6324,1
6325,1
6326,1
6327,1
6328,1
6329,1
6330,1
6331,0
6332,1
6333,2
6334,2
6335,0
6336,2
6337,1
6338,1
6339,0
6340,1
6341,0
6342,0
6343,2
6344,1
6345,1
6346,1
6347,0
6348,2
6349,0
6350,2
6351,2
6352,1
6353,2
6354,1
6355,1
6356,1
6357,0
6358,2
6359,0
6360,1
6361,2
6362,1
6363,1
6364,2
6365,2
6366,2
6367,2
6368,2
6369,1
6370,1
6371,1
6372,1
6373,1
6374,1
6375,0
6376,1
6377,2
6378,2
6379,2
6380,2
6381,2
6382,2
6383,1
6384,1
6385,1
6386,0
6387,1
6388,1
6389,1
6390,1
6391,1
6392,1
6393,2
6394,1
6395,2
6396,2
6397,2
6398,1
6399,1
6400,2
6401,1
6402,2
6403,1
6404,1
6405,2
6406,2
6407,2
6408,2
6409,2
6410,1
6411,2
6412,1
6413,1
6414,1
6415,1
6416,2
6417,1
6418,2
6419,2
6420,1
6421,2
6422,0
6423,2
6424,1
6425,0
6426,2
6427,1
6428,2
6429,1
6430,2
6431,2
6432,1
6433,2
6434,1
6435,1
6436,1
6437,0
6438,2
6439,1
6440,1
6441,2
6442,1
6443,1
6444,1
6445,0
6446,2
6447,2
6448,1
6449,1
6450,0
6451,0
6452,2
6453,2
6454,1
6455,0
6456,2
6457,2
6458,1
6459,2
6460,2
6461,2
6462,1
6463,1
6464,2
6465,1
6466,0
6467,1
6468,1
6469,1
6470,2
6471,1
6472,1
6473,1
6474,1
6475,2
6476,2
6477,2
6478,1
6479,1
6480,2
6481,0
6482,1
6483,2
6484,0
6485,1
6486,1
6487,0
6488,2
6489,1
6490,2
6491,0
6492,2
6493,1
6494,0
6495,2
6496,0
6497,0
6498,2
6499,1
6500,2
6501,0
6502,2
6503,1
6504,1
6505,2
6506,1
6507,1
6508,1
6509,2
6510,0
6511,2
6512,2
6513,0
6514,1
6515,1
6516,0
6517,1
6518,0
6519,1
6520,2
6521,1
6522,1
6523,2
6524,2
6525,2
6526,2
6527,2
6528,2
6529,1
6530,0
6531,1
6532,2
6533,0
6534,0
6535,1
6536,2
6537,2
6538,1
6539,2
6540,2
6541,2
6542,1
6543,2
6544,2
6545,2
6546,2
6547,2
6548,0
6549,1
6550,2
6551,2
6552,2
6553,1
6554,2
6555,0
6556,1
6557,1
6558,1
6559,0
6560,1
6561,2
6562,1
6563,2
6564,1
6565,1
6566,1
6567,2
6568,2
6569,1
6570,1
6571,2
6572,1
6573,2
6574,2
6575,2
6576,1
6577,1
6578,2
6579,1
6580,1
6581,1
6582,0
6583,1
6584,1
6585,0
6586,1
6587,2
6588,1
6589,0
6590,1
6591,1
6592,2
6593,1
6594,1
6595,0
6596,0
6597,1
6598,2
6599,2
6600,1
6601,1
6602,1
6603,0
6604,2
6605,2
6606,1
6607,2
6608,1
6609,0
6610,2
6611,2
6612,1
6613,2
6614,2
6615,2
6616,2
6617,0
6618,2
6619,1
6620,1
6621,1
6622,2
6623,1
6624,0
6625,0
6626,1
6627,1
6628,2
6629,1
6630,0
6631,2
6632,2
6633,0
6634,1
6635,2
6636,1
6637,1
6638,1
6639,0
6640,1
6641,1
6642,2
6643,2
6644,2
6645,1
6646,1
6647,2
6648,1
6649,1
6650,2
6651,1
6652,2
6653,2
6654,2
6655,1
6656,1
6657,2
6658,1
6659,2
6660,1
6661,1
6662,2
6663,0
6664,2
6665,0
6666,2
6667,1
6668,2
6669,2
6670,0
6671,1
6672,2
6673,2
6674,1
6675,2
6676,1
6677,0
6678,1
6679,1
6680,2
6681,1
6682,1
6683,1
6684,2
6685,1
6686,1
6687,1
6688,1
6689,1
6690,0
6691,1
6692,1
6693,2
6694,1
6695,1
6696,1
6697,0
6698,0
6699,1
6700,0
6701,0
6702,1
6703,1
6704,2
6705,0
6706,2
6707,2
6708,1
6709,2
6710,0
6711,1
6712,1
6713,2
6714,1
6715,2
6716,2
6717,2
6718,1
6719,0
6720,0
6721,2
6722,1
6723,2
6724,1
6725,2
6726,2
6727,1
6728,1
6729,0
6730,2
6731,2
6732,1
6733,1
6734,1
6735,0
6736,2
6737,1
6738,2
6739,2
6740,2
6741,1
6742,1
6743,1
6744,1
6745,1
6746,2
6747,1
6748,2
6749,2
6750,1
6751,2
6752,2
6753,2
6754,1
6755,1
6756,2
6757,1
6758,2
6759,2
6760,2
6761,0
6762,0
6763,2
6764,0
6765,1
6766,1
6767,1
6768,1
6769,2
6770,2
6771,0
6772,1
6773,1
6774,2
6775,2
6776,2
6777,1
6778,2
6779,2
6780,0
6781,1
6782,1
6783,2
6784,1
6785,1
6786,0
6787,1
6788,2
6789,1
6790,2
6791,1
6792,1
6793,2
6794,2
6795,2
6796,0
6797,1
6798,0
6799,1
6800,1
6801,1
6802,1
6803,0
6804,2
6805,2
6806,1
6807,2
6808,1
6809,2
6810,0
6811,1
6812,1
6813,1
6814,2
6815,2
6816,1
6817,1
6818,2
6819,1
6820,1
6821,1
6822,1
6823,1
6824,0
6825,2
6826,2
6827,2
6828,1
6829,1
6830,0
6831,0
6832,1
6833,2
6834,1
6835,1
6836,2
6837,1
6838,1
6839,1
6840,0
6841,2
6842,1
6843,1
6844,1
6845,1
6846,2
6847,2
6848,2
6849,0
6850,1
6851,1
6852,1
6853,1
6854,1
6855,1
6856,1
6857,2
6858,2
6859,2
6860,1
6861,1
6862,1
6863,1
6864,1
6865,1
6866,1
6867,2
6868,1
6869,2
6870,1
6871,2
6872,1
6873,2
6874,1
6875,1
6876,1
6877,2
6878,1
6879,1
6880,1
6881,2
6882,2
6883,1
6884,0
6885,1
6886,1
6887,2
6888,1
6889,2
6890,2
6891,1
6892,2
6893,2
6894,0
6895,2
6896,2
6897,1
6898,2
6899,2
6900,2
6901,1
6902,2
6903,2
6904,0
6905,1
6906,1
6907,2
6908,2
6909,1
6910,2
6911,2
6912,2
6913,1
6914,1
6915,2
6916,2
6917,2
6918,2
6919,1
6920,2
6921,1
6922,0
6923,1
6924,2
6925,1
6926,1
6927,1
6928,1
6929,0
6930,1
6931,2
6932,1
6933,1
6934,1
6935,0
6936,0
6937,0
6938,1
6939,2
6940,2
6941,2
6942,1
6943,2
6944,1
6945,2
6946,2
6947,2
6948,2
6949,1
6950,1
6951,1
6952,1
6953,2
6954,1
6955,1
6956,1
6957,1
6958,1
6959,1
6960,1
6961,1
6962,2
6963,1
6964,1
6965,0
6966,2
6967,2
6968,1
6969,2
6970,2
6971,1
6972,2
6973,2
6974,2
6975,1
6976,1
6977,2
6978,1
6979,1
6980,1
6981,2
6982,2
6983,1
6984,1
6985,1
6986,1
6987,1
6988,0
6989,2
6990,1
6991,2
6992,0
6993,1
6994,1
6995,1
6996,1
6997,1
6998,2
6999,2
7000,1
7001,0
7002,2
7003,2
7004,0
7005,0
7006,1
7007,1
7008,2
7009,0
7010,1
7011,2
7012,1
7013,0
7014,0
7015,1
7016,1
7017,1
7018,2
7019,1
7020,1
7021,1
7022,1
7023,1
7024,1
7025,2
7026,0
7027,2
7028,2
7029,2
7030,2
7031,2
7032,2
7033,0
7034,2
7035,2
7036,2
7037,1
7038,2
7039,1
7040,2
7041,0
7042,1
7043,2
7044,2
7045,1
7046,2
7047,1
7048,1
7049,2
7050,1
7051,1
7052,0
7053,1
7054,2
7055,1
7056,1
7057,1
7058,0
7059,2
7060,1
7061,0
7062,2
7063,2
7064,0
7065,2
7066,2
7067,2
7068,1
7069,2
7070,0
7071,1
7072,1
7073,1
7074,1
7075,2
7076,1
7077,1
7078,2
7079,2
7080,1
7081,1
7082,1
7083,1
7084,1
7085,2
7086,0
7087,1
7088,0
7089,2
7090,1
7091,1
7092,1
7093,1
7094,1
7095,1
7096,0
7097,0
7098,2
7099,2
7100,1
7101,1
7102,1
7103,2
7104,1
7105,0
7106,1
7107,1
7108,2
7109,1
7110,2
7111,2
7112,2
7113,2
7114,1
7115,2
7116,2
7117,1
7118,1
7119,0
7120,0
7121,1
7122,2
7123,2
7124,2
7125,1
7126,1
7127,1
7128,2
7129,1
7130,1
7131,2
7132,1
7133,2
7134,0
7135,1
7136,2
7137,1
7138,1
7139,1
7140,1
7141,2
7142,2
7143,1
7144,1
7145,1
7146,1
7147,1
7148,1
7149,2
7150,2
7151,2
7152,0
7153,2
7154,0
7155,1
7156,1
7157,2
7158,1
7159,1
7160,2
7161,1
7162,1
7163,1
7164,1
7165,2
7166,2
7167,2
7168,2
7169,1
7170,1
7171,2
7172,1
7173,1
7174,0
7175,1
7176,0
7177,1
7178,1
7179,1
7180,1
7181,1
7182,1
7183,0
7184,1
7185,2
7186,1
7187,1
7188,1
7189,0
7190,2
7191,0
7192,0
7193,0
7194,2
7195,1
7196,1
7197,1
7198,2
7199,2
7200,0
7201,1
7202,1
7203,2
7204,1
7205,0
7206,2
7207,0
7208,2
7209,2
7210,1
7211,0
7212,1
7213,1
7214,0
7215,1
7216,1
7217,1
7218,1
7219,1
7220,2
7221,1
7222,1
7223,1
7224,1
7225,1
7226,1
7227,2
7228,1
7229,1
7230,1
7231,2
7232,1
7233,2
7234,2
7235,2
7236,2
7237,1
7238,2
7239,1
7240,2
7241,0
7242,0
7243,2
7244,2
7245,2
7246,0
7247,0
7248,2
7249,2
7250,1
7251,1
7252,2
7253,1
7254,1
7255,0
7256,2
7257,1
7258,0
7259,2
7260,1
7261,1
7262,1
7263,2
7264,2
7265,2
7266,2
7267,0
7268,1
7269,2
7270,2
7271,1
7272,1
7273,1
7274,0
7275,2
7276,1
7277,1
7278,2
7279,1
7280,1
7281,1
7282,2
7283,0
7284,1
7285,2
7286,2
7287,1
7288,2
7289,1
7290,1
7291,1
7292,2
7293,2
7294,1
7295,1
7296,1
7297,1
7298,0
7299,2
7300,0
7301,1
7302,1
7303,2
7304,1
7305,1
7306,2
7307,1
7308,2
7309,1
7310,2
7311,2
7312,2
7313,1
7314,0
7315,1
7316,2
7317,2
7318,0
7319,1
7320,1
7321,2
7322,2
7323,0
7324,2
7325,2
7326,1
7327,1
7328,2
7329,1
7330,1
7331,2
7332,2
7333,1
7334,0
7335,1
7336,2
7337,1
7338,1
7339,1
7340,1
7341,1
7342,1
7343,2
7344,1
7345,2
7346,2
7347,1
7348,2
7349,2
7350,1
7351,2
7352,2
7353,0
7354,0
7355,2
7356,2
7357,2
7358,1
7359,2
7360,1
7361,2
7362,2
7363,2
7364,2
7365,1
7366,0
7367,2
7368,0
7369,1
7370,1
7371,1
7372,2
7373,2
7374,1
7375,2
7376,2
7377,2
7378,1
7379,2
7380,1
7381,2
7382,1
7383,2
7384,2
7385,1
7386,2
7387,2
7388,1
7389,1
7390,1
7391,2
7392,1
7393,2
7394,2
7395,1
7396,1
7397,2
7398,1
7399,2
7400,1
7401,2
7402,1
7403,1
7404,1
7405,1
7406,1
7407,2
7408,0
7409,2
7410,2
7411,2
7412,2
7413,1
7414,1
7415,0
7416,1
7417,1
7418,2
7419,2
7420,0
7421,2
7422,1
7423,1
7424,2
7425,1
7426,1
7427,2
7428,2
7429,1
7430,2
7431,2
7432,2
7433,1
7434,1
7435,1
7436,1
7437,1
7438,0
7439,2
7440,2
7441,1
7442,2
7443,1
7444,2
7445,2
7446,0
7447,1
7448,2
7449,1
7450,1
7451,2
7452,0
7453,2
7454,2
7455,2
7456,2
7457,1
7458,1
7459,2
7460,2
7461,1
7462,1
7463,2
7464,2
7465,0
7466,1
7467,1
7468,1
7469,2
7470,1
7471,0
7472,0
7473,1
7474,1
7475,2
7476,1
7477,1
7478,2
7479,1
7480,2
7481,1
7482,1
7483,1
7484,2
7485,1
7486,1
7487,1
7488,2
7489,1
7490,2
7491,1
7492,2
7493,2
7494,2
7495,2
7496,1
7497,1
7498,2
7499,1
7500,2
7501,1
7502,1
7503,2
7504,1
7505,2
7506,1
7507,1
7508,1
7509,2
7510,1
7511,1
7512,2
7513,2
7514,1
7515,1
7516,2
7517,2
7518,1
7519,1
7520,2
7521,2
7522,2
7523,1
7524,1
7525,0
7526,1
7527,2
7528,0
7529,1
7530,2
7531,1
7532,1
7533,2
7534,1
7535,1
7536,2
7537,0
7538,2
7539,2
7540,1
7541,2
7542,2
7543,0
7544,1
7545,0
7546,1
7547,2
7548,2
7549,1
7550,2
7551,1
7552,2
7553,1
7554,1
7555,2
7556,2
7557,2
7558,2
7559,1
7560,2
7561,2
7562,1
7563,2
7564,2
7565,1
7566,1
7567,1
7568,1
7569,2
7570,2
7571,2
7572,1
7573,1
7574,2
7575,1
7576,2
7577,0
7578,2
7579,1
7580,0
7581,2
7582,1
7583,1
7584,2
7585,2
7586,2
7587,1
7588,1
7589,1
7590,2
7591,1
7592,2
7593,0
7594,1
7595,1
7596,0
7597,2
7598,2
7599,1
7600,2
7601,1
7602,0
7603,0
7604,1
7605,1
7606,1
7607,1
7608,1
7609,0
7610,2
7611,2
7612,2
7613,1
7614,0
7615,1
7616,2
7617,0
7618,1
7619,2
7620,1
7621,1
7622,2
7623,1
7624,1
7625,2
7626,1
7627,2
7628,2
7629,1
7630,2
7631,1
7632,1
7633,1
7634,1
7635,0
7636,2
7637,2
7638,2
7639,1
7640,2
7641,2
7642,2
7643,0
7644,1
7645,0
7646,2
7647,1
7648,1
7649,0
7650,1
7651,1
7652,0
7653,2
7654,2
7655,1
7656,0
7657,1
7658,2
7659,2
7660,0
7661,1
7662,2
7663,2
7664,2
7665,0
7666,1
7667,2
7668,2
7669,2
7670,2
7671,1
7672,0
7673,2
7674,0
7675,2
7676,2
7677,1
7678,1
7679,1
7680,1
7681,2
7682,1
7683,2
7684,1
7685,2
7686,2
7687,1
7688,2
7689,2
7690,2
7691,1
7692,2
7693,2
7694,1
7695,1
7696,1
7697,1
7698,2
7699,1
7700,1
7701,2
7702,2
7703,0
7704,0
7705,2
7706,0
7707,1
7708,1
7709,0
7710,2
7711,0
7712,1
7713,0
7714,1
7715,1
7716,0
7717,1
7718,2
7719,1
7720,1
7721,0
7722,2
7723,2
7724,0
7725,1
7726,1
7727,1
7728,1
7729,2
7730,1
7731,2
7732,1
7733,1
7734,2
7735,1
7736,2
7737,1
7738,2
7739,2
7740,2
7741,2
7742,2
7743,1
7744,1
7745,2
7746,0
7747,1
7748,2
7749,1
7750,2
7751,2
7752,2
7753,1
7754,1
7755,2
7756,0
7757,0
7758,0
7759,0
7760,2
7761,2
7762,0
7763,2
7764,2
7765,2
7766,2
7767,2
7768,2
7769,0
7770,1
7771,2
7772,2
7773,1
7774,2
7775,2
7776,2
7777,2
7778,1
7779,0
7780,1
7781,2
7782,2
7783,2
7784,2
7785,2
7786,0
7787,1
7788,2
7789,2
7790,0
7791,1
7792,2
7793,2
7794,2
7795,2
7796,1
7797,2
7798,1
7799,1
7800,2
7801,1
7802,2
7803,0
7804,1
7805,2
7806,0
7807,1
7808,2
7809,1
7810,1
7811,1
7812,0
7813,2
7814,1
7815,2
7816,1
7817,2
7818,1
7819,0
7820,2
7821,1
7822,1
7823,2
7824,2
7825,2
7826,1
7827,1
7828,1
7829,2
7830,1
7831,1
7832,0
7833,0
7834,2
7835,1
7836,0
7837,0
7838,1
7839,1
7840,1
7841,0
7842,1
7843,1
7844,2
7845,2
7846,2
7847,2
7848,1
7849,0
7850,1
7851,0
7852,1
7853,2
7854,2
7855,1
7856,1
7857,1
7858,2
7859,1
7860,2
7861,1
7862,1
7863,1
7864,2
7865,2
7866,1
7867,2
7868,1
7869,1
7870,2
7871,1
7872,0
7873,2
7874,2
7875,2
7876,1
7877,2
7878,1
7879,1
7880,1
7881,2
7882,1
7883,1
7884,1
7885,2
7886,1
7887,2
7888,2
7889,2
7890,0
7891,0
7892,1
7893,2
7894,1
7895,2
7896,2
7897,1
7898,2
7899,2
7900,1
7901,2
7902,1
7903,1
7904,1
7905,0
7906,1
7907,0
7908,1
7909,2
7910,2
7911,2
7912,2
7913,2
7914,2
7915,1
7916,2
7917,2
7918,1
7919,2
7920,1
7921,0
7922,2
7923,2
7924,2
7925,2
7926,1
7927,1
7928,1
7929,1
7930,1
7931,1
7932,2
7933,2
7934,2
7935,1
7936,2
7937,0
7938,2
7939,1
7940,1
7941,1
7942,2
7943,2
7944,0
7945,2
7946,2
7947,1
7948,1
7949,1
7950,0
7951,1
7952,1
7953,2
7954,1
7955,1
7956,1
7957,2
7958,2
7959,2
7960,2
7961,1
7962,2
7963,1
7964,0
7965,2
7966,2
7967,0
7968,1
7969,2
7970,2
7971,2
7972,2
7973,1
7974,2
7975,1
7976,2
7977,1
7978,2
7979,1
7980,2
7981,1
7982,2
7983,2
7984,1
7985,1
7986,2
7987,2
7988,1
7989,1
7990,2
7991,2
7992,2
7993,2
7994,1
7995,2
7996,2
7997,2
7998,2
7999,2
8000,2
8001,2
8002,1
8003,2
8004,1
8005,0
8006,0
8007,1
8008,1
8009,2
8010,1
8011,2
8012,2
8013,2
8014,1
8015,0
8016,0
8017,1
8018,2
8019,0
8020,0
8021,1
8022,2
8023,2
8024,1
8025,0
8026,1
8027,0
8028,0
8029,1
8030,1
8031,1
8032,1
8033,1
8034,1
8035,1
8036,2
8037,2
8038,2
8039,1
8040,0
8041,1
8042,1
8043,2
8044,1
8045,2
8046,1
8047,2
8048,1
8049,2
8050,2
8051,1
8052,1
8053,2
8054,2
8055,2
8056,2
8057,1
8058,1
8059,1
8060,2
8061,0
8062,2
8063,2
8064,2
8065,2
8066,1
8067,1
8068,0
8069,2
8070,2
8071,2
8072,1
8073,2
8074,2
8075,1
8076,1
8077,2
8078,1
8079,2
8080,2
8081,0
8082,1
8083,1
8084,1
8085,1
8086,1
8087,0
8088,0
8089,2
8090,0
8091,2
8092,1
8093,2
8094,1
8095,2
8096,2
8097,1
8098,1
8099,1
8100,1
8101,1
8102,2
8103,0
8104,2
8105,0
8106,1
8107,2
8108,2
8109,1
8110,2
8111,1
8112,1
8113,1
8114,1
8115,1
8116,2
8117,2
8118,2
8119,2
8120,2
8121,0
8122,0
8123,1
8124,2
8125,1
8126,0
8127,2
8128,2
8129,0
8130,1
8131,1
8132,1
8133,1
8134,2
8135,0
8136,0
8137,1
8138,2
8139,0
8140,2
8141,2
8142,1
8143,1
8144,2
8145,1
8146,1
8147,1
8148,2
8149,2
8150,0
8151,1
8152,2
8153,0
8154,2
8155,0
8156,0
8157,1
8158,0
8159,2
8160,1
8161,1
8162,2
8163,2
8164,1
8165,1
8166,2
8167,1
8168,2
8169,2
8170,2
8171,2
8172,1
8173,1
8174,0
8175,1
8176,2
8177,2
8178,0
8179,1
8180,1
8181,2
8182,1
8183,2
8184,1
8185,2
8186,1
8187,2
8188,1
8189,2
8190,2
8191,1
8192,2
8193,2
8194,1
8195,1
8196,2
8197,1
8198,2
8199,2
8200,1
8201,1
8202,1
8203,1
8204,1
8205,1
8206,1
8207,1
8208,1
8209,1
8210,1
8211,2
8212,1
8213,2
8214,1
8215,2
8216,2
8217,0
8218,1
8219,2
8220,2
8221,1
8222,2
8223,2
8224,2
8225,1
8226,2
8227,2
8228,2
8229,0
8230,1
8231,1
8232,2
8233,1
8234,1
8235,2
8236,1
8237,1
8238,2
8239,1
8240,2
8241,1
8242,2
8243,0
8244,2
8245,2
8246,1
8247,0
8248,2
8249,0
8250,0
8251,1
8252,1
8253,1
8254,1
8255,1
8256,1
8257,0
8258,2
8259,1
8260,0
8261,0
8262,2
8263,0
8264,1
8265,1
8266,0
8267,2
8268,2
8269,1
8270,2
8271,1
8272,1
8273,2
8274,1
8275,0
8276,2
8277,2
8278,2
8279,1
8280,1
8281,2
8282,2
8283,1
8284,2
8285,2
8286,2
8287,2
8288,2
8289,2
8290,1
8291,0
8292,2
8293,1
8294,0
8295,2
8296,1
8297,2
8298,2
8299,0
8300,2
8301,2
8302,2
8303,1
8304,2
8305,1
8306,2
8307,2
8308,2
8309,1
8310,2
8311,1
8312,1
8313,1
8314,1
8315,1
8316,1
8317,2
8318,0
8319,1
8320,1
8321,1
8322,1
8323,2
8324,2
8325,0
8326,2
8327,0
8328,2
8329,1
8330,2
8331,1
8332,1
8333,1
8334,0
8335,2
8336,1
8337,2
8338,2
8339,2
8340,2
8341,1
8342,0
8343,1
8344,2
8345,1
8346,2
8347,1
8348,2
8349,1
8350,2
8351,1
8352,2
8353,1
8354,1
8355,1
8356,1
8357,2
8358,0
8359,1
8360,1
8361,2
8362,2
8363,1
8364,1
8365,1
8366,2
8367,2
8368,1
8369,1
8370,2
8371,2
8372,0
8373,2
8374,1
8375,2
8376,0
8377,2
8378,1
8379,2
8380,2
8381,1
8382,1
8383,1
8384,1
8385,2
8386,2
8387,2
8388,1
8389,2
8390,2
8391,2
8392,1
8393,1
8394,1
8395,1
8396,1
8397,1
8398,1
8399,2
8400,1
8401,1
8402,2
8403,0
8404,1
8405,1
8406,2
8407,1
8408,2
8409,2
8410,2
8411,2
8412,2
8413,1
8414,0
8415,2
8416,2
8417,2
8418,2
8419,0
8420,1
8421,2
8422,1
8423,2
8424,2
8425,1
8426,2
8427,2
8428,2
8429,0
8430,1
8431,0
8432,1
8433,2
8434,2
8435,2
8436,1
8437,1
8438,2
8439,2
8440,1
8441,1
8442,2
8443,0
8444,1
8445,2
8446,2
8447,2
8448,1
8449,1
8450,2
8451,1
8452,1
8453,1
8454,2
8455,2
8456,2
8457,2
8458,2
8459,0
8460,1
8461,0
8462,1
8463,0
8464,2
8465,0
8466,1
8467,0
8468,1
8469,1
8470,1
8471,1
8472,1
8473,1
8474,2
8475,0
8476,1
8477,2
8478,1
8479,2
8480,2
8481,1
8482,1
8483,0
8484,1
8485,2
8486,1
8487,1
8488,1
8489,1
8490,2
8491,2
8492,1
8493,2
8494,0
8495,0
8496,2
8497,0
8498,2
8499,2
8500,0
8501,1
8502,1
8503,2
8504,2
8505,1
8506,0
8507,0
8508,2
8509,2
8510,0
8511,1
8512,0
8513,1
8514,2
8515,2
8516,1
8517,1
8518,1
8519,2
8520,1
8521,2
8522,1
8523,1
8524,2
8525,2
8526,1
8527,2
8528,1
8529,1
8530,0
8531,1
8532,2
8533,1
8534,2
8535,2
8536,2
8537,2
8538,1
8539,2
8540,1
8541,1
8542,2
8543,2
8544,0
8545,2
8546,1
8547,1
8548,1
8549,2
8550,2
8551,2
8552,1
8553,2
8554,1
8555,1
8556,1
8557,1
8558,2
8559,2
8560,2
8561,2
8562,1
8563,2
8564,1
8565,1
8566,1
8567,2
8568,1
8569,2
8570,2
8571,2
8572,1
8573,2
8574,0
8575,2
8576,2
8577,2
8578,1
8579,1
8580,1
8581,1
8582,2
8583,2
8584,1
8585,1
8586,2
8587,0
8588,1
8589,0
8590,1
8591,2
8592,1
8593,1
8594,1
8595,1
8596,2
8597,2
8598,2
8599,2
8600,2
8601,0
8602,2
8603,1
8604,0
8605,2
8606,2
8607,0
8608,1
8609,1
8610,1
8611,2
8612,0
8613,2
8614,1
8615,2
8616,1
8617,1
8618,1
8619,2
8620,1
8621,1
8622,1
8623,1
8624,1
8625,0
8626,1
8627,1
8628,2
8629,2
8630,1
8631,1
8632,1
8633,2
8634,2
8635,1
8636,2
8637,1
8638,1
8639,2
8640,2
8641,2
8642,1
8643,2
8644,2
8645,1
8646,0
8647,1
8648,2
8649,1
8650,2
8651,2
8652,2
8653,2
8654,0
8655,1
8656,1
8657,1
8658,2
8659,2
8660,2
8661,1
8662,2
8663,1
8664,1
8665,1
8666,2
8667,2
8668,2
8669,1
8670,2
8671,0
8672,1
8673,1
8674,1
8675,0
8676,2
8677,1
8678,2
8679,1
8680,1
8681,2
8682,1
8683,2
8684,1
8685,0
8686,2
8687,2
8688,2
8689,2
8690,2
8691,2
8692,0
8693,2
8694,1
8695,1
8696,2
8697,1
8698,1
8699,1
8700,1
8701,2
8702,1
8703,1
8704,0
8705,1
8706,2
8707,1
8708,2
8709,0
8710,2
8711,1
8712,1
8713,2
8714,1
8715,2
8716,2
8717,1
8718,1
8719,1
8720,2
8721,1
8722,1
8723,1
8724,1
8725,2
8726,1
8727,1
8728,1
8729,2
8730,1
8731,1
8732,2
8733,1
8734,2
8735,0
8736,2
8737,2
8738,1
8739,2
8740,1
8741,1
8742,2
8743,1
8744,1
8745,0
8746,1
8747,1
8748,2
8749,1
8750,1
8751,1
8752,0
8753,2
8754,1
8755,1
8756,0
8757,1
8758,2
8759,1
8760,0
8761,1
8762,2
8763,1
8764,2
8765,2
8766,0
8767,2
8768,2
8769,2
8770,0
8771,2
8772,1
8773,1
8774,1
8775,1
8776,1
8777,0
8778,1
8779,1
8780,2
8781,2
8782,2
8783,1
8784,0
8785,1
8786,2
8787,1
8788,0
8789,1
8790,1
8791,2
8792,1
8793,2
8794,2
8795,1
8796,1
8797,2
8798,1
8799,2
8800,2
8801,1
8802,2
8803,2
8804,1
8805,1
8806,2
8807,2
8808,1
8809,0
8810,2
8811,1
8812,1
8813,1
8814,1
8815,2
8816,2
8817,2
8818,1
8819,1
8820,1
8821,1
8822,1
8823,2
8824,0
8825,2
8826,1
8827,1
8828,2
8829,1
8830,1
8831,1
8832,1
8833,1
8834,2
8835,1
8836,1
8837,2
8838,1
8839,1
8840,1
8841,2
8842,1
8843,1
8844,0
8845,2
8846,0
8847,1
8848,1
8849,2
8850,2
8851,2
8852,2
8853,1
8854,1
8855,1
8856,1
8857,2
8858,2
8859,1
8860,1
8861,1
8862,1
8863,0
8864,2
8865,1
8866,0
8867,1
8868,2
8869,2
8870,0
8871,2
8872,1
8873,2
8874,2
8875,2
8876,2
8877,2
8878,2
8879,1
8880,2
8881,1
8882,1
8883,1
8884,1
8885,2
8886,2
8887,2
8888,2
8889,1
8890,0
8891,2
8892,1
8893,2
8894,2
8895,1
8896,2
8897,2
8898,1
8899,1
8900,2
8901,0
8902,2
8903,0
8904,2
8905,1
8906,2
8907,1
8908,1
8909,0
8910,2
8911,1
8912,1
8913,1
8914,1
8915,2
8916,1
8917,1
8918,2
8919,0
8920,2
8921,2
8922,2
8923,2
8924,2
8925,2
8926,2
8927,2
8928,2
8929,2
8930,1
8931,1
8932,1
8933,1
8934,2
8935,2
8936,1
8937,1
8938,2
8939,1
8940,1
8941,1
8942,2
8943,2
8944,2
8945,1
8946,1
8947,1
8948,2
8949,1
8950,2
8951,2
8952,2
8953,1
8954,0
8955,1
8956,2
8957,2
8958,1
8959,1
8960,0
8961,1
8962,1
8963,2
8964,1
8965,2
8966,1
8967,1
8968,2
8969,2
8970,2
8971,1
8972,1
8973,1
8974,2
8975,2
8976,1
8977,1
8978,2
8979,2
8980,2
8981,1
8982,1
8983,2
8984,0
8985,2
8986,2
8987,1
8988,2
8989,2
8990,2
8991,1
8992,1
8993,1
8994,2
8995,0
8996,1
8997,1
8998,1
8999,2
9000,2
9001,2
9002,1
9003,1
9004,2
9005,2
9006,2
9007,2
9008,2
9009,1
9010,2
9011,1
9012,1
9013,2
9014,2
9015,1
9016,2
9017,2
9018,0
9019,2
9020,2
9021,2
9022,1
9023,2
9024,2
9025,1
9026,0
9027,2
9028,2
9029,1
9030,2
9031,1
9032,2
9033,1
9034,1
9035,0
9036,1
9037,2
9038,1
9039,2
9040,2
9041,2
9042,2
9043,2
9044,1
9045,1
9046,2
9047,2
9048,2
9049,2
9050,1
9051,2
9052,1
9053,2
9054,1
9055,1
9056,2
9057,1
9058,1
9059,2
9060,1
9061,2
9062,1
9063,1
9064,1
9065,0
9066,1
9067,1
9068,1
9069,0
9070,2
9071,0
9072,2
9073,0
9074,1
9075,1
9076,2
9077,2
9078,2
9079,1
9080,1
9081,0
9082,1
9083,0
9084,2
9085,0
9086,1
9087,1
9088,1
9089,1
9090,1
9091,1
9092,1
9093,2
9094,2
9095,2
9096,0
9097,2
9098,1
9099,1
9100,1
9101,0
9102,1
9103,1
9104,1
9105,1
9106,1
9107,1
9108,2
9109,1
9110,1
9111,1
9112,2
9113,0
9114,2
9115,2
9116,2
9117,2
9118,2
9119,1
9120,2
9121,0
9122,1
9123,2
9124,2
9125,1
9126,1
9127,2
9128,2
9129,1
9130,1
9131,1
9132,0
9133,2
9134,1
9135,2
9136,1
9137,2
9138,2
9139,1
9140,1
9141,2
9142,1
9143,1
9144,2
9145,1
9146,0
9147,2
9148,2
9149,2
9150,2
9151,1
9152,1
9153,0
9154,1
9155,1
9156,1
9157,2
9158,2
9159,2
9160,1
9161,1
9162,1
9163,0
9164,2
9165,0
9166,1
9167,0
9168,2
9169,2
9170,1
9171,1
9172,0
9173,0
9174,1
9175,1
9176,1
9177,1
9178,1
9179,2
9180,1
9181,1
9182,1
9183,1
9184,1
9185,0
9186,2
9187,1
9188,2
9189,1
9190,2
9191,1
9192,0
9193,1
9194,2
9195,1
9196,2
9197,1
9198,0
9199,2
9200,0
9201,2
9202,1
9203,2
9204,2
9205,1
9206,2
9207,2
9208,1
9209,1
9210,1
9211,1
9212,2
9213,2
9214,1
9215,1
9216,2
9217,1
9218,2
9219,0
9220,2
9221,2
9222,1
9223,1
9224,1
9225,1
9226,1
9227,2
9228,1
9229,1
9230,2
9231,1
9232,2
9233,1
9234,2
9235,2
9236,1
9237,1
9238,2
9239,1
9240,2
9241,1
9242,0
9243,0
9244,2
9245,1
9246,2
9247,0
9248,2
9249,0
9250,2
9251,0
9252,1
9253,1
9254,2
9255,1
9256,2
9257,1
9258,1
9259,1
9260,0
9261,0
9262,2
9263,2
9264,1
9265,1
9266,1
9267,1
9268,2
9269,1
9270,2
9271,1
9272,2
9273,2
9274,0
9275,0
9276,2
9277,1
9278,0
9279,1
9280,1
9281,0
9282,1
9283,2
9284,1
9285,1
9286,2
9287,0
9288,1
9289,1
9290,1
9291,1
9292,1
9293,2
9294,1
9295,2
9296,1
9297,2
9298,2
9299,2
9300,0
9301,2
9302,2
9303,1
9304,1
9305,1
9306,2
9307,2
9308,2
9309,1
9310,1
9311,1
9312,0
9313,2
9314,1
9315,1
9316,0
9317,2
9318,1
9319,0
9320,2
9321,1
9322,0
9323,1
9324,1
9325,0
9326,2
9327,2
9328,1
9329,1
9330,1
9331,0
9332,2
9333,2
9334,2
9335,2
9336,0
9337,1
9338,0
9339,2
9340,0
9341,1
9342,2
9343,1
9344,1
9345,1
9346,0
9347,1
9348,1
9349,1
9350,1
9351,2
9352,2
9353,0
9354,1
9355,1
9356,2
9357,2
9358,1
9359,2
9360,1
9361,1
9362,1
9363,2
9364,2
9365,2
9366,2
9367,2
9368,1
9369,2
9370,2
9371,2
9372,1
9373,2
9374,1
9375,1
9376,2
9377,1
9378,1
9379,2
9380,2
9381,2
9382,1
9383,2
9384,0
9385,1
9386,0
9387,2
9388,0
9389,2
9390,1
9391,2
9392,2
9393,2
9394,2
9395,2
9396,2
9397,1
9398,1
9399,1
9400,2
9401,2
9402,2
9403,1
9404,0
9405,1
9406,2
9407,2
9408,1
9409,0
9410,2
9411,0
9412,2
9413,0
9414,2
9415,1
9416,2
9417,2
9418,1
9419,1
9420,2
9421,1
9422,0
9423,0
9424,1
9425,0
9426,0
9427,0
9428,1
9429,1
9430,0
9431,1
9432,1
9433,1
9434,2
9435,2
9436,1
9437,0
9438,0
9439,1
9440,2
9441,1
9442,1
9443,1
9444,2
9445,2
9446,0
9447,1
9448,1
9449,0
9450,2
9451,2
9452,1
9453,1
9454,0
9455,2
9456,1
9457,2
9458,0
9459,1
9460,0
9461,0
9462,0
9463,2
9464,2
9465,2
9466,2
9467,1
9468,1
9469,2
9470,1
9471,1
9472,2
9473,1
9474,2
9475,1
9476,1
9477,2
9478,0
9479,1
9480,1
9481,1
9482,1
9483,0
9484,1
9485,1
9486,1
9487,1
9488,1
9489,2
9490,1
9491,2
9492,1
9493,0
9494,1
9495,2
9496,0
9497,0
9498,2
9499,1
9500,2
9501,2
9502,1
9503,2
9504,2
9505,2
9506,2
9507,1
9508,0
9509,1
9510,2
9511,2
9512,1
9513,1
9514,1
9515,1
9516,0
9517,1
9518,1
9519,2
9520,1
9521,1
9522,1
9523,0
9524,0
9525,0
9526,2
9527,1
9528,1
9529,2
9530,2
9531,1
9532,2
9533,1
9534,0
9535,0
9536,2
9537,2
9538,2
9539,2
9540,1
9541,2
9542,2
9543,1
9544,1
9545,0
9546,0
9547,1
9548,0
9549,2
9550,2
9551,1
9552,1
9553,2
9554,2
9555,2
9556,1
9557,2
9558,2
9559,1
9560,1
9561,1
9562,1
9563,1
9564,2
9565,1
9566,0
9567,1
9568,2
9569,1
9570,2
9571,2
9572,1
9573,2
9574,0
9575,0
9576,2
9577,0
9578,2
9579,1
9580,0
9581,1
9582,1
9583,0
9584,1
9585,1
9586,1
9587,1
9588,1
9589,1
9590,2
9591,2
9592,2
9593,1
9594,2
9595,1
9596,0
9597,1
9598,0
9599,0
9600,0
9601,2
9602,2
9603,1
9604,1
9605,2
9606,1
9607,0
9608,0
9609,2
9610,1
9611,1
9612,2
9613,2
9614,1
9615,1
9616,1
9617,1
9618,2
9619,2
9620,1
9621,1
9622,2
9623,0
9624,1
9625,1
9626,2
9627,2
9628,2
9629,2
9630,1
9631,2
9632,2
9633,1
9634,2
9635,1
9636,2
9637,0
9638,1
9639,1
9640,2
9641,0
9642,1
9643,1
9644,2
9645,2
9646,1
9647,0
9648,1
9649,1
9650,1
9651,2
9652,2
9653,1
9654,2
9655,1
9656,2
9657,2
9658,0
9659,2
9660,2
9661,0
9662,1
9663,0
9664,1
9665,2
9666,2
9667,1
9668,1
9669,1
9670,1
9671,2
9672,1
9673,2
9674,2
9675,1
9676,2
9677,1
9678,0
9679,1
9680,1
9681,0
9682,1
9683,1
9684,1
9685,2
9686,0
9687,2
9688,1
9689,1
9690,1
9691,2
9692,1
9693,1
9694,1
9695,2
9696,1
9697,0
9698,2
9699,1
9700,2
9701,1
9702,1
9703,0
9704,1
9705,1
9706,1
9707,2
9708,1
9709,2
9710,2
9711,2
9712,1
9713,1
9714,1
9715,1
9716,1
9717,0
9718,1
9719,1
9720,2
9721,2
9722,0
9723,1
9724,2
9725,1
9726,1
9727,1
9728,1
9729,2
9730,0
9731,1
9732,1
9733,0
9734,0
9735,2
9736,1
9737,2
9738,1
9739,2
9740,1
9741,1
9742,2
9743,1
9744,1
9745,1
9746,1
9747,1
9748,2
9749,1
9750,2
9751,0
9752,2
9753,1
9754,1
9755,1
9756,2
9757,2
9758,2
9759,1
9760,2
9761,2
9762,2
9763,2
9764,2
9765,2
9766,1
9767,1
9768,1
9769,1
9770,0
9771,1
9772,2
9773,1
9774,1
9775,2
9776,2
9777,0
9778,1
9779,0
9780,1
9781,1
9782,2
9783,2
9784,1
9785,2
9786,2
9787,1
9788,1
9789,1
9790,1
9791,0
9792,1
9793,2
9794,1
9795,1
9796,0
9797,1
9798,2
9799,2
9800,0
9801,1
9802,0
9803,2
9804,2
9805,1
9806,1
9807,2
9808,1
9809,1
9810,2
9811,1
9812,1
9813,1
9814,1
9815,1
9816,1
9817,1
9818,2
9819,1
9820,2
9821,1
9822,1
9823,2
9824,1
9825,1
9826,2
9827,2
9828,1
9829,2
9830,2
9831,2
9832,1
9833,0
9834,1
9835,1
9836,0
9837,2
9838,1
9839,2
9840,1
9841,2
9842,0
9843,2
9844,1
9845,1
9846,1
9847,2
9848,2
9849,1
9850,1
9851,2
9852,2
9853,2
9854,1
9855,0
9856,1
9857,2
9858,1
9859,0
9860,2
9861,0
9862,2
9863,1
9864,1
9865,1
9866,2
9867,0
9868,2
9869,0
9870,0
9871,0
9872,1
9873,1
9874,2
9875,2
9876,2
9877,1
9878,1
9879,1
9880,1
9881,1
9882,0
9883,2
9884,0
9885,1
9886,1
9887,2
9888,2
9889,1
9890,2
9891,1
9892,1
9893,2
9894,2
9895,2
9896,0
9897,1
9898,2
9899,2
9900,2
9901,0
9902,0
9903,2
9904,1
9905,2
9906,2
9907,0
9908,1
9909,1
9910,2
9911,2
9912,2
9913,2
9914,2
9915,1
9916,2
9917,2
9918,1
9919,1
9920,1
9921,2
9922,0
9923,1
9924,0
9925,2
9926,2
9927,2
9928,2
9929,2
9930,2
9931,0
9932,2
9933,1
9934,2
9935,1
9936,2
9937,0
9938,1
9939,2
9940,1
9941,1
9942,2
9943,2
9944,2
9945,2
9946,1
9947,2
9948,1
9949,1
9950,2
9951,2
9952,2
9953,2
9954,2
9955,0
9956,2
9957,2
9958,0
9959,1
9960,1
9961,0
9962,0
9963,1
9964,2
9965,2
9966,2
9967,1
9968,1
9969,1
9970,2
9971,2
9972,2
9973,1
9974,1
9975,2
9976,1
9977,2
9978,1
9979,1
9980,1
9981,2
9982,1
9983,0
9984,1
9985,1
9986,2
9987,2
9988,2
9989,1
9990,0
9991,2
9992,1
9993,2
9994,2
9995,1
9996,0
9997,0
9998,1
9999,2
10000,1
10001,2
10002,1
10003,1
10004,2
10005,1
10006,2
10007,2
10008,1
10009,1
10010,2
10011,2
10012,1
10013,2
10014,0
10015,1
10016,2
10017,1
10018,2
10019,2
10020,2
10021,2
10022,1
10023,2
10024,2
10025,1
10026,2
10027,2
10028,2
10029,1
10030,1
10031,2
10032,1
10033,0
10034,1
10035,1
10036,0
10037,1
10038,0
10039,2
10040,1
10041,1
10042,0
10043,1
10044,1
10045,2
10046,2
10047,2
10048,1
10049,1
10050,1
10051,1
10052,1
10053,1
10054,2
10055,1
10056,1
10057,1
10058,1
10059,1
10060,2
10061,0
10062,2
10063,2
10064,2
10065,2
10066,2
10067,2
10068,2
10069,2
10070,2
10071,2
10072,1
10073,2
10074,0
10075,2
10076,2
10077,1
10078,1
10079,2
10080,1
10081,1
10082,1
10083,1
10084,1
10085,1
10086,1
10087,0
10088,1
10089,1
10090,0
10091,2
10092,1
10093,2
10094,1
10095,1
10096,1
10097,1
10098,1
10099,1
10100,2
10101,1
10102,1
10103,1
10104,2
10105,1
10106,1
10107,2
10108,0
10109,2
10110,2
10111,2
10112,1
10113,0
10114,2
10115,0
10116,0
10117,1
10118,1
10119,1
10120,0
10121,2
10122,1
10123,1
10124,0
10125,2
10126,1
10127,2
10128,1
10129,1
10130,2
10131,1
10132,2
10133,2
10134,1
10135,1
10136,1
10137,1
10138,2
10139,1
10140,1
10141,2
10142,2
10143,1
10144,0
10145,2
10146,1
10147,1
10148,1
10149,2
10150,0
10151,0
10152,1
10153,1
10154,2
10155,1
10156,1
10157,2
10158,2
10159,2
10160,2
10161,2
10162,1
10163,0
10164,1
10165,0
10166,1
10167,2
10168,2
10169,2
10170,0
10171,2
10172,1
10173,2
10174,2
10175,2
10176,2
10177,2
10178,1
10179,1
10180,2
10181,0
10182,2
10183,2
10184,1
10185,1
10186,1
10187,0
10188,1
10189,1
10190,1
10191,2
10192,2
10193,1
10194,2
10195,2
10196,1
10197,1
10198,1
10199,0
10200,1
10201,2
10202,2
10203,2
10204,2
10205,1
10206,1
10207,2
10208,2
10209,2
10210,1
10211,1
10212,2
10213,2
10214,2
10215,1
10216,2
10217,0
10218,0
10219,1
10220,2
10221,1
10222,1
10223,1
10224,1
10225,2
10226,2
10227,2
10228,2
10229,0
10230,1
10231,2
10232,2
10233,2
10234,1
10235,1
10236,2
10237,2
10238,0
10239,0
10240,2
10241,1
10242,1
10243,2
10244,2
10245,1
10246,1
10247,1
10248,2
10249,1
10250,1
10251,0
10252,2
10253,1
10254,2
10255,1
10256,1
10257,2
10258,2
10259,1
10260,2
10261,1
10262,2
10263,2
10264,2
10265,2
10266,2
10267,2
10268,1
10269,2
10270,1
10271,2
10272,0
10273,1
10274,1
10275,2
10276,1
10277,1
10278,1
10279,2
10280,1
10281,1
10282,1
10283,0
10284,2
10285,2
10286,2
10287,1
10288,2
10289,2
10290,1
10291,2
10292,2
10293,1
10294,1
10295,1
10296,2
10297,2
10298,1
10299,0
10300,2
10301,2
10302,2
10303,1
10304,1
10305,1
10306,0
10307,1
10308,2
10309,1
10310,2
10311,1
10312,2
10313,1
10314,1
10315,2
10316,0
10317,2
10318,2
10319,1
10320,1
10321,2
10322,0
10323,1
10324,1
10325,1
10326,2
10327,2
10328,1
10329,0
10330,2
10331,2
10332,1
10333,2
10334,2
10335,1
10336,2
10337,1
10338,0
10339,2
10340,1
10341,2
10342,2
10343,1
10344,1
10345,1
10346,1
10347,0
10348,2
10349,2
10350,2
10351,2
10352,2
10353,2
10354,1
10355,1
10356,1
10357,2
10358,1
10359,2
10360,1
10361,2
10362,2
10363,2
10364,0
10365,2
10366,2
10367,2
10368,2
10369,2
10370,0
10371,2
10372,1
10373,2
10374,1
10375,2
10376,1
10377,2
10378,2
10379,0
10380,2
10381,2
10382,1
10383,1
10384,2
10385,1
10386,1
10387,0
10388,2
10389,0
10390,1
10391,1
10392,2
10393,2
10394,2
10395,2
10396,1
10397,1
10398,1
10399,1
10400,0
10401,2
10402,2
10403,2
10404,1
10405,2
10406,0
10407,2
10408,2
10409,1
10410,0
10411,0
10412,1
10413,1
10414,2
10415,2
10416,1
10417,0
10418,2
10419,2
10420,2
10421,2
10422,0
10423,1
10424,1
10425,2
10426,2
10427,2
10428,1
10429,1
10430,2
10431,1
10432,1
10433,2
10434,2
10435,1
10436,2
10437,2
10438,1
10439,0
10440,1
10441,1
10442,1
10443,1
10444,0
10445,1
10446,0
10447,1
10448,1
10449,1
10450,2
10451,2
10452,2
10453,0
10454,1
10455,1
10456,2
10457,1
10458,2
10459,1
10460,2
10461,1
10462,1
10463,2
10464,1
10465,2
10466,1
10467,1
10468,0
10469,2
10470,1
10471,1
10472,2
10473,1
10474,0
10475,1
10476,0
10477,0
10478,2
10479,1
10480,2
10481,1
10482,2
10483,0
10484,1
10485,1
10486,2
10487,1
10488,0
10489,1
10490,2
10491,2
10492,2
10493,2
10494,1
10495,2
10496,1
10497,1
10498,1
10499,2
10500,2
10501,2
10502,1
10503,2
10504,2
10505,1
10506,1
10507,1
10508,2
10509,2
10510,0
10511,1
10512,1
10513,1
10514,0
10515,2
10516,0
10517,1
10518,2
10519,2
10520,1
10521,1
10522,0
10523,1
10524,1
10525,1
10526,1
10527,2
10528,2
10529,1
10530,2
10531,2
10532,2
10533,2
10534,2
10535,1
10536,2
10537,0
10538,1
10539,1
10540,2
10541,1
10542,1
10543,1
10544,1
10545,2
10546,1
10547,2
10548,1
10549,1
10550,2
10551,2
10552,1
10553,0
10554,1
10555,2
10556,1
10557,2
10558,2
10559,0
10560,0
10561,1
10562,2
10563,1
10564,2
10565,1
10566,1
10567,0
10568,2
10569,2
10570,1
10571,2
10572,2
10573,1
10574,2
10575,0
10576,2
10577,0
10578,1
10579,0
10580,2
10581,2
10582,1
10583,0
10584,1
10585,2
10586,2
10587,2
10588,1
10589,2
10590,2
10591,1
10592,1
10593,2
10594,1
10595,1
10596,2
10597,0
10598,1
10599,2
10600,2
10601,1
10602,1
10603,2
10604,1
10605,1
10606,0
10607,2
10608,2
10609,2
10610,2
10611,1
10612,1
10613,2
10614,1
10615,2
10616,1
10617,2
10618,1
10619,2
10620,1
10621,1
10622,2
10623,1
10624,1
10625,1
10626,2
10627,2
10628,1
10629,2
10630,2
10631,2
10632,1
10633,2
10634,2
10635,1
10636,1
10637,1
10638,2
10639,1
10640,2
10641,2
10642,1
10643,1
10644,1
10645,1
10646,0
10647,2
10648,1
10649,1
10650,0
10651,1
10652,2
10653,1
10654,1
10655,2
10656,1
10657,2
10658,2
10659,2
10660,1
10661,1
10662,2
10663,1
10664,2
10665,2
10666,1
10667,2
10668,2
10669,2
10670,1
10671,1
10672,1
10673,0
10674,2
10675,1
10676,1
10677,2
10678,2
10679,1
10680,0
10681,1
10682,2
10683,1
10684,1
10685,1
10686,0
10687,2
10688,1
10689,1
10690,1
10691,2
10692,2
10693,2
10694,2
10695,2
10696,1
10697,1
10698,1
10699,1
10700,1
10701,2
10702,1
10703,1
10704,1
10705,2
10706,2
10707,1
10708,2
10709,1
10710,2
10711,0
10712,1
10713,2
10714,2
10715,1
10716,2
10717,1
10718,1
10719,1
10720,1
10721,1
10722,2
10723,1
10724,1
10725,1
10726,1
10727,2
10728,2
10729,1
10730,1
10731,0
10732,1
10733,2
10734,0
10735,1
10736,1
10737,1
10738,1
10739,0
10740,2
10741,0
10742,2
10743,1
10744,1
10745,1
10746,2
10747,1
10748,2
10749,2
10750,1
10751,1
10752,2
10753,2
10754,2
10755,1
10756,1
10757,2
10758,1
10759,1
10760,2
10761,2
10762,1
10763,1
10764,1
10765,1
10766,2
10767,0
10768,2
10769,2
10770,1
10771,2
10772,1
10773,2
10774,2
10775,2
10776,1
10777,1
10778,1
10779,1
10780,1
10781,1
10782,2
10783,1
10784,1
10785,1
10786,1
10787,2
10788,0
10789,1
10790,2
10791,2
10792,2
10793,2
10794,2
10795,1
10796,1
10797,0
10798,2
10799,1
10800,0
10801,2
10802,2
10803,1
10804,0
10805,0
10806,1
10807,2
10808,2
10809,0
10810,1
10811,2
10812,2
10813,1
10814,2
10815,2
10816,1
10817,1
10818,0
10819,0
10820,2
10821,0
10822,1
10823,1
10824,1
10825,2
10826,2
10827,1
10828,1
10829,2
10830,1
10831,2
10832,1
10833,1
10834,1
10835,2
10836,1
10837,2
10838,1
10839,2
10840,0
10841,1
10842,2
10843,2
10844,0
10845,2
10846,2
10847,2
10848,0
10849,1
10850,2
10851,0
10852,2
10853,2
10854,1
10855,1
10856,2
10857,2
10858,1
10859,1
10860,2
10861,2
10862,2
10863,0
10864,0
10865,1
10866,2
10867,1
10868,2
10869,1
10870,1
10871,2
10872,2
10873,0
10874,1
10875,2
10876,1
10877,1
10878,2
10879,1
10880,1
10881,1
10882,2
10883,2
10884,1
10885,2
10886,1
10887,2
10888,1
10889,1
10890,2
10891,1
10892,0
10893,1
10894,1
10895,1
10896,2
10897,1
10898,0
10899,2
10900,1
10901,2
10902,1
10903,2
10904,1
10905,2
10906,1
10907,1
10908,1
10909,2
10910,2
10911,2
10912,0
10913,2
10914,1
10915,1
10916,1
10917,2
10918,2
10919,2
10920,2
10921,2
10922,1
10923,2
10924,2
10925,2
10926,1
10927,1
10928,2
10929,1
10930,1
10931,2
10932,0
10933,1
10934,2
10935,1
10936,0
10937,0
10938,0
10939,2
10940,1
10941,0
10942,2
10943,1
10944,2
10945,1
10946,1
10947,1
10948,2
10949,1
10950,1
10951,2
10952,1
10953,1
10954,0
10955,1
10956,1
10957,2
10958,1
10959,2
10960,2
10961,1
10962,2
10963,1
10964,1
10965,1
10966,2
10967,0
10968,1
10969,1
10970,2
10971,2
10972,1
10973,0
10974,1
10975,2
10976,1
10977,1
10978,2
10979,0
10980,0
10981,1
10982,2
10983,1
10984,1
10985,1
10986,1
10987,2
10988,2
10989,1
10990,1
10991,1
10992,0
10993,0
10994,1
10995,1
10996,1
10997,1
10998,2
10999,2
11000,0
11001,1
11002,2
11003,1
11004,2
11005,1
11006,0
11007,2
11008,2
11009,1
11010,1
11011,1
11012,0
11013,1
11014,2
11015,1
11016,2
11017,2
11018,2
11019,2
11020,1
11021,1
11022,1
11023,2
11024,1
11025,2
11026,2
11027,1
11028,2
11029,2
11030,2
11031,2
11032,1
11033,1
11034,0
11035,1
11036,1
11037,0
11038,2
11039,1
11040,2
11041,2
11042,2
11043,2
11044,0
11045,0
11046,1
11047,2
11048,1
11049,2
11050,2
11051,2
11052,2
11053,2
11054,2
11055,1
11056,1
11057,1
11058,2
11059,1
11060,1
11061,0
11062,2
11063,1
11064,1
11065,1
11066,2
11067,1
11068,2
11069,1
11070,2
11071,1
11072,0
11073,2
11074,2
11075,0
11076,2
11077,2
11078,2
11079,2
11080,1
11081,2
11082,2
11083,2
11084,0
11085,2
11086,1
11087,1
11088,1
11089,1
11090,2
11091,1
11092,2
11093,1
11094,1
11095,2
11096,1
11097,1
11098,2
11099,0
11100,2
11101,1
11102,2
11103,1
11104,2
11105,1
11106,1
11107,2
11108,1
11109,2
11110,1
11111,0
11112,2
11113,1
11114,1
11115,2
11116,1
11117,2
11118,2
11119,1
11120,2
11121,2
11122,1
11123,2
11124,1
11125,2
11126,2
11127,2
11128,2
11129,2
11130,1
11131,2
11132,2
11133,2
11134,2
11135,1
11136,1
11137,2
11138,2
11139,1
11140,2
11141,2
11142,1
11143,1
11144,0
11145,2
11146,1
11147,2
11148,2
11149,1
11150,0
11151,2
11152,1
11153,2
11154,0
11155,1
11156,2
11157,0
11158,2
11159,2
11160,2
11161,2
11162,1
11163,2
11164,1
11165,1
11166,1
11167,2
11168,2
11169,2
11170,0
11171,1
11172,2
11173,1
11174,1
11175,2
11176,1
11177,2
11178,1
11179,1
11180,2
11181,1
11182,1
11183,2
11184,2
11185,1
11186,1
11187,1
11188,0
11189,1
11190,2
11191,1
11192,0
11193,0
11194,2
11195,2
11196,1
11197,2
11198,1
11199,1
11200,2
11201,1
11202,2
11203,2
11204,2
11205,1
11206,1
11207,2
11208,1
11209,2
11210,1
11211,1
11212,1
11213,1
11214,1
11215,2
11216,2
11217,2
11218,1
11219,0
11220,1
11221,1
11222,0
11223,0
11224,1
11225,2
11226,0
11227,2
11228,1
11229,2
11230,1
11231,1
11232,2
11233,2
11234,1
11235,0
11236,2
11237,2
11238,1
11239,2
11240,2
11241,2
11242,1
11243,2
11244,1
11245,2
11246,2
11247,0
11248,2
11249,1
11250,2
11251,0
11252,0
11253,1
11254,0
11255,1
11256,0
11257,1
11258,2
11259,1
11260,2
11261,1
11262,1
11263,1
11264,2
11265,1
11266,2
11267,1
11268,2
11269,1
11270,2
11271,0
11272,1
11273,1
11274,2
11275,1
11276,1
11277,1
11278,1
11279,2
11280,1
11281,2
11282,1
11283,1
11284,2
11285,0
11286,1
11287,1
11288,1
11289,1
11290,2
11291,0
11292,1
11293,2
11294,2
11295,2
11296,1
11297,1
11298,1
11299,1
11300,1
11301,2
11302,2
11303,1
11304,1
11305,2
11306,2
11307,1
11308,2
11309,2
11310,0
11311,2
11312,2
11313,2
11314,2
11315,2
11316,1
11317,2
11318,2
11319,2
11320,2
11321,1
11322,2
11323,2
11324,2
11325,1
11326,0
11327,1
11328,1
11329,2
11330,0
11331,1
11332,2
11333,2
11334,2
11335,2
11336,2
11337,2
11338,1
11339,1
11340,1
11341,2
11342,2
11343,1
11344,2
11345,1
11346,2
11347,1
11348,1
11349,0
11350,2
11351,1
11352,1
11353,2
11354,2
11355,2
11356,1
11357,1
11358,2
11359,2
11360,2
11361,1
11362,2
11363,1
11364,0
11365,1
11366,1
11367,2
11368,0
11369,1
11370,1
11371,2
11372,0
11373,1
11374,2
11375,1
11376,1
11377,0
11378,1
11379,1
11380,2
11381,2
11382,1
11383,2
11384,2
11385,0
11386,1
11387,2
11388,1
11389,2
11390,1
11391,2
11392,2
11393,1
11394,1
11395,0
11396,1
11397,1
11398,1
11399,1
11400,0
11401,1
11402,2
11403,2
11404,2
11405,2
11406,1
11407,1
11408,2
11409,0
11410,1
11411,1
11412,2
11413,2
11414,2
11415,1
11416,1
11417,2
11418,1
11419,2
11420,1
11421,2
11422,1
11423,1
11424,1
11425,0
11426,1
11427,1
11428,0
11429,2
11430,1
11431,2
11432,2
11433,2
11434,2
11435,1
11436,2
11437,2
11438,1
11439,1
11440,2
11441,0
11442,1
11443,2
11444,1
11445,1
11446,1
11447,1
11448,2
11449,0
11450,2
11451,2
11452,2
11453,1
11454,2
11455,1
11456,1
11457,1
11458,2
11459,1
11460,2
11461,1
11462,0
11463,2
11464,2
11465,1
11466,1
11467,1
11468,2
11469,1
11470,1
11471,0
11472,2
11473,1
11474,1
11475,1
11476,1
11477,1
11478,1
11479,1
11480,2
11481,1
11482,1
11483,1
11484,2
11485,2
11486,2
11487,2
11488,1
11489,0
11490,1
11491,1
11492,2
11493,1
11494,1
11495,2
11496,2
11497,1
11498,2
11499,1
11500,1
11501,2
11502,1
11503,2
11504,2
11505,2
11506,2
11507,0
11508,1
11509,1
11510,2
11511,2
11512,2
11513,1
11514,1
11515,1
11516,1
11517,1
11518,2
11519,2
11520,2
11521,0
11522,1
11523,1
11524,1
11525,1
11526,1
11527,0
11528,1
11529,0
11530,1
11531,1
11532,1
11533,2
11534,2
11535,2
11536,2
11537,2
11538,2
11539,2
11540,1
11541,2
11542,2
11543,2
11544,1
11545,1
11546,2
11547,1
11548,1
11549,2
11550,2
11551,2
11552,1
11553,2
11554,2
11555,1
11556,0
11557,0
11558,2
11559,0
11560,2
11561,2
11562,1
11563,0
11564,2
11565,1
11566,2
11567,1
11568,1
11569,2
11570,1
11571,1
11572,1
11573,1
11574,1
11575,1
11576,1
11577,2
11578,2
11579,2
11580,1
11581,2
11582,2
11583,2
11584,1
11585,1
11586,2
11587,2
11588,1
11589,2
11590,2
11591,0
11592,0
11593,1
11594,2
11595,2
11596,1
11597,1
11598,1
11599,1
11600,1
11601,0
11602,1
11603,0
11604,2
11605,2
11606,1
11607,0
11608,1
11609,2
11610,0
11611,2
11612,1
11613,1
11614,1
11615,2
11616,0
11617,1
11618,1
11619,2
11620,1
11621,1
11622,0
11623,1
11624,2
11625,1
11626,1
11627,2
11628,2
11629,1
11630,1
11631,2
11632,1
11633,1
11634,2
11635,2
11636,1
11637,0
11638,1
11639,2
11640,2
11641,2
11642,1
11643,1
11644,2
11645,0
11646,2
11647,1
11648,1
11649,0
11650,1
11651,2
11652,2
11653,0
11654,1
11655,2
11656,1
11657,2
11658,1
11659,1
11660,1
11661,1
11662,1
11663,1
11664,0
11665,2
11666,2
11667,1
11668,1
11669,2
11670,2
11671,2
11672,2
11673,1
11674,2
11675,0
11676,2
11677,2
11678,2
11679,1
11680,2
11681,1
11682,2
11683,2
11684,1
11685,1
11686,1
11687,1
11688,1
11689,2
11690,1
11691,1
11692,0
11693,1
11694,0
11695,0
11696,1
11697,0
11698,1
11699,1
11700,1
11701,1
11702,2
11703,2
11704,1
11705,1
11706,1
11707,1
11708,1
11709,2
11710,1
11711,2
11712,2
11713,2
11714,1
11715,1
11716,2
11717,1
11718,1
11719,2
11720,0
11721,2
11722,1
11723,2
11724,1
11725,2
11726,1
11727,1
11728,1
11729,1
11730,1
11731,0
11732,1
11733,1
11734,1
11735,0
11736,2
11737,0
11738,2
11739,1
11740,0
11741,0
11742,1
11743,0
11744,0
11745,1
11746,0
11747,0
11748,1
11749,1
11750,0
11751,1
11752,1
11753,2
11754,0
11755,2
11756,1
11757,2
11758,2
11759,2
11760,1
11761,1
11762,2
11763,1
11764,0
11765,1
11766,1
11767,2
11768,2
11769,2
11770,2
11771,2
11772,2
11773,1
11774,2
11775,2
11776,1
11777,2
11778,1
11779,1
11780,2
11781,1
11782,1
11783,2
11784,1
11785,1
11786,2
11787,2
11788,1
11789,0
11790,0
11791,2
11792,2
11793,0
11794,2
11795,1
11796,1
11797,2
11798,2
11799,0
11800,1
11801,2
11802,1
11803,1
11804,2
11805,2
11806,1
11807,2
11808,0
11809,1
11810,1
11811,1
11812,1
11813,2
11814,2
11815,1
11816,1
11817,2
11818,0
11819,2
11820,1
11821,2
11822,1
11823,1
11824,1
11825,1
11826,1
11827,1
11828,1
11829,2
11830,0
11831,2
11832,2
11833,1
11834,2
11835,2
11836,2
11837,2
11838,2
11839,2
11840,1
11841,1
11842,2
11843,0
11844,1
11845,2
11846,1
11847,2
11848,2
11849,2
11850,1
11851,1
11852,2
11853,2
11854,1
11855,2
11856,2
11857,1
11858,1
11859,1
11860,2
11861,2
11862,1
11863,2
11864,1
11865,2
11866,2
11867,1
11868,2
11869,1
11870,2
11871,2
11872,1
11873,1
11874,1
11875,2
11876,1
11877,1
11878,2
11879,2
11880,0
11881,1
11882,1
11883,2
11884,2
11885,1
11886,1
11887,1
11888,2
11889,0
11890,2
11891,2
11892,0
11893,2
11894,2
11895,2
11896,1
11897,1
11898,2
11899,2
11900,1
11901,2
11902,1
11903,2
11904,1
11905,2
11906,1
11907,1
11908,2
11909,1
11910,1
11911,2
11912,1
11913,2
11914,1
11915,2
11916,1
11917,2
11918,1
11919,1
11920,1
11921,1
11922,2
11923,2
11924,2
11925,2
11926,2
11927,2
11928,1
11929,2
11930,1
11931,1
11932,2
11933,1
11934,2
11935,1
11936,1
11937,1
11938,1
11939,2
11940,1
11941,2
11942,2
11943,1
11944,0
11945,2
11946,1
11947,2
11948,1
11949,1
11950,0
11951,2
11952,2
11953,2
11954,2
11955,2
11956,2
11957,0
11958,2
11959,1
11960,1
11961,2
11962,1
11963,1
11964,1
11965,2
11966,2
11967,2
11968,1
11969,1
11970,2
11971,2
11972,1
11973,2
11974,1
11975,1
11976,2
11977,1
11978,2
11979,0
11980,2
11981,2
11982,1
11983,2
11984,2
11985,1
11986,2
11987,2
11988,0
11989,1
11990,2
11991,2
11992,1
11993,1
11994,2
11995,1
11996,0
11997,1
11998,2
11999,2
12000,2
12001,2
12002,1
12003,1
12004,2
12005,0
12006,1
12007,2
12008,0
12009,1
12010,2
12011,2
12012,1
12013,2
12014,2
12015,1
12016,1
12017,1
12018,2
12019,1
12020,1
12021,2
12022,1
12023,2
12024,2
12025,1
12026,0
12027,2
12028,1
12029,2
12030,2
12031,2
12032,1
12033,2
12034,1
12035,2
12036,2
12037,1
12038,2
12039,1
12040,1
12041,1
12042,0
12043,2
12044,0
12045,2
12046,2
12047,2
12048,1
12049,1
12050,2
12051,1
12052,2
12053,1
12054,2
12055,2
12056,2
12057,1
12058,2
12059,0
12060,2
12061,2
12062,1
12063,1
12064,1
12065,2
12066,2
12067,0
12068,1
12069,1
12070,1
12071,1
12072,2
12073,1
12074,2
12075,1
12076,1
12077,1
12078,1
12079,2
12080,2
12081,1
12082,1
12083,0
12084,2
12085,0
12086,1
12087,1
12088,2
12089,1
12090,2
12091,2
12092,2
12093,1
12094,2
12095,2
12096,1
12097,2
12098,2
12099,2
12100,2
12101,1
12102,2
12103,2
12104,1
12105,2
12106,1
12107,2
12108,1
12109,1
12110,2
12111,1
12112,2
12113,1
12114,2
12115,2
12116,0
12117,1
12118,0
12119,2
12120,2
12121,1
12122,0
12123,1
12124,2
12125,0
12126,2
12127,1
12128,1
12129,1
12130,2
12131,1
12132,2
12133,1
12134,1
12135,0
12136,2
12137,2
12138,2
12139,1
12140,1
12141,2
12142,0
12143,1
12144,1
12145,1
12146,1
12147,1
12148,1
12149,2
12150,1
12151,2
12152,2
12153,2
12154,1
12155,2
12156,2
12157,1
12158,2
12159,2
12160,1
12161,1
12162,1
12163,1
12164,2
12165,1
12166,2
12167,2
12168,1
12169,1
12170,1
12171,2
12172,1
12173,1
12174,2
12175,2
12176,2
12177,1
12178,2
12179,2
12180,1
12181,0
12182,1
12183,0
12184,2
12185,0
12186,1
12187,2
12188,1
12189,1
12190,2
12191,1
12192,0
12193,2
12194,1
12195,0
12196,2
12197,1
12198,1
12199,0
12200,2
12201,2
12202,1
12203,2
12204,0
12205,1
12206,2
12207,0
12208,2
12209,1
12210,2
12211,2
12212,0
12213,2
12214,2
12215,1
12216,2
12217,1
12218,2
12219,1
12220,1
12221,2
12222,1
12223,1
12224,1
12225,2
12226,1
12227,1
12228,2
12229,2
12230,2
12231,2
12232,2
12233,1
12234,2
12235,2
12236,2
12237,2
12238,2
12239,1
12240,2
12241,2
12242,0
12243,2
12244,2
12245,1
12246,2
12247,2
12248,1
12249,1
12250,1
12251,2
12252,2
12253,1
12254,0
12255,1
12256,2
12257,2
12258,1
12259,0
12260,1
12261,0
12262,2
12263,2
12264,1
12265,1
12266,2
12267,1
12268,2
12269,1
12270,2
12271,2
12272,2
12273,1
12274,2
12275,0
12276,2
12277,1
12278,1
12279,1
12280,1
12281,1
12282,2
12283,0
12284,2
12285,2
12286,2
12287,0
12288,1
12289,2
12290,1
12291,1
12292,2
12293,1
12294,2
12295,2
12296,1
12297,1
12298,1
12299,1
12300,0
12301,1
12302,2
12303,1
12304,1
12305,1
12306,2
12307,2
12308,1
12309,2
12310,2
12311,1
12312,1
12313,2
12314,2
12315,2
12316,2
12317,0
12318,1
12319,2
12320,1
12321,0
12322,2
12323,2
12324,2
12325,2
12326,2
12327,1
12328,1
12329,2
12330,2
12331,2
12332,2
12333,0
12334,0
12335,1
12336,0
12337,1
12338,1
12339,2
12340,2
12341,2
12342,1
12343,1
12344,2
12345,1
12346,1
12347,1
12348,1
12349,1
12350,1
12351,1
12352,1
12353,1
12354,1
12355,1
12356,1
12357,2
12358,1
12359,0
12360,1
12361,0
12362,2
12363,1
12364,1
12365,2
12366,2
12367,2
12368,2
12369,2
12370,2
12371,2
12372,2
12373,1
12374,1
12375,1
12376,1
12377,2
12378,2
12379,0
12380,1
12381,1
12382,1
12383,0
12384,2
12385,2
12386,1
12387,1
12388,0
12389,1
12390,2
12391,0
12392,1
12393,2
12394,2
12395,1
12396,0
12397,2
12398,2
12399,1
12400,1
12401,2
12402,1
12403,0
12404,1
12405,1
12406,2
12407,1
12408,1
12409,1
12410,2
12411,1
12412,0
12413,1
12414,1
12415,2
12416,2
12417,1
12418,0
12419,2
12420,2
12421,2
12422,2
12423,2
12424,1
12425,1
12426,1
12427,0
12428,1
12429,1
12430,2
12431,0
12432,1
12433,2
12434,1
12435,2
12436,0
12437,2
12438,2
12439,1
12440,0
12441,2
12442,2
12443,1
12444,2
12445,1
12446,1
12447,2
12448,1
12449,1
12450,1
12451,1
12452,1
12453,1
12454,1
12455,1
12456,2
12457,2
12458,2
12459,2
12460,1
12461,0
12462,2
12463,0
12464,1
12465,1
12466,1
12467,1
12468,1
12469,2
12470,2
12471,2
12472,2
12473,0
12474,1
12475,1
12476,2
12477,1
12478,1
12479,2
12480,1
12481,2
12482,1
12483,2
12484,1
12485,0
12486,1
12487,2
12488,0
12489,2
12490,2
12491,1
12492,0
12493,1
12494,2
12495,1
12496,1
12497,2
12498,2
12499,1
12500,1
12501,2
12502,2
12503,2
12504,0
12505,1
12506,1
12507,2
12508,2
12509,2
12510,1
12511,1
12512,2
12513,2
12514,2
12515,1
12516,0
12517,1
12518,1
12519,1
12520,1
12521,1
12522,0
12523,2
12524,0
12525,1
12526,2
12527,1
12528,1
12529,1
12530,2
12531,1
12532,1
12533,0
12534,1
12535,1
12536,1
12537,0
12538,1
12539,1
12540,2
12541,0
12542,2
12543,2
12544,0
12545,1
12546,1
12547,2
12548,2
12549,0
12550,0
12551,1
12552,2
12553,2
12554,1
12555,1
12556,1
12557,2
12558,1
12559,0
12560,2
12561,1
12562,1
12563,1
12564,2
12565,0
12566,2
12567,1
12568,1
12569,0
12570,2
12571,0
12572,0
12573,0
12574,1
12575,1
12576,2
12577,1
12578,1
12579,2
12580,1
12581,2
12582,1
12583,2
12584,1
12585,1
12586,2
12587,1
12588,1
12589,2
12590,0
12591,1
12592,2
12593,2
12594,2
12595,1
12596,2
12597,1
12598,1
12599,0
12600,2
12601,2
12602,1
12603,0
12604,2
12605,0
12606,1
12607,1
12608,0
12609,2
12610,2
12611,2
12612,0
12613,1
12614,1
12615,1
12616,0
12617,2
12618,1
12619,1
12620,2
12621,2
12622,1
12623,1
12624,2
12625,1
12626,1
12627,1
12628,1
12629,1
12630,2
12631,1
12632,2
12633,1
12634,1
12635,2
12636,2
12637,1
12638,2
12639,2
12640,1
12641,1
12642,2
12643,0
12644,0
12645,1
12646,0
12647,2
12648,1
12649,1
12650,2
12651,2
12652,1
12653,1
12654,1
12655,1
12656,2
12657,1
12658,2
12659,1
12660,0
12661,1
12662,1
12663,2
12664,2
12665,1
12666,2
12667,1
12668,1
12669,2
12670,1
12671,1
12672,1
12673,1
12674,1
12675,2
12676,2
12677,1
12678,1
12679,2
12680,2
12681,0
12682,1
12683,2
12684,0
12685,2
12686,2
12687,2
12688,1
12689,1
12690,2
12691,2
12692,1
12693,1
12694,2
12695,2
12696,1
12697,2
12698,1
12699,2
12700,0
12701,0
12702,2
12703,1
12704,1
12705,2
12706,1
12707,1
12708,2
12709,1
12710,2
12711,2
12712,1
12713,2
12714,1
12715,2
12716,1
12717,1
12718,2
12719,2
12720,1
12721,1
12722,2
12723,2
12724,2
12725,1
12726,2
12727,1
12728,0
12729,1
12730,1
12731,1
12732,2
12733,1
12734,2
12735,2
12736,2
12737,1
12738,0
12739,1
12740,2
12741,1
12742,1
12743,2
12744,1
12745,1
12746,1
12747,2
12748,1
12749,0
12750,1
12751,2
12752,0
12753,2
12754,1
12755,2
12756,2
12757,2
12758,1
12759,2
12760,1
12761,0
12762,1
12763,1
12764,2
12765,2
12766,2
12767,2
12768,1
12769,2
12770,1
12771,2
12772,2
12773,1
12774,0
12775,2
12776,2
12777,1
12778,2
12779,1
12780,2
12781,1
12782,1
12783,2
12784,1
12785,2
12786,2
12787,2
12788,1
12789,2
12790,0
12791,1
12792,1
12793,2
12794,1
12795,2
12796,2
12797,1
12798,1
12799,2
12800,2
12801,0
12802,2
12803,1
12804,1
12805,0
12806,2
12807,2
12808,2
12809,2
12810,1
12811,1
12812,1
12813,1
12814,2
12815,1
12816,1
12817,2
12818,2
12819,2
12820,1
12821,0
12822,2
12823,2
12824,2
12825,1
12826,2
12827,2
12828,2
12829,1
12830,1
12831,1
12832,1
12833,2
12834,1
12835,1
12836,1
12837,1
12838,1
12839,2
12840,2
12841,1
12842,1
12843,2
12844,2
12845,1
12846,0
12847,0
12848,1
12849,1
12850,1
12851,1
12852,2
12853,0
12854,1
12855,1
12856,1
12857,1
12858,2
12859,0
12860,0
12861,1
12862,1
12863,2
12864,2
12865,2
12866,1
12867,2
12868,1
12869,2
12870,2
12871,1
12872,2
12873,2
12874,1
12875,1
12876,2
12877,2
12878,1
12879,0
12880,2
12881,1
12882,1
12883,1
12884,2
12885,2
12886,2
12887,2
12888,2
12889,2
12890,1
12891,1
12892,2
12893,2
12894,1
12895,1
12896,2
12897,0
12898,1
12899,2
12900,1
12901,2
12902,1
12903,1
12904,2
12905,1
12906,2
12907,2
12908,2
12909,1
12910,2
12911,1
12912,0
12913,2
12914,1
12915,2
12916,1
12917,1
12918,1
12919,0
12920,1
12921,1
12922,0
12923,2
12924,2
12925,0
12926,2
12927,0
12928,1
12929,2
12930,0
12931,2
12932,1
12933,1
12934,1
12935,1
12936,1
12937,2
12938,2
12939,2
12940,0
12941,1
12942,1
12943,1
12944,1
12945,2
12946,0
12947,1
12948,2
12949,1
12950,2
12951,2
12952,2
12953,1
12954,2
12955,1
12956,2
12957,0
12958,1
12959,0
12960,2
12961,2
12962,1
12963,1
12964,1
12965,2
12966,2
12967,1
12968,1
12969,1
12970,2
12971,2
12972,1
12973,2
12974,2
12975,2
12976,1
12977,2
12978,2
12979,1
12980,2
12981,1
12982,1
12983,2
12984,2
12985,1
12986,1
12987,1
12988,0
12989,2
12990,2
12991,2
12992,2
12993,1
12994,0
12995,2
12996,0
12997,1
12998,2
12999,2
13000,0
13001,2
13002,1
13003,0
13004,1
13005,1
13006,2
13007,1
13008,1
13009,1
13010,2
13011,0
13012,1
13013,2
13014,2
13015,2
13016,2
13017,1
13018,2
13019,2
13020,1
13021,1
13022,1
13023,2
13024,1
13025,1
13026,1
13027,1
13028,2
13029,1
13030,0
13031,1
13032,2
13033,0
13034,2
13035,2
13036,2
13037,1
13038,1
13039,2
13040,2
13041,2
13042,2
13043,1
13044,1
13045,2
13046,2
13047,1
13048,1
13049,1
13050,0
13051,1
13052,1
13053,0
13054,1
13055,2
13056,2
13057,1
13058,1
13059,2
13060,1
13061,2
13062,2
13063,0
13064,2
13065,1
13066,1
13067,2
13068,1
13069,2
13070,2
13071,1
13072,1
13073,2
13074,1
13075,2
13076,2
13077,2
13078,0
13079,0
13080,1
13081,0
13082,1
13083,1
13084,1
13085,2
13086,1
13087,1
13088,1
13089,1
13090,1
13091,1
13092,1
13093,2
13094,1
13095,2
13096,1
13097,2
13098,2
13099,1
13100,1
13101,2
13102,1
13103,2
13104,2
13105,1
13106,2
13107,1
13108,2
13109,2
13110,2
13111,0
13112,2
13113,2
13114,2
13115,1
13116,1
13117,2
13118,2
13119,1
13120,1
13121,2
13122,1
13123,1
13124,2
13125,2
13126,1
13127,0
13128,2
13129,1
13130,2
13131,2
13132,2
13133,1
13134,2
13135,1
13136,2
13137,1
13138,2
13139,1
13140,1
13141,1
13142,0
13143,2
13144,2
13145,2
13146,0
13147,2
13148,0
13149,1
13150,1
13151,1
13152,0
13153,2
13154,2
13155,2
13156,2
13157,2
13158,2
13159,1
13160,1
13161,2
13162,2
13163,2
13164,1
13165,1
13166,1
13167,2
13168,2
13169,1
13170,2
13171,1
13172,1
13173,1
13174,1
13175,1
13176,2
13177,1
13178,2
13179,2
13180,2
13181,0
13182,1
13183,2
13184,1
13185,1
13186,0
13187,1
13188,1
13189,1
13190,2
13191,1
13192,1
13193,1
13194,1
13195,1
13196,2
13197,1
13198,2
13199,1
13200,1
13201,2
13202,0
13203,2
13204,0
13205,1
13206,2
13207,1
13208,0
13209,1
13210,2
13211,1
13212,0
13213,1
13214,2
13215,2
13216,1
13217,0
13218,1
13219,2
13220,2
13221,2
13222,1
13223,2
13224,1
13225,2
13226,1
13227,1
13228,1
13229,1
13230,2
13231,2
13232,2
13233,1
13234,1
13235,1
13236,2
13237,2
13238,2
13239,1
13240,2
13241,1
13242,1
13243,2
13244,1
13245,0
13246,1
13247,1
13248,2
13249,2
13250,1
13251,2
13252,2
13253,1
13254,2
13255,2
13256,2
13257,2
13258,1
13259,2
13260,1
13261,2
13262,0
13263,2
13264,1
13265,0
13266,1
13267,0
13268,2
13269,2
13270,2
13271,1
13272,1
13273,1
13274,0
13275,1
13276,2
13277,1
13278,2
13279,1
13280,1
13281,1
13282,2
13283,2
13284,2
13285,1
13286,2
13287,1
13288,2
13289,1
13290,1
13291,2
13292,2
13293,0
13294,2
13295,1
13296,2
13297,1
13298,1
13299,1
13300,0
13301,1
13302,1
13303,2
13304,0
13305,1
13306,1
13307,1
13308,0
13309,0
13310,2
13311,1
13312,2
13313,2
13314,1
13315,2
13316,1
13317,1
13318,1
13319,0
13320,0
13321,2
13322,1
13323,2
13324,2
13325,1
13326,2
13327,1
13328,1
13329,2
13330,2
13331,1
13332,0
13333,1
13334,2
13335,2
13336,1
13337,2
13338,0
13339,1
13340,0
13341,1
13342,1
13343,2
13344,1
13345,1
13346,1
13347,0
13348,2
13349,1
13350,2
13351,1
13352,2
13353,1
13354,1
13355,2
13356,2
13357,2
13358,2
13359,2
13360,0
13361,1
13362,0
13363,2
13364,1
13365,1
13366,1
13367,0
13368,1
13369,1
13370,0
13371,1
13372,0
13373,1
13374,0
13375,0
13376,1
13377,1
13378,2
13379,2
13380,2
13381,1
13382,2
13383,2
13384,2
13385,2
13386,2
13387,2
13388,2
13389,0
13390,2
13391,1
13392,2
13393,1
13394,2
13395,2
13396,2
13397,2
13398,2
13399,2
13400,2
13401,1
13402,1
13403,0
13404,2
13405,2
13406,2
13407,2
13408,2
13409,2
13410,2
13411,1
13412,2
13413,0
13414,2
13415,0
13416,2
13417,2
13418,2
13419,2
13420,2
13421,2
13422,1
13423,1
13424,1
13425,2
13426,2
13427,1
13428,2
13429,2
13430,1
13431,2
13432,1
13433,2
13434,1
13435,1
13436,1
13437,2
13438,0
13439,2
13440,1
13441,2
13442,1
13443,2
13444,1
13445,2
13446,1
13447,1
13448,2
13449,2
13450,2
13451,2
13452,1
13453,2
13454,2
13455,2
13456,1
13457,2
13458,2
13459,1
13460,1
13461,1
13462,1
13463,0
13464,2
13465,1
13466,1
13467,1
13468,1
13469,2
13470,1
13471,2
13472,2
13473,1
13474,1
13475,2
13476,1
13477,2
13478,0
13479,2
13480,2
13481,1
13482,2
13483,1
13484,1
13485,1
13486,1
13487,1
13488,1
13489,2
13490,1
13491,1
13492,1
13493,1
13494,1
13495,1
13496,1
13497,2
13498,2
13499,1
13500,1
13501,2
13502,2
13503,2
13504,0
13505,1
13506,0
13507,1
13508,2
13509,1
13510,1
13511,0
13512,0
13513,1
13514,2
13515,1
13516,0
13517,1
13518,2
13519,2
13520,1
13521,0
13522,1
13523,1
13524,2
13525,1
13526,2
13527,0
13528,1
13529,1
13530,1
13531,1
13532,1
13533,1
13534,1
13535,1
13536,1
13537,2
13538,2
13539,0
13540,2
13541,2
13542,0
13543,1
13544,2
13545,1
13546,2
13547,1
13548,1
13549,1
13550,2
13551,1
13552,2
13553,2
13554,1
13555,1
13556,1
13557,1
13558,1
13559,2
13560,0
13561,2
13562,2
13563,0
13564,2
13565,1
13566,0
13567,2
13568,1
13569,2
13570,1
13571,1
13572,2
13573,2
13574,1
13575,1
13576,1
13577,1
13578,1
13579,1
13580,1
13581,1
13582,1
13583,0
13584,2
13585,1
13586,1
13587,2
13588,1
13589,1
13590,2
13591,1
13592,1
13593,2
13594,0
13595,2
13596,0
13597,2
13598,0
13599,2
13600,0
13601,0
13602,2
13603,2
13604,2
13605,0
13606,1
13607,2
13608,1
13609,2
13610,2
13611,2
13612,2
13613,1
13614,2
13615,2
13616,1
13617,0
13618,1
13619,0
13620,2
13621,2
13622,0
13623,1
13624,1
13625,2
13626,1
13627,2
13628,1
13629,2
13630,1
13631,2
13632,0
13633,2
13634,2
13635,0
13636,1
13637,0
13638,1
13639,1
13640,2
13641,1
13642,2
13643,1
13644,1
13645,2
13646,1
13647,0
13648,2
13649,1
13650,1
13651,0
13652,0
13653,1
13654,2
13655,1
13656,0
13657,1
13658,2
13659,1
13660,1
13661,0
13662,1
13663,2
13664,2
13665,1
13666,0
13667,1
13668,1
13669,1
13670,1
13671,2
13672,1
13673,1
13674,2
13675,1
13676,1
13677,2
13678,2
13679,0
13680,2
13681,1
13682,1
13683,2
13684,2
13685,0
13686,1
13687,1
13688,2
13689,2
13690,1
13691,2
13692,2
13693,1
13694,1
13695,2
13696,1
13697,2
13698,2
13699,0
13700,0
13701,1
13702,0
13703,0
13704,2
13705,2
13706,2
13707,0
13708,1
13709,1
13710,2
13711,2
13712,2
13713,0
13714,2
13715,2
13716,2
13717,1
13718,0
13719,1
13720,1
13721,1
13722,1
13723,1
13724,2
13725,1
13726,0
13727,1
13728,1
13729,1
13730,0
13731,0
13732,1
13733,1
13734,1
13735,1
13736,1
13737,0
13738,2
13739,1
13740,2
13741,2
13742,2
13743,1
13744,2
13745,2
13746,0
13747,2
13748,1
13749,2
13750,2
13751,2
13752,2
13753,1
13754,1
13755,0
13756,0
13757,1
13758,1
13759,2
13760,0
13761,1
13762,1
13763,1
13764,2
13765,1
13766,1
13767,2
13768,0
13769,2
13770,2
13771,1
13772,2
13773,1
13774,1
13775,2
13776,2
13777,2
13778,2
13779,2
13780,1
13781,1
13782,2
13783,1
13784,1
13785,1
13786,2
13787,2
13788,1
13789,2
13790,1
13791,2
13792,2
13793,0
13794,2
13795,0
13796,2
13797,0
13798,1
13799,0
13800,2
13801,1
13802,1
13803,2
13804,1
13805,1
13806,1
13807,2
13808,0
13809,2
13810,2
13811,2
13812,1
13813,1
13814,1
13815,2
13816,2
13817,2
13818,0
13819,2
13820,0
13821,0
13822,0
13823,2
13824,0
13825,1
13826,1
13827,2
13828,1
13829,2
13830,2
13831,2
13832,2
13833,2
13834,0
13835,1
13836,1
13837,2
13838,2
13839,2
13840,2
13841,2
13842,2
13843,2
13844,2
13845,0
13846,1
13847,0
13848,0
13849,2
13850,2
13851,2
13852,2
13853,2
13854,1
13855,1
13856,1
13857,1
13858,1
13859,2
13860,2
13861,2
13862,1
13863,0
13864,1
13865,1
13866,0
13867,2
13868,2
13869,1
13870,2
13871,2
13872,1
13873,1
13874,2
13875,1
13876,2
13877,1
13878,2
13879,2
13880,2
13881,1
13882,0
13883,1
13884,1
13885,1
13886,1
13887,0
13888,2
13889,1
13890,1
13891,1
13892,1
13893,2
13894,1
13895,0
13896,1
13897,1
13898,2
13899,0
13900,2
13901,1
13902,1
13903,2
13904,1
13905,1
13906,0
13907,2
13908,1
13909,2
13910,1
13911,1
13912,1
13913,1
13914,1
13915,1
13916,2
13917,1
13918,2
13919,1
13920,1
13921,2
13922,0
13923,2
13924,1
13925,2
13926,1
13927,2
13928,0
13929,1
13930,1
13931,0
13932,2
13933,1
13934,1
13935,1
13936,2
13937,1
13938,2
13939,2
13940,1
13941,1
13942,1
13943,1
13944,1
13945,2
13946,1
13947,2
13948,2
13949,2
13950,2
13951,2
13952,2
13953,0
13954,1
13955,1
13956,2
13957,1
13958,2
13959,1
13960,1
13961,2
13962,1
13963,0
13964,1
13965,2
13966,1
13967,1
13968,2
13969,0
13970,1
13971,1
13972,1
13973,2
13974,1
13975,1
13976,1
13977,1
13978,2
13979,2
13980,2
13981,1
13982,2
13983,2
13984,2
13985,1
13986,1
13987,1
13988,2
13989,2
13990,1
13991,2
13992,1
13993,1
13994,1
13995,2
13996,1
13997,0
13998,1
13999,1
14000,1
14001,2
14002,2
14003,1
14004,1
14005,1
14006,1
14007,2
14008,1
14009,1
14010,2
14011,1
14012,2
14013,1
14014,0
14015,1
14016,2
14017,2
14018,1
14019,1
14020,2
14021,0
14022,1
14023,0
14024,2
14025,1
14026,0
14027,1
14028,1
14029,0
14030,2
14031,1
14032,1
14033,0
14034,1
14035,2
14036,1
14037,2
14038,1
14039,2
14040,2
14041,1
14042,2
14043,0
14044,1
14045,1
14046,0
14047,2
14048,2
14049,2
14050,1
14051,1
14052,2
14053,2
14054,1
14055,2
14056,1
14057,2
14058,2
14059,1
14060,2
14061,2
14062,2
14063,2
14064,1
14065,2
14066,0
14067,0
14068,1
14069,1
14070,1
14071,2
14072,2
14073,1
14074,2
14075,2
14076,1
14077,1
14078,2
14079,1
14080,2
14081,2
14082,1
14083,2
14084,2
14085,2
14086,1
14087,2
14088,2
14089,1
14090,0
14091,2
14092,2
14093,1
14094,1
14095,2
14096,1
14097,1
14098,2
14099,2
14100,0
14101,2
14102,1
14103,2
14104,2
14105,1
14106,0
14107,1
14108,1
14109,2
14110,1
14111,2
14112,0
14113,1
14114,1
14115,1
14116,1
14117,1
14118,2
14119,1
14120,0
14121,1
14122,1
14123,0
14124,2
14125,0
14126,1
14127,2
14128,1
14129,2
14130,2
14131,1
14132,2
14133,2
14134,1
14135,2
14136,2
14137,2
14138,1
14139,2
14140,1
14141,1
14142,1
14143,2
14144,2
14145,1
14146,1
14147,1
14148,1
14149,2
14150,2
14151,1
14152,1
14153,2
14154,1
14155,2
14156,1
14157,2
14158,2
14159,1
14160,2
14161,2
14162,2
14163,0
14164,2
14165,1
14166,1
14167,2
14168,1
14169,0
14170,2
14171,2
14172,1
14173,1
14174,2
14175,2
14176,2
14177,1
14178,1
14179,2
14180,2
14181,2
14182,2
14183,1
14184,1
14185,1
14186,2
14187,2
14188,2
14189,2
14190,1
14191,2
14192,0
14193,2
14194,1
14195,0
14196,1
14197,1
14198,0
14199,2
14200,1
14201,2
14202,2
14203,1
14204,1
14205,1
14206,1
14207,1
14208,1
14209,2
14210,1
14211,1
14212,2
14213,1
14214,1
14215,1
14216,1
14217,2
14218,0
14219,0
14220,2
14221,1
14222,1
14223,2
14224,1
14225,1
14226,1
14227,2
14228,0
14229,1
14230,2
14231,0
14232,2
14233,1
14234,1
14235,2
14236,2
14237,1
14238,0
14239,0
14240,1
14241,0
14242,1
14243,1
14244,2
14245,2
14246,0
14247,2
14248,1
14249,2
14250,2
14251,0
14252,2
14253,2
14254,2
14255,2
14256,1
14257,1
14258,1
14259,2
14260,1
14261,1
14262,2
14263,1
14264,2
14265,2
14266,2
14267,0
14268,2
14269,1
14270,1
14271,1
14272,1
14273,1
14274,2
14275,1
14276,0
14277,1
14278,2
14279,2
14280,1
14281,0
14282,2
14283,1
14284,2
14285,1
14286,0
14287,2
14288,1
14289,2
14290,1
14291,2
14292,2
14293,1
14294,2
14295,1
14296,2
14297,1
14298,1
14299,1
14300,0
14301,2
14302,0
14303,0
14304,2
14305,2
14306,1
14307,1
14308,2
14309,2
14310,1
14311,2
14312,2
14313,2
14314,1
14315,2
14316,1
14317,2
14318,0
14319,1
14320,1
14321,2
14322,1
14323,2
14324,2
14325,1
14326,1
14327,0
14328,2
14329,0
14330,1
14331,1
14332,0
14333,2
14334,1
14335,1
14336,2
14337,1
14338,1
14339,1
14340,1
14341,2
14342,0
14343,2
14344,1
14345,1
14346,1
14347,2
14348,2
14349,2
14350,2
14351,2
14352,1
14353,1
14354,1
14355,1
14356,2
14357,0
14358,1
14359,2
14360,1
14361,1
14362,1
14363,2
14364,2
14365,1
14366,1
14367,1
14368,1
14369,2
14370,2
14371,2
14372,2
14373,1
14374,1
14375,1
14376,0
14377,2
14378,2
14379,2
14380,1
14381,2
14382,1
14383,1
14384,2
14385,2
14386,2
14387,1
14388,1
14389,1
14390,1
14391,1
14392,1
14393,1
14394,1
14395,1
14396,2
14397,1
14398,2
14399,1
14400,0
14401,1
14402,2
14403,1
14404,1
14405,0
14406,2
14407,1
14408,2
14409,2
14410,2
14411,0
14412,2
14413,2
14414,0
14415,1
14416,2
14417,2
14418,1
14419,2
14420,1
14421,1
14422,2
14423,2
14424,1
14425,2
14426,2
14427,2
14428,2
14429,2
14430,1
14431,0
14432,1
14433,0
14434,1
14435,2
14436,1
14437,2
14438,1
14439,2
14440,1
14441,2
14442,2
14443,0
14444,1
14445,0
14446,1
14447,2
14448,1
14449,1
14450,2
14451,0
14452,2
14453,1
14454,0
14455,1
14456,2
14457,2
14458,2
14459,2
14460,2
14461,2
14462,1
14463,1
14464,0
14465,1
14466,2
14467,0
14468,1
14469,2
14470,2
14471,2
14472,2
14473,1
14474,1
14475,0
14476,2
14477,0
14478,1
14479,1
14480,2
14481,2
14482,1
14483,2
14484,2
14485,1
14486,1
14487,1
14488,2
14489,2
14490,2
14491,2
14492,2
14493,1
14494,2
14495,1
14496,2
14497,1
14498,2
14499,1
14500,1
14501,2
14502,1
14503,0
14504,2
14505,2
14506,2
14507,1
14508,1
14509,2
14510,2
14511,2
14512,1
14513,1
14514,1
14515,1
14516,2
14517,1
14518,1
14519,1
14520,2
14521,2
14522,1
14523,1
14524,1
14525,1
14526,1
14527,1
14528,1
14529,2
14530,1
14531,1
14532,2
14533,2
14534,1
14535,2
14536,2
14537,2
14538,2
14539,2
14540,1
14541,1
14542,2
14543,0
14544,1
14545,0
14546,1
14547,2
14548,2
14549,1
14550,1
14551,1
14552,1
14553,2
14554,1
14555,1
14556,2
14557,1
14558,1
14559,0
14560,1
14561,0
14562,2
14563,2
14564,2
14565,1
14566,2
14567,2
14568,1
14569,1
14570,1
14571,1
14572,2
14573,2
14574,2
14575,0
14576,0
14577,1
14578,2
14579,1
14580,1
14581,1
14582,2
14583,2
14584,2
14585,1
14586,1
14587,1
14588,1
14589,1
14590,1
14591,2
14592,1
14593,2
14594,2
14595,1
14596,2
14597,2
14598,0
14599,1
14600,2
14601,2
14602,2
14603,1
14604,2
14605,1
14606,0
14607,1
14608,0
14609,1
14610,2
14611,2
14612,1
14613,2
14614,1
14615,2
14616,0
14617,1
14618,1
14619,2
14620,1
14621,2
14622,1
14623,1
14624,0
14625,1
14626,0
14627,0
14628,2
14629,1
14630,2
14631,1
14632,2
14633,2
14634,2
14635,1
14636,2
14637,2
14638,1
14639,2
14640,1
14641,2
14642,0
14643,1
14644,2
14645,1
14646,2
14647,2
14648,2
14649,1
14650,2
14651,1
14652,2
14653,2
14654,2
14655,1
14656,0
14657,1
14658,1
14659,2
14660,1
14661,2
14662,2
14663,2
14664,2
14665,0
14666,2
14667,2
14668,1
14669,2
14670,0
14671,2
14672,1
14673,2
14674,1
14675,0
14676,0
14677,1
14678,2
14679,1
14680,2
14681,1
14682,2
14683,1
14684,1
14685,1
14686,0
14687,2
14688,1
14689,1
14690,0
14691,1
14692,2
14693,2
14694,2
14695,1
14696,1
14697,0
14698,2
14699,2
14700,1
14701,1
14702,1
14703,2
14704,2
14705,2
14706,0
14707,1
14708,2
14709,2
14710,2
14711,1
14712,2
14713,1
14714,1
14715,2
14716,2
14717,2
14718,2
14719,2
14720,1
14721,1
14722,2
14723,2
14724,2
14725,1
14726,2
14727,2
14728,2
14729,2
14730,1
14731,2
14732,0
14733,2
14734,2
14735,2
14736,1
14737,1
14738,2
14739,1
14740,1
14741,1
14742,1
14743,1
14744,1
14745,0
14746,2
14747,1
14748,1
14749,0
14750,2
14751,1
14752,1
14753,2
14754,2
14755,2
14756,0
14757,2
14758,0
14759,0
14760,1
14761,1
14762,1
14763,1
14764,2
14765,2
14766,1
14767,0
14768,1
14769,1
14770,0
14771,1
14772,1
14773,1
14774,2
14775,2
14776,2
14777,2
14778,2
14779,2
14780,1
14781,2
14782,1
14783,2
14784,1
14785,2
14786,1
14787,1
14788,2
14789,1
14790,2
14791,1
14792,1
14793,2
14794,2
14795,2
14796,1
14797,2
14798,2
14799,2
14800,1
14801,1
14802,1
14803,2
14804,1
14805,1
14806,1
14807,2
14808,2
14809,2
14810,2
14811,2
14812,1
14813,1
14814,2
14815,1
14816,1
14817,1
14818,2
14819,1
14820,1
14821,1
14822,0
14823,0
14824,1
14825,0
14826,2
14827,1
14828,1
14829,2
14830,1
14831,2
14832,2
14833,1
14834,2
14835,1
14836,2
14837,2
14838,1
14839,2
14840,1
14841,1
14842,0
14843,2
14844,2
14845,2
14846,2
14847,1
14848,2
14849,1
14850,2
14851,1
14852,2
14853,1
14854,2
14855,0
14856,1
14857,1
14858,1
14859,2
14860,2
14861,1
14862,2
14863,1
14864,1
14865,1
14866,1
14867,2
14868,1
14869,2
14870,1
14871,1
14872,0
14873,1
14874,0
14875,1
14876,2
14877,1
14878,0
14879,0
14880,2
14881,2
14882,2
14883,1
14884,2
14885,1
14886,1
14887,2
14888,2
14889,0
14890,2
14891,1
14892,2
14893,2
14894,2
14895,1
14896,1
14897,1
14898,2
14899,2
14900,2
14901,2
14902,1
14903,0
14904,2
14905,2
14906,2
14907,1
14908,1
14909,2
14910,2
14911,2
14912,2
14913,1
14914,1
14915,1
14916,2
14917,1
14918,2
14919,0
14920,1
14921,2
14922,2
14923,2
14924,0
14925,1
14926,1
14927,1
14928,2
14929,1
14930,1
14931,1
14932,1
14933,2
14934,0
14935,0
14936,1
14937,2
14938,1
14939,2
14940,0
14941,2
14942,2
14943,1
14944,1
14945,1
14946,1
14947,0
14948,2
14949,2
14950,2
14951,0
14952,2
14953,1
14954,2
14955,0
14956,2
14957,1
14958,1
14959,1
14960,1
14961,1
14962,1
14963,2
14964,1
14965,2
14966,1
14967,2
14968,1
14969,2
14970,1
14971,1
14972,2
14973,2
14974,2
14975,1
14976,1
14977,1
14978,1
14979,2
14980,2
14981,1
14982,2
14983,1
14984,2
14985,2
14986,1
14987,1
14988,2
14989,1
14990,0
14991,1
14992,2
14993,2
14994,2
14995,0
14996,1
14997,1
14998,2
14999,1
15000,1
15001,1
15002,1
15003,2
15004,2
15005,1
15006,2
15007,2
15008,1
15009,1
15010,1
15011,2
15012,2
15013,1
15014,2
15015,2
15016,2
15017,1
15018,2
15019,2
15020,2
15021,1
15022,2
15023,0
15024,0
15025,1
15026,1
15027,1
15028,0
15029,2
15030,2
15031,1
15032,1
15033,1
15034,1
15035,2
15036,2
15037,2
15038,2
15039,1
15040,1
15041,2
15042,0
15043,1
15044,1
15045,1
15046,2
15047,1
15048,0
15049,2
15050,1
15051,2
15052,2
15053,0
15054,1
15055,2
15056,2
15057,2
15058,2
15059,1
15060,1
15061,1
15062,1
15063,2
15064,2
15065,2
15066,0
15067,1
15068,1
15069,1
15070,2
15071,2
15072,1
15073,1
15074,1
15075,1
15076,2
15077,1
15078,1
15079,1
15080,2
15081,2
15082,1
15083,0
15084,2
15085,0
15086,2
15087,1
15088,2
15089,2
15090,0
15091,0
15092,1
15093,1
15094,2
15095,2
15096,1
15097,1
15098,2
15099,1
15100,2
15101,2
15102,2
15103,0
15104,2
15105,2
15106,1
15107,1
15108,2
15109,1
15110,1
15111,1
15112,1
15113,1
15114,1
15115,2
15116,2
15117,2
15118,1
15119,2
15120,1
15121,2
15122,1
15123,2
15124,1
15125,2
15126,1
15127,2
15128,2
15129,0
15130,2
15131,2
15132,1
15133,1
15134,0
15135,2
15136,2
15137,1
15138,1
15139,2
15140,2
15141,1
15142,2
15143,2
15144,2
15145,2
15146,2
15147,2
15148,1
15149,2
15150,2
15151,1
15152,2
15153,1
15154,1
15155,2
15156,2
15157,0
15158,1
15159,0
15160,2
15161,1
15162,2
15163,2
15164,2
15165,1
15166,2
15167,1
15168,2
15169,2
15170,0
15171,2
15172,1
15173,2
15174,2
15175,1
15176,1
15177,1
15178,2
15179,0
15180,1
15181,1
15182,1
15183,2
15184,0
15185,1
15186,1
15187,2
15188,1
15189,1
15190,1
15191,1
15192,2
15193,2
15194,1
15195,2
15196,2
15197,1
15198,2
15199,0
15200,1
15201,1
15202,2
15203,0
15204,1
15205,0
15206,2
15207,2
15208,1
15209,2
15210,1
15211,1
15212,2
15213,1
15214,2
15215,1
15216,2
15217,0
15218,0
15219,1
15220,2
15221,2
15222,2
15223,2
15224,0
15225,0
15226,2
15227,0
15228,1
15229,1
15230,1
15231,2
15232,0
15233,2
15234,2
15235,0
15236,1
15237,2
15238,1
15239,2
15240,0
15241,1
15242,2
15243,1
15244,2
15245,2
15246,2
15247,1
15248,1
15249,2
15250,2
15251,1
15252,1
15253,1
15254,1
15255,0
15256,1
15257,1
15258,0
15259,0
15260,0
15261,1
15262,1
15263,1
15264,0
15265,0
15266,1
15267,0
15268,1
15269,1
15270,1
15271,2
15272,2
15273,0
15274,2
15275,1
15276,1
15277,0
15278,2
15279,2
15280,1
15281,0
15282,2
15283,1
15284,2
15285,2
15286,2
15287,0
15288,1
15289,2
15290,1
15291,1
15292,1
15293,0
15294,1
15295,1
15296,1
15297,2
15298,0
15299,0
15300,0
15301,1
15302,2
15303,2
15304,1
15305,2
15306,2
15307,1
15308,1
15309,1
15310,2
15311,1
15312,1
15313,1
15314,2
15315,1
15316,1
15317,2
15318,2
15319,1
15320,2
15321,1
15322,1
15323,2
15324,1
15325,1
15326,1
15327,1
15328,1
15329,0
15330,1
15331,1
15332,1
15333,2
15334,2
15335,1
15336,0
15337,2
15338,1
15339,1
15340,2
15341,1
15342,2
15343,1
15344,1
15345,2
15346,0
15347,1
15348,0
15349,1
15350,2
15351,2
15352,0
15353,0
15354,2
15355,2
15356,1
15357,1
15358,0
15359,2
15360,2
15361,2
15362,1
15363,2
15364,1
15365,2
15366,1
15367,1
15368,1
15369,1
15370,2
15371,1
15372,1
15373,1
15374,1
15375,1
15376,2
15377,1
15378,1
15379,1
15380,2
15381,1
15382,2
15383,1
15384,1
15385,0
15386,2
15387,1
15388,1
15389,0
15390,1
15391,2
15392,2
15393,1
15394,2
15395,2
15396,1
15397,1
15398,2
15399,1
15400,1
15401,1
15402,1
15403,1
15404,1
15405,1
15406,0
15407,1
15408,2
15409,1
15410,2
15411,1
15412,1
15413,2
15414,1
15415,1
15416,1
15417,0
15418,2
15419,2
15420,2
15421,1
15422,2
15423,2
15424,1
15425,1
15426,2
15427,1
15428,2
15429,2
15430,2
15431,1
15432,1
15433,1
15434,1
15435,1
15436,1
15437,1
15438,2
15439,1
15440,2
15441,1
15442,2
15443,1
15444,2
15445,1
15446,0
15447,1
15448,1
15449,1
15450,1
15451,1
15452,1
15453,1
15454,1
15455,1
15456,0
15457,2
15458,2
15459,2
15460,2
15461,2
15462,1
15463,1
15464,1
15465,1
15466,2
15467,0
15468,2
15469,1
15470,1
15471,1
15472,1
15473,1
15474,2
15475,2
15476,1
15477,1
15478,2
15479,1
15480,1
15481,2
15482,0
15483,1
15484,1
15485,2
15486,1
15487,2
15488,1
15489,1
15490,2
15491,1
15492,1
15493,1
15494,1
15495,1
15496,2
15497,1
15498,1
15499,1
15500,1
15501,2
15502,0
15503,2
15504,0
15505,2
15506,2
15507,2
15508,2
15509,2
15510,2
15511,1
15512,2
15513,2
15514,2
15515,1
15516,1
15517,2
15518,1
15519,1
15520,2
15521,2
15522,2
15523,2
15524,1
15525,1
15526,1
15527,2
15528,0
15529,1
15530,2
15531,1
15532,1
15533,1
15534,2
15535,2
15536,1
15537,1
15538,1
15539,2
15540,2
15541,2
15542,1
15543,1
15544,1
15545,1
15546,1
15547,2
15548,1
15549,2
15550,1
15551,2
15552,1
15553,1
15554,1
15555,2
15556,0
15557,2
15558,1
15559,1
15560,1
15561,1
15562,1
15563,0
15564,1
15565,1
15566,2
15567,2
15568,1
15569,1
15570,2
15571,1
15572,2
15573,2
15574,1
15575,1
15576,0
15577,2
15578,1
15579,2
15580,0
15581,1
15582,2
15583,2
15584,2
15585,2
15586,1
15587,1
15588,2
15589,2
15590,2
15591,2
15592,1
15593,2
15594,1
15595,2
15596,2
15597,1
15598,2
15599,1
15600,2
15601,2
15602,1
15603,1
15604,1
15605,0
15606,2
15607,0
15608,2
15609,1
15610,2
15611,1
15612,1
15613,1
15614,1
15615,2
15616,1
15617,2
15618,2
15619,2
15620,2
15621,2
15622,1
15623,2
15624,1
15625,1
15626,1
15627,2
15628,1
15629,2
15630,0
15631,1
15632,2
15633,1
15634,1
15635,2
15636,1
15637,1
15638,1
15639,1
15640,2
15641,2
15642,1
15643,2
15644,1
15645,1
15646,1
15647,1
15648,1
15649,1
15650,1
15651,2
15652,1
15653,2
15654,2
15655,2
15656,2
15657,0
15658,1
15659,2
15660,1
15661,1
15662,1
15663,1
15664,2
15665,2
15666,2
15667,2
15668,1
15669,2
15670,1
15671,1
15672,1
15673,0
15674,1
15675,1
15676,2
15677,1
15678,1
15679,0
15680,2
15681,2
15682,2
15683,2
15684,2
15685,2
15686,1
15687,2
15688,2
15689,2
15690,1
15691,2
15692,1
15693,1
15694,1
15695,2
15696,2
15697,2
15698,1
15699,1
15700,1
15701,2
15702,1
15703,1
15704,0
15705,1
15706,1
15707,1
15708,2
15709,1
15710,1
15711,2
15712,2
15713,1
15714,1
15715,1
15716,1
15717,1
15718,0
15719,1
15720,2
15721,2
15722,0
15723,2
15724,2
15725,2
15726,2
15727,1
15728,1
15729,1
15730,0
15731,1
15732,1
15733,1
15734,2
15735,0
15736,1
15737,2
15738,1
15739,2
15740,1
15741,2
15742,2
15743,1
15744,2
15745,1
15746,2
15747,0
15748,2
15749,1
15750,1
15751,2
15752,2
15753,1
15754,1
15755,2
15756,2
15757,2
15758,1
15759,1
15760,1
15761,0
15762,1
15763,2
15764,1
15765,2
15766,2
15767,2
15768,1
15769,1
15770,1
15771,1
15772,2
15773,1
15774,0
15775,2
15776,1
15777,1
15778,0
15779,2
15780,1
15781,1
15782,1
15783,2
15784,2
15785,2
15786,0
15787,1
15788,1
15789,0
15790,1
15791,1
15792,2
15793,2
15794,0
15795,1
15796,2
15797,0
15798,1
15799,2
15800,2
15801,2
15802,2
15803,1
15804,0
15805,1
15806,2
15807,2
15808,1
15809,1
15810,2
15811,2
15812,1
15813,1
15814,0
15815,1
15816,1
15817,1
15818,2
15819,1
15820,2
15821,1
15822,2
15823,2
15824,2
15825,1
15826,1
15827,2
15828,1
15829,2
15830,0
15831,2
15832,1
15833,1
15834,1
15835,2
15836,1
15837,0
15838,1
15839,1
15840,0
15841,1
15842,1
15843,1
15844,1
15845,2
15846,2
15847,1
15848,1
15849,1
15850,1
15851,2
15852,0
15853,1
15854,0
15855,2
15856,1
15857,2
15858,1
15859,2
15860,1
15861,2
15862,1
15863,2
15864,1
15865,2
15866,2
15867,1
15868,0
15869,1
15870,2
15871,1
15872,1
15873,1
15874,1
15875,0
15876,1
15877,1
15878,0
15879,0
15880,1
15881,0
15882,2
15883,2
15884,2
15885,1
15886,1
15887,1
15888,1
15889,2
15890,0
15891,2
15892,2
15893,1
15894,2
15895,2
15896,2
15897,2
15898,2
15899,2
15900,2
15901,2
15902,1
15903,0
15904,1
15905,1
15906,1
15907,1
15908,1
15909,2
15910,2
15911,1
15912,0
15913,0
15914,1
15915,2
15916,2
15917,0
15918,1
15919,2
15920,2
15921,2
15922,0
15923,2
15924,1
15925,0
15926,1
15927,2
15928,2
15929,1
15930,2
15931,2
15932,1
15933,1
15934,2
15935,2
15936,1
15937,1
15938,1
15939,1
15940,0
15941,1
15942,1
15943,0
15944,1
15945,2
15946,0
15947,2
15948,1
15949,2
15950,1
15951,2
15952,2
15953,1
15954,2
15955,1
15956,1
15957,1
15958,1
15959,2
15960,1
15961,1
15962,2
15963,2
15964,2
15965,2
15966,1
15967,1
15968,1
15969,2
15970,1
15971,1
15972,1
15973,2
15974,1
15975,1
15976,1
15977,1
15978,2
15979,2
15980,2
15981,2
15982,2
15983,1
15984,2
15985,2
15986,0
15987,1
15988,1
15989,1
15990,1
15991,2
15992,2
15993,0
15994,2
15995,2
15996,1
15997,1
15998,1
15999,2
16000,2
16001,0
16002,1
16003,0
16004,2
16005,1
16006,1
16007,2
16008,1
16009,2
16010,1
16011,1
16012,1
16013,2
16014,2
16015,2
16016,2
16017,1
16018,2
16019,1
16020,2
16021,2
16022,2
16023,2
16024,2
16025,1
16026,1
16027,1
16028,2
16029,2
16030,2
16031,1
16032,2
16033,1
16034,2
16035,1
16036,1
16037,1
16038,2
16039,2
16040,2
16041,1
16042,1
16043,2
16044,1
16045,1
16046,2
16047,0
16048,1
16049,1
16050,1
16051,1
16052,1
16053,0
16054,1
16055,1
16056,2
16057,2
16058,1
16059,1
16060,1
16061,1
16062,2
16063,1
16064,2
16065,1
16066,2
16067,1
16068,2
16069,2
16070,0
16071,2
16072,1
16073,2
16074,1
16075,1
16076,2
16077,2
16078,2
16079,2
16080,2
16081,1
16082,1
16083,1
16084,2
16085,1
16086,2
16087,1
16088,1
16089,1
16090,2
16091,2
16092,2
16093,1
16094,1
16095,2
16096,1
16097,2
16098,1
16099,2
16100,2
16101,2
16102,2
16103,2
16104,1
16105,1
16106,2
16107,2
16108,0
16109,2
16110,0
16111,1
16112,1
16113,2
16114,1
16115,2
16116,1
16117,2
16118,2
16119,1
16120,1
16121,2
16122,2
16123,1
16124,2
16125,0
16126,2
16127,2
16128,1
16129,1
16130,1
16131,1
16132,2
16133,0
16134,2
16135,1
16136,1
16137,2
16138,1
16139,2
16140,0
16141,2
16142,2
16143,1
16144,2
16145,0
16146,1
16147,2
16148,2
16149,1
16150,0
16151,2
16152,1
16153,2
16154,1
16155,2
16156,1
16157,1
16158,1
16159,1
16160,1
16161,1
16162,0
16163,1
16164,0
16165,2
16166,2
16167,2
16168,1
16169,2
16170,1
16171,1
16172,1
16173,1
16174,1
16175,1
16176,1
16177,2
16178,2
16179,1
16180,2
16181,2
16182,2
16183,0
16184,2
16185,1
16186,1
16187,1
16188,0
16189,1
16190,1
16191,0
16192,2
16193,1
16194,1
16195,2
16196,1
16197,2
16198,2
16199,2
16200,2
16201,2
16202,1
16203,2
16204,2
16205,1
16206,1
16207,0
16208,0
16209,2
16210,2
16211,2
16212,1
16213,1
16214,1
16215,2
16216,2
16217,1
16218,2
16219,2
16220,1
16221,1
16222,1
16223,2
16224,1
16225,2
16226,1
16227,1
16228,1
16229,1
16230,1
16231,1
16232,2
16233,2
16234,1
16235,2
16236,1
16237,2
16238,0
16239,0
16240,2
16241,2
16242,1
16243,0
16244,1
16245,2
16246,2
16247,1
16248,2
16249,2
16250,1
16251,2
16252,2
16253,2
16254,2
16255,0
16256,1
16257,2
16258,2
16259,0
16260,1
16261,2
16262,1
16263,2
16264,2
16265,2
16266,1
16267,1
16268,0
16269,1
16270,1
16271,1
16272,2
16273,2
16274,1
16275,1
16276,1
16277,2
16278,0
16279,1
16280,2
16281,1
16282,1
16283,1
16284,1
16285,1
16286,1
16287,1
16288,2
16289,1
16290,2
16291,0
16292,1
16293,2
16294,2
16295,1
16296,2
16297,1
16298,0
16299,1
16300,1
16301,2
16302,2
16303,1
16304,2
16305,1
16306,0
16307,2
16308,2
16309,2
16310,1
16311,1
16312,0
16313,1
16314,1
16315,1
16316,2
16317,2
16318,1
16319,0
16320,1
16321,2
16322,0
16323,1
16324,1
16325,2
16326,1
16327,1
16328,0
16329,1
16330,2
16331,1
16332,2
16333,0
16334,2
16335,2
16336,1
16337,0
16338,0
16339,1
16340,1
16341,0
16342,1
16343,2
16344,1
16345,2
16346,1
16347,1
16348,2
16349,1
16350,2
16351,0
16352,1
16353,2
16354,0
16355,0
16356,0
16357,1
16358,2
16359,1
16360,2
16361,1
16362,0
16363,2
16364,1
16365,2
16366,1
16367,0
16368,1
16369,1
16370,1
16371,1
16372,1
16373,1
16374,2
16375,2
16376,2
16377,1
16378,1
16379,2
16380,1
16381,2
16382,1
16383,1
16384,1
16385,2
16386,2
16387,2
16388,1
16389,0
16390,2
16391,1
16392,1
16393,2
16394,2
16395,1
16396,1
16397,2
16398,2
16399,2
16400,0
16401,1
16402,1
16403,2
16404,2
16405,2
16406,0
16407,1
16408,2
16409,1
16410,2
16411,2
16412,0
16413,1
16414,2
16415,2
16416,1
16417,2
16418,2
16419,1
16420,2
16421,1
16422,1
16423,1
16424,1
16425,2
16426,1
16427,0
16428,1
16429,1
16430,2
16431,2
16432,0
16433,1
16434,2
16435,2
16436,2
16437,2
16438,2
16439,1
16440,0
16441,2
16442,0
16443,2
16444,2
16445,1
16446,2
16447,2
16448,1
16449,1
16450,2
16451,0
16452,1
16453,1
16454,2
16455,2
16456,0
16457,2
16458,1
16459,0
16460,2
16461,2
16462,1
16463,1
16464,2
16465,1
16466,1
16467,1
16468,0
16469,1
16470,2
16471,2
16472,2
16473,2
16474,1
16475,0
16476,1
16477,1
16478,2
16479,2
16480,2
16481,1
16482,1
16483,1
16484,0
16485,1
16486,1
16487,2
16488,2
16489,0
16490,1
16491,2
16492,2
16493,2
16494,2
16495,0
16496,1
16497,1
16498,2
16499,2
16500,2
16501,1
16502,1
16503,2
16504,2
16505,2
16506,1
16507,1
16508,1
16509,2
16510,0
16511,2
16512,2
16513,1
16514,1
16515,2
16516,1
16517,0
16518,1
16519,0
16520,2
16521,0
16522,1
16523,2
16524,1
16525,2
16526,2
16527,1
16528,2
16529,1
16530,1
16531,1
16532,1
16533,2
16534,1
16535,2
16536,1
16537,0
16538,0
16539,2
16540,0
16541,1
16542,1
16543,1
16544,1
16545,1
16546,1
16547,1
16548,1
16549,2
16550,1
16551,2
16552,1
16553,2
16554,1
16555,1
16556,2
16557,2
16558,1
16559,1
16560,2
16561,1
16562,2
16563,1
16564,0
16565,2
16566,1
16567,1
16568,1
16569,1
16570,1
16571,1
16572,1
16573,1
16574,1
16575,1
16576,1
16577,0
16578,1
16579,2
16580,2
16581,1
16582,1
16583,1
16584,1
16585,2
16586,1
16587,2
16588,1
16589,2
16590,2
16591,1
16592,2
16593,2
16594,2
16595,2
16596,2
16597,1
16598,1
16599,1
16600,2
16601,1
16602,1
16603,1
16604,2
16605,1
16606,1
16607,1
16608,2
16609,1
16610,1
16611,0
16612,2
16613,1
16614,0
16615,2
16616,1
16617,1
16618,2
16619,2
16620,2
16621,2
16622,2
16623,1
16624,1
16625,2
16626,2
16627,1
16628,1
16629,1
16630,2
16631,1
16632,2
16633,2
16634,2
16635,2
16636,2
16637,1
16638,1
16639,2
16640,0
16641,1
16642,1
16643,1
16644,1
16645,1
16646,1
16647,1
16648,2
16649,2
16650,1
16651,1
16652,1
16653,2
16654,0
16655,0
16656,2
16657,1
16658,1
16659,1
16660,1
16661,1
16662,2
16663,2
16664,1
16665,1
16666,1
16667,1
16668,1
16669,2
16670,2
16671,2
16672,1
16673,2
16674,2
16675,1
16676,2
16677,2
16678,1
16679,0
16680,1
16681,2
16682,1
16683,1
16684,1
16685,1
16686,1
16687,2
16688,1
16689,1
16690,2
16691,2
16692,1
16693,2
16694,2
16695,1
16696,2
16697,0
16698,1
16699,2
16700,1
16701,1
16702,2
16703,0
16704,1
16705,1
16706,1
16707,2
16708,1
16709,2
16710,1
16711,1
16712,2
16713,1
16714,1
16715,1
16716,2
16717,1
16718,2
16719,2
16720,1
16721,2
16722,0
16723,1
16724,1
16725,2
16726,2
16727,2
16728,2
16729,0
16730,2
16731,2
16732,2
16733,2
16734,2
16735,0
16736,1
16737,2
16738,2
16739,1
16740,2
16741,2
16742,1
16743,1
16744,1
16745,0
16746,1
16747,0
16748,2
16749,2
16750,2
16751,1
16752,2
16753,2
16754,1
16755,1
16756,2
16757,1
16758,2
16759,2
16760,1
16761,2
16762,2
16763,1
16764,2
16765,2
16766,1
16767,1
16768,2
16769,2
16770,2
16771,1
16772,1
16773,2
16774,0
16775,2
16776,1
16777,1
16778,2
16779,2
16780,0
16781,1
16782,2
16783,2
16784,1
16785,1
16786,2
16787,1
16788,1
16789,2
16790,2
16791,0
16792,1
16793,1
16794,1
16795,0
16796,1
16797,1
16798,0
16799,2
16800,2
16801,1
16802,1
16803,2
16804,1
16805,2
16806,1
16807,2
16808,2
16809,1
16810,2
16811,1
16812,1
16813,1
16814,2
16815,1
16816,2
16817,1
16818,1
16819,0
16820,2
16821,0
16822,2
16823,0
16824,1
16825,2
16826,1
16827,2
16828,1
16829,2
16830,1
16831,2
16832,2
16833,1
16834,2
16835,2
16836,2
16837,1
16838,1
16839,2
16840,2
16841,2
16842,1
16843,2
16844,1
16845,1
16846,2
16847,1
16848,2
16849,2
16850,1
16851,1
16852,1
16853,1
16854,2
16855,1
16856,1
16857,2
16858,2
16859,1
16860,2
16861,2
16862,1
16863,2
16864,2
16865,1
16866,2
16867,2
16868,1
16869,2
16870,1
16871,2
16872,0
16873,2
16874,1
16875,2
16876,1
16877,1
16878,1
16879,1
16880,2
16881,1
16882,2
16883,0
16884,2
16885,2
16886,1
16887,1
16888,2
16889,1
16890,1
16891,0
16892,1
16893,2
16894,2
16895,1
16896,2
16897,0
16898,2
16899,2
16900,1
16901,0
16902,1
16903,1
16904,1
16905,2
16906,2
16907,1
16908,2
16909,1
16910,2
16911,0
16912,2
16913,1
16914,2
16915,2
16916,2
16917,2
16918,2
16919,2
16920,2
16921,2
16922,1
16923,2
16924,0
16925,0
16926,0
16927,2
16928,1
16929,1
16930,1
16931,2
16932,1
16933,2
16934,1
16935,1
16936,1
16937,0
16938,0
16939,1
16940,1
16941,0
16942,2
16943,2
16944,2
16945,2
16946,2
16947,1
16948,2
16949,2
16950,1
16951,0
16952,1
16953,1
16954,2
16955,2
16956,1
16957,1
16958,1
16959,0
16960,0
16961,1
16962,2
16963,2
16964,1
16965,2
16966,1
16967,2
16968,2
16969,1
16970,2
16971,1
16972,1
16973,2
16974,0
16975,2
16976,2
16977,1
16978,2
16979,2
16980,2
16981,2
16982,2
16983,2
16984,1
16985,0
16986,2
16987,1
16988,1
16989,2
16990,1
16991,0
16992,2
16993,2
16994,1
16995,2
16996,2
16997,1
16998,0
16999,2
17000,1
17001,2
17002,0
17003,2
17004,0
17005,1
17006,1
17007,2
17008,1
17009,1
17010,1
17011,1
17012,2
17013,1
17014,1
17015,1
17016,2
17017,1
17018,0
17019,1
17020,1
17021,2
17022,0
17023,0
17024,1
17025,0
17026,1
17027,1
17028,1
17029,0
17030,2
17031,1
17032,2
17033,0
17034,2
17035,0
17036,2
17037,1
17038,2
17039,1
17040,2
17041,2
17042,0
17043,0
17044,2
17045,2
17046,2
17047,1
17048,1
17049,2
17050,1
17051,0
17052,1
17053,2
17054,2
17055,2
17056,0
17057,1
17058,2
17059,2
17060,1
17061,1
17062,1
17063,1
17064,2
17065,1
17066,1
17067,2
17068,2
17069,2
17070,1
17071,1
17072,0
17073,2
17074,2
17075,2
17076,2
17077,1
17078,0
17079,0
17080,2
17081,2
17082,2
17083,2
17084,1
17085,1
17086,2
17087,1
17088,2
17089,0
17090,2
17091,2
17092,1
17093,1
17094,0
17095,2
17096,1
17097,2
17098,0
17099,2
17100,2
17101,2
17102,2
17103,1
17104,1
17105,2
17106,2
17107,2
17108,1
17109,1
17110,2
17111,1
17112,2
17113,2
17114,1
17115,0
17116,2
17117,1
17118,1
17119,1
17120,1
17121,1
17122,2
17123,1
17124,2
17125,1
17126,1
17127,1
17128,2
17129,1
17130,1
17131,2
17132,1
17133,0
17134,1
17135,1
17136,2
17137,1
17138,2
17139,0
17140,2
17141,1
17142,2
17143,1
17144,1
17145,1
17146,1
17147,2
17148,1
17149,2
17150,1
17151,2
17152,1
17153,1
17154,0
17155,0
17156,1
17157,2
17158,1
17159,1
17160,0
17161,2
17162,0
17163,0
17164,1
17165,2
17166,2
17167,1
17168,2
17169,1
17170,1
17171,2
17172,2
17173,1
17174,1
17175,2
17176,0
17177,1
17178,1
17179,2
17180,2
17181,2
17182,2
17183,0
17184,1
17185,1
17186,1
17187,2
17188,0
17189,0
17190,1
17191,2
17192,2
17193,1
17194,2
17195,1
17196,1
17197,2
17198,1
17199,2
17200,2
17201,0
17202,1
17203,0
17204,0
17205,2
17206,2
17207,0
17208,1
17209,2
17210,0
17211,1
17212,2
17213,2
17214,1
17215,2
17216,2
17217,0
17218,1
17219,1
17220,1
17221,1
17222,0
17223,0
17224,1
17225,2
17226,1
17227,2
17228,2
17229,2
17230,2
17231,1
17232,2
17233,2
17234,0
17235,0
17236,1
17237,1
17238,2
17239,2
17240,2
17241,1
17242,1
17243,0
17244,2
17245,1
17246,1
17247,2
17248,2
17249,1
17250,1
17251,2
17252,1
17253,1
17254,1
17255,1
17256,2
17257,1
17258,2
17259,1
17260,1
17261,0
17262,1
17263,1
17264,1
17265,1
17266,1
17267,1
17268,1
17269,1
17270,1
17271,1
17272,2
17273,1
17274,2
17275,2
17276,2
17277,1
17278,0
17279,2
17280,1
17281,1
17282,0
17283,1
17284,1
17285,1
17286,1
17287,1
17288,2
17289,1
17290,2
17291,1
17292,2
17293,0
17294,2
17295,1
17296,2
17297,1
17298,1
17299,2
17300,1
17301,2
17302,1
17303,1
17304,2
17305,2
17306,0
17307,1
17308,2
17309,1
17310,1
17311,2
17312,1
17313,0
17314,0
17315,1
17316,1
17317,1
17318,2
17319,1
17320,2
17321,2
17322,0
17323,2
17324,1
17325,0
17326,1
17327,2
17328,2
17329,1
17330,2
17331,1
17332,2
17333,0
17334,2
17335,1
17336,1
17337,1
17338,2
17339,1
17340,2
17341,1
17342,1
17343,2
17344,1
17345,0
17346,1
17347,1
17348,2
17349,2
17350,2
17351,1
17352,1
17353,2
17354,1
17355,2
17356,2
17357,1
17358,2
17359,1
17360,1
17361,1
17362,2
17363,1
17364,1
17365,2
17366,0
17367,2
17368,2
17369,2
17370,2
17371,1
17372,1
17373,1
17374,1
17375,2
17376,2
17377,1
17378,2
17379,1
17380,2
17381,2
17382,0
17383,2
17384,2
17385,0
17386,2
17387,2
17388,2
17389,0
17390,1
17391,2
17392,2
17393,2
17394,2
17395,1
17396,1
17397,1
17398,1
17399,0
17400,1
17401,1
17402,1
17403,1
17404,0
17405,2
17406,1
17407,1
17408,1
17409,1
17410,2
17411,0
17412,0
17413,2
17414,1
17415,0
17416,2
17417,1
17418,0
17419,2
17420,1
17421,0
17422,2
17423,0
17424,2
17425,1
17426,1
17427,2
17428,2
17429,2
17430,1
17431,1
17432,1
17433,1
17434,1
17435,2
17436,1
17437,2
17438,0
17439,1
17440,1
17441,1
17442,1
17443,1
17444,2
17445,1
17446,2
17447,2
17448,2
17449,1
17450,1
17451,2
17452,1
17453,1
17454,1
17455,1
17456,1
17457,2
17458,1
17459,1
17460,1
17461,1
17462,2
17463,1
17464,0
17465,2
17466,1
17467,1
17468,1
17469,1
17470,1
17471,1
17472,2
17473,1
17474,1
17475,2
17476,2
17477,1
17478,2
17479,0
17480,2
17481,2
17482,2
17483,1
17484,1
17485,2
17486,2
17487,2
17488,1
17489,0
17490,2
17491,2
17492,2
17493,0
17494,1
17495,2
17496,2
17497,2
17498,1
17499,2
17500,1
17501,1
17502,2
17503,2
17504,1
17505,1
17506,2
17507,1
17508,1
17509,2
17510,1
17511,2
17512,2
17513,1
17514,0
17515,0
17516,1
17517,1
17518,1
17519,2
17520,0
17521,2
17522,0
17523,1
17524,0
17525,2
17526,1
17527,0
17528,0
17529,1
17530,1
17531,2
17532,2
17533,1
17534,1
17535,2
17536,2
17537,2
17538,1
17539,2
17540,2
17541,0
17542,2
17543,2
17544,0
17545,1
17546,2
17547,1
17548,1
17549,1
17550,2
17551,2
17552,0
17553,2
17554,2
17555,2
17556,1
17557,2
17558,0
17559,2
17560,1
17561,0
17562,1
17563,0
17564,1
17565,1
17566,2
17567,1
17568,0
17569,1
17570,2
17571,2
17572,2
17573,1
17574,2
17575,0
17576,2
17577,2
17578,1
17579,1
17580,1
17581,2
17582,0
17583,1
17584,2
17585,1
17586,2
17587,2
17588,1
17589,2
17590,1
17591,0
17592,1
17593,2
17594,2
17595,2
17596,2
17597,2
17598,2
17599,0
17600,2
17601,1
17602,1
17603,2
17604,1
17605,2
17606,2
17607,1
17608,2
17609,1
17610,2
17611,1
17612,1
17613,1
17614,2
17615,1
17616,1
17617,1
17618,1
17619,2
17620,0
17621,0
17622,2
17623,1
17624,2
17625,1
17626,1
17627,2
17628,1
17629,2
17630,1
17631,2
17632,2
17633,0
17634,1
17635,2
17636,2
17637,0
17638,2
17639,1
17640,1
17641,2
17642,1
17643,2
17644,2
17645,2
17646,1
17647,2
17648,0
17649,2
17650,1
17651,2
17652,2
17653,2
17654,2
17655,2
17656,1
17657,2
17658,0
17659,1
17660,2
17661,1
17662,2
17663,1
17664,1
17665,1
17666,1
17667,2
17668,1
17669,2
17670,2
17671,2
17672,2
17673,2
17674,2
17675,0
17676,1
17677,0
17678,1
17679,1
17680,1
17681,1
17682,2
17683,1
17684,2
17685,0
17686,0
17687,2
17688,2
17689,2
17690,2
17691,1
17692,1
17693,1
17694,1
17695,2
17696,2
17697,2
17698,1
17699,2
17700,2
17701,2
17702,1
17703,2
17704,1
17705,1
17706,2
17707,2
17708,2
17709,1
17710,1
17711,2
17712,0
17713,1
17714,0
17715,1
17716,2
17717,2
17718,1
17719,1
17720,2
17721,2
17722,2
17723,1
17724,2
17725,1
17726,0
17727,0
17728,1
17729,1
17730,2
17731,1
17732,1
17733,0
17734,0
17735,0
17736,2
17737,2
17738,1
17739,1
17740,1
17741,2
17742,2
17743,1
17744,2
17745,0
17746,0
17747,0
17748,1
17749,2
17750,1
17751,1
17752,2
17753,2
17754,1
17755,2
17756,1
17757,1
17758,1
17759,0
17760,2
17761,1
17762,2
17763,2
17764,1
17765,1
17766,2
17767,2
17768,0
17769,0
17770,2
17771,0
17772,1
17773,1
17774,0
17775,1
17776,2
17777,1
17778,1
17779,1
17780,1
17781,2
17782,2
17783,2
17784,1
17785,2
17786,0
17787,1
17788,2
17789,2
17790,1
17791,2
17792,1
17793,2
17794,1
17795,2
17796,2
17797,2
17798,2
17799,2
17800,2
17801,1
17802,1
17803,2
17804,1
17805,0
17806,0
17807,1
17808,2
17809,0
17810,1
17811,2
17812,0
17813,1
17814,1
17815,0
17816,1
17817,1
17818,0
17819,0
17820,1
17821,2
17822,2
17823,2
17824,2
17825,1
17826,0
17827,1
17828,0
17829,2
17830,1
17831,2
17832,1
17833,2
17834,2
17835,1
17836,0
17837,1
17838,1
17839,2
17840,1
17841,1
17842,0
17843,2
17844,0
17845,2
17846,1
17847,1
17848,1
17849,1
17850,1
17851,1
17852,1
17853,0
17854,0
17855,1
17856,0
17857,1
17858,2
17859,2
17860,2
17861,1
17862,1
17863,2
17864,2
17865,1
17866,2
17867,2
17868,2
17869,2
17870,0
17871,0
17872,2
17873,2
17874,2
17875,0
17876,1
17877,1
17878,2
17879,1
17880,2
17881,2
17882,2
17883,2
17884,2
17885,2
17886,0
17887,1
17888,1
17889,1
17890,1
17891,1
17892,2
17893,2
17894,1
17895,0
17896,2
17897,1
17898,2
17899,1
17900,1
17901,1
17902,1
17903,2
17904,1
17905,2
17906,2
17907,1
17908,2
17909,0
17910,0
17911,1
17912,1
17913,0
17914,1
17915,2
17916,2
17917,2
17918,2
17919,2
17920,0
17921,0
17922,2
17923,2
17924,2
17925,1
17926,0
17927,1
17928,2
17929,1
17930,1
17931,1
17932,2
17933,1
17934,1
17935,2
17936,2
17937,2
17938,1
17939,2
17940,2
17941,1
17942,1
17943,1
17944,1
17945,1
17946,0
17947,1
17948,2
17949,1
17950,1
17951,2
17952,1
17953,1
17954,1
17955,1
17956,1
17957,2
17958,2
17959,2
17960,2
17961,0
17962,1
17963,0
17964,2
17965,0
17966,2
17967,1
17968,1
17969,1
17970,2
17971,1
17972,2
17973,2
17974,1
17975,1
17976,1
17977,0
17978,1
17979,1
17980,1
17981,0
17982,1
17983,2
17984,2
17985,1
17986,1
17987,1
17988,1
17989,2
17990,1
17991,1
17992,1
17993,1
17994,1
17995,2
17996,2
17997,1
17998,2
17999,2
18000,2
18001,2
18002,1
18003,1
18004,1
18005,1
18006,2
18007,1
18008,1
18009,1
18010,1
18011,1
18012,1
18013,2
18014,1
18015,0
18016,1
18017,1
18018,2
18019,2
18020,0
18021,2
18022,2
18023,0
18024,2
18025,1
18026,1
18027,0
18028,2
18029,1
18030,1
18031,1
18032,0
18033,1
18034,1
18035,1
18036,2
18037,2
18038,2
18039,2
18040,2
18041,0
18042,2
18043,1
18044,2
18045,1
18046,1
18047,1
18048,0
18049,1
18050,0
18051,0
18052,2
18053,1
18054,2
18055,2
18056,2
18057,2
18058,1
18059,1
18060,2
18061,0
18062,0
18063,1
18064,1
18065,0
18066,1
18067,0
18068,2
18069,1
18070,1
18071,2
18072,2
18073,0
18074,2
18075,0
18076,1
18077,1
18078,1
18079,2
18080,1
18081,1
18082,2
18083,2
18084,2
18085,2
18086,1
18087,2
18088,0
18089,2
18090,1
18091,1
18092,1
18093,1
18094,1
18095,1
18096,2
18097,1
18098,2
18099,1
18100,1
18101,2
18102,1
18103,2
18104,1
18105,2
18106,1
18107,1
18108,2
18109,2
18110,1
18111,1
18112,1
18113,0
18114,1
18115,2
18116,2
18117,2
18118,2
18119,2
18120,0
18121,0
18122,1
18123,1
18124,1
18125,2
18126,1
18127,0
18128,2
18129,2
18130,2
18131,2
18132,0
18133,0
18134,0
18135,2
18136,1
18137,1
18138,0
18139,2
18140,1
18141,1
18142,2
18143,2
18144,2
18145,2
18146,1
18147,2
18148,2
18149,2
18150,0
18151,1
18152,2
18153,1
18154,1
18155,2
18156,1
18157,0
18158,1
18159,1
18160,2
18161,2
18162,2
18163,1
18164,2
18165,1
18166,2
18167,2
18168,2
18169,1
18170,1
18171,0
18172,2
18173,2
18174,2
18175,2
18176,0
18177,2
18178,1
18179,2
18180,2
18181,0
18182,1
18183,1
18184,2
18185,2
18186,0
18187,1
18188,0
18189,1
18190,1
18191,0
18192,0
18193,2
18194,0
18195,1
18196,2
18197,0
18198,1
18199,0
18200,2
18201,2
18202,1
18203,2
18204,2
18205,2
18206,1
18207,1
18208,0
18209,1
18210,2
18211,1
18212,1
18213,2
18214,2
18215,2
18216,2
18217,1
18218,2
18219,1
18220,1
18221,2
18222,0
18223,2
18224,1
18225,2
18226,1
18227,1
18228,2
18229,2
18230,0
18231,2
18232,1
18233,1
18234,2
18235,1
18236,2
18237,1
18238,1
18239,1
18240,2
18241,2
18242,2
18243,2
18244,2
18245,2
18246,1
18247,2
18248,1
18249,1
18250,0
18251,2
18252,1
18253,0
18254,2
18255,1
18256,2
18257,1
18258,1
18259,2
18260,1
18261,2
18262,2
18263,2
18264,1
18265,1
18266,2
18267,2
18268,1
18269,2
18270,1
18271,1
18272,1
18273,0
18274,1
18275,1
18276,1
18277,1
18278,2
18279,2
18280,2
18281,2
18282,2
18283,2
18284,2
18285,2
18286,2
18287,0
18288,1
18289,2
18290,1
18291,0
18292,1
18293,1
18294,0
18295,0
18296,2
18297,2
18298,1
18299,1
18300,0
18301,2
18302,2
18303,0
18304,1
18305,1
18306,2
18307,2
18308,1
18309,0
18310,2
18311,2
18312,2
18313,2
18314,1
18315,1
18316,1
18317,2
18318,2
18319,1
18320,1
18321,0
18322,1
18323,2
18324,1
18325,0
18326,1
18327,1
18328,2
18329,1
18330,2
18331,1
18332,1
18333,2
18334,1
18335,2
18336,2
18337,1
18338,2
18339,1
18340,1
18341,0
18342,2
18343,0
18344,1
18345,1
18346,2
18347,2
18348,2
18349,1
18350,0
18351,1
18352,1
18353,2
18354,2
18355,1
18356,2
18357,2
18358,2
18359,1
18360,1
18361,0
18362,0
18363,2
18364,2
18365,1
18366,1
18367,1
18368,1
18369,2
18370,2
18371,1
18372,1
18373,1
18374,2
18375,1
18376,1
18377,2
18378,2
18379,2
18380,1
18381,1
18382,1
18383,2
18384,1
18385,2
18386,2
18387,1
18388,2
18389,1
18390,2
18391,1
18392,0
18393,2
18394,1
18395,1
18396,2
18397,2
18398,2
18399,1
18400,1
18401,2
18402,1
18403,2
18404,1
18405,2
18406,0
18407,2
18408,1
18409,2
18410,1
18411,1
18412,1
18413,1
18414,2
18415,2
18416,2
18417,2
18418,2
18419,2
18420,2
18421,1
18422,2
18423,0
18424,1
18425,2
18426,2
18427,1
18428,2
18429,2
18430,2
18431,1
18432,1
18433,2
18434,1
18435,1
18436,1
18437,2
18438,1
18439,2
18440,2
18441,1
18442,0
18443,2
18444,0
18445,2
18446,2
18447,2
18448,1
18449,2
18450,2
18451,2
18452,2
18453,2
18454,1
18455,2
18456,2
18457,0
18458,1
18459,1
18460,2
18461,2
18462,1
18463,2
18464,0
18465,0
18466,2
18467,2
18468,2
18469,2
18470,0
18471,2
18472,2
18473,0
18474,1
18475,1
18476,1
18477,1
18478,1
18479,0
18480,1
18481,1
18482,2
18483,1
18484,2
18485,2
18486,0
18487,2
18488,2
18489,0
18490,1
18491,2
18492,2
18493,1
18494,1
18495,1
18496,2
18497,1
18498,2
18499,1
18500,1
18501,2
18502,0
18503,1
18504,2
18505,1
18506,0
18507,2
18508,1
18509,1
18510,2
18511,2
18512,2
18513,1
18514,1
18515,1
18516,1
18517,0
18518,2
18519,2
18520,2
18521,1
18522,0
18523,2
18524,1
18525,2
18526,2
18527,2
18528,2
18529,1
18530,0
18531,2
18532,0
18533,2
18534,2
18535,1
18536,1
18537,1
18538,2
18539,2
18540,1
18541,1
18542,1
18543,2
18544,1
18545,1
18546,2
18547,1
18548,1
18549,1
18550,1
18551,1
18552,2
18553,1
18554,2
18555,2
18556,2
18557,2
18558,2
18559,2
18560,2
18561,2
18562,1
18563,1
18564,2
18565,1
18566,0
18567,1
18568,1
18569,2
18570,1
18571,1
18572,2
18573,2
18574,2
18575,1
18576,1
18577,1
18578,2
18579,2
18580,2
18581,2
18582,2
18583,2
18584,2
18585,2
18586,0
18587,1
18588,2
18589,1
18590,1
18591,0
18592,0
18593,0
18594,2
18595,2
18596,2
18597,2
18598,1
18599,2
18600,1
18601,1
18602,2
18603,1
18604,2
18605,1
18606,2
18607,2
18608,2
18609,1
18610,2
18611,1
18612,2
18613,0
18614,2
18615,2
18616,1
18617,0
18618,0
18619,1
18620,1
18621,2
18622,1
18623,1
18624,1
18625,2
18626,2
18627,2
18628,2
18629,1
18630,2
18631,1
18632,2
18633,2
18634,1
18635,2
18636,0
18637,1
18638,2
18639,1
18640,2
18641,2
18642,1
18643,1
18644,2
18645,1
18646,1
18647,2
18648,1
18649,2
18650,2
18651,1
18652,2
18653,2
18654,2
18655,2
18656,0
18657,2
18658,1
18659,1
18660,1
18661,1
18662,1
18663,2
18664,1
18665,1
18666,2
18667,1
18668,2
18669,2
18670,1
18671,2
18672,2
18673,1
18674,1
18675,2
18676,1
18677,0
18678,1
18679,2
18680,1
18681,0
18682,2
18683,2
18684,2
18685,1
18686,2
18687,2
18688,1
18689,1
18690,2
18691,0
18692,1
18693,2
18694,2
18695,2
18696,0
18697,1
18698,2
18699,1
18700,1
18701,2
18702,2
18703,0
18704,2
18705,1
18706,2
18707,2
18708,1
18709,1
18710,0
18711,2
18712,2
18713,2
18714,1
18715,1
18716,1
18717,2
18718,0
18719,1
18720,1
18721,2
18722,2
18723,1
18724,2
18725,1
18726,0
18727,1
18728,0
18729,2
18730,2
18731,1
18732,0
18733,1
18734,2
18735,0
18736,1
18737,1
18738,2
18739,2
18740,2
18741,2
18742,1
18743,2
18744,2
18745,1
18746,2
18747,1
18748,0
18749,1
18750,0
18751,1
18752,2
18753,2
18754,2
18755,2
18756,0
18757,1
18758,2
18759,1
18760,2
18761,1
18762,0
18763,2
18764,1
18765,1
18766,1
18767,2
18768,2
18769,2
18770,2
18771,1
18772,2
18773,2
18774,1
18775,1
18776,1
18777,0
18778,2
18779,1
18780,1
18781,0
18782,2
18783,1
18784,2
18785,2
18786,1
18787,1
18788,1
18789,0
18790,2
18791,1
18792,0
18793,1
18794,1
18795,1
18796,1
18797,2
18798,2
18799,1
18800,2
18801,1
18802,1
18803,2
18804,1
18805,2
18806,2
18807,2
18808,0
18809,1
18810,0
18811,1
18812,1
18813,1
18814,1
18815,2
18816,2
18817,1
18818,2
18819,2
18820,2
18821,2
18822,1
18823,1
18824,2
18825,1
18826,1
18827,1
18828,1
18829,2
18830,1
18831,2
18832,1
18833,2
18834,2
18835,1
18836,1
18837,1
18838,2
18839,2
18840,1
18841,2
18842,1
18843,2
18844,2
18845,2
18846,1
18847,0
18848,2
18849,2
18850,2
18851,1
18852,0
18853,2
18854,2
18855,2
18856,1
18857,1
18858,2
18859,2
18860,2
18861,1
18862,1
18863,0
18864,1
18865,1
18866,1
18867,1
18868,1
18869,2
18870,0
18871,1
18872,2
18873,2
18874,2
18875,1
18876,1
18877,0
18878,0
18879,2
18880,2
18881,1
18882,1
18883,1
18884,2
18885,1
18886,2
18887,0
18888,2
18889,1
18890,1
18891,1
18892,1
18893,2
18894,1
18895,2
18896,2
18897,1
18898,2
18899,2
18900,0
18901,2
18902,0
18903,1
18904,1
18905,1
18906,2
18907,0
18908,2
18909,2
18910,2
18911,1
18912,1
18913,0
18914,1
18915,1
18916,2
18917,1
18918,1
18919,1
18920,1
18921,0
18922,1
18923,1
18924,1
18925,1
18926,2
18927,2
18928,1
18929,1
18930,1
18931,1
18932,2
18933,1
18934,1
18935,2
18936,2
18937,1
18938,1
18939,1
18940,2
18941,2
18942,2
18943,2
18944,2
18945,2
18946,2
18947,1
18948,0
18949,1
18950,2
18951,1
18952,1
18953,2
18954,1
18955,2
18956,2
18957,1
18958,2
18959,1
18960,2
18961,2
18962,1
18963,0
18964,2
18965,1
18966,1
18967,0
18968,1
18969,1
18970,1
18971,1
18972,2
18973,2
18974,1
18975,2
18976,0
18977,2
18978,1
18979,2
18980,0
18981,1
18982,2
18983,2
18984,2
18985,1
18986,1
18987,0
18988,1
18989,2
18990,0
18991,0
18992,1
18993,1
18994,1
18995,2
18996,2
18997,1
18998,1
18999,1
19000,2
19001,2
19002,2
19003,1
19004,2
19005,0
19006,2
19007,1
19008,1
19009,1
19010,2
19011,1
19012,1
19013,0
19014,2
19015,0
19016,2
19017,0
19018,2
19019,1
19020,2
19021,1
19022,0
19023,1
19024,2
19025,1
19026,2
19027,1
19028,1
19029,1
19030,2
19031,0
19032,0
19033,1
19034,2
19035,2
19036,2
19037,1
19038,2
19039,0
19040,2
19041,1
19042,1
19043,1
19044,1
19045,1
19046,1
19047,2
19048,2
19049,2
19050,2
19051,1
19052,2
19053,2
19054,0
19055,2
19056,2
19057,0
19058,1
19059,1
19060,2
19061,1
19062,2
19063,2
19064,1
19065,1
19066,1
19067,1
19068,2
19069,2
19070,2
19071,0
19072,1
19073,1
19074,2
19075,1
19076,1
19077,2
19078,2
19079,2
19080,2
19081,2
19082,2
19083,1
19084,2
19085,2
19086,1
19087,0
19088,1
19089,1
19090,2
19091,1
19092,1
19093,1
19094,2
19095,1
19096,1
19097,1
19098,2
19099,1
19100,0
19101,2
19102,1
19103,2
19104,1
19105,0
19106,1
19107,1
19108,1
19109,1
19110,2
19111,2
19112,2
19113,1
19114,2
19115,1
19116,2
19117,1
19118,1
19119,1
19120,2
19121,2
19122,2
19123,1
19124,0
19125,2
19126,1
19127,2
19128,0
19129,1
19130,2
19131,0
19132,1
19133,2
19134,1
19135,1
19136,1
19137,0
19138,2
19139,2
19140,0
19141,1
19142,1
19143,1
19144,2
19145,1
19146,2
19147,2
19148,2
19149,2
19150,1
19151,2
19152,2
19153,1
19154,2
19155,1
19156,1
19157,1
19158,2
19159,2
19160,2
19161,1
19162,0
19163,1
19164,1
19165,2
19166,1
19167,1
19168,1
19169,0
19170,2
19171,2
19172,2
19173,1
19174,1
19175,2
19176,2
19177,1
19178,1
19179,2
19180,1
19181,0
19182,0
19183,1
19184,1
19185,2
19186,0
19187,1
19188,1
19189,1
19190,2
19191,0
19192,2
19193,0
19194,0
19195,0
19196,1
19197,1
19198,1
19199,2
19200,2
19201,2
19202,1
19203,1
19204,1
19205,0
19206,1
19207,1
19208,1
19209,2
19210,2
19211,2
19212,1
19213,2
19214,2
19215,1
19216,2
19217,1
19218,1
19219,2
19220,1
19221,0
19222,0
19223,1
19224,2
19225,2
19226,1
19227,1
19228,1
19229,2
19230,2
19231,2
19232,1
19233,1
19234,1
19235,1
19236,2
19237,2
19238,2
19239,0
19240,2
19241,0
19242,2
19243,0
19244,2
19245,1
19246,1
19247,1
19248,1
19249,1
19250,2
19251,2
19252,2
19253,0
19254,1
19255,1
19256,2
19257,1
19258,2
19259,1
19260,2
19261,0
19262,2
19263,2
19264,2
19265,0
19266,1
19267,2
19268,2
19269,2
19270,1
19271,2
19272,1
19273,1
19274,1
19275,2
19276,2
19277,2
19278,1
19279,1
19280,1
19281,2
19282,1
19283,2
19284,2
19285,2
19286,1
19287,1
19288,2
19289,2
19290,1
19291,1
19292,2
19293,2
19294,2
19295,1
19296,1
19297,1
19298,2
19299,2
19300,2
19301,0
19302,0
19303,2
19304,1
19305,2
19306,1
19307,1
19308,1
19309,2
19310,1
19311,1
19312,0
19313,2
19314,1
19315,1
19316,2
19317,2
19318,2
19319,2
19320,0
19321,2
19322,0
19323,2
19324,0
19325,2
19326,2
19327,2
19328,1
19329,0
19330,1
19331,2
19332,2
19333,2
19334,2
19335,1
19336,1
19337,1
19338,1
19339,2
19340,1
19341,1
19342,1
19343,1
19344,0
19345,1
19346,1
19347,2
19348,0
19349,0
19350,1
19351,2
19352,1
19353,1
19354,2
19355,1
19356,2
19357,2
19358,2
19359,2
19360,1
19361,1
19362,1
19363,2
19364,0
19365,2
19366,2
19367,1
19368,2
19369,2
19370,1
19371,2
19372,1
19373,2
19374,2
19375,0
19376,1
19377,2
19378,2
19379,1
19380,1
19381,1
19382,2
19383,1
19384,1
19385,2
19386,2
19387,2
19388,1
19389,1
19390,2
19391,2
19392,0
19393,2
19394,1
19395,2
19396,2
19397,1
19398,2
19399,2
19400,1
19401,1
19402,2
19403,1
19404,1
19405,1
19406,1
19407,2
19408,1
19409,1
19410,1
19411,2
19412,2
19413,1
19414,0
19415,2
19416,1
19417,1
19418,1
19419,1
19420,0
19421,2
19422,1
19423,2
19424,2
19425,0
19426,2
19427,0
19428,1
19429,1
19430,1
19431,0
19432,1
19433,1
19434,2
19435,2
19436,0
19437,2
19438,2
19439,1
19440,1
19441,1
19442,2
19443,0
19444,1
19445,2
19446,1
19447,1
19448,1
19449,0
19450,1
19451,2
19452,2
19453,0
19454,0
19455,2
19456,1
19457,0
19458,2
19459,2
19460,0
19461,2
19462,1
19463,1
19464,2
19465,2
19466,2
19467,1
19468,2
19469,1
19470,2
19471,1
19472,1
19473,1
19474,1
19475,2
19476,2
19477,2
19478,1
19479,1
19480,1
19481,1
19482,2
19483,1
19484,2
19485,1
19486,2
19487,1
19488,1
19489,1
19490,2
19491,1
19492,2
19493,0
19494,2
19495,0
19496,1
19497,0
19498,0
19499,1
19500,2
19501,1
19502,1
19503,1
19504,0
19505,0
19506,1
19507,2
19508,2
19509,0
19510,1
19511,1
19512,2
19513,1
19514,1
19515,2
19516,1
19517,1
19518,2
19519,2
19520,0
19521,2
19522,2
19523,2
19524,1
19525,0
19526,2
19527,2
19528,2
19529,1
19530,2
19531,1
19532,2
19533,1
19534,1
19535,2
19536,1
19537,2
19538,2
19539,1
19540,1
19541,0
19542,1
19543,2
19544,1
19545,2
19546,2
19547,2
19548,2
19549,1
19550,2
19551,1
19552,1
19553,1
19554,2
19555,0
19556,2
19557,2
19558,2
19559,2
19560,2
19561,1
19562,2
19563,1
19564,2
19565,0
19566,0
19567,0
19568,2
19569,2
19570,1
19571,1
19572,2
19573,2
19574,1
19575,2
19576,1
19577,2
19578,1
19579,0
19580,2
19581,1
19582,2
19583,2
19584,2
19585,2
19586,2
19587,2
19588,2
19589,2
19590,1
19591,1
19592,2
19593,2
19594,1
19595,1
19596,2
19597,1
19598,0
19599,2
19600,1
19601,2
19602,0
19603,1
19604,2
19605,1
19606,1
19607,2
19608,2
19609,1
19610,2
19611,1
19612,0
19613,1
19614,1
19615,1
19616,2
19617,0
19618,2
19619,1
19620,1
19621,2
19622,0
19623,2
19624,2
19625,1
19626,1
19627,1
19628,0
19629,2
19630,0
19631,2
19632,2
19633,1
19634,2
19635,2
19636,2
19637,2
19638,1
19639,1
19640,0
19641,1
19642,0
19643,2
19644,2
19645,1
19646,1
19647,0
19648,2
19649,2
19650,2
19651,2
19652,2
19653,1
19654,0
19655,2
19656,1
19657,2
19658,1
19659,2
19660,2
19661,2
19662,2
19663,2
19664,1
19665,2
19666,2
19667,2
19668,0
19669,1
19670,1
19671,1
19672,1
19673,0
19674,2
19675,1
19676,1
19677,1
19678,2
19679,1
19680,1
19681,2
19682,2
19683,1
19684,1
19685,2
19686,1
19687,1
19688,1
19689,1
19690,1
19691,2
19692,1
19693,1
19694,2
19695,0
19696,1
19697,1
19698,2
19699,1
19700,2
19701,2
19702,2
19703,1
19704,0
19705,1
19706,1
19707,2
19708,2
19709,0
19710,1
19711,0
19712,2
19713,0
19714,1
19715,1
19716,2
19717,0
19718,2
19719,1
19720,1
19721,2
19722,2
19723,1
19724,1
19725,1
19726,2
19727,1
19728,2
19729,1
19730,2
19731,2
19732,1
19733,0
19734,2
19735,0
19736,1
19737,2
19738,0
19739,2
19740,2
19741,2
19742,2
19743,2
19744,2
19745,2
19746,0
19747,1
19748,0
19749,0
19750,1
19751,2
19752,1
19753,2
19754,1
19755,1
19756,2
19757,0
19758,2
19759,2
19760,1
19761,1
19762,2
19763,1
19764,1
19765,1
19766,2
19767,1
19768,0
19769,1
19770,1
19771,1
19772,1
19773,1
19774,0
19775,1
19776,1
19777,0
19778,1
19779,1
19780,2
19781,2
19782,1
19783,0
19784,0
19785,1
19786,1
19787,0
19788,1
19789,2
19790,0
19791,1
19792,1
19793,0
19794,0
19795,1
19796,1
19797,2
19798,1
19799,2
19800,1
19801,1
19802,2
19803,1
19804,2
19805,1
19806,1
19807,2
19808,1
19809,2
19810,1
19811,2
19812,2
19813,1
19814,2
19815,0
19816,1
19817,1
19818,1
19819,0
19820,0
19821,0
19822,1
19823,2
19824,1
19825,2
19826,2
19827,1
19828,1
19829,0
19830,2
19831,2
19832,2
19833,1
19834,0
19835,1
19836,1
19837,1
19838,1
19839,2
19840,1
19841,1
19842,1
19843,2
19844,1
19845,1
19846,0
19847,1
19848,2
19849,2
19850,2
19851,1
19852,1
19853,2
19854,1
19855,1
19856,2
19857,0
19858,0
19859,1
19860,1
19861,1
19862,1
19863,1
19864,2
19865,2
19866,1
19867,2
19868,0
19869,0
19870,1
19871,2
19872,2
19873,1
19874,1
19875,1
19876,1
19877,1
19878,2
19879,0
19880,1
19881,2
19882,1
19883,1
19884,2
19885,2
19886,2
19887,0
19888,1
19889,0
19890,2
19891,2
19892,2
19893,2
19894,1
19895,1
19896,2
19897,1
19898,2
19899,0
19900,1
19901,2
19902,2
19903,2
19904,1
19905,1
19906,2
19907,1
19908,2
19909,0
19910,2
19911,1
19912,1
19913,1
19914,2
19915,2
19916,0
19917,2
19918,1
19919,1
19920,2
19921,1
19922,2
19923,0
19924,0
19925,0
19926,1
19927,0
19928,1
19929,2
19930,2
19931,1
19932,1
19933,1
19934,1
19935,0
19936,0
19937,1
19938,1
19939,1
19940,1
19941,1
19942,1
19943,1
19944,2
19945,1
19946,1
19947,0
19948,1
19949,2
19950,2
19951,1
19952,2
19953,1
19954,2
19955,2
19956,2
19957,1
19958,0
19959,2
19960,1
19961,0
19962,2
19963,0
19964,1
19965,2
19966,2
19967,1
19968,2
19969,1
19970,2
19971,1
19972,2
19973,1
19974,1
19975,1
19976,2
19977,1
19978,1
19979,2
19980,1
19981,2
19982,0
19983,2
19984,2
19985,2
19986,1
19987,0
19988,1
19989,1
19990,1
19991,2
19992,1
19993,2
19994,1
19995,2
19996,2
19997,2
19998,2
19999,1
20000,0
20001,0
20002,1
20003,2
20004,2
20005,1
20006,2
20007,1
20008,2
20009,1
20010,1
20011,1
20012,1
20013,1
20014,1
20015,2
20016,2
20017,1
20018,1
20019,2
20020,1
20021,1
20022,2
20023,2
20024,2
20025,0
20026,2
20027,0
20028,0
20029,1
20030,2
20031,2
20032,2
20033,0
20034,1
20035,2
20036,0
20037,1
20038,1
20039,0
20040,2
20041,2
20042,2
20043,2
20044,2
20045,2
20046,1
20047,1
20048,1
20049,2
20050,2
20051,2
20052,2
20053,1
20054,0
20055,1
20056,1
20057,1
20058,2
20059,2
20060,2
20061,1
20062,2
20063,2
20064,1
20065,1
20066,1
20067,0
20068,2
20069,1
20070,1
20071,1
20072,2
20073,2
20074,2
20075,1
20076,1
20077,2
20078,1
20079,1
20080,1
20081,1
20082,2
20083,1
20084,2
20085,1
20086,2
20087,1
20088,1
20089,0
20090,1
20091,1
20092,1
20093,2
20094,2
20095,1
20096,2
20097,2
20098,2
20099,1
20100,0
20101,2
20102,0
20103,1
20104,1
20105,2
20106,2
20107,2
20108,2
20109,2
20110,1
20111,1
20112,2
20113,1
20114,2
20115,2
20116,0
20117,2
20118,1
20119,2
20120,1
20121,2
20122,1
20123,1
20124,0
20125,2
20126,2
20127,2
20128,0
20129,1
20130,2
20131,1
20132,1
20133,0
20134,2
20135,1
20136,2
20137,1
20138,2
20139,1
20140,2
20141,1
20142,1
20143,1
20144,2
20145,2
20146,2
20147,2
20148,2
20149,2
20150,2
20151,2
20152,2
20153,2
20154,2
20155,2
20156,1
20157,2
20158,0
20159,2
20160,1
20161,1
20162,2
20163,0
20164,0
20165,1
20166,2
20167,0
20168,1
20169,1
20170,1
20171,1
20172,2
20173,1
20174,1
20175,1
20176,2
20177,1
20178,1
20179,2
20180,1
20181,2
20182,0
20183,1
20184,2
20185,1
20186,1
20187,1
20188,1
20189,1
20190,1
20191,1
20192,1
20193,1
20194,2
20195,2
20196,0
20197,2
20198,1
20199,0
20200,2
20201,2
20202,2
20203,2
20204,2
20205,1
20206,2
20207,1
20208,1
20209,1
20210,2
20211,2
20212,0
20213,0
20214,2
20215,0
20216,1
20217,0
20218,2
20219,1
20220,2
20221,2
20222,2
20223,1
20224,1
20225,1
20226,1
20227,2
20228,2
20229,2
20230,1
20231,1
20232,1
20233,1
20234,0
20235,1
20236,0
20237,1
20238,1
20239,0
20240,2
20241,2
20242,2
20243,1
20244,2
20245,0
20246,1
20247,0
20248,2
20249,1
20250,2
20251,1
20252,0
20253,0
20254,1
20255,1
20256,2
20257,2
20258,1
20259,2
20260,2
20261,2
20262,2
20263,2
20264,1
20265,1
20266,0
20267,1
20268,1
20269,1
20270,1
20271,1
20272,1
20273,1
20274,1
20275,2
20276,0
20277,2
20278,2
20279,1
20280,1
20281,1
20282,2
20283,2
20284,1
20285,1
20286,0
20287,1
20288,0
20289,1
20290,1
20291,1
20292,1
20293,0
20294,2
20295,2
20296,1
20297,2
20298,1
20299,2
20300,2
20301,1
20302,1
20303,2
20304,1
20305,1
20306,1
20307,2
20308,2
20309,1
20310,1
20311,2
20312,1
20313,2
20314,2
20315,0
20316,1
20317,2
20318,1
20319,2
20320,0
20321,2
20322,1
20323,1
20324,1
20325,1
20326,2
20327,2
20328,0
20329,0
20330,0
20331,2
20332,1
20333,2
20334,0
20335,2
20336,1
20337,2
20338,1
20339,2
20340,1
20341,2
20342,1
20343,2
20344,2
20345,0
20346,2
20347,2
20348,1
20349,1
20350,2
20351,1
20352,2
20353,1
20354,2
20355,2
20356,2
20357,1
20358,2
20359,0
20360,1
20361,2
20362,2
20363,1
20364,1
20365,2
20366,1
20367,1
20368,1
20369,1
20370,2
20371,0
20372,2
20373,2
20374,2
20375,2
20376,0
20377,2
20378,2
20379,2
20380,2
20381,1
20382,1
20383,1
20384,2
20385,0
20386,1
20387,2
20388,1
20389,2
20390,2
20391,0
20392,1
20393,2
20394,1
20395,0
20396,1
20397,0
20398,1
20399,1
20400,1
20401,0
20402,1
20403,1
20404,1
20405,2
20406,1
20407,1
20408,2
20409,1
20410,0
20411,2
20412,1
20413,1
20414,1
20415,0
20416,2
20417,1
20418,0
20419,0
20420,1
20421,1
20422,1
20423,1
20424,2
20425,2
20426,1
20427,2
20428,2
20429,2
20430,0
20431,2
20432,2
20433,0
20434,0
20435,1
20436,1
20437,2
20438,2
20439,1
20440,2
20441,0
20442,0
20443,0
20444,2
20445,0
20446,2
20447,0
20448,0
20449,2
20450,2
20451,2
20452,2
20453,2
20454,0
20455,2
20456,1
20457,1
20458,1
20459,2
20460,1
20461,1
20462,0
20463,2
20464,2
20465,0
20466,1
20467,1
20468,1
20469,2
20470,1
20471,1
20472,2
20473,1
20474,0
20475,0
20476,1
20477,1
20478,1
20479,1
20480,0
20481,1
20482,2
20483,0
20484,2
20485,1
20486,0
20487,0
20488,1
20489,1
20490,1
20491,2
20492,1
20493,1
20494,2
20495,2
20496,2
20497,1
20498,2
20499,1
20500,1
20501,0
20502,2
20503,2
20504,2
20505,0
20506,1
20507,0
20508,2
20509,2
20510,2
20511,1
20512,1
20513,2
20514,2
20515,2
20516,2
20517,1
20518,2
20519,1
20520,0
20521,2
20522,1
20523,2
20524,1
20525,1
20526,2
20527,2
20528,1
20529,2
20530,1
20531,2
20532,2
20533,1
20534,0
20535,1
20536,2
20537,2
20538,1
20539,0
20540,2
20541,1
20542,1
20543,2
20544,2
20545,1
20546,2
20547,1
20548,2
20549,2
20550,0
20551,1
20552,1
20553,1
20554,2
20555,1
20556,2
20557,1
20558,1
20559,1
20560,2
20561,2
20562,2
20563,2
20564,1
20565,1
20566,2
20567,2
20568,1
20569,1
20570,2
20571,1
20572,0
20573,1
20574,1
20575,1
20576,0
20577,1
20578,2
20579,2
20580,2
20581,1
20582,1
20583,1
20584,2
20585,1
20586,0
20587,1
20588,2
20589,1
20590,1
20591,1
20592,2
20593,1
20594,2
20595,1
20596,2
20597,0
20598,2
20599,2
20600,1
20601,1
20602,1
20603,1
20604,2
20605,1
20606,1
20607,2
20608,2
20609,0
20610,1
20611,2
20612,1
20613,2
20614,2
20615,2
20616,1
20617,1
20618,1
20619,1
20620,1
20621,2
20622,2
20623,1
20624,1
20625,2
20626,0
20627,1
20628,1
20629,0
20630,0
20631,1
20632,1
20633,1
20634,1
20635,1
20636,2
20637,0
20638,2
20639,2
20640,0
20641,0
20642,1
20643,2
20644,2
20645,1
20646,1
20647,1
20648,2
20649,2
20650,1
20651,1
20652,2
20653,1
20654,2
20655,0
20656,2
20657,1
20658,2
20659,1
20660,0
20661,2
20662,1
20663,2
20664,2
20665,2
20666,1
20667,2
20668,2
20669,2
20670,2
20671,1
20672,2
20673,1
20674,2
20675,2
20676,0
20677,1
20678,2
20679,2
20680,0
20681,1
20682,1
20683,1
20684,1
20685,1
20686,1
20687,1
20688,2
20689,2
20690,1
20691,1
20692,1
20693,0
20694,0
20695,2
20696,1
20697,2
20698,1
20699,2
20700,2
20701,1
20702,1
20703,1
20704,2
20705,0
20706,2
20707,2
20708,0
20709,2
20710,1
20711,0
20712,2
20713,1
20714,0
20715,1
20716,0
20717,2
20718,2
20719,0
20720,1
20721,1
20722,1
20723,2
20724,0
20725,2
20726,1
20727,1
20728,2
20729,2
20730,2
20731,2
20732,2
20733,2
20734,1
20735,2
20736,1
20737,1
20738,2
20739,2
20740,2
20741,1
20742,2
20743,2
20744,2
20745,1
20746,1
20747,0
20748,1
20749,1
20750,1
20751,1
20752,1
20753,1
20754,2
20755,1
20756,1
20757,1
20758,2
20759,1
20760,1
20761,2
20762,2
20763,2
20764,2
20765,1
20766,2
20767,0
20768,1
20769,1
20770,2
20771,2
20772,1
20773,2
20774,1
20775,2
20776,2
20777,1
20778,2
20779,2
20780,1
20781,1
20782,2
20783,2
20784,1
20785,1
20786,1
20787,1
20788,2
20789,2
20790,1
20791,0
20792,2
20793,1
20794,1
20795,2
20796,2
20797,1
20798,2
20799,1
20800,1
20801,1
20802,1
20803,2
20804,1
20805,1
20806,1
20807,0
20808,1
20809,0
20810,0
20811,1
20812,1
20813,1
20814,1
20815,1
20816,1
20817,1
20818,2
20819,1
20820,2
20821,2
20822,2
20823,1
20824,0
20825,0
20826,2
20827,2
20828,1
20829,1
20830,1
20831,1
20832,2
20833,1
20834,1
20835,0
20836,1
20837,2
20838,1
20839,1
20840,1
20841,2
20842,0
20843,2
20844,2
20845,2
20846,2
20847,2
20848,0
20849,1
20850,0
20851,2
20852,2
20853,1
20854,0
20855,1
20856,1
20857,1
20858,2
20859,1
20860,0
20861,2
20862,2
20863,2
20864,2
20865,2
20866,2
20867,0
20868,2
20869,1
20870,2
20871,1
20872,1
20873,1
20874,2
20875,1
20876,2
20877,1
20878,2
20879,2
20880,1
20881,0
20882,1
20883,2
20884,2
20885,2
20886,1
20887,2
20888,2
20889,1
20890,2
20891,2
20892,2
20893,1
20894,1
20895,2
20896,2
20897,2
20898,0
20899,2
20900,2
20901,2
20902,1
20903,1
20904,2
20905,1
20906,1
20907,1
20908,1
20909,2
20910,2
20911,1
20912,1
20913,1
20914,0
20915,1
20916,2
20917,1
20918,2
20919,0
20920,1
20921,1
20922,1
20923,1
20924,2
20925,2
20926,2
20927,2
20928,1
20929,2
20930,0
20931,1
20932,2
20933,2
20934,2
20935,1
20936,1
20937,1
20938,1
20939,1
20940,1
20941,1
20942,1
20943,2
20944,2
20945,2
20946,1
20947,2
20948,2
20949,2
20950,0
20951,2
20952,2
20953,2
20954,1
20955,1
20956,2
20957,2
20958,2
20959,2
20960,1
20961,2
20962,2
20963,2
20964,2
20965,1
20966,1
20967,1
20968,1
20969,2
20970,1
20971,1
20972,1
20973,2
20974,1
20975,1
20976,2
20977,2
20978,2
20979,1
20980,1
20981,1
20982,1
20983,0
20984,1
20985,1
20986,2
20987,1
20988,2
20989,2
20990,0
20991,1
20992,1
20993,2
20994,0
20995,1
20996,2
20997,1
20998,1
20999,0
21000,2
21001,1
21002,2
21003,2
21004,1
21005,1
21006,2
21007,1
21008,0
21009,1
21010,2
21011,2
21012,1
21013,2
21014,2
21015,1
21016,1
21017,2
21018,2
21019,2
21020,1
21021,2
21022,1
21023,2
21024,2
21025,1
21026,2
21027,1
21028,1
21029,1
21030,2
21031,1
21032,2
21033,1
21034,2
21035,1
21036,2
21037,1
21038,1
21039,2
21040,2
21041,2
21042,0
21043,2
21044,1
21045,1
21046,1
21047,1
21048,0
21049,2
21050,1
21051,1
21052,0
21053,1
21054,1
21055,2
21056,2
21057,2
21058,2
21059,2
21060,1
21061,1
21062,2
21063,2
21064,1
21065,2
21066,1
21067,2
21068,2
21069,2
21070,1
21071,1
21072,1
21073,2
21074,2
21075,1
21076,2
21077,1
21078,1
21079,1
21080,1
21081,1
21082,1
21083,0
21084,1
21085,1
21086,1
21087,2
21088,1
21089,2
21090,1
21091,2
21092,2
21093,1
21094,1
21095,1
21096,2
21097,2
21098,2
21099,2
21100,1
21101,1
21102,2
21103,1
21104,0
21105,2
21106,1
21107,2
21108,0
21109,0
21110,1
21111,2
21112,1
21113,1
21114,1
21115,1
21116,2
21117,1
21118,2
21119,2
21120,2
21121,0
21122,1
21123,1
21124,1
21125,0
21126,2
21127,1
21128,1
21129,0
21130,2
21131,2
21132,1
21133,1
21134,1
21135,2
21136,2
21137,1
21138,2
21139,1
21140,2
21141,1
21142,1
21143,2
21144,1
21145,1
21146,2
21147,1
21148,2
21149,2
21150,2
21151,2
21152,2
21153,1
21154,2
21155,1
21156,1
21157,2
21158,2
21159,2
21160,0
21161,0
21162,2
21163,1
21164,1
21165,0
21166,2
21167,2
21168,2
21169,2
21170,2
21171,2
21172,1
21173,1
21174,1
21175,1
21176,2
21177,1
21178,2
21179,2
21180,1
21181,2
21182,2
21183,2
21184,2
21185,0
21186,0
21187,2
21188,2
21189,1
21190,0
21191,2
21192,2
21193,2
21194,0
21195,1
21196,2
21197,2
21198,2
21199,2
21200,2
21201,1
21202,1
21203,2
21204,1
21205,2
21206,2
21207,1
21208,1
21209,2
21210,2
21211,2
21212,2
21213,1
21214,0
21215,2
21216,2
21217,2
21218,2
21219,0
21220,1
21221,2
21222,0
21223,1
21224,1
21225,1
21226,2
21227,2
21228,1
21229,2
21230,2
21231,0
21232,2
21233,0
21234,2
21235,2
21236,1
21237,1
21238,2
21239,2
21240,0
21241,2
21242,2
21243,1
21244,0
21245,1
21246,2
21247,1
21248,1
21249,2
21250,2
21251,0
21252,1
21253,1
21254,0
21255,1
21256,1
21257,0
21258,2
21259,2
21260,1
21261,1
21262,2
21263,2
21264,2
21265,1
21266,2
21267,2
21268,0
21269,1
21270,1
21271,2
21272,1
21273,1
21274,2
21275,2
21276,1
21277,2
21278,0
21279,1
21280,1
21281,2
21282,2
21283,2
21284,2
21285,2
21286,2
21287,0
21288,2
21289,0
21290,0
21291,2
21292,0
21293,1
21294,1
21295,1
21296,1
21297,2
21298,1
21299,1
21300,1
21301,2
21302,1
21303,1
21304,1
21305,2
21306,2
21307,2
21308,1
21309,1
21310,1
21311,0
21312,1
21313,1
21314,2
21315,2
21316,2
21317,0
21318,2
21319,1
21320,1
21321,2
21322,2
21323,1
21324,2
21325,1
21326,2
21327,2
21328,2
21329,1
21330,2
21331,2
21332,2
21333,1
21334,1
21335,1
21336,2
21337,2
21338,1
21339,1
21340,2
21341,1
21342,2
21343,1
21344,1
21345,2
21346,1
21347,0
21348,2
21349,2
21350,2
21351,0
21352,2
21353,1
21354,0
21355,1
21356,2
21357,2
21358,1
21359,0
21360,2
21361,2
21362,2
21363,1
21364,2
21365,1
21366,1
21367,2
21368,2
21369,1
21370,0
21371,1
21372,1
21373,1
21374,1
21375,2
21376,2
21377,2
21378,1
21379,2
21380,1
21381,1
21382,1
21383,1
21384,0
21385,1
21386,1
21387,2
21388,1
21389,0
21390,2
21391,1
21392,0
21393,1
21394,1
21395,0
21396,2
21397,1
21398,1
21399,1
21400,1
21401,1
21402,1
21403,0
21404,1
21405,1
21406,0
21407,1
21408,2
21409,1
21410,0
21411,2
21412,1
21413,1
21414,2
21415,2
21416,2
21417,1
21418,0
21419,2
21420,2
21421,2
21422,2
21423,1
21424,2
21425,2
21426,2
21427,1
21428,1
21429,0
21430,2
21431,2
21432,1
21433,1
21434,2
21435,0
21436,2
21437,2
21438,2
21439,1
21440,2
21441,0
21442,2
21443,2
21444,2
21445,2
21446,1
21447,2
21448,2
21449,2
21450,2
21451,1
21452,2
21453,2
21454,1
21455,1
21456,2
21457,2
21458,1
21459,1
21460,1
21461,1
21462,1
21463,1
21464,2
21465,2
21466,1
21467,0
21468,1
21469,1
21470,1
21471,2
21472,0
21473,2
21474,0
21475,0
21476,2
21477,1
21478,2
21479,1
21480,1
21481,1
21482,2
21483,2
21484,1
21485,2
21486,2
21487,1
21488,2
21489,0
21490,0
21491,1
21492,2
21493,2
21494,1
21495,1
21496,0
21497,1
21498,2
21499,1
21500,2
21501,0
21502,2
21503,1
21504,1
21505,2
21506,1
21507,0
21508,1
21509,2
21510,2
21511,1
21512,1
21513,0
21514,1
21515,0
21516,2
21517,1
21518,2
21519,2
21520,1
21521,1
21522,2
21523,1
21524,2
21525,2
21526,2
21527,2
21528,2
21529,2
21530,1
21531,0
21532,2
21533,2
21534,2
21535,2
21536,2
21537,0
21538,2
21539,2
21540,0
21541,2
21542,0
21543,1
21544,1
21545,1
21546,1
21547,1
21548,1
21549,1
21550,2
21551,1
21552,1
21553,2
21554,1
21555,1
21556,1
21557,1
21558,1
21559,2
21560,1
21561,2
21562,1
21563,2
21564,2
21565,2
21566,0
21567,1
21568,2
21569,1
21570,0
21571,1
21572,2
21573,1
21574,2
21575,1
21576,2
21577,1
21578,1
21579,1
21580,2
21581,1
21582,2
21583,0
21584,1
21585,1
21586,2
21587,0
21588,2
21589,2
21590,1
21591,1
21592,2
21593,2
21594,1
21595,1
21596,2
21597,1
21598,0
21599,1
21600,2
21601,2
21602,1
21603,1
21604,0
21605,0
21606,1
21607,1
21608,2
21609,0
21610,1
21611,1
21612,1
21613,1
21614,1
21615,2
21616,2
21617,1
21618,2
21619,2
21620,2
21621,2
21622,2
21623,1
21624,2
21625,0
21626,2
21627,2
21628,1
21629,2
21630,1
21631,1
21632,1
21633,1
21634,1
21635,2
21636,1
21637,2
21638,0
21639,1
21640,1
21641,0
21642,2
21643,1
21644,0
21645,1
21646,1
21647,1
21648,1
21649,2
21650,2
21651,0
21652,1
21653,1
21654,2
21655,2
21656,2
21657,1
21658,1
21659,2
21660,2
21661,2
21662,2
21663,1
21664,1
21665,1
21666,1
21667,0
21668,0
21669,1
21670,2
21671,2
21672,2
21673,2
21674,1
21675,1
21676,2
21677,1
21678,1
21679,1
21680,1
21681,1
21682,1
21683,1
21684,1
21685,1
21686,1
21687,2
21688,1
21689,1
21690,2
21691,1
21692,0
21693,2
21694,1
21695,1
21696,1
21697,1
21698,2
21699,2
21700,1
21701,1
21702,1
21703,2
21704,1
21705,1
21706,2
21707,1
21708,1
21709,1
21710,1
21711,1
21712,1
21713,1
21714,1
21715,2
21716,1
21717,2
21718,1
21719,2
21720,0
21721,2
21722,1
21723,2
21724,1
21725,2
21726,1
21727,2
21728,2
21729,0
21730,0
21731,2
21732,1
21733,1
21734,1
21735,1
21736,0
21737,2
21738,1
21739,1
21740,2
21741,2
21742,1
21743,1
21744,1
21745,2
21746,2
21747,1
21748,1
21749,1
21750,1
21751,2
21752,1
21753,2
21754,2
21755,2
21756,2
21757,2
21758,1
21759,1
21760,1
21761,1
21762,2
21763,2
21764,1
21765,1
21766,1
21767,2
21768,2
21769,0
21770,1
21771,1
21772,1
21773,2
21774,1
21775,1
21776,1
21777,1
21778,2
21779,1
21780,2
21781,1
21782,1
21783,1
21784,2
21785,2
21786,2
21787,2
21788,2
21789,1
21790,0
21791,2
21792,2
21793,2
21794,1
21795,1
21796,1
21797,0
21798,1
21799,1
21800,2
21801,1
21802,2
21803,0
21804,0
21805,1
21806,1
21807,1
21808,2
21809,1
21810,1
21811,2
21812,1
21813,2
21814,2
21815,2
21816,1
21817,2
21818,0
21819,0
21820,1
21821,2
21822,2
21823,1
21824,0
21825,2
21826,2
21827,1
21828,2
21829,2
21830,2
21831,2
21832,1
21833,2
21834,1
21835,1
21836,2
21837,1
21838,0
21839,2
21840,0
21841,1
21842,2
21843,1
21844,2
21845,2
21846,2
21847,0
21848,2
21849,1
21850,2
21851,0
21852,1
21853,2
21854,2
21855,2
21856,2
21857,2
21858,2
21859,2
21860,0
21861,1
21862,0
21863,2
21864,2
21865,2
21866,1
21867,1
21868,2
21869,2
21870,1
21871,1
21872,1
21873,2
21874,1
21875,1
21876,2
21877,0
21878,1
21879,2
21880,2
21881,1
21882,1
21883,2
21884,1
21885,2
21886,2
21887,2
21888,1
21889,2
21890,1
21891,0
21892,2
21893,1
21894,2
21895,2
21896,1
21897,2
21898,1
21899,1
21900,1
21901,1
21902,2
21903,2
21904,1
21905,2
21906,1
21907,2
21908,2
21909,1
21910,1
21911,0
21912,0
21913,2
21914,2
21915,2
21916,1
21917,1
21918,1
21919,0
21920,1
21921,1
21922,2
21923,1
21924,1
21925,2
21926,2
21927,1
21928,1
21929,0
21930,1
21931,1
21932,1
21933,2
21934,1
21935,1
21936,0
21937,1
21938,1
21939,2
21940,2
21941,1
21942,1
21943,1
21944,2
21945,2
21946,1
21947,0
21948,2
21949,1
21950,2
21951,1
21952,2
21953,1
21954,1
21955,1
21956,2
21957,1
21958,1
21959,2
21960,1
21961,1
21962,2
21963,0
21964,2
21965,1
21966,2
21967,2
21968,2
21969,1
21970,2
21971,2
21972,0
21973,1
21974,1
21975,2
21976,1
21977,1
21978,2
21979,2
21980,1
21981,1
21982,1
21983,1
21984,2
21985,0
21986,1
21987,2
21988,0
21989,1
21990,2
21991,2
21992,1
21993,1
21994,0
21995,2
21996,1
21997,2
21998,2
21999,2
22000,2
22001,2
22002,0
22003,2
22004,1
22005,1
22006,2
22007,1
22008,1
22009,1
22010,2
22011,2
22012,1
22013,1
22014,0
22015,0
22016,1
22017,1
22018,2
22019,2
22020,1
22021,1
22022,2
22023,1
22024,2
22025,2
22026,1
22027,1
22028,0
22029,2
22030,1
22031,2
22032,1
22033,2
22034,1
22035,1
22036,2
22037,2
22038,2
22039,1
22040,1
22041,1
22042,1
22043,2
22044,2
22045,1
22046,0
22047,0
22048,2
22049,2
22050,1
22051,1
22052,1
22053,2
22054,2
22055,1
22056,2
22057,1
22058,2
22059,2
22060,2
22061,1
22062,1
22063,2
22064,2
22065,2
22066,2
22067,1
22068,0
22069,1
22070,1
22071,1
22072,2
22073,1
22074,0
22075,1
22076,1
22077,1
22078,1
22079,1
22080,1
22081,2
22082,2
22083,2
22084,1
22085,2
22086,1
22087,1
22088,1
22089,2
22090,1
22091,1
22092,2
22093,1
22094,2
22095,1
22096,1
22097,1
22098,2
22099,2
22100,2
22101,1
22102,1
22103,1
22104,1
22105,2
22106,1
22107,2
22108,2
22109,2
22110,1
22111,2
22112,0
22113,1
22114,0
22115,0
22116,2
22117,2
22118,1
22119,2
22120,1
22121,1
22122,1
22123,0
22124,1
22125,1
22126,2
22127,2
22128,2
22129,1
22130,2
22131,2
22132,1
22133,2
22134,2
22135,2
22136,2
22137,2
22138,2
22139,2
22140,0
22141,0
22142,2
22143,2
22144,1
22145,2
22146,1
22147,0
22148,2
22149,2
22150,1
22151,2
22152,1
22153,1
22154,1
22155,1
22156,1
22157,0
22158,1
22159,2
22160,0
22161,2
22162,1
22163,1
22164,2
22165,1
22166,0
22167,1
22168,1
22169,0
22170,2
22171,2
22172,2
22173,1
22174,1
22175,2
22176,1
22177,1
22178,1
22179,1
22180,1
22181,2
22182,1
22183,1
22184,2
22185,2
22186,1
22187,1
22188,2
22189,2
22190,1
22191,2
22192,0
22193,2
22194,2
22195,0
22196,1
22197,1
22198,1
22199,1
22200,0
22201,1
22202,1
22203,2
22204,2
22205,2
22206,1
22207,1
22208,2
22209,0
22210,1
22211,2
22212,2
22213,1
22214,2
22215,1
22216,2
22217,0
22218,0
22219,2
22220,2
22221,1
22222,1
22223,2
22224,1
22225,2
22226,1
22227,1
22228,2
22229,1
22230,1
22231,2
22232,1
22233,1
22234,2
22235,1
22236,1
22237,2
22238,2
22239,2
22240,2
22241,1
22242,1
22243,0
22244,2
22245,2
22246,2
22247,1
22248,2
22249,1
22250,1
22251,1
22252,1
22253,0
22254,1
22255,1
22256,2
22257,1
22258,2
22259,2
22260,1
22261,1
22262,1
22263,1
22264,1
22265,2
22266,1
22267,2
22268,2
22269,1
22270,0
22271,2
22272,1
22273,1
22274,2
22275,2
22276,1
22277,1
22278,1
22279,2
22280,2
22281,1
22282,2
22283,1
22284,1
22285,2
22286,1
22287,0
22288,1
22289,2
22290,2
22291,0
22292,2
22293,1
22294,1
22295,0
22296,1
22297,2
22298,2
22299,2
22300,1
22301,2
22302,2
22303,1
22304,2
22305,2
22306,1
22307,1
22308,1
22309,2
22310,2
22311,0
22312,2
22313,1
22314,1
22315,2
22316,1
22317,2
22318,2
22319,1
22320,1
22321,2
22322,2
22323,2
22324,2
22325,1
22326,1
22327,1
22328,0
22329,2
22330,2
22331,2
22332,2
22333,1
22334,0
22335,2
22336,2
22337,2
22338,1
22339,1
22340,2
22341,2
22342,0
22343,1
22344,1
22345,2
22346,1
22347,1
22348,1
22349,1
22350,2
22351,2
22352,2
22353,1
22354,1
22355,2
22356,1
22357,1
22358,2
22359,2
22360,2
22361,1
22362,1
22363,1
22364,2
22365,0
22366,1
22367,2
22368,2
22369,1
22370,1
22371,1
22372,2
22373,1
22374,1
22375,2
22376,2
22377,2
22378,2
22379,1
22380,2
22381,2
22382,2
22383,1
22384,2
22385,2
22386,1
22387,1
22388,1
22389,2
22390,1
22391,2
22392,2
22393,2
22394,1
22395,1
22396,0
22397,2
22398,1
22399,1
22400,1
22401,2
22402,2
22403,1
22404,1
22405,2
22406,1
22407,0
22408,2
22409,2
22410,2
22411,1
22412,1
22413,0
22414,1
22415,2
22416,1
22417,1
22418,2
22419,2
22420,1
22421,1
22422,1
22423,1
22424,2
22425,1
22426,2
22427,1
22428,1
22429,2
22430,1
22431,2
22432,1
22433,2
22434,0
22435,2
22436,2
22437,1
22438,1
22439,1
22440,2
22441,2
22442,2
22443,1
22444,0
22445,1
22446,1
22447,2
22448,1
22449,1
22450,1
22451,1
22452,0
22453,1
22454,1
22455,1
22456,0
22457,2
22458,1
22459,1
22460,2
22461,1
22462,2
22463,1
22464,1
22465,2
22466,1
22467,2
22468,2
22469,2
22470,2
22471,0
22472,2
22473,1
22474,1
22475,1
22476,2
22477,1
22478,1
22479,1
22480,1
22481,2
22482,1
22483,1
22484,2
22485,2
22486,2
22487,2
22488,1
22489,0
22490,1
22491,0
22492,2
22493,1
22494,0
22495,1
22496,2
22497,0
22498,2
22499,1
22500,0
22501,2
22502,1
22503,1
22504,2
22505,2
22506,0
22507,1
22508,2
22509,2
22510,1
22511,2
22512,1
22513,2
22514,1
22515,1
22516,1
22517,2
22518,2
22519,2
22520,2
22521,1
22522,2
22523,1
22524,1
22525,2
22526,2
22527,0
22528,1
22529,0
22530,2
22531,1
22532,1
22533,1
22534,2
22535,0
22536,1
22537,1
22538,2
22539,2
22540,0
22541,1
22542,2
22543,2
22544,1
22545,1
22546,1
22547,2
22548,1
22549,1
22550,2
22551,1
22552,2
22553,2
22554,2
22555,2
22556,0
22557,0
22558,2
22559,1
22560,1
22561,0
22562,1
22563,1
22564,0
22565,2
22566,2
22567,2
22568,2
22569,2
22570,1
22571,1
22572,1
22573,1
22574,0
22575,2
22576,1
22577,2
22578,2
22579,1
22580,2
22581,1
22582,1
22583,0
22584,2
22585,0
22586,0
22587,2
22588,1
22589,0
22590,1
22591,1
22592,1
22593,2
22594,2
22595,0
22596,1
22597,1
22598,2
22599,2
22600,1
22601,1
22602,2
22603,1
22604,2
22605,1
22606,1
22607,1
22608,2
22609,2
22610,1
22611,2
22612,2
22613,1
22614,1
22615,2
22616,1
22617,2
22618,0
22619,1
22620,2
22621,1
22622,1
22623,1
22624,0
22625,2
22626,2
22627,2
22628,1
22629,2
22630,2
22631,1
22632,1
22633,2
22634,2
22635,1
22636,1
22637,1
22638,2
22639,1
22640,1
22641,2
22642,2
22643,0
22644,0
22645,2
22646,2
22647,2
22648,2
22649,0
22650,1
22651,1
22652,1
22653,2
22654,1
22655,0
22656,0
22657,1
22658,0
22659,2
22660,1
22661,1
22662,1
22663,1
22664,2
22665,2
22666,1
22667,2
22668,1
22669,1
22670,2
22671,1
22672,2
22673,0
22674,0
22675,0
22676,1
22677,2
22678,2
22679,2
22680,1
22681,1
22682,0
22683,2
22684,0
22685,2
22686,1
22687,1
22688,1
22689,2
22690,2
22691,2
22692,2
22693,1
22694,2
22695,1
22696,2
22697,2
22698,2
22699,1
22700,1
22701,2
22702,1
22703,1
22704,2
22705,2
22706,1
22707,1
22708,1
22709,2
22710,0
22711,2
22712,1
22713,1
22714,0
22715,1
22716,1
22717,2
22718,0
22719,2
22720,1
22721,2
22722,1
22723,2
22724,1
22725,2
22726,1
22727,1
22728,2
22729,1
22730,2
22731,1
22732,2
22733,2
22734,2
22735,0
22736,2
22737,0
22738,2
22739,2
22740,2
22741,1
22742,2
22743,2
22744,1
22745,0
22746,1
22747,0
22748,0
22749,2
22750,1
22751,2
22752,1
22753,2
22754,2
22755,2
22756,0
22757,2
22758,0
22759,2
22760,1
22761,2
22762,1
22763,2
22764,0
22765,2
22766,1
22767,2
22768,1
22769,1
22770,2
22771,2
22772,2
22773,2
22774,1
22775,2
22776,1
22777,2
22778,2
22779,2
22780,1
22781,2
22782,1
22783,1
22784,2
22785,2
22786,2
22787,2
22788,1
22789,2
22790,2
22791,2
22792,2
22793,1
22794,0
22795,1
22796,0
22797,2
22798,2
22799,1
22800,1
22801,2
22802,1
22803,1
22804,1
22805,0
22806,1
22807,1
22808,2
22809,1
22810,2
22811,2
22812,2
22813,1
22814,1
22815,1
22816,1
22817,1
22818,1
22819,2
22820,1
22821,0
22822,2
22823,1
22824,2
22825,2
22826,1
22827,2
22828,2
22829,2
22830,1
22831,1
22832,2
22833,1
22834,1
22835,0
22836,2
22837,0
22838,1
22839,1
22840,1
22841,2
22842,1
22843,2
22844,0
22845,2
22846,0
22847,2
22848,1
22849,2
22850,2
22851,1
22852,2
22853,2
22854,1
22855,0
22856,1
22857,1
22858,2
22859,1
22860,0
22861,1
22862,2
22863,1
22864,2
22865,0
22866,0
22867,0
22868,0
22869,1
22870,1
22871,1
22872,2
22873,1
22874,1
22875,2
22876,2
22877,2
22878,0
22879,1
22880,1
22881,2
22882,0
22883,2
22884,2
22885,2
22886,2
22887,1
22888,2
22889,0
22890,1
22891,1
22892,0
22893,1
22894,2
22895,2
22896,0
22897,0
22898,2
22899,1
22900,1
22901,2
22902,2
22903,2
22904,0
22905,2
22906,2
22907,1
22908,2
22909,1
22910,1
22911,1
22912,2
22913,1
22914,2
22915,1
22916,1
22917,0
22918,1
22919,1
22920,1
22921,0
22922,2
22923,2
22924,2
22925,1
22926,2
22927,2
22928,0
22929,1
22930,0
22931,1
22932,1
22933,2
22934,1
22935,2
22936,2
22937,2
22938,2
22939,1
22940,1
22941,1
22942,1
22943,1
22944,0
22945,1
22946,1
22947,2
22948,1
22949,1
22950,2
22951,1
22952,0
22953,1
22954,0
22955,1
22956,0
22957,2
22958,2
22959,2
22960,2
22961,1
22962,2
22963,2
22964,1
22965,1
22966,1
22967,0
22968,1
22969,1
22970,1
22971,2
22972,1
22973,2
22974,0
22975,2
22976,2
22977,1
22978,2
22979,1
22980,1
22981,1
22982,1
22983,2
22984,1
22985,0
22986,2
22987,1
22988,1
22989,2
22990,1
22991,1
22992,2
22993,1
22994,2
22995,2
22996,2
22997,1
22998,1
22999,1
23000,0
23001,2
23002,2
23003,1
23004,1
23005,1
23006,2
23007,2
23008,1
23009,1
23010,2
23011,0
23012,1
23013,0
23014,1
23015,2
23016,0
23017,1
23018,1
23019,1
23020,2
23021,2
23022,1
23023,1
23024,1
23025,2
23026,0
23027,0
23028,2
23029,1
23030,2
23031,2
23032,1
23033,1
23034,1
23035,2
23036,0
23037,1
23038,2
23039,2
23040,1
23041,2
23042,2
23043,1
23044,0
23045,2
23046,2
23047,1
23048,1
23049,2
23050,1
23051,2
23052,2
23053,1
23054,1
23055,1
23056,1
23057,2
23058,2
23059,0
23060,0
23061,2
23062,2
23063,1
23064,2
23065,0
23066,1
23067,0
23068,1
23069,2
23070,2
23071,2
23072,0
23073,1
23074,1
23075,1
23076,2
23077,2
23078,0
23079,2
23080,1
23081,1
23082,1
23083,1
23084,1
23085,1
23086,1
23087,1
23088,1
23089,2
23090,0
23091,2
23092,2
23093,1
23094,2
23095,2
23096,1
23097,0
23098,2
23099,1
23100,1
23101,2
23102,2
23103,1
23104,2
23105,2
23106,2
23107,1
23108,1
23109,1
23110,2
23111,0
23112,2
23113,2
23114,0
23115,1
23116,2
23117,1
23118,0
23119,2
23120,1
23121,2
23122,2
23123,0
23124,1
23125,2
23126,2
23127,2
23128,1
23129,2
23130,1
23131,0
23132,2
23133,1
23134,1
23135,1
23136,2
23137,1
23138,1
23139,1
23140,2
23141,1
23142,1
23143,2
23144,0
23145,2
23146,1
23147,1
23148,1
23149,2
23150,2
23151,2
23152,2
23153,1
23154,1
23155,2
23156,2
23157,2
23158,2
23159,2
23160,1
23161,0
23162,1
23163,2
23164,2
23165,2
23166,0
23167,2
23168,2
23169,0
23170,2
23171,0
23172,1
23173,1
23174,0
23175,2
23176,1
23177,2
23178,2
23179,1
23180,2
23181,1
23182,0
23183,2
23184,1
23185,2
23186,2
23187,1
23188,0
23189,1
23190,1
23191,1
23192,2
23193,0
23194,0
23195,1
23196,0
23197,1
23198,0
23199,2
23200,1
23201,2
23202,1
23203,1
23204,2
23205,1
23206,1
23207,2
23208,1
23209,2
23210,2
23211,1
23212,2
23213,2
23214,2
23215,0
23216,1
23217,1
23218,1
23219,2
23220,1
23221,2
23222,0
23223,1
23224,0
23225,1
23226,1
23227,1
23228,1
23229,1
23230,2
23231,2
23232,0
23233,1
23234,1
23235,2
23236,1
23237,2
23238,2
23239,2
23240,1
23241,2
23242,0
23243,2
23244,1
23245,2
23246,2
23247,1
23248,1
23249,1
23250,2
23251,2
23252,1
23253,1
23254,1
23255,0
23256,2
23257,2
23258,1
23259,0
23260,1
23261,1
23262,2
23263,1
23264,1
23265,0
23266,1
23267,1
23268,2
23269,1
23270,0
23271,1
23272,2
23273,1
23274,0
23275,1
23276,2
23277,2
23278,2
23279,2
23280,1
23281,2
23282,2
23283,1
23284,1
23285,2
23286,2
23287,0
23288,2
23289,1
23290,0
23291,1
23292,2
23293,2
23294,1
23295,0
23296,2
23297,2
23298,2
23299,2
23300,1
23301,1
23302,1
23303,2
23304,1
23305,1
23306,2
23307,0
23308,1
23309,1
23310,0
23311,1
23312,2
23313,0
23314,0
23315,1
23316,1
23317,2
23318,0
23319,2
23320,2
23321,1
23322,2
23323,0
23324,2
23325,2
23326,2
23327,1
23328,2
23329,1
23330,1
23331,0
23332,2
23333,1
23334,2
23335,1
23336,2
23337,1
23338,2
23339,0
23340,1
23341,0
23342,1
23343,1
23344,1
23345,1
23346,2
23347,0
23348,1
23349,2
23350,2
23351,2
23352,1
23353,0
23354,1
23355,2
23356,2
23357,1
23358,2
23359,2
23360,1
23361,1
23362,2
23363,2
23364,2
23365,1
23366,2
23367,2
23368,2
23369,2
23370,0
23371,2
23372,1
23373,1
23374,2
23375,1
23376,0
23377,2
23378,2
23379,2
23380,1
23381,0
23382,2
23383,2
23384,2
23385,2
23386,0
23387,2
23388,1
23389,0
23390,1
23391,2
23392,2
23393,2
23394,1
23395,2
23396,1
23397,2
23398,2
23399,2
23400,1
23401,1
23402,1
23403,1
23404,1
23405,1
23406,0
23407,1
23408,1
23409,1
23410,2
23411,2
23412,2
23413,1
23414,1
23415,2
23416,2
23417,1
23418,2
23419,2
23420,1
23421,2
23422,2
23423,1
23424,2
23425,0
23426,2
23427,0
23428,2
23429,2
23430,2
23431,2
23432,1
23433,2
23434,2
23435,1
23436,0
23437,2
23438,2
23439,2
23440,1
23441,1
23442,2
23443,2
23444,2
23445,1
23446,2
23447,1
23448,1
23449,0
23450,1
23451,0
23452,1
23453,2
23454,2
23455,2
23456,2
23457,2
23458,1
23459,2
23460,1
23461,1
23462,2
23463,2
23464,1
23465,1
23466,2
23467,2
23468,2
23469,2
23470,1
23471,1
23472,2
23473,2
23474,1
23475,2
23476,2
23477,2
23478,1
