index,cluster
0,1
1,2
2,2
3,1
4,2
5,0
6,1
7,0
8,2
9,2
10,0
11,0
12,0
13,1
14,2
15,1
16,0
17,0
18,2
19,1
20,0
21,1
22,0
23,1
24,1
25,2
26,0
27,1
28,1
29,2
30,1
31,2
32,0
33,2
34,1
35,1
36,1
37,0
38,2
39,1
40,2
41,0
42,2
43,0
44,2
45,2
46,0
47,1
48,1
49,0
50,2
51,2
52,1
53,1
54,2
55,0
56,2
57,1
58,2
59,1
60,2
61,1
62,1
63,2
64,0
65,0
66,1
67,0
68,1
69,0
70,2
71,2
72,2
73,0
74,1
75,0
76,0
77,2
78,1
79,1
80,1
81,0
82,1
83,1
84,0
85,1
86,2
87,2
88,2
89,2
90,1
91,0
92,2
93,0
94,1
95,1
96,0
97,2
98,0
99,0
100,0
101,2
102,0
103,0
104,1
105,1
106,0
107,1
108,1
109,0
110,2
111,0
112,0
113,2
114,0
115,2
116,2
117,0
118,1
119,1
120,2
121,0
122,1
123,2
124,2
125,2
126,2
127,2
128,1
129,0
130,2
131,2
132,2
133,0
134,2
135,2
136,0
137,0
138,2
139,1
140,1
141,1
142,1
143,0
144,0
145,2
146,2
147,0
148,0
149,1
150,0
151,2
152,1
153,2
154,1
155,1
156,2
157,1
158,1
159,0
160,0
161,2
162,2
163,1
164,2
165,0
166,1
167,0
168,0
169,0
170,0
171,2
172,1
173,0
174,1
175,1
176,1
177,2
178,1
179,0
180,2
181,0
182,2
183,0
184,2
185,1
186,0
187,1
188,2
189,1
190,1
191,2
192,1
193,1
194,0
195,0
196,0
197,2
198,0
199,1
200,1
201,1
202,2
203,2
204,1
205,1
206,2
207,2
208,1
209,0
210,2
211,2
212,0
213,0
214,0
215,1
216,2
217,2
218,2
219,1
220,2
221,2
222,1
223,0
224,0
225,1
226,1
227,1
228,2
229,0
230,1
231,0
232,1
233,0
234,0
235,1
236,2
237,1
238,1
239,0
240,0
241,0
242,0
243,1
244,1
245,2
246,0
247,2
248,1
249,2
250,0
251,0
252,2
253,0
254,1
255,1
256,0
257,1
258,1
259,0
260,2
261,0
262,2
263,2
264,2
265,0
266,0
267,1
268,2
269,1
270,0
271,0
272,0
273,0
274,2
275,1
276,0
277,2
278,1
279,2
280,1
281,2
282,2
283,1
284,0
285,2
286,2
287,0
288,0
289,2
290,1
291,2
292,1
293,0
294,2
295,1
296,2
297,2
298,1
299,2
300,2
301,1
302,0
303,0
304,2
305,1
306,1
307,1
308,0
309,0
310,2
311,0
312,0
313,2
314,0
315,1
316,0
317,0
318,2
319,2
320,2
321,1
322,2
323,2
324,1
325,0
326,2
327,1
328,1
329,0
330,1
331,0
332,2
333,0
334,0
335,2
336,1
337,2
338,2
339,2
340,2
341,0
342,2
343,1
344,2
345,2
346,1
347,1
348,2
349,1
350,0
351,2
352,1
353,0
354,1
355,2
356,2
357,2
358,2
359,1
360,1
361,0
362,1
363,0
364,1
365,1
366,1
367,1
368,2
369,1
370,1
371,1
372,2
373,2
374,1
375,2
376,0
377,0
378,1
379,1
380,2
381,0
382,2
383,1
384,1
385,1
386,2
387,1
388,1
389,1
390,0
391,1
392,1
393,2
394,0
395,0
396,2
397,2
398,2
399,2
400,2
401,2
402,2
403,1
404,0
405,2
406,1
407,1
408,1
409,2
410,1
411,1
412,2
413,2
414,1
415,2
416,1
417,1
418,2
419,2
420,2
421,1
422,1
423,2
424,2
425,1
426,1
427,1
428,0
429,1
430,1
431,1
432,0
433,0
434,0
435,0
436,1
437,1
438,1
439,2
440,0
441,1
442,0
443,0
444,1
445,1
446,1
447,0
448,2
449,1
450,1
451,2
452,1
453,2
454,2
455,2
456,0
457,2
458,2
459,0
460,1
461,0
462,0
463,1
464,2
465,1
466,1
467,1
468,2
469,0
470,0
471,0
472,1
473,1
474,0
475,1
476,2
477,1
478,1
479,2
480,1
481,2
482,1
483,0
484,0
485,0
486,2
487,0
488,0
489,2
490,1
491,0
492,0
493,1
494,1
495,0
496,0
497,2
498,1
499,1
500,1
501,0
502,1
503,0
504,0
505,0
506,0
507,2
508,0
509,0
510,1
511,2
512,0
513,0
514,0
515,0
516,2
517,1
518,2
519,2
520,2
521,2
522,0
523,0
524,2
525,1
526,1
527,0
528,1
529,1
530,2
531,2
532,1
533,0
534,2
535,2
536,1
537,2
538,0
539,2
540,0
541,2
542,0
543,0
544,2
545,0
546,2
547,0
548,2
549,1
550,2
551,0
552,1
553,2
554,1
555,1
556,1
557,0
558,0
559,2
560,1
561,1
562,2
563,0
564,1
565,0
566,1
567,2
568,0
569,1
570,1
571,0
572,0
573,2
574,2
575,0
576,0
577,0
578,1
579,1
580,1
581,1
582,1
583,1
584,1
585,2
586,1
587,2
588,0
589,1
590,1
591,1
592,1
593,1
594,1
595,1
596,2
597,0
598,2
599,0
600,2
601,2
602,2
603,1
604,2
605,1
606,0
607,1
608,0
609,2
610,1
611,1
612,1
613,1
614,1
615,1
616,1
617,1
618,2
619,0
620,0
621,1
622,2
623,2
624,1
625,2
626,0
627,1
628,1
629,2
630,1
631,2
632,0
633,1
634,1
635,1
636,0
637,1
638,1
639,2
640,1
641,0
642,2
643,0
644,1
645,2
646,0
647,0
648,0
649,2
650,2
651,2
652,2
653,0
654,0
655,1
656,1
657,1
658,1
659,2
660,1
661,0
662,1
663,0
664,2
665,2
666,1
667,2
668,1
669,1
670,2
671,1
672,0
673,0
674,2
675,2
676,1
677,0
678,1
679,1
680,2
681,1
682,0
683,0
684,2
685,1
686,1
687,1
688,1
689,1
690,2
691,2
692,1
693,0
694,2
695,1
696,0
697,1
698,1
699,2
700,2
701,0
702,2
703,2
704,2
705,0
706,2
707,2
708,1
709,0
710,0
711,1
712,1
713,2
714,2
715,1
716,2
717,2
718,2
719,0
720,2
721,2
722,0
723,1
724,2
725,2
726,0
727,0
728,0
729,2
730,1
731,2
732,1
733,1
734,0
735,2
736,0
737,1
738,2
739,1
740,0
741,1
742,1
743,1
744,2
745,0
746,2
747,2
748,2
749,1
750,0
751,0
752,0
753,1
754,1
755,0
756,0
757,0
758,1
759,2
760,0
761,0
762,1
763,2
764,1
765,2
766,2
767,1
768,0
769,0
770,1
771,2
772,2
773,2
774,2
775,1
776,0
777,2
778,2
779,1
780,1
781,0
782,0
783,2
784,1
785,2
786,2
787,2
788,0
789,0
790,2
791,1
792,0
793,1
794,2
795,2
796,2
797,1
798,2
799,0
800,0
801,0
802,0
803,2
804,1
805,2
806,0
807,2
808,2
809,0
810,2
811,2
812,2
813,1
814,1
815,2
816,2
817,2
818,2
819,0
820,0
821,1
822,2
823,2
824,2
825,1
826,0
827,1
828,1
829,1
830,0
831,1
832,0
833,0
834,1
835,2
836,0
837,0
838,1
839,0
840,2
841,1
842,0
843,0
844,2
845,2
846,2
847,2
848,1
849,1
850,2
851,1
852,2
853,1
854,2
855,1
856,1
857,0
858,1
859,0
860,2
861,1
862,0
863,0
864,2
865,0
866,0
867,2
868,0
869,1
870,0
871,0
872,1
873,1
874,1
875,1
876,1
877,1
878,1
879,1
880,1
881,2
882,2
883,2
884,1
885,2
886,2
887,2
888,0
889,2
890,0
891,2
892,2
893,1
894,1
895,0
896,1
897,0
898,1
899,2
900,2
901,1
902,1
903,2
904,1
905,1
906,2
907,2
908,1
909,0
910,0
911,0
912,1
913,1
914,0
915,0
916,1
917,1
918,2
919,0
920,1
921,1
922,2
923,1
924,1
925,1
926,0
927,1
928,0
929,2
930,2
931,2
932,2
933,0
934,1
935,1
936,0
937,2
938,2
939,1
940,2
941,0
942,1
943,1
944,0
945,1
946,0
947,1
948,1
949,0
950,0
951,2
952,2
953,1
954,1
955,2
956,0
957,0
958,0
959,0
960,0
961,0
962,0
963,0
964,0
965,1
966,0
967,0
968,2
969,1
970,2
971,2
972,1
973,2
974,0
975,0
976,2
977,0
978,2
979,1
980,1
981,2
982,1
983,2
984,2
985,0
986,1
987,0
988,1
989,2
990,1
991,2
992,1
993,0
994,2
995,2
996,0
997,1
998,2
999,1
1000,2
1001,2
1002,1
1003,1
1004,0
1005,0
1006,1
1007,2
1008,2
1009,2
1010,2
1011,1
1012,1
1013,2
1014,2
1015,0
1016,0
1017,0
1018,1
1019,2
1020,1
1021,2
1022,2
1023,0
1024,0
1025,0
1026,1
1027,0
1028,1
1029,2
1030,0
1031,2
1032,2
1033,1
1034,2
1035,0
1036,0
1037,2
1038,1
1039,0
1040,1
1041,2
1042,1
1043,2
1044,1
1045,2
1046,1
1047,0
1048,2
1049,2
1050,2
1051,2
1052,0
1053,0
1054,1
1055,0
1056,1
1057,2
1058,2
1059,1
1060,0
1061,2
1062,1
1063,1
1064,1
1065,0
1066,1
1067,2
1068,1
1069,1
1070,2
1071,2
1072,0
1073,2
1074,0
1075,1
1076,0
1077,0
1078,1
1079,1
1080,2
1081,0
1082,2
1083,2
1084,0
1085,1
1086,0
1087,1
1088,2
1089,0
1090,1
1091,0
1092,0
1093,1
1094,1
1095,2
1096,2
1097,2
1098,1
1099,2
1100,0
1101,0
1102,0
1103,2
1104,2
1105,1
1106,0
1107,2
1108,2
1109,2
1110,2
1111,0
1112,1
1113,2
1114,1
1115,1
1116,0
1117,1
1118,0
1119,0
1120,2
1121,0
1122,2
1123,2
1124,0
1125,1
1126,1
1127,0
1128,0
1129,0
1130,1
1131,0
1132,1
1133,1
1134,2
1135,1
1136,1
1137,0
1138,1
1139,2
1140,0
1141,2
1142,2
1143,1
1144,0
1145,0
1146,1
1147,0
1148,0
1149,0
1150,1
1151,2
1152,0
1153,2
1154,1
1155,2
1156,2
1157,0
1158,2
1159,0
1160,1
1161,2
1162,1
1163,1
1164,1
1165,2
1166,0
1167,2
1168,0
1169,2
1170,1
1171,2
1172,0
1173,0
1174,0
1175,0
1176,1
1177,2
1178,2
1179,0
1180,1
1181,0
1182,2
1183,0
1184,2
1185,0
1186,1
1187,0
1188,2
1189,0
1190,2
1191,2
1192,2
1193,2
1194,1
1195,0
1196,0
1197,1
1198,1
1199,1
1200,1
1201,2
1202,2
1203,1
1204,2
1205,1
1206,0
1207,1
1208,2
1209,2
1210,0
1211,1
1212,1
1213,2
1214,1
1215,2
1216,0
1217,0
1218,0
1219,0
1220,2
1221,0
1222,0
1223,1
1224,2
1225,2
1226,2
1227,2
1228,0
1229,0
1230,0
1231,2
1232,1
1233,2
1234,2
1235,0
1236,0
1237,0
1238,0
1239,1
1240,2
1241,0
1242,1
1243,1
1244,1
1245,1
1246,0
1247,2
1248,0
1249,0
1250,1
1251,0
1252,1
1253,0
1254,1
1255,2
1256,2
1257,2
1258,0
1259,0
1260,0
1261,1
1262,0
1263,2
1264,2
1265,0
1266,0
1267,1
1268,0
1269,0
1270,2
1271,1
1272,2
1273,1
1274,1
1275,2
1276,1
1277,0
1278,0
1279,1
1280,0
1281,0
1282,1
1283,1
1284,2
1285,0
1286,2
1287,2
1288,1
1289,2
1290,1
1291,1
1292,0
1293,1
1294,1
1295,0
1296,0
1297,1
1298,2
1299,0
1300,2
1301,0
1302,1
1303,0
1304,0
1305,2
1306,0
1307,1
1308,0
1309,1
1310,2
1311,0
1312,2
1313,2
1314,1
1315,0
1316,1
1317,0
1318,1
1319,0
1320,0
1321,2
1322,2
1323,2
1324,1
1325,2
1326,1
1327,1
1328,1
1329,1
1330,1
1331,1
1332,1
1333,1
1334,2
1335,2
1336,2
1337,2
1338,2
1339,1
1340,0
1341,0
1342,2
1343,2
1344,1
1345,0
1346,2
1347,1
1348,2
1349,1
1350,2
1351,1
1352,1
1353,0
1354,2
1355,0
1356,0
1357,2
1358,0
1359,0
1360,1
1361,0
1362,1
1363,1
1364,1
1365,0
1366,2
1367,1
1368,2
1369,0
1370,0
1371,0
1372,0
1373,2
1374,1
1375,0
1376,2
1377,1
1378,1
1379,2
1380,2
1381,2
1382,2
1383,2
1384,0
1385,2
1386,1
1387,2
1388,2
1389,2
1390,1
1391,2
1392,0
1393,0
1394,2
1395,1
1396,0
1397,0
1398,2
1399,1
1400,0
1401,0
1402,2
1403,2
1404,2
1405,1
1406,2
1407,1
1408,1
1409,0
1410,0
1411,1
1412,2
1413,2
1414,2
1415,1
1416,2
1417,1
1418,0
1419,1
1420,1
1421,0
1422,0
1423,2
1424,2
1425,2
1426,0
1427,0
1428,2
1429,1
1430,1
1431,1
1432,0
1433,0
1434,0
1435,1
1436,2
1437,2
1438,2
1439,2
1440,0
1441,1
1442,0
1443,1
1444,1
1445,0
1446,0
1447,1
1448,0
1449,0
1450,0
1451,1
1452,2
1453,1
1454,2
1455,2
1456,1
1457,1
1458,0
1459,0
1460,2
1461,1
1462,0
1463,1
1464,0
1465,1
1466,0
1467,2
1468,2
1469,0
1470,0
1471,0
1472,1
1473,1
1474,2
1475,0
1476,0
1477,0
1478,2
1479,2
1480,1
1481,1
1482,1
1483,2
1484,1
1485,1
1486,2
1487,0
1488,0
1489,0
1490,0
1491,1
1492,1
1493,2
1494,0
1495,0
1496,2
1497,2
1498,1
1499,1
1500,1
1501,1
1502,0
1503,1
1504,1
1505,0
1506,2
1507,2
1508,1
1509,0
1510,0
1511,0
1512,2
1513,0
1514,2
1515,0
1516,2
1517,2
1518,1
1519,0
1520,2
1521,1
1522,0
1523,1
1524,0
1525,2
1526,1
1527,1
1528,1
1529,1
1530,1
1531,0
1532,0
1533,2
1534,2
1535,2
1536,2
1537,2
1538,1
1539,0
1540,0
1541,0
1542,0
1543,2
1544,2
1545,0
1546,0
1547,0
1548,2
1549,2
1550,2
1551,2
1552,2
1553,0
1554,0
1555,2
1556,2
1557,0
1558,0
1559,0
1560,1
1561,0
1562,2
1563,1
1564,2
1565,2
1566,1
1567,0
1568,0
1569,1
1570,0
1571,1
1572,2
1573,0
1574,2
1575,0
1576,2
1577,2
1578,1
1579,1
1580,2
1581,2
1582,2
1583,2
1584,2
1585,1
1586,2
1587,1
1588,2
1589,0
1590,0
1591,0
1592,1
1593,2
1594,1
1595,1
1596,0
1597,0
1598,2
1599,0
1600,2
1601,1
1602,2
1603,1
1604,2
1605,0
1606,0
1607,0
1608,2
1609,1
1610,0
1611,2
1612,2
1613,2
1614,2
1615,1
1616,2
1617,1
1618,0
1619,1
1620,2
1621,2
1622,2
1623,0
1624,2
1625,0
1626,0
1627,0
1628,2
1629,1
1630,0
1631,2
1632,2
1633,2
1634,0
1635,0
1636,0
1637,2
1638,1
1639,2
1640,0
1641,0
1642,1
1643,0
1644,1
1645,1
1646,0
1647,2
1648,1
1649,2
1650,1
1651,1
1652,0
1653,1
1654,2
1655,2
1656,2
1657,0
1658,0
1659,0
1660,2
1661,0
1662,0
1663,2
1664,1
1665,0
1666,1
1667,0
1668,1
1669,1
1670,1
1671,1
1672,2
1673,2
1674,1
1675,2
1676,1
1677,1
1678,0
1679,2
1680,0
1681,0
1682,2
1683,1
1684,1
1685,1
1686,2
1687,2
1688,2
1689,1
1690,0
1691,0
1692,2
1693,1
1694,1
1695,1
1696,1
1697,2
1698,0
1699,1
1700,0
1701,2
1702,1
1703,0
1704,0
1705,2
1706,2
1707,1
1708,1
1709,2
1710,2
1711,0
1712,1
1713,2
1714,0
1715,0
1716,2
1717,2
1718,1
1719,0
1720,2
1721,1
1722,2
1723,1
1724,0
1725,1
1726,2
1727,0
1728,2
1729,1
1730,1
1731,0
1732,1
1733,1
1734,1
1735,2
1736,1
1737,0
1738,0
1739,2
1740,1
1741,0
1742,1
1743,2
1744,0
1745,1
1746,2
1747,2
1748,0
1749,2
1750,0
1751,1
1752,2
1753,0
1754,1
1755,1
1756,1
1757,1
1758,1
1759,1
1760,0
1761,0
1762,0
1763,2
1764,2
1765,0
1766,1
1767,0
1768,1
1769,0
1770,2
1771,2
1772,2
1773,0
1774,1
1775,0
1776,2
1777,0
1778,2
1779,2
1780,0
1781,2
1782,1
1783,0
1784,1
1785,0
1786,0
1787,0
1788,2
1789,1
1790,0
1791,1
1792,1
1793,2
1794,2
1795,1
1796,0
1797,1
1798,0
1799,2
1800,0
1801,0
1802,2
1803,0
1804,1
1805,0
1806,2
1807,1
1808,1
1809,1
1810,0
1811,2
1812,1
1813,0
1814,0
1815,0
1816,1
1817,2
1818,1
1819,2
1820,1
1821,2
1822,0
1823,1
1824,2
1825,2
1826,1
1827,2
1828,0
1829,0
1830,2
1831,1
1832,1
1833,0
1834,1
1835,0
1836,2
1837,2
1838,1
1839,0
1840,0
1841,2
1842,0
1843,1
1844,1
1845,1
1846,2
1847,1
1848,2
1849,0
1850,1
1851,2
1852,1
1853,1
1854,2
1855,1
1856,1
1857,2
1858,1
1859,2
1860,1
1861,0
1862,0
1863,2
1864,0
1865,2
1866,0
1867,1
1868,2
1869,2
1870,0
1871,2
1872,0
1873,1
1874,0
1875,2
1876,2
1877,0
1878,0
1879,1
1880,1
1881,0
1882,2
1883,1
1884,0
1885,1
1886,0
1887,2
1888,0
1889,1
1890,2
1891,0
1892,0
1893,0
1894,2
1895,1
1896,2
1897,0
1898,1
1899,1
1900,2
1901,2
1902,1
1903,0
1904,0
1905,1
1906,1
1907,2
1908,0
1909,0
1910,0
1911,0
1912,0
1913,1
1914,2
1915,0
1916,0
1917,2
1918,1
1919,1
1920,2
1921,2
1922,0
1923,2
1924,2
1925,1
1926,2
1927,0
1928,2
1929,0
1930,1
1931,2
1932,1
1933,2
1934,2
1935,0
1936,0
1937,2
1938,2
1939,1
1940,0
1941,2
1942,2
1943,1
1944,0
1945,1
1946,2
1947,0
1948,1
1949,1
1950,2
1951,0
1952,0
1953,2
1954,2
1955,1
1956,2
1957,0
1958,2
1959,0
1960,0
1961,1
1962,2
1963,2
1964,1
1965,1
1966,0
1967,0
1968,2
1969,2
1970,2
1971,2
1972,0
1973,1
1974,1
1975,2
1976,0
1977,1
1978,1
1979,2
1980,1
1981,0
1982,0
1983,1
1984,1
1985,0
1986,1
1987,2
1988,1
1989,1
1990,1
1991,1
1992,0
1993,1
1994,1
1995,2
1996,2
1997,1
1998,0
1999,1
2000,2
2001,2
2002,1
2003,0
2004,2
2005,2
2006,2
2007,2
2008,1
2009,2
2010,1
2011,0
2012,2
2013,1
2014,1
2015,1
2016,1
2017,0
2018,0
2019,0
2020,1
2021,0
2022,2
2023,0
2024,1
2025,2
2026,0
2027,1
2028,2
2029,1
2030,0
2031,2
2032,1
2033,1
2034,2
2035,0
2036,1
2037,1
2038,2
2039,2
2040,1
2041,2
2042,2
2043,1
2044,2
2045,1
2046,1
2047,0
2048,1
2049,2
2050,0
2051,0
2052,1
2053,1
2054,1
2055,1
2056,1
2057,1
2058,0
2059,0
2060,2
2061,0
2062,0
2063,0
2064,1
2065,0
2066,2
2067,2
2068,0
2069,2
2070,1
2071,2
2072,2
2073,0
2074,0
2075,1
2076,2
2077,1
2078,0
2079,2
2080,2
2081,0
2082,0
2083,0
2084,0
2085,1
2086,0
2087,2
2088,1
2089,1
2090,0
2091,0
2092,0
2093,1
2094,0
2095,0
2096,0
2097,2
2098,0
2099,2
2100,0
2101,0
2102,2
2103,1
2104,2
2105,2
2106,1
2107,2
2108,0
2109,1
2110,0
2111,1
2112,1
2113,0
2114,0
2115,0
2116,2
2117,2
2118,2
2119,0
2120,1
2121,0
2122,0
2123,2
2124,1
2125,1
2126,1
2127,0
2128,0
2129,0
2130,1
2131,1
2132,2
2133,1
2134,0
2135,1
2136,0
2137,0
2138,0
2139,1
2140,0
2141,2
2142,1
2143,2
2144,2
2145,2
2146,1
2147,2
2148,0
2149,2
2150,2
2151,2
2152,0
2153,2
2154,1
2155,2
2156,2
2157,0
2158,0
2159,0
2160,1
2161,1
2162,0
2163,1
2164,0
2165,0
2166,2
2167,2
2168,1
2169,2
2170,1
2171,0
2172,0
2173,1
2174,1
2175,2
2176,2
2177,1
2178,1
2179,1
2180,2
2181,2
2182,1
2183,0
2184,2
2185,0
2186,2
2187,1
2188,1
2189,2
2190,0
2191,0
2192,0
2193,0
2194,0
2195,2
2196,2
2197,1
2198,1
2199,2
2200,2
2201,2
2202,2
2203,2
2204,0
2205,2
2206,2
2207,2
2208,1
2209,0
2210,0
2211,1
2212,1
2213,2
2214,0
2215,1
2216,0
2217,2
2218,0
2219,1
2220,2
2221,1
2222,2
2223,0
2224,1
2225,0
2226,2
2227,1
2228,2
2229,2
2230,0
2231,0
2232,2
2233,1
2234,2
2235,2
2236,1
2237,2
2238,2
2239,2
2240,0
2241,2
2242,0
2243,0
2244,1
2245,2
2246,2
2247,0
2248,1
2249,0
2250,1
2251,1
2252,2
2253,2
2254,2
2255,1
2256,2
2257,0
2258,0
2259,0
2260,2
2261,1
2262,0
2263,1
2264,2
2265,0
2266,1
2267,2
2268,2
2269,1
2270,0
2271,1
2272,2
2273,0
2274,2
2275,2
2276,1
2277,2
2278,0
2279,1
2280,2
2281,0
2282,2
2283,2
2284,0
2285,0
2286,0
2287,1
2288,0
2289,1
2290,0
2291,2
2292,1
2293,0
2294,1
2295,1
2296,0
2297,2
2298,0
2299,0
2300,2
2301,0
2302,2
2303,2
2304,1
2305,1
2306,1
2307,2
2308,1
2309,2
2310,1
2311,2
2312,2
2313,2
2314,2
2315,1
2316,0
2317,1
2318,0
2319,1
2320,1
2321,0
2322,2
2323,2
2324,0
2325,2
2326,2
2327,1
2328,2
2329,0
2330,1
2331,0
2332,1
2333,2
2334,0
2335,1
2336,2
2337,0
2338,0
2339,1
2340,2
2341,0
2342,1
2343,2
2344,1
2345,2
2346,0
2347,0
2348,1
2349,1
2350,1
2351,0
2352,2
2353,0
2354,1
2355,1
2356,0
2357,2
2358,0
2359,0
2360,1
2361,2
2362,2
2363,2
2364,1
2365,1
2366,2
2367,1
2368,2
2369,0
2370,2
2371,1
2372,2
2373,0
2374,2
2375,1
2376,2
2377,0
2378,1
2379,1
2380,2
2381,2
2382,0
2383,2
2384,0
2385,2
2386,1
2387,0
2388,1
2389,2
2390,1
2391,0
2392,0
2393,0
2394,0
2395,0
2396,1
2397,1
2398,0
2399,0
2400,2
2401,2
2402,2
2403,0
2404,2
2405,0
2406,2
2407,1
2408,2
2409,2
2410,1
2411,0
2412,2
2413,1
2414,1
2415,2
2416,1
2417,1
2418,0
2419,1
2420,0
2421,2
2422,0
2423,0
2424,0
2425,0
2426,1
2427,1
2428,2
2429,0
2430,1
2431,2
2432,1
2433,2
2434,0
2435,1
2436,0
2437,2
2438,0
2439,1
2440,0
2441,1
2442,0
2443,2
2444,2
2445,2
2446,1
2447,2
2448,1
2449,2
2450,2
2451,1
2452,1
2453,0
2454,1
2455,0
2456,2
2457,2
2458,2
2459,2
2460,2
2461,1
2462,1
2463,2
2464,0
2465,1
2466,0
2467,2
2468,0
2469,0
2470,0
2471,0
2472,2
2473,0
2474,1
2475,1
2476,1
2477,1
2478,1
2479,1
2480,0
2481,1
2482,1
2483,1
2484,1
2485,1
2486,0
2487,1
2488,0
2489,2
2490,0
2491,1
2492,2
2493,1
2494,2
2495,1
2496,1
2497,0
2498,2
2499,2
2500,1
2501,1
2502,2
2503,0
2504,1
2505,1
2506,0
2507,2
2508,1
2509,0
2510,2
2511,2
2512,1
2513,1
2514,2
2515,0
2516,0
2517,1
2518,1
2519,2
2520,1
2521,2
2522,2
2523,2
2524,1
2525,1
2526,2
2527,0
2528,0
2529,0
2530,1
2531,2
2532,1
2533,1
2534,0
2535,0
2536,0
2537,1
2538,2
2539,2
2540,0
2541,1
2542,0
2543,2
2544,1
2545,1
2546,0
2547,2
2548,2
2549,0
2550,0
2551,1
2552,2
2553,1
2554,1
2555,2
2556,1
2557,0
2558,2
2559,2
2560,2
2561,2
2562,0
2563,0
2564,1
2565,1
2566,2
2567,2
2568,1
2569,2
2570,2
2571,2
2572,0
2573,2
2574,2
2575,0
2576,2
2577,0
2578,1
2579,0
2580,1
2581,0
2582,0
2583,0
2584,0
2585,2
2586,2
2587,2
2588,1
2589,0
2590,2
2591,0
2592,0
2593,2
2594,1
2595,2
2596,2
2597,1
2598,0
2599,1
2600,2
2601,1
2602,2
2603,2
2604,2
2605,1
2606,0
2607,2
2608,2
2609,1
2610,1
2611,0
2612,2
2613,2
2614,0
2615,2
2616,1
2617,0
2618,1
2619,1
2620,0
2621,2
2622,2
2623,1
2624,0
2625,2
2626,2
2627,2
2628,0
2629,0
2630,2
2631,2
2632,2
2633,0
2634,0
2635,0
2636,0
2637,1
2638,1
2639,1
2640,2
2641,0
2642,0
2643,1
2644,0
2645,2
2646,0
2647,1
2648,1
2649,0
2650,1
2651,1
2652,2
2653,2
2654,0
2655,2
2656,1
2657,1
2658,2
2659,1
2660,1
2661,1
2662,1
2663,0
2664,1
2665,2
2666,1
2667,0
2668,1
2669,2
2670,1
2671,2
2672,0
2673,1
2674,2
2675,2
2676,2
2677,0
2678,0
2679,0
2680,1
2681,0
2682,2
2683,2
2684,0
2685,0
2686,0
2687,2
2688,1
2689,1
2690,1
2691,2
2692,2
2693,2
2694,1
2695,0
2696,0
2697,2
2698,1
2699,1
2700,0
2701,2
2702,2
2703,0
2704,2
2705,0
2706,2
2707,0
2708,0
2709,0
2710,2
2711,0
2712,1
2713,1
2714,1
2715,2
2716,2
2717,1
2718,2
2719,0
2720,1
2721,0
2722,2
2723,1
2724,2
2725,2
2726,2
2727,0
2728,0
2729,1
2730,1
2731,1
2732,0
2733,2
2734,0
2735,1
2736,1
2737,0
2738,2
2739,2
2740,0
2741,0
2742,2
2743,2
2744,0
2745,2
2746,0
2747,0
2748,2
2749,1
2750,1
2751,2
2752,0
2753,1
2754,0
2755,0
2756,1
2757,1
2758,1
2759,0
2760,1
2761,1
2762,0
2763,1
2764,2
2765,0
2766,0
2767,0
2768,0
2769,0
2770,0
2771,2
2772,1
2773,2
2774,0
2775,0
2776,1
2777,2
2778,0
2779,1
2780,2
2781,2
2782,1
2783,0
2784,2
2785,1
2786,2
2787,0
2788,2
2789,0
2790,2
2791,0
2792,1
2793,2
2794,0
2795,0
2796,0
2797,2
2798,1
2799,1
2800,1
2801,1
2802,1
2803,1
2804,0
2805,0
2806,2
2807,0
2808,0
2809,1
2810,2
2811,0
2812,2
2813,0
2814,1
2815,0
2816,0
2817,2
2818,2
2819,1
2820,1
2821,0
2822,1
2823,0
2824,1
2825,1
2826,1
2827,0
2828,0
2829,1
2830,2
2831,2
2832,2
2833,0
2834,1
2835,1
2836,1
2837,0
2838,2
2839,2
2840,2
2841,0
2842,0
2843,1
2844,2
2845,0
2846,0
2847,1
2848,1
2849,0
2850,1
2851,1
2852,0
2853,1
2854,1
2855,2
2856,0
2857,2
2858,0
2859,2
2860,1
2861,1
2862,0
2863,2
2864,2
2865,0
2866,1
2867,0
2868,2
2869,0
2870,1
2871,2
2872,0
2873,0
2874,2
2875,0
2876,0
2877,1
2878,1
2879,0
2880,2
2881,2
2882,1
2883,1
2884,1
2885,2
2886,1
2887,0
2888,1
2889,2
2890,0
2891,1
2892,0
2893,1
2894,2
2895,0
2896,2
2897,1
2898,2
2899,0
2900,1
2901,0
2902,2
2903,0
2904,2
2905,0
2906,1
2907,1
2908,1
2909,2
2910,2
2911,2
2912,2
2913,0
2914,0
2915,0
2916,1
2917,2
2918,0
2919,1
2920,0
2921,1
2922,0
2923,2
2924,1
2925,1
2926,0
2927,0
2928,1
2929,0
2930,1
2931,1
2932,2
2933,0
2934,2
2935,0
2936,0
2937,1
2938,0
2939,1
2940,0
2941,1
2942,1
2943,0
2944,2
2945,1
2946,0
2947,0
2948,1
2949,1
2950,2
2951,0
2952,2
2953,0
2954,2
2955,0
2956,2
2957,2
2958,0
2959,2
2960,0
2961,0
2962,1
2963,2
2964,1
2965,1
2966,2
2967,0
2968,0
2969,0
2970,0
2971,1
2972,0
2973,2
2974,1
2975,2
2976,1
2977,0
2978,1
2979,0
2980,1
2981,1
2982,1
2983,1
2984,1
2985,0
2986,1
2987,1
2988,0
2989,0
2990,1
2991,1
2992,1
2993,2
2994,1
2995,2
2996,0
2997,2
2998,2
2999,1
3000,0
3001,2
3002,2
3003,2
3004,2
3005,1
3006,2
3007,0
3008,0
3009,1
3010,0
3011,2
3012,0
3013,2
3014,2
3015,1
3016,1
3017,1
3018,1
3019,0
3020,2
3021,0
3022,0
3023,2
3024,1
3025,1
3026,2
3027,1
3028,2
3029,0
3030,0
3031,2
3032,1
3033,1
3034,1
3035,1
3036,0
3037,0
3038,0
3039,2
3040,1
3041,0
3042,1
3043,0
3044,2
3045,1
3046,2
3047,2
3048,1
3049,0
3050,0
3051,1
3052,1
3053,1
3054,2
3055,2
3056,1
3057,1
3058,2
3059,0
3060,0
3061,1
3062,2
3063,0
3064,0
3065,0
3066,1
3067,0
3068,1
3069,0
3070,0
3071,1
3072,1
3073,0
3074,0
3075,2
3076,1
3077,2
3078,0
3079,1
3080,2
3081,0
3082,2
3083,0
3084,2
3085,2
3086,2
3087,0
3088,1
3089,2
3090,1
3091,1
3092,0
3093,2
3094,1
3095,1
3096,1
3097,2
3098,0
3099,1
3100,0
3101,1
3102,1
3103,0
3104,2
3105,1
3106,2
3107,0
3108,2
3109,2
3110,2
3111,2
3112,1
3113,1
3114,1
3115,1
3116,1
3117,1
3118,0
3119,2
3120,1
3121,2
3122,0
3123,0
3124,0
3125,1
3126,2
3127,2
3128,1
3129,1
3130,1
3131,2
3132,1
3133,1
3134,1
3135,1
3136,0
3137,0
3138,2
3139,2
3140,2
3141,0
3142,1
3143,2
3144,0
3145,0
3146,2
3147,1
3148,2
3149,1
3150,0
3151,0
3152,0
3153,0
3154,2
3155,1
3156,2
3157,1
3158,0
3159,0
3160,2
3161,0
3162,0
3163,1
3164,0
3165,1
3166,2
3167,2
3168,0
3169,2
3170,1
3171,0
3172,2
3173,2
3174,2
3175,0
3176,1
3177,1
3178,2
3179,1
3180,1
3181,2
3182,2
3183,2
3184,2
3185,2
3186,0
3187,2
3188,2
3189,0
3190,1
3191,1
3192,2
3193,2
3194,2
3195,2
3196,0
3197,1
3198,2
3199,0
3200,0
3201,2
3202,0
3203,1
3204,2
3205,2
3206,0
3207,0
3208,0
3209,1
3210,0
3211,2
3212,1
3213,1
3214,1
3215,2
3216,1
3217,0
3218,0
3219,2
3220,0
3221,2
3222,1
3223,0
3224,2
3225,0
3226,2
3227,0
3228,1
3229,0
3230,2
3231,2
3232,1
3233,0
3234,0
3235,0
3236,0
3237,1
3238,2
3239,2
3240,1
3241,0
3242,0
3243,0
3244,2
3245,1
3246,1
3247,1
3248,1
3249,1
3250,2
3251,2
3252,0
3253,0
3254,1
3255,1
3256,1
3257,2
3258,1
3259,0
3260,2
3261,0
3262,2
3263,2
3264,0
3265,0
3266,0
3267,0
3268,0
3269,1
3270,2
3271,2
3272,1
3273,0
3274,1
3275,0
3276,1
3277,2
3278,0
3279,2
3280,2
3281,0
3282,1
3283,2
3284,0
3285,2
3286,1
3287,1
3288,0
3289,1
3290,2
3291,2
3292,1
3293,1
3294,0
3295,1
3296,0
3297,2
3298,1
3299,2
3300,1
3301,2
3302,1
3303,0
3304,1
3305,0
3306,0
3307,0
3308,1
3309,0
3310,2
3311,1
3312,2
3313,0
3314,0
3315,2
3316,2
3317,2
3318,0
3319,1
3320,2
3321,1
3322,0
3323,0
3324,2
3325,1
3326,1
3327,2
3328,2
3329,2
3330,1
3331,1
3332,2
3333,1
3334,1
3335,2
3336,2
3337,2
3338,0
3339,2
3340,0
3341,2
3342,1
3343,2
3344,2
3345,2
3346,2
3347,2
3348,0
3349,1
3350,0
3351,1
3352,0
3353,1
3354,2
3355,0
3356,0
3357,1
3358,2
3359,0
3360,0
3361,2
3362,2
3363,0
3364,2
3365,0
3366,1
3367,1
3368,0
3369,2
3370,2
3371,2
3372,1
3373,0
3374,2
3375,2
3376,1
3377,1
3378,2
3379,2
3380,1
3381,1
3382,1
3383,2
3384,2
3385,0
3386,1
3387,2
3388,1
3389,1
3390,2
3391,0
3392,0
3393,0
3394,2
3395,0
3396,0
3397,1
3398,2
3399,2
3400,2
3401,1
3402,0
3403,1
3404,0
3405,0
3406,1
3407,1
3408,0
3409,0
3410,1
3411,0
3412,0
3413,0
3414,0
3415,2
3416,1
3417,2
3418,2
3419,2
3420,0
3421,0
3422,1
3423,1
3424,1
3425,1
3426,0
3427,0
3428,1
3429,2
3430,1
3431,0
3432,0
3433,2
3434,1
3435,0
3436,2
3437,1
3438,2
3439,1
3440,0
3441,1
3442,1
3443,2
3444,1
3445,0
3446,1
3447,1
3448,2
3449,1
3450,0
3451,1
3452,2
3453,0
3454,1
3455,0
3456,1
3457,2
3458,0
3459,2
3460,1
3461,2
3462,1
3463,1
3464,0
3465,1
3466,2
3467,0
3468,2
3469,0
3470,1
3471,0
3472,2
3473,1
3474,2
3475,0
3476,1
3477,0
3478,1
3479,2
3480,1
3481,2
3482,0
3483,2
3484,0
3485,1
3486,2
3487,0
3488,0
3489,0
3490,0
3491,0
3492,2
3493,2
3494,1
3495,2
3496,0
3497,0
3498,0
3499,0
3500,0
3501,1
3502,0
3503,1
3504,0
3505,2
3506,0
3507,1
3508,0
3509,0
3510,0
3511,0
3512,0
3513,2
3514,0
3515,1
3516,0
3517,1
3518,0
3519,2
3520,2
3521,1
3522,2
3523,2
3524,1
3525,0
3526,2
3527,2
3528,1
3529,0
3530,0
3531,0
3532,2
3533,0
3534,2
3535,1
3536,2
3537,1
3538,2
3539,1
3540,1
3541,0
3542,1
3543,2
3544,1
3545,1
3546,2
3547,0
3548,0
3549,2
3550,1
3551,1
3552,0
3553,1
3554,1
3555,2
3556,2
3557,0
3558,2
3559,0
3560,0
3561,0
3562,0
3563,2
3564,2
3565,1
3566,1
3567,0
3568,1
3569,0
3570,2
3571,0
3572,1
3573,1
3574,1
3575,0
3576,2
3577,1
3578,0
3579,2
3580,1
3581,0
3582,1
3583,2
3584,2
3585,1
3586,1
3587,0
3588,1
3589,1
3590,1
3591,1
3592,2
3593,0
3594,1
3595,1
3596,2
3597,2
3598,2
3599,0
3600,1
3601,0
3602,1
3603,0
3604,1
3605,2
3606,1
3607,1
3608,0
3609,2
3610,0
3611,2
3612,0
3613,0
3614,1
3615,0
3616,1
3617,2
3618,0
3619,0
3620,1
3621,0
3622,2
3623,1
3624,2
3625,1
3626,2
3627,1
3628,0
3629,0
3630,2
3631,0
3632,0
3633,2
3634,2
3635,2
3636,2
3637,1
3638,0
3639,0
3640,0
3641,0
3642,2
3643,0
3644,1
3645,2
3646,0
3647,1
3648,2
3649,2
3650,1
3651,0
3652,1
3653,0
3654,1
3655,0
3656,2
3657,2
3658,1
3659,2
3660,2
3661,0
3662,1
3663,2
3664,1
3665,0
3666,2
3667,1
3668,0
3669,1
3670,1
3671,0
3672,2
3673,2
3674,0
3675,0
3676,1
3677,1
3678,1
3679,2
3680,2
3681,2
3682,1
3683,1
3684,0
3685,2
3686,1
3687,0
3688,0
3689,1
3690,0
3691,1
3692,2
3693,0
3694,2
3695,1
3696,0
3697,2
3698,1
3699,2
3700,0
3701,0
3702,1
3703,1
3704,1
3705,2
3706,0
3707,2
3708,0
3709,2
3710,2
3711,0
3712,1
3713,2
3714,1
3715,0
3716,0
3717,1
3718,2
3719,2
3720,1
3721,2
3722,2
3723,2
3724,1
3725,1
3726,1
3727,2
3728,2
3729,1
3730,2
3731,0
3732,1
3733,0
3734,0
3735,0
3736,0
3737,1
3738,0
3739,1
3740,2
3741,2
3742,1
3743,1
3744,1
3745,0
3746,1
3747,2
3748,2
3749,2
3750,0
3751,1
3752,2
3753,0
3754,1
3755,1
3756,0
3757,0
3758,2
3759,0
3760,0
3761,1
3762,0
3763,0
3764,2
3765,0
3766,1
3767,0
3768,1
3769,0
3770,1
3771,0
3772,2
3773,0
3774,2
3775,0
3776,1
3777,1
3778,1
3779,0
3780,0
3781,1
3782,1
3783,2
3784,2
3785,2
3786,2
3787,0
3788,2
3789,2
3790,0
3791,0
3792,0
3793,0
3794,1
3795,0
3796,2
3797,1
3798,1
3799,1
3800,2
3801,0
3802,1
3803,2
3804,2
3805,0
3806,1
3807,0
3808,0
3809,1
3810,1
3811,1
3812,1
3813,0
3814,1
3815,2
3816,1
3817,0
3818,1
3819,1
3820,2
3821,1
3822,2
3823,2
3824,0
3825,2
3826,2
3827,2
3828,1
3829,2
3830,2
3831,2
3832,2
3833,1
3834,2
3835,2
3836,0
3837,1
3838,0
3839,1
3840,2
3841,1
3842,1
3843,0
3844,1
3845,2
3846,1
3847,1
3848,1
3849,0
3850,0
3851,0
3852,1
3853,1
3854,2
3855,2
3856,1
3857,2
3858,1
3859,1
3860,0
3861,0
3862,1
3863,1
3864,1
3865,2
3866,1
3867,0
3868,2
3869,0
3870,1
3871,0
3872,2
3873,2
3874,1
3875,0
3876,0
3877,2
3878,1
3879,2
3880,1
3881,0
3882,0
3883,2
3884,1
3885,2
3886,0
3887,1
3888,2
3889,2
3890,2
3891,2
3892,2
3893,0
3894,1
3895,1
3896,2
3897,2
3898,1
3899,1
3900,0
3901,1
3902,2
3903,2
3904,2
3905,2
3906,2
3907,2
3908,2
3909,2
3910,0
3911,1
3912,1
3913,2
3914,0
3915,2
3916,1
3917,2
3918,0
3919,0
3920,2
3921,2
3922,2
3923,0
3924,1
3925,2
3926,1
3927,2
3928,0
3929,1
3930,0
3931,2
3932,2
3933,0
3934,0
3935,2
3936,2
3937,1
3938,2
3939,1
3940,2
3941,1
3942,2
3943,2
3944,2
3945,1
3946,1
3947,1
3948,2
3949,1
3950,0
3951,2
3952,1
3953,0
3954,2
3955,0
3956,2
3957,0
3958,0
3959,2
3960,0
3961,0
3962,0
3963,1
3964,0
3965,0
3966,2
3967,0
3968,0
3969,1
3970,2
3971,1
3972,1
3973,0
3974,0
3975,0
3976,2
3977,1
3978,0
3979,1
3980,0
3981,1
3982,0
3983,0
3984,2
3985,2
3986,0
3987,2
3988,0
3989,1
3990,1
3991,1
3992,0
3993,2
3994,2
3995,1
3996,2
3997,2
3998,1
3999,0
4000,0
4001,0
4002,1
4003,0
4004,1
4005,0
4006,1
4007,2
4008,2
4009,2
4010,0
4011,0
4012,0
4013,1
4014,2
4015,2
4016,0
4017,2
4018,0
4019,0
4020,0
4021,1
4022,1
4023,2
4024,0
4025,0
4026,2
4027,0
4028,1
4029,1
4030,2
4031,2
4032,1
4033,0
4034,0
4035,0
4036,2
4037,0
4038,0
4039,2
4040,0
4041,1
4042,2
4043,0
4044,2
4045,0
4046,1
4047,1
4048,0
4049,2
4050,1
4051,1
4052,2
4053,2
4054,0
4055,1
4056,0
4057,2
4058,0
4059,1
4060,0
4061,2
4062,1
4063,1
4064,2
4065,1
4066,0
4067,2
4068,2
4069,2
4070,0
4071,0
4072,1
4073,0
4074,2
4075,2
4076,0
4077,2
4078,0
4079,1
4080,0
4081,0
4082,2
4083,0
4084,2
4085,1
4086,0
4087,1
4088,1
4089,2
4090,0
4091,1
4092,0
4093,2
4094,2
4095,2
4096,1
4097,2
4098,0
4099,1
4100,0
4101,2
4102,0
4103,1
4104,1
4105,2
4106,2
4107,0
4108,1
4109,2
4110,0
4111,2
4112,2
4113,2
4114,2
4115,1
4116,1
4117,1
4118,0
4119,1
4120,1
4121,1
4122,1
4123,0
4124,0
4125,0
4126,2
4127,2
4128,0
4129,2
4130,2
4131,1
4132,0
4133,1
4134,0
4135,1
4136,0
4137,1
4138,0
4139,0
4140,2
4141,0
4142,1
4143,2
4144,1
4145,2
4146,1
4147,2
4148,0
4149,1
4150,1
4151,0
4152,1
4153,0
4154,1
4155,2
4156,0
4157,1
4158,1
4159,1
4160,2
4161,0
4162,2
4163,0
4164,1
4165,0
4166,1
4167,0
4168,1
4169,1
4170,2
4171,0
4172,1
4173,1
4174,0
4175,1
4176,1
4177,0
4178,2
4179,1
4180,0
4181,1
4182,2
4183,2
4184,2
4185,2
4186,0
4187,2
4188,1
4189,1
4190,2
4191,2
4192,2
4193,0
4194,0
4195,2
4196,2
4197,2
4198,1
4199,1
4200,0
4201,2
4202,2
4203,2
4204,2
4205,1
4206,2
4207,2
4208,0
4209,0
4210,0
4211,2
4212,2
4213,0
4214,0
4215,1
4216,0
4217,1
4218,0
4219,2
4220,1
4221,1
4222,0
4223,2
4224,1
4225,1
4226,0
4227,1
4228,1
4229,1
4230,0
4231,2
4232,1
4233,2
4234,1
4235,2
4236,1
4237,2
4238,1
4239,0
4240,2
4241,1
4242,0
4243,1
4244,0
4245,2
4246,2
4247,2
4248,2
4249,0
4250,1
4251,1
4252,1
4253,1
4254,1
4255,1
4256,0
4257,0
4258,0
4259,2
4260,1
4261,1
4262,1
4263,0
4264,1
4265,0
4266,2
4267,0
4268,0
4269,2
4270,1
4271,1
4272,0
4273,2
4274,2
4275,0
4276,2
4277,1
4278,2
4279,0
4280,1
4281,1
4282,1
4283,1
4284,2
4285,1
4286,0
4287,2
4288,1
4289,0
4290,0
4291,2
4292,0
4293,0
4294,1
4295,2
4296,2
4297,0
4298,2
4299,2
4300,0
4301,1
4302,2
4303,1
4304,1
4305,0
4306,1
4307,1
4308,1
4309,0
4310,2
4311,0
4312,1
4313,1
4314,0
4315,0
4316,1
4317,0
4318,2
4319,0
4320,2
4321,0
4322,0
4323,2
4324,2
4325,1
4326,0
4327,1
4328,0
4329,2
4330,0
4331,0
4332,0
4333,1
4334,2
4335,2
4336,2
4337,1
4338,1
4339,1
4340,1
4341,2
4342,2
4343,1
4344,2
4345,1
4346,2
4347,0
4348,0
4349,0
4350,0
4351,2
4352,1
4353,0
4354,2
4355,2
4356,2
4357,1
4358,2
4359,2
4360,0
4361,2
4362,0
4363,1
4364,0
4365,1
4366,0
4367,1
4368,1
4369,1
4370,1
4371,0
4372,1
4373,0
4374,0
4375,0
4376,1
4377,0
4378,1
4379,2
4380,0
4381,0
4382,1
4383,0
4384,0
4385,2
4386,2
4387,0
4388,2
4389,1
4390,0
4391,0
4392,1
4393,2
4394,0
4395,0
4396,1
4397,0
4398,1
4399,2
4400,2
4401,0
4402,2
4403,2
4404,0
4405,1
4406,2
4407,0
4408,1
4409,1
4410,1
4411,2
4412,0
4413,1
4414,1
4415,0
4416,1
4417,0
4418,0
4419,2
4420,1
4421,2
4422,0
4423,0
4424,2
4425,2
4426,2
4427,2
4428,1
4429,2
4430,2
4431,1
4432,0
4433,1
4434,0
4435,1
4436,2
4437,1
4438,0
4439,1
4440,2
4441,1
4442,2
4443,0
4444,1
4445,2
4446,0
4447,2
4448,2
4449,0
4450,2
4451,1
4452,0
4453,0
4454,0
4455,0
4456,0
4457,0
4458,2
4459,1
4460,2
4461,2
4462,1
4463,0
4464,2
4465,2
4466,0
4467,2
4468,0
4469,2
4470,1
4471,0
4472,0
4473,2
4474,1
4475,2
4476,2
4477,1
4478,0
4479,1
4480,2
4481,0
4482,2
4483,1
4484,0
4485,1
4486,0
4487,1
4488,0
4489,1
4490,1
4491,0
4492,0
4493,1
4494,0
4495,2
4496,0
4497,1
4498,2
4499,1
4500,2
4501,1
4502,2
4503,1
4504,0
4505,1
4506,2
4507,1
4508,0
4509,0
4510,1
4511,1
4512,1
4513,0
4514,1
4515,0
4516,1
4517,0
4518,0
4519,2
4520,2
4521,2
4522,0
4523,2
4524,0
4525,1
4526,0
4527,0
4528,2
4529,1
4530,1
4531,0
4532,1
4533,1
4534,0
4535,0
4536,0
4537,2
4538,0
4539,2
4540,1
4541,0
4542,2
4543,1
4544,0
4545,0
4546,2
4547,1
4548,0
4549,2
4550,1
4551,1
4552,2
4553,1
4554,0
4555,0
4556,2
4557,2
4558,1
4559,0
4560,2
4561,0
4562,1
4563,1
4564,2
4565,1
4566,1
4567,0
4568,0
4569,0
4570,0
4571,1
4572,2
4573,1
4574,0
4575,2
4576,1
4577,1
4578,1
4579,2
4580,0
4581,2
4582,1
4583,1
4584,2
4585,0
4586,2
4587,1
4588,2
4589,1
4590,2
4591,0
4592,1
4593,1
4594,1
4595,0
4596,2
4597,2
4598,2
4599,0
4600,0
4601,0
4602,1
4603,1
4604,2
4605,0
4606,1
4607,1
4608,0
4609,0
4610,0
4611,0
4612,2
4613,2
4614,2
4615,1
4616,0
4617,2
4618,0
4619,2
4620,2
4621,0
4622,2
4623,1
4624,0
4625,2
4626,0
4627,0
4628,2
4629,0
4630,2
4631,2
4632,0
4633,1
4634,2
4635,0
4636,1
4637,1
4638,2
4639,2
4640,0
4641,1
4642,1
4643,2
4644,2
4645,0
4646,2
4647,1
4648,1
4649,1
4650,2
4651,2
4652,0
4653,2
4654,2
4655,2
4656,0
4657,2
4658,2
4659,1
4660,0
4661,0
4662,0
4663,0
4664,1
4665,2
4666,2
4667,0
4668,2
4669,0
4670,2
4671,0
4672,2
4673,2
4674,0
4675,0
4676,2
4677,0
4678,0
4679,2
4680,1
4681,0
4682,0
4683,0
4684,2
4685,1
4686,2
4687,2
4688,1
4689,2
4690,1
4691,0
4692,0
4693,0
4694,2
4695,0
4696,0
4697,2
4698,1
4699,0
4700,2
4701,1
4702,0
4703,0
4704,2
4705,2
4706,0
4707,2
4708,2
4709,1
4710,0
4711,2
4712,0
4713,0
4714,2
4715,0
4716,0
4717,1
4718,2
4719,0
4720,2
4721,2
4722,0
4723,1
4724,2
4725,0
4726,0
4727,1
4728,1
4729,1
4730,2
4731,2
4732,2
4733,1
4734,2
4735,0
4736,2
4737,0
4738,1
4739,2
4740,0
4741,0
4742,2
4743,0
4744,2
4745,0
4746,2
4747,0
4748,2
4749,2
4750,0
4751,0
4752,2
4753,2
4754,1
4755,0
4756,0
4757,1
4758,1
4759,2
4760,0
4761,2
4762,0
4763,0
4764,2
4765,1
4766,1
4767,1
4768,1
4769,2
4770,0
4771,1
4772,0
4773,2
4774,2
4775,1
4776,2
4777,0
4778,1
4779,1
4780,2
4781,0
4782,2
4783,2
4784,2
4785,0
4786,2
4787,0
4788,0
4789,0
4790,2
4791,0
4792,2
4793,0
4794,0
4795,1
4796,1
4797,1
4798,1
4799,0
4800,2
4801,0
4802,0
4803,2
4804,0
4805,0
4806,2
4807,0
4808,0
4809,1
4810,0
4811,0
4812,2
4813,1
4814,0
4815,1
4816,0
4817,0
4818,2
4819,0
4820,1
4821,0
4822,2
4823,1
4824,2
4825,0
4826,0
4827,0
4828,1
4829,0
4830,2
4831,0
4832,1
4833,1
4834,0
4835,2
4836,1
4837,2
4838,1
4839,2
4840,0
4841,1
4842,1
4843,1
4844,0
4845,1
4846,1
4847,1
4848,2
4849,1
4850,1
4851,2
4852,1
4853,0
4854,2
4855,2
4856,0
4857,1
4858,1
4859,1
4860,1
4861,1
4862,2
4863,2
4864,2
4865,1
4866,1
4867,1
4868,0
4869,2
4870,2
4871,0
4872,0
4873,1
4874,2
4875,2
4876,2
4877,0
4878,1
4879,2
4880,2
4881,1
4882,2
4883,2
4884,2
4885,0
4886,0
4887,0
4888,0
4889,0
4890,2
4891,1
4892,1
4893,2
4894,1
4895,1
4896,1
4897,2
4898,1
4899,2
4900,2
4901,2
4902,2
4903,1
4904,1
4905,0
4906,1
4907,2
4908,0
4909,2
4910,1
4911,1
4912,1
4913,2
4914,0
4915,0
4916,0
4917,0
4918,0
4919,2
4920,0
4921,2
4922,0
4923,0
4924,1
4925,2
4926,1
4927,2
4928,0
4929,2
4930,1
4931,1
4932,2
4933,2
4934,1
4935,1
4936,2
4937,0
4938,0
4939,1
4940,2
4941,0
4942,1
4943,1
4944,0
4945,2
4946,1
4947,1
4948,2
4949,2
4950,1
4951,1
4952,0
4953,0
4954,2
4955,1
4956,1
4957,0
4958,1
4959,1
4960,1
4961,1
4962,1
4963,0
4964,0
4965,0
4966,0
4967,1
4968,2
4969,2
4970,2
4971,0
4972,2
4973,0
4974,0
4975,1
4976,1
4977,2
4978,1
4979,0
4980,2
4981,1
4982,0
4983,2
4984,1
4985,2
4986,1
4987,0
4988,0
4989,2
4990,2
4991,2
4992,1
4993,2
4994,2
4995,1
4996,1
4997,0
4998,0
4999,1
5000,1
5001,1
5002,2
5003,0
5004,2
5005,2
5006,2
5007,0
5008,1
5009,2
5010,1
5011,1
5012,0
5013,2
5014,1
5015,1
5016,2
5017,1
5018,2
5019,2
5020,2
5021,2
5022,0
5023,0
5024,0
5025,0
5026,2
5027,1
5028,2
5029,1
5030,1
5031,0
5032,0
5033,2
5034,0
5035,0
5036,1
5037,1
5038,2
5039,2
5040,1
5041,0
5042,2
5043,2
5044,1
5045,1
5046,2
5047,1
5048,2
5049,0
5050,1
5051,0
5052,1
5053,0
5054,0
5055,0
5056,1
5057,2
5058,2
5059,0
5060,0
5061,1
5062,1
5063,0
5064,1
5065,0
5066,2
5067,1
5068,2
5069,2
5070,2
5071,2
5072,0
5073,1
5074,1
5075,0
5076,0
5077,2
5078,0
5079,2
5080,0
5081,1
5082,0
5083,1
5084,1
5085,0
5086,2
5087,1
5088,1
5089,0
5090,2
5091,1
5092,2
5093,2
5094,1
5095,0
5096,1
5097,2
5098,2
5099,2
5100,2
5101,0
5102,2
5103,1
5104,0
5105,0
5106,2
5107,0
5108,0
5109,1
5110,0
5111,2
5112,0
5113,0
5114,0
5115,1
5116,0
5117,2
5118,0
5119,2
5120,0
5121,1
5122,2
5123,2
5124,1
5125,2
5126,1
5127,1
5128,0
5129,2
5130,1
5131,2
5132,2
5133,0
5134,1
5135,1
5136,2
5137,0
5138,0
5139,2
5140,2
5141,2
5142,1
5143,2
5144,2
5145,1
5146,1
5147,2
5148,1
5149,1
5150,1
5151,1
5152,2
5153,2
5154,1
5155,1
5156,0
5157,0
5158,1
5159,1
5160,2
5161,2
5162,0
5163,0
5164,1
5165,0
5166,2
5167,1
5168,1
5169,0
5170,0
5171,2
5172,1
5173,2
5174,1
5175,2
5176,1
5177,2
5178,0
5179,1
5180,0
5181,1
5182,2
5183,1
5184,0
5185,0
5186,1
5187,1
5188,2
5189,1
5190,1
5191,2
5192,2
5193,2
5194,1
5195,0
5196,2
5197,2
5198,2
5199,0
5200,1
5201,2
5202,2
5203,2
5204,1
5205,2
5206,2
5207,2
5208,0
5209,1
5210,2
5211,1
5212,2
5213,0
5214,2
5215,1
5216,1
5217,2
5218,1
5219,0
5220,1
5221,1
5222,2
5223,1
5224,0
5225,0
5226,1
5227,1
5228,1
5229,2
5230,2
5231,0
5232,0
5233,2
5234,2
5235,2
5236,0
5237,1
5238,0
5239,0
5240,2
5241,2
5242,2
5243,0
5244,2
5245,1
5246,2
5247,0
5248,1
5249,2
5250,0
5251,2
5252,1
5253,0
5254,1
5255,0
5256,1
5257,2
5258,1
5259,2
5260,2
5261,1
5262,0
5263,0
5264,2
5265,1
5266,2
5267,0
5268,2
5269,1
5270,1
5271,2
5272,1
5273,2
5274,1
5275,0
5276,1
5277,1
5278,0
5279,2
5280,2
5281,0
5282,0
5283,1
5284,0
5285,2
5286,1
5287,1
5288,0
5289,1
5290,1
5291,1
5292,1
5293,1
5294,0
5295,1
5296,0
5297,0
5298,2
5299,0
5300,2
5301,0
5302,2
5303,2
5304,0
5305,0
5306,0
5307,2
5308,2
5309,1
5310,0
5311,2
5312,2
5313,2
5314,1
5315,0
5316,0
5317,0
5318,2
5319,1
5320,1
5321,2
5322,0
5323,1
5324,1
5325,1
5326,2
5327,1
5328,2
5329,1
5330,0
5331,1
5332,0
5333,0
5334,2
5335,2
5336,1
5337,1
5338,2
5339,0
5340,0
5341,0
5342,1
5343,0
5344,0
5345,2
5346,0
5347,2
5348,0
5349,0
5350,0
5351,2
5352,1
5353,1
5354,2
5355,1
5356,0
5357,0
5358,1
5359,1
5360,0
5361,2
5362,0
5363,1
5364,1
5365,2
5366,1
5367,2
5368,2
5369,2
5370,1
5371,1
5372,1
5373,1
5374,1
5375,2
5376,1
5377,0
5378,1
5379,1
5380,1
5381,1
5382,1
5383,0
5384,2
5385,1
5386,2
5387,0
5388,0
5389,1
5390,2
5391,1
5392,0
5393,1
5394,1
5395,2
5396,0
5397,2
5398,1
5399,0
5400,0
5401,1
5402,1
5403,2
5404,1
5405,0
5406,2
5407,0
5408,2
5409,2
5410,1
5411,2
5412,1
5413,2
5414,2
5415,2
5416,2
5417,2
5418,0
5419,2
5420,2
5421,1
5422,0
5423,0
5424,0
5425,2
5426,0
5427,0
5428,1
5429,1
5430,2
5431,0
5432,1
5433,0
5434,2
5435,2
5436,0
5437,0
5438,1
5439,2
5440,2
5441,1
5442,0
5443,2
5444,2
5445,1
5446,1
5447,1
5448,1
5449,0
5450,1
5451,0
5452,1
5453,1
5454,2
5455,1
5456,1
5457,0
5458,0
5459,0
5460,2
5461,2
5462,0
5463,1
5464,0
5465,2
5466,1
5467,0
5468,1
5469,2
5470,0
5471,2
5472,0
5473,2
5474,1
5475,0
5476,0
5477,0
5478,2
5479,1
5480,1
5481,0
5482,2
5483,0
5484,2
5485,1
5486,2
5487,2
5488,0
5489,1
5490,2
5491,0
5492,1
5493,0
5494,2
5495,2
5496,2
5497,1
5498,1
5499,0
5500,2
5501,1
5502,0
5503,2
5504,2
5505,2
5506,0
5507,0
5508,0
5509,2
5510,2
5511,2
5512,1
5513,0
5514,1
5515,1
5516,2
5517,1
5518,1
5519,1
5520,1
5521,0
5522,0
5523,0
5524,1
5525,1
5526,0
5527,2
5528,2
5529,0
5530,0
5531,0
5532,0
5533,1
5534,1
5535,1
5536,2
5537,0
5538,0
5539,2
5540,1
5541,0
5542,0
5543,1
5544,2
5545,2
5546,1
5547,1
5548,1
5549,1
5550,2
5551,1
5552,2
5553,1
5554,0
5555,1
5556,2
5557,1
5558,2
5559,2
5560,2
5561,0
5562,0
5563,1
5564,0
5565,2
5566,0
5567,2
5568,0
5569,1
5570,0
5571,2
5572,0
5573,1
5574,1
5575,1
5576,1
5577,1
5578,2
5579,0
5580,0
5581,2
5582,0
5583,2
5584,1
5585,0
5586,0
5587,0
5588,2
5589,1
5590,2
5591,2
5592,2
5593,1
5594,2
5595,2
5596,1
5597,0
5598,2
5599,2
5600,2
5601,0
5602,1
5603,0
5604,0
5605,1
5606,2
5607,2
5608,2
5609,2
5610,0
5611,2
5612,1
5613,0
5614,1
5615,0
5616,1
5617,0
5618,0
5619,0
5620,2
5621,1
5622,1
5623,0
5624,2
5625,1
5626,1
5627,0
5628,1
5629,0
5630,1
5631,0
5632,1
5633,2
5634,1
5635,2
5636,0
5637,2
5638,0
5639,0
5640,1
5641,0
5642,1
5643,2
5644,0
5645,1
5646,1
5647,2
5648,1
5649,0
5650,0
5651,2
5652,1
5653,2
5654,2
5655,1
5656,1
5657,0
5658,0
5659,2
5660,1
5661,0
5662,1
5663,2
5664,1
5665,1
5666,0
5667,0
5668,1
5669,1
5670,2
5671,1
5672,1
5673,1
5674,2
5675,1
5676,1
5677,1
5678,0
5679,1
5680,0
5681,2
5682,0
5683,0
5684,0
5685,1
5686,2
5687,2
5688,1
5689,0
5690,0
5691,1
5692,0
5693,2
5694,2
5695,1
5696,0
5697,2
5698,1
5699,1
5700,2
5701,2
5702,2
5703,1
5704,1
5705,1
5706,0
5707,2
5708,2
5709,1
5710,2
5711,0
5712,0
5713,0
5714,2
5715,1
5716,1
5717,2
5718,2
5719,2
5720,1
5721,2
5722,0
5723,1
5724,0
5725,2
5726,0
5727,0
5728,0
5729,2
5730,0
5731,0
5732,1
5733,1
5734,2
5735,2
5736,0
5737,0
5738,1
5739,0
5740,0
5741,1
5742,0
5743,0
5744,1
5745,2
5746,0
5747,2
5748,1
5749,1
5750,1
5751,0
5752,2
5753,2
5754,1
5755,1
5756,1
5757,2
5758,2
5759,0
5760,1
5761,1
5762,2
5763,0
5764,2
5765,2
5766,1
5767,1
5768,1
5769,2
5770,0
5771,2
5772,1
5773,2
5774,0
5775,1
5776,2
5777,2
5778,1
5779,2
5780,2
5781,0
5782,1
5783,0
5784,2
5785,1
5786,0
5787,0
5788,0
5789,1
5790,1
5791,0
5792,2
5793,0
5794,1
5795,1
5796,1
5797,0
5798,0
5799,0
5800,1
5801,0
5802,2
5803,2
5804,0
5805,0
5806,2
5807,2
5808,2
5809,0
5810,0
5811,0
5812,0
5813,0
5814,1
5815,1
5816,2
5817,2
5818,0
5819,2
5820,2
5821,0
5822,0
5823,2
5824,2
5825,0
5826,0
5827,0
5828,2
5829,2
5830,0
5831,2
5832,1
5833,1
5834,1
5835,1
5836,0
5837,0
5838,1
5839,0
5840,0
5841,2
5842,1
5843,1
5844,1
5845,2
5846,0
5847,1
5848,0
5849,2
5850,0
5851,2
5852,1
5853,2
5854,1
5855,1
5856,2
5857,0
5858,0
5859,1
5860,0
5861,2
5862,2
5863,1
5864,0
5865,1
5866,0
5867,2
5868,2
5869,2
5870,2
5871,2
5872,0
5873,0
5874,1
5875,0
5876,0
5877,1
5878,0
5879,0
5880,2
5881,1
5882,1
5883,1
5884,0
5885,2
5886,0
5887,0
5888,0
5889,0
5890,0
5891,0
5892,0
5893,1
5894,0
5895,1
5896,0
5897,0
5898,1
5899,0
5900,0
5901,1
5902,2
5903,2
5904,0
5905,0
5906,0
5907,2
5908,0
5909,2
5910,2
5911,0
5912,2
5913,1
5914,0
5915,0
5916,0
5917,0
5918,0
5919,1
5920,2
5921,1
5922,0
5923,2
5924,2
5925,1
5926,0
5927,2
5928,0
5929,0
5930,0
5931,2
5932,0
5933,1
5934,0
5935,1
5936,2
5937,1
5938,2
5939,2
5940,2
5941,0
5942,2
5943,1
5944,0
5945,1
5946,0
5947,2
5948,0
5949,2
5950,0
5951,2
5952,1
5953,1
5954,2
5955,2
5956,2
5957,2
5958,0
5959,2
5960,2
5961,0
5962,1
5963,2
5964,0
5965,0
5966,2
5967,2
5968,0
5969,0
5970,2
5971,0
5972,1
5973,1
5974,1
5975,0
5976,2
5977,0
5978,2
5979,1
5980,1
5981,1
5982,2
5983,0
5984,1
5985,0
5986,0
5987,1
5988,2
5989,2
5990,1
5991,0
5992,0
5993,1
5994,0
5995,1
5996,2
5997,2
5998,1
5999,0
6000,0
6001,2
6002,0
6003,2
6004,2
6005,1
6006,0
6007,1
6008,1
6009,1
6010,1
6011,1
6012,0
6013,2
6014,1
6015,0
6016,2
6017,0
6018,2
6019,2
6020,1
6021,2
6022,0
6023,0
6024,0
6025,0
6026,0
6027,1
6028,1
6029,0
6030,0
6031,1
6032,1
6033,1
6034,0
6035,1
6036,1
6037,2
6038,0
6039,0
6040,1
6041,2
6042,0
6043,2
6044,1
6045,1
6046,2
6047,0
6048,2
6049,2
6050,0
6051,2
6052,1
6053,0
6054,0
6055,2
6056,2
6057,1
6058,0
6059,0
6060,2
6061,2
6062,0
6063,2
6064,2
6065,1
6066,0
6067,2
6068,1
6069,0
6070,2
6071,2
6072,0
6073,2
6074,0
6075,0
6076,0
6077,0
6078,2
6079,2
6080,1
6081,0
6082,2
6083,1
6084,0
6085,1
6086,2
6087,0
6088,2
6089,2
6090,2
6091,0
6092,0
6093,1
6094,1
6095,0
6096,0
6097,0
6098,1
6099,1
6100,1
6101,0
6102,0
6103,1
6104,1
6105,0
6106,2
6107,2
6108,0
6109,1
6110,0
6111,1
6112,1
6113,0
6114,2
6115,1
6116,2
6117,2
6118,2
6119,2
6120,1
6121,2
6122,0
6123,1
6124,0
6125,2
6126,1
6127,1
6128,1
6129,0
6130,1
6131,1
6132,2
6133,2
6134,1
6135,2
6136,0
6137,2
6138,2
6139,0
6140,2
6141,1
6142,0
6143,0
6144,0
6145,2
6146,1
6147,2
6148,0
6149,0
6150,0
6151,2
6152,2
6153,1
6154,2
6155,1
6156,1
6157,2
6158,1
6159,2
6160,1
6161,2
6162,1
6163,2
6164,0
6165,2
6166,2
6167,2
6168,0
6169,2
6170,1
6171,0
6172,0
6173,0
6174,1
6175,1
6176,2
6177,2
6178,0
6179,1
6180,2
6181,2
6182,1
6183,0
6184,2
6185,1
6186,1
6187,0
6188,1
6189,0
6190,0
6191,2
6192,1
6193,0
6194,2
6195,0
6196,2
6197,2
6198,0
6199,0
6200,2
6201,1
6202,1
6203,0
6204,2
6205,0
6206,1
6207,1
6208,2
6209,0
6210,1
6211,0
6212,0
6213,0
6214,0
6215,2
6216,2
6217,2
6218,2
6219,0
6220,2
6221,0
6222,2
6223,1
6224,0
6225,1
6226,0
6227,0
6228,2
6229,2
6230,2
6231,1
6232,2
6233,0
6234,1
6235,1
6236,2
6237,2
6238,1
6239,0
6240,1
6241,2
6242,1
6243,1
6244,0
6245,1
6246,1
6247,1
6248,1
6249,0
6250,2
6251,1
6252,0
6253,1
6254,0
6255,0
6256,0
6257,1
6258,2
6259,1
6260,2
6261,2
6262,1
6263,0
6264,1
6265,1
6266,1
6267,2
6268,1
6269,2
6270,0
6271,1
6272,0
6273,2
6274,0
6275,2
6276,0
6277,0
6278,1
6279,0
6280,0
6281,2
6282,1
6283,2
6284,1
6285,1
6286,2
6287,1
6288,2
6289,0
6290,2
6291,0
6292,0
6293,2
6294,2
6295,1
6296,1
6297,0
6298,1
6299,0
6300,2
6301,0
6302,2
6303,1
6304,2
6305,0
6306,0
6307,0
6308,0
6309,0
6310,2
6311,1
6312,1
6313,0
6314,1
6315,2
6316,0
6317,1
6318,2
6319,0
6320,1
6321,2
6322,2
6323,1
6324,2
6325,2
6326,2
6327,0
6328,2
6329,0
6330,2
6331,0
6332,0
6333,1
6334,1
6335,2
6336,1
6337,0
6338,1
6339,1
6340,2
6341,1
6342,0
6343,0
6344,1
6345,1
6346,0
6347,2
6348,1
6349,0
6350,1
6351,0
6352,1
6353,2
6354,0
6355,1
6356,0
6357,0
6358,2
6359,1
6360,0
6361,1
6362,0
6363,0
6364,0
6365,2
6366,0
6367,1
6368,2
6369,0
6370,2
6371,0
6372,1
6373,1
6374,1
6375,0
6376,1
6377,0
6378,1
6379,0
6380,2
6381,0
6382,0
6383,0
6384,2
6385,0
6386,1
6387,2
6388,0
6389,2
6390,0
6391,1
6392,0
6393,2
6394,1
6395,0
6396,1
6397,2
6398,2
6399,2
6400,2
6401,2
6402,0
6403,0
6404,0
6405,0
6406,2
6407,2
6408,0
6409,1
6410,1
6411,0
6412,0
6413,1
6414,0
6415,2
6416,1
6417,2
6418,2
6419,1
6420,0
6421,0
6422,0
6423,1
6424,2
6425,1
6426,2
6427,0
6428,1
6429,0
6430,1
6431,1
6432,2
6433,0
6434,1
6435,0
6436,2
6437,0
6438,2
6439,0
6440,1
6441,0
6442,2
6443,1
6444,1
6445,0
6446,2
6447,2
6448,2
6449,2
6450,0
6451,2
6452,2
6453,2
6454,2
6455,2
6456,1
6457,0
6458,2
6459,1
6460,0
6461,2
6462,2
6463,2
6464,2
6465,1
6466,0
6467,2
6468,2
6469,2
6470,0
6471,0
6472,1
6473,2
6474,1
6475,2
6476,0
6477,2
6478,2
6479,2
6480,1
6481,0
6482,2
6483,0
6484,0
6485,0
6486,1
6487,0
6488,2
6489,0
6490,1
6491,1
6492,1
6493,0
6494,0
6495,0
6496,2
6497,0
6498,1
6499,1
6500,2
6501,1
6502,2
6503,2
6504,2
6505,2
6506,1
6507,2
6508,1
6509,0
6510,1
6511,0
6512,1
6513,0
6514,2
6515,2
6516,1
6517,2
6518,2
6519,0
6520,2
6521,2
6522,1
6523,1
6524,2
6525,1
6526,0
6527,1
6528,1
6529,2
6530,0
6531,2
6532,0
6533,1
6534,2
6535,1
6536,2
6537,0
6538,0
6539,0
6540,0
6541,1
6542,2
6543,0
6544,0
6545,2
6546,1
6547,0
6548,2
6549,1
6550,2
6551,0
6552,2
6553,0
6554,1
6555,1
6556,0
6557,1
6558,2
6559,0
6560,2
6561,2
6562,0
6563,0
6564,2
6565,2
6566,2
6567,1
6568,2
6569,1
6570,1
6571,1
6572,2
6573,2
6574,1
6575,1
6576,1
6577,1
6578,1
6579,1
6580,1
6581,0
6582,0
6583,2
6584,1
6585,0
6586,1
6587,1
6588,2
6589,1
6590,2
6591,2
6592,0
6593,0
6594,2
6595,1
6596,2
6597,0
6598,2
6599,1
6600,2
6601,1
6602,0
6603,1
6604,0
6605,2
6606,0
6607,0
6608,0
6609,1
6610,1
6611,2
6612,2
6613,0
6614,0
6615,1
6616,0
6617,1
6618,2
6619,2
6620,0
6621,1
6622,2
6623,1
6624,0
6625,0
6626,2
6627,0
6628,1
6629,0
6630,1
6631,2
6632,2
6633,1
6634,1
6635,2
6636,2
6637,0
6638,2
6639,2
6640,2
6641,0
6642,1
6643,1
6644,0
6645,0
6646,2
6647,2
6648,2
6649,0
6650,0
6651,0
6652,2
6653,1
6654,0
6655,2
6656,0
6657,0
6658,2
6659,2
6660,2
6661,2
6662,2
6663,0
6664,1
6665,0
6666,1
6667,2
6668,1
6669,0
6670,0
6671,2
6672,1
6673,1
6674,2
6675,0
6676,2
6677,1
6678,2
6679,2
6680,2
6681,0
6682,2
6683,2
6684,2
6685,0
6686,1
6687,0
6688,0
6689,0
6690,1
6691,0
6692,0
6693,2
6694,1
6695,1
6696,2
6697,1
6698,1
6699,0
6700,0
6701,0
6702,1
6703,1
6704,0
6705,0
6706,1
6707,1
6708,2
6709,1
6710,1
6711,2
6712,1
6713,0
6714,1
6715,2
6716,0
6717,0
6718,0
6719,1
6720,2
6721,2
6722,2
6723,0
6724,0
6725,0
6726,0
6727,0
6728,2
6729,0
6730,2
6731,0
6732,0
6733,1
6734,2
6735,1
6736,2
6737,2
6738,1
6739,1
6740,0
6741,0
6742,2
6743,2
6744,2
6745,2
6746,2
6747,1
6748,0
6749,1
6750,2
6751,2
6752,0
6753,2
6754,1
6755,0
6756,0
6757,2
6758,2
6759,2
6760,1
6761,1
6762,1
6763,1
6764,2
6765,0
6766,2
6767,1
6768,0
6769,0
6770,2
6771,0
6772,2
6773,2
6774,2
6775,2
6776,2
6777,1
6778,0
6779,1
6780,0
6781,2
6782,1
6783,0
6784,2
6785,1
6786,1
6787,1
6788,1
6789,1
6790,1
6791,1
6792,0
6793,2
6794,2
6795,0
6796,1
6797,2
6798,2
6799,1
6800,2
6801,2
6802,0
6803,1
6804,1
6805,2
6806,0
6807,1
6808,2
6809,2
6810,0
6811,2
6812,1
6813,2
6814,1
6815,2
6816,0
6817,0
6818,2
6819,0
6820,0
6821,2
6822,0
6823,0
6824,2
6825,1
6826,2
6827,2
6828,1
6829,1
6830,0
6831,2
6832,1
6833,0
6834,0
6835,0
6836,0
6837,2
6838,0
6839,0
6840,0
6841,1
6842,2
6843,1
6844,1
6845,1
6846,0
6847,1
6848,2
6849,0
6850,0
6851,1
6852,1
6853,2
6854,2
6855,2
6856,1
6857,2
6858,2
6859,0
6860,1
6861,0
6862,0
6863,0
6864,2
6865,0
6866,0
6867,0
6868,1
6869,2
6870,0
6871,0
6872,0
6873,2
6874,0
6875,2
6876,2
6877,2
6878,1
6879,2
6880,0
6881,2
6882,1
6883,1
6884,0
6885,2
6886,0
6887,0
6888,1
6889,1
6890,0
6891,1
6892,2
6893,1
6894,1
6895,0
6896,2
6897,2
6898,1
6899,2
6900,2
6901,1
6902,2
6903,1
6904,0
6905,2
6906,2
6907,0
6908,1
6909,2
6910,1
6911,1
6912,1
6913,2
6914,1
6915,0
6916,2
6917,1
6918,0
6919,2
6920,2
6921,0
6922,0
6923,2
6924,0
6925,0
6926,0
6927,2
6928,2
6929,0
6930,2
6931,2
6932,2
6933,0
6934,2
6935,2
6936,2
6937,1
6938,0
6939,2
6940,1
6941,2
6942,1
6943,1
6944,1
6945,2
6946,0
6947,0
6948,2
6949,0
6950,2
6951,1
6952,1
6953,0
6954,0
6955,2
6956,0
6957,1
6958,1
6959,2
6960,0
6961,1
6962,2
6963,2
6964,2
6965,1
6966,1
6967,2
6968,1
6969,1
6970,1
6971,2
6972,0
6973,0
6974,2
6975,1
6976,2
6977,0
6978,2
6979,1
6980,2
6981,1
6982,0
6983,2
6984,2
6985,2
6986,1
6987,1
6988,2
6989,0
6990,0
6991,1
6992,0
6993,2
6994,1
6995,0
6996,2
6997,0
6998,1
6999,1
7000,1
7001,1
7002,1
7003,1
7004,1
7005,1
7006,0
7007,1
7008,1
7009,1
7010,2
7011,1
7012,2
7013,2
7014,1
7015,1
7016,1
7017,2
7018,1
7019,0
7020,1
7021,2
7022,1
7023,1
7024,2
7025,0
7026,1
7027,0
7028,1
7029,1
7030,1
7031,1
7032,0
7033,0
7034,0
7035,0
7036,1
7037,2
7038,2
7039,1
7040,0
7041,2
7042,2
7043,0
7044,1
7045,1
7046,2
7047,2
7048,1
7049,2
7050,0
7051,1
7052,1
7053,2
7054,2
7055,0
7056,0
7057,1
7058,2
7059,0
7060,1
7061,0
7062,1
7063,0
7064,0
7065,2
7066,0
7067,1
7068,0
7069,0
7070,0
7071,2
7072,1
7073,2
7074,0
7075,1
7076,0
7077,0
7078,0
7079,1
7080,1
7081,0
7082,2
7083,1
7084,2
7085,2
7086,0
7087,0
7088,2
7089,0
7090,2
7091,1
7092,0
7093,2
7094,1
7095,2
7096,1
7097,1
7098,2
7099,2
7100,2
7101,0
7102,1
7103,1
7104,0
7105,0
7106,0
7107,2
7108,1
7109,0
7110,1
7111,2
7112,1
7113,2
7114,1
7115,0
7116,1
7117,1
7118,2
7119,1
7120,0
7121,1
7122,1
7123,1
7124,1
7125,2
7126,0
7127,0
7128,2
7129,1
7130,1
7131,0
7132,1
7133,0
7134,2
7135,0
7136,0
7137,0
7138,1
7139,0
7140,1
7141,1
7142,2
7143,0
7144,2
7145,1
7146,0
7147,2
7148,2
7149,1
7150,2
7151,1
7152,0
7153,1
7154,0
7155,2
7156,2
7157,0
7158,0
7159,2
7160,1
7161,2
7162,0
7163,2
7164,2
7165,2
7166,1
7167,2
7168,2
7169,1
7170,2
7171,0
7172,1
7173,1
7174,0
7175,2
7176,2
7177,2
7178,2
7179,2
7180,2
7181,0
7182,2
7183,2
7184,2
7185,0
7186,1
7187,2
7188,2
7189,2
7190,1
7191,2
7192,2
7193,0
7194,0
7195,1
7196,0
7197,1
7198,2
7199,1
7200,1
7201,0
7202,1
7203,1
7204,0
7205,1
7206,1
7207,1
7208,1
7209,2
7210,2
7211,1
7212,0
7213,0
7214,1
7215,2
7216,2
7217,1
7218,0
7219,2
7220,0
7221,1
7222,0
7223,2
7224,1
7225,1
7226,1
7227,2
7228,0
7229,1
7230,2
7231,0
7232,0
7233,1
7234,1
7235,1
7236,0
7237,1
7238,0
7239,1
7240,0
7241,2
7242,1
7243,1
7244,1
7245,1
7246,2
7247,0
7248,1
7249,0
7250,1
7251,1
7252,0
7253,2
7254,2
7255,1
7256,1
7257,2
7258,1
7259,2
7260,0
7261,2
7262,0
7263,0
7264,2
7265,2
7266,1
7267,0
7268,2
7269,0
7270,1
7271,1
7272,2
7273,0
7274,0
7275,0
7276,2
7277,0
7278,1
7279,2
7280,1
7281,1
7282,0
7283,2
7284,0
7285,1
7286,1
7287,1
7288,2
7289,1
7290,2
7291,2
7292,2
7293,0
7294,0
7295,1
7296,1
7297,2
7298,1
7299,0
7300,1
7301,2
7302,0
7303,0
7304,2
7305,2
7306,2
7307,2
7308,0
7309,1
7310,2
7311,1
7312,1
7313,0
7314,0
7315,1
7316,0
7317,0
7318,2
7319,1
7320,0
7321,0
7322,2
7323,0
7324,1
7325,2
7326,1
7327,2
7328,0
7329,1
7330,2
7331,2
7332,1
7333,2
7334,2
7335,1
7336,2
7337,0
7338,0
7339,2
7340,2
7341,2
7342,0
7343,2
7344,0
7345,2
7346,0
7347,1
7348,0
7349,0
7350,2
7351,1
7352,1
7353,2
7354,1
7355,1
7356,0
7357,2
7358,2
7359,2
7360,1
7361,0
7362,0
7363,0
7364,0
7365,2
7366,0
7367,1
7368,2
7369,1
7370,1
7371,2
7372,2
7373,1
7374,1
7375,2
7376,0
7377,2
7378,1
7379,0
7380,2
7381,1
7382,2
7383,1
7384,1
7385,1
7386,1
7387,1
7388,2
7389,1
7390,2
7391,0
7392,1
7393,1
7394,1
7395,1
7396,2
7397,1
7398,2
7399,1
7400,1
7401,0
7402,0
7403,1
7404,0
7405,1
7406,2
7407,1
7408,0
7409,0
7410,1
7411,1
7412,0
7413,0
7414,2
7415,0
7416,1
7417,2
7418,1
7419,1
7420,2
7421,2
7422,0
7423,1
7424,1
7425,0
7426,0
7427,2
7428,0
7429,0
7430,1
7431,0
7432,1
7433,1
7434,2
7435,0
7436,1
7437,0
7438,0
7439,1
7440,0
7441,0
7442,1
7443,0
7444,2
7445,1
7446,0
7447,1
7448,0
7449,2
7450,1
7451,2
7452,0
7453,0
7454,2
7455,1
7456,1
7457,2
7458,0
7459,1
7460,1
7461,1
7462,0
7463,2
7464,0
7465,0
7466,0
7467,2
7468,2
7469,1
7470,1
7471,2
7472,0
7473,1
7474,2
7475,0
7476,1
7477,0
7478,0
7479,2
7480,1
7481,2
7482,1
7483,1
7484,0
7485,1
7486,2
7487,0
7488,1
7489,2
7490,0
7491,0
7492,2
7493,1
7494,2
7495,1
7496,0
7497,1
7498,2
7499,1
7500,1
7501,1
7502,0
7503,0
7504,0
7505,2
7506,0
7507,2
7508,2
7509,0
7510,1
7511,1
7512,0
7513,1
7514,2
7515,0
7516,1
7517,1
7518,2
7519,2
7520,2
7521,2
7522,2
7523,1
7524,0
7525,1
7526,1
7527,2
7528,1
7529,2
7530,1
7531,0
7532,2
7533,1
7534,2
7535,0
7536,1
7537,0
7538,1
7539,1
7540,1
7541,0
7542,0
7543,0
7544,0
7545,0
7546,0
7547,1
7548,0
7549,2
7550,1
7551,1
7552,1
7553,0
7554,0
7555,2
7556,1
7557,0
7558,2
7559,0
7560,2
7561,2
7562,2
7563,1
7564,1
7565,2
7566,2
7567,1
7568,2
7569,2
7570,2
7571,0
7572,2
7573,2
7574,0
7575,0
7576,1
7577,2
7578,1
7579,2
7580,1
7581,0
7582,0
7583,1
7584,2
7585,2
7586,0
7587,1
7588,2
7589,1
7590,0
7591,0
7592,1
7593,1
7594,2
7595,0
7596,2
7597,1
7598,0
7599,2
7600,1
7601,2
7602,0
7603,2
7604,1
7605,2
7606,2
7607,1
7608,1
7609,0
7610,1
7611,2
7612,2
7613,0
7614,0
7615,2
7616,1
7617,0
7618,1
7619,1
7620,1
7621,1
7622,0
7623,0
7624,0
7625,1
7626,1
7627,1
7628,0
7629,0
7630,0
7631,1
7632,2
7633,1
7634,2
7635,0
7636,2
7637,1
7638,1
7639,2
7640,2
7641,1
7642,0
7643,0
7644,1
7645,0
7646,1
7647,2
7648,2
7649,2
7650,2
7651,2
7652,1
7653,0
7654,0
7655,0
7656,2
7657,0
7658,0
7659,1
7660,2
7661,2
7662,2
7663,2
7664,1
7665,0
7666,1
7667,2
7668,1
7669,0
7670,1
7671,0
7672,0
7673,2
7674,1
7675,1
7676,2
7677,0
7678,0
7679,1
7680,2
7681,0
7682,2
7683,1
7684,0
7685,1
7686,0
7687,2
7688,2
7689,2
7690,1
7691,0
7692,0
7693,2
7694,2
7695,0
7696,0
7697,0
7698,2
7699,2
7700,1
7701,2
7702,0
7703,1
7704,1
7705,0
7706,2
7707,2
7708,0
7709,0
7710,1
7711,2
7712,2
7713,1
7714,2
7715,0
7716,1
7717,2
7718,0
7719,2
7720,0
7721,0
7722,2
7723,0
7724,0
7725,0
7726,1
7727,0
7728,0
7729,1
7730,0
7731,0
7732,0
7733,1
7734,2
7735,2
7736,1
7737,1
7738,2
7739,2
7740,0
7741,0
7742,0
7743,2
7744,2
7745,2
7746,1
7747,1
7748,2
7749,2
7750,2
7751,0
7752,2
7753,2
7754,2
7755,0
7756,0
7757,1
7758,0
7759,2
7760,1
7761,0
7762,1
7763,0
7764,0
7765,1
7766,2
7767,1
7768,2
7769,0
7770,1
7771,2
7772,0
7773,1
7774,1
7775,2
7776,2
7777,1
7778,0
7779,0
7780,2
7781,2
7782,1
7783,1
7784,1
7785,0
7786,1
7787,2
7788,1
7789,1
7790,0
7791,2
7792,0
7793,1
7794,2
7795,1
7796,0
7797,2
7798,0
7799,0
7800,1
7801,1
7802,0
7803,1
7804,1
7805,1
7806,1
7807,0
7808,1
7809,1
7810,2
7811,1
7812,2
7813,1
7814,1
7815,0
7816,2
7817,2
7818,0
7819,0
7820,2
7821,0
7822,0
7823,2
7824,1
7825,2
7826,0
7827,2
7828,0
7829,1
7830,0
7831,2
7832,1
7833,1
7834,1
7835,1
7836,0
7837,0
7838,2
7839,2
7840,2
7841,1
7842,2
7843,2
7844,1
7845,1
7846,1
7847,0
7848,2
7849,1
7850,0
7851,0
7852,1
7853,2
7854,1
7855,2
7856,2
7857,2
7858,1
7859,0
7860,2
7861,1
7862,1
7863,2
7864,0
7865,1
7866,0
7867,2
7868,1
7869,2
7870,0
7871,2
7872,2
7873,2
7874,2
7875,2
7876,0
7877,1
7878,0
7879,0
7880,2
7881,1
7882,2
7883,1
7884,0
7885,1
7886,1
7887,0
7888,2
7889,2
7890,0
7891,0
7892,2
7893,2
7894,2
7895,1
7896,1
7897,0
7898,1
7899,2
7900,1
7901,2
7902,1
7903,1
7904,0
7905,1
7906,1
7907,1
7908,2
7909,2
7910,1
7911,1
7912,2
7913,2
7914,0
7915,0
7916,1
7917,0
7918,0
7919,0
7920,2
7921,0
7922,0
7923,2
7924,0
7925,2
7926,1
7927,2
7928,0
7929,2
7930,2
7931,2
7932,2
7933,0
7934,1
7935,2
7936,2
7937,0
7938,1
7939,0
7940,1
7941,1
7942,2
7943,0
7944,0
7945,1
7946,1
7947,2
7948,2
7949,1
7950,1
7951,0
7952,0
7953,2
7954,0
7955,0
7956,2
7957,1
7958,0
7959,1
7960,1
7961,1
7962,2
7963,0
7964,0
7965,1
7966,1
7967,0
7968,0
7969,0
7970,2
7971,2
7972,1
7973,1
7974,1
7975,2
7976,1
7977,0
7978,0
7979,2
7980,1
7981,2
7982,1
7983,2
7984,2
7985,1
7986,1
7987,0
7988,2
7989,2
7990,2
7991,1
7992,0
7993,0
7994,1
7995,1
7996,0
7997,1
7998,0
7999,0
8000,0
8001,1
8002,0
8003,1
8004,0
8005,2
8006,0
8007,1
8008,0
8009,1
8010,1
8011,1
8012,1
8013,0
8014,0
8015,2
8016,1
8017,1
8018,2
8019,0
8020,2
8021,1
8022,0
8023,1
8024,1
8025,0
8026,1
8027,0
8028,0
8029,2
8030,1
8031,0
8032,2
8033,0
8034,1
8035,2
8036,1
8037,2
8038,1
8039,2
8040,0
8041,1
8042,1
8043,2
8044,0
8045,1
8046,0
8047,0
8048,0
8049,1
8050,1
8051,2
8052,2
8053,2
8054,1
8055,1
8056,1
8057,2
8058,0
8059,0
8060,1
8061,2
8062,2
8063,1
8064,2
8065,0
8066,2
8067,0
8068,2
8069,2
8070,1
8071,0
8072,0
8073,1
8074,1
8075,2
8076,1
8077,1
8078,0
8079,2
8080,0
8081,2
8082,1
8083,1
8084,0
8085,2
8086,1
8087,1
8088,0
8089,1
8090,2
8091,0
8092,2
8093,1
8094,0
8095,1
8096,1
8097,0
8098,1
8099,2
8100,2
8101,1
8102,1
8103,2
8104,1
8105,2
8106,2
8107,1
8108,1
8109,2
8110,2
8111,2
8112,2
8113,2
8114,1
8115,2
8116,0
8117,0
8118,1
8119,0
8120,2
8121,0
8122,1
8123,2
8124,1
8125,1
8126,2
8127,0
8128,2
8129,1
8130,1
8131,2
8132,1
8133,1
8134,0
8135,1
8136,0
8137,0
8138,0
8139,1
8140,1
8141,2
8142,2
8143,0
8144,1
8145,1
8146,2
8147,2
8148,2
8149,1
8150,0
8151,0
8152,1
8153,0
8154,1
8155,0
8156,1
8157,2
8158,1
8159,2
8160,0
8161,2
8162,2
8163,1
8164,2
8165,0
8166,2
8167,0
8168,2
8169,1
8170,1
8171,0
8172,1
8173,2
8174,1
8175,1
8176,2
8177,0
8178,0
8179,0
8180,0
8181,2
8182,1
8183,0
8184,1
8185,0
8186,0
8187,1
8188,2
8189,1
8190,0
8191,0
8192,0
8193,0
8194,0
8195,2
8196,0
8197,1
8198,2
8199,2
8200,0
8201,1
8202,1
8203,2
8204,2
8205,2
8206,2
8207,0
8208,0
8209,1
8210,0
8211,1
8212,0
8213,1
8214,2
8215,1
8216,2
8217,2
8218,1
8219,2
8220,1
8221,2
8222,0
8223,0
8224,0
8225,2
8226,2
8227,0
8228,1
8229,0
8230,2
8231,1
8232,0
8233,1
8234,0
8235,1
8236,1
8237,0
8238,1
8239,2
8240,2
8241,1
8242,0
8243,0
8244,2
8245,1
8246,0
8247,0
8248,1
8249,0
8250,1
8251,1
8252,0
8253,1
8254,2
8255,0
8256,1
8257,1
8258,2
8259,0
8260,0
8261,0
8262,2
8263,2
8264,2
8265,2
8266,0
8267,0
8268,2
8269,2
8270,2
8271,1
8272,2
8273,2
8274,2
8275,0
8276,0
8277,1
8278,0
8279,0
8280,1
8281,2
8282,1
8283,1
8284,0
8285,2
8286,0
8287,0
8288,2
8289,1
8290,1
8291,0
8292,2
8293,2
8294,0
8295,1
8296,2
8297,1
8298,0
8299,1
8300,1
8301,1
8302,2
8303,2
8304,0
8305,1
8306,1
8307,0
8308,1
8309,0
8310,2
8311,0
8312,0
8313,0
8314,0
8315,2
8316,1
8317,1
8318,1
8319,0
8320,1
8321,2
8322,2
8323,1
8324,0
8325,0
8326,1
8327,1
8328,0
8329,2
8330,1
8331,2
8332,1
8333,0
8334,1
8335,2
8336,0
8337,2
8338,0
8339,0
8340,2
8341,2
8342,0
8343,1
8344,2
8345,0
8346,0
8347,2
8348,0
8349,1
8350,1
8351,1
8352,0
8353,0
8354,2
8355,2
8356,1
8357,1
8358,0
8359,1
8360,0
8361,2
8362,1
8363,0
8364,0
8365,1
8366,2
8367,2
8368,1
8369,0
8370,0
8371,0
8372,1
8373,1
8374,2
8375,1
8376,0
8377,1
8378,0
8379,0
8380,1
8381,1
8382,2
8383,0
8384,0
8385,1
8386,0
8387,2
8388,0
8389,0
8390,2
8391,2
8392,2
8393,1
8394,2
8395,0
8396,0
8397,2
8398,0
8399,0
8400,0
8401,2
8402,1
8403,1
8404,1
8405,0
8406,1
8407,2
8408,1
8409,1
8410,1
8411,0
8412,1
8413,2
8414,0
8415,0
8416,1
8417,2
8418,1
8419,2
8420,2
8421,2
8422,1
8423,2
8424,0
8425,1
8426,0
8427,0
8428,2
8429,0
8430,0
8431,1
8432,2
8433,0
8434,0
8435,2
8436,2
8437,0
8438,2
8439,1
8440,2
8441,0
8442,0
8443,2
8444,0
8445,0
8446,1
8447,0
8448,1
8449,2
8450,0
8451,0
8452,1
8453,1
8454,1
8455,1
8456,0
8457,1
8458,0
8459,0
8460,0
8461,1
8462,1
8463,2
8464,1
8465,0
8466,0
8467,1
8468,1
8469,0
8470,0
8471,2
8472,0
8473,1
8474,2
8475,1
8476,2
8477,2
8478,1
8479,1
8480,1
8481,2
8482,0
8483,1
8484,0
8485,2
8486,2
8487,0
8488,1
8489,0
8490,0
8491,1
8492,2
8493,2
8494,0
8495,0
8496,2
8497,1
8498,0
8499,0
8500,1
8501,1
8502,2
8503,2
8504,1
8505,1
8506,1
8507,2
8508,0
8509,0
8510,1
8511,2
8512,0
8513,0
8514,1
8515,0
8516,0
8517,2
8518,2
8519,2
8520,2
8521,1
8522,0
8523,1
8524,2
8525,2
8526,0
8527,0
8528,2
8529,0
8530,2
8531,0
8532,1
8533,1
8534,2
8535,2
8536,0
8537,1
8538,2
8539,0
8540,0
8541,2
8542,0
8543,0
8544,1
8545,2
8546,0
8547,1
8548,1
8549,1
8550,0
8551,2
8552,1
8553,0
8554,1
8555,2
8556,2
8557,0
8558,2
8559,2
8560,0
8561,1
8562,1
8563,0
8564,1
8565,1
8566,1
8567,2
8568,0
8569,0
8570,2
8571,0
8572,0
8573,0
8574,0
8575,0
8576,2
8577,1
8578,1
8579,0
8580,2
8581,2
8582,1
8583,1
8584,0
8585,1
8586,0
8587,0
8588,0
8589,0
8590,1
8591,2
8592,0
8593,0
8594,0
8595,0
8596,2
8597,1
8598,1
8599,2
8600,2
8601,0
8602,0
8603,2
8604,1
8605,1
8606,1
8607,1
8608,0
8609,1
8610,2
8611,2
8612,1
8613,0
8614,2
8615,1
8616,1
8617,0
8618,0
8619,2
8620,1
8621,1
8622,2
8623,0
8624,1
8625,0
8626,2
8627,0
8628,0
8629,0
8630,0
8631,2
8632,0
8633,0
8634,2
8635,0
8636,1
8637,0
8638,2
8639,2
8640,0
8641,2
8642,2
8643,2
8644,2
8645,1
8646,2
8647,2
8648,1
8649,2
8650,0
8651,0
8652,2
8653,2
8654,1
8655,2
8656,1
8657,0
8658,2
8659,2
8660,2
8661,1
8662,1
8663,0
8664,0
8665,2
8666,1
8667,0
8668,0
8669,0
8670,1
8671,0
8672,2
8673,1
8674,1
8675,0
8676,2
8677,1
8678,1
8679,1
8680,2
8681,1
8682,0
8683,1
8684,2
8685,0
8686,1
8687,2
8688,1
8689,1
8690,1
8691,1
8692,0
8693,1
8694,2
8695,1
8696,2
8697,2
8698,2
8699,2
8700,0
8701,2
8702,0
8703,2
8704,1
8705,0
8706,2
8707,0
8708,2
8709,1
8710,0
8711,2
8712,0
8713,0
8714,0
8715,1
8716,1
8717,0
8718,2
8719,2
8720,1
8721,2
8722,0
8723,2
8724,1
8725,2
8726,0
8727,2
8728,1
8729,0
8730,1
8731,1
8732,0
8733,0
8734,2
8735,2
8736,1
8737,1
8738,0
8739,2
8740,1
8741,1
8742,2
8743,1
8744,1
8745,1
8746,1
8747,1
8748,2
8749,2
8750,1
8751,1
8752,1
8753,0
8754,0
8755,0
8756,1
8757,2
8758,2
8759,0
8760,0
8761,1
8762,2
8763,0
8764,1
8765,0
8766,1
8767,1
8768,1
8769,2
8770,1
8771,1
8772,2
8773,1
8774,2
8775,0
8776,1
8777,1
8778,0
8779,1
8780,0
8781,0
8782,1
8783,2
8784,2
8785,2
8786,2
8787,2
8788,2
8789,2
8790,0
8791,1
8792,2
8793,0
8794,0
8795,0
8796,2
8797,0
8798,1
8799,2
8800,1
8801,2
8802,1
8803,2
8804,0
8805,1
8806,2
8807,1
8808,2
8809,1
8810,1
8811,0
8812,0
8813,0
8814,0
8815,0
8816,0
8817,1
8818,1
8819,0
8820,1
8821,2
8822,1
8823,2
8824,0
8825,1
8826,0
8827,2
8828,1
8829,2
8830,2
8831,2
8832,0
8833,0
8834,0
8835,0
8836,2
8837,1
8838,2
8839,0
8840,1
8841,2
8842,2
8843,0
8844,0
8845,2
8846,2
8847,0
8848,0
8849,1
8850,1
8851,1
8852,0
8853,2
8854,0
8855,1
8856,0
8857,0
8858,2
8859,0
8860,0
8861,0
8862,1
8863,2
8864,0
8865,2
8866,2
8867,2
8868,1
8869,2
8870,0
8871,0
8872,1
8873,0
8874,1
8875,1
8876,2
8877,1
8878,1
8879,2
8880,0
8881,1
8882,2
8883,1
8884,0
8885,0
8886,0
8887,1
8888,0
8889,2
8890,0
8891,2
8892,0
8893,2
8894,1
8895,2
8896,0
8897,0
8898,2
8899,1
8900,2
8901,0
8902,1
8903,0
8904,2
8905,1
8906,1
8907,2
8908,2
8909,2
8910,2
8911,0
8912,0
8913,2
8914,0
8915,2
8916,2
8917,0
8918,1
8919,1
8920,0
8921,2
8922,0
8923,0
8924,0
8925,1
8926,1
8927,0
8928,0
8929,2
8930,2
8931,2
8932,1
8933,1
8934,0
8935,0
8936,0
8937,2
8938,2
8939,2
8940,2
8941,0
8942,1
8943,1
8944,1
8945,2
8946,0
8947,1
8948,0
8949,1
8950,1
8951,0
8952,2
8953,0
8954,0
8955,1
8956,2
8957,1
8958,2
8959,2
8960,0
8961,0
8962,1
8963,2
8964,1
8965,1
8966,2
8967,1
8968,1
8969,2
8970,0
8971,2
8972,0
8973,1
8974,0
8975,1
8976,0
8977,1
8978,2
8979,2
8980,1
8981,1
8982,2
8983,2
8984,0
8985,1
8986,2
8987,2
8988,2
8989,0
8990,0
8991,1
8992,2
8993,2
8994,0
8995,1
8996,2
8997,1
8998,1
8999,2
9000,2
9001,2
9002,0
9003,2
9004,1
9005,1
9006,0
9007,0
9008,2
9009,1
9010,2
9011,0
9012,0
9013,1
9014,1
9015,1
9016,2
9017,2
9018,1
9019,2
9020,1
9021,0
9022,2
9023,2
9024,0
9025,2
9026,0
9027,2
9028,0
9029,1
9030,2
9031,0
9032,1
9033,0
9034,1
9035,0
9036,0
9037,1
9038,1
9039,1
9040,0
9041,1
9042,2
9043,1
9044,2
9045,2
9046,0
9047,1
9048,2
9049,2
9050,2
9051,1
9052,2
9053,0
9054,1
9055,0
9056,2
9057,0
9058,1
9059,2
9060,0
9061,0
9062,2
9063,1
9064,0
9065,0
9066,2
9067,1
9068,1
9069,2
9070,0
9071,2
9072,1
9073,0
9074,0
9075,2
9076,0
9077,1
9078,1
9079,1
9080,1
9081,1
9082,0
9083,1
9084,2
9085,1
9086,0
9087,1
9088,0
9089,0
9090,1
9091,1
9092,1
9093,0
9094,0
9095,0
9096,0
9097,0
9098,1
9099,0
9100,1
9101,0
9102,1
9103,2
9104,2
9105,0
9106,0
9107,0
9108,2
9109,1
9110,2
9111,0
9112,0
9113,1
9114,2
9115,2
9116,1
9117,2
9118,0
9119,2
9120,2
9121,2
9122,1
9123,2
9124,0
9125,0
9126,2
9127,1
9128,1
9129,1
9130,0
9131,0
9132,0
9133,2
9134,0
9135,0
9136,2
9137,2
9138,0
9139,0
9140,1
9141,0
9142,0
9143,2
9144,2
9145,2
9146,1
9147,2
9148,1
9149,0
9150,2
9151,0
9152,2
9153,0
9154,0
9155,1
9156,2
9157,2
9158,2
9159,0
9160,0
9161,2
9162,1
9163,1
9164,2
9165,2
9166,1
9167,2
9168,1
9169,1
9170,2
9171,1
9172,0
9173,1
9174,1
9175,2
9176,2
9177,0
9178,1
9179,2
9180,2
9181,0
9182,0
9183,0
9184,2
9185,2
9186,0
9187,0
9188,1
9189,2
9190,2
9191,1
9192,1
9193,0
9194,0
9195,2
9196,1
9197,1
9198,1
9199,1
9200,2
9201,0
9202,2
9203,0
9204,2
9205,2
9206,2
9207,2
9208,1
9209,1
9210,0
9211,0
9212,0
9213,0
9214,2
9215,0
9216,0
9217,1
9218,2
9219,1
9220,0
9221,2
9222,0
9223,0
9224,1
9225,0
9226,1
9227,0
9228,0
9229,0
9230,1
9231,0
9232,1
9233,2
9234,2
9235,2
9236,1
9237,2
9238,1
9239,2
9240,0
9241,2
9242,0
9243,0
9244,2
9245,1
9246,1
9247,1
9248,2
9249,1
9250,1
9251,0
9252,2
9253,2
9254,2
9255,2
9256,2
9257,1
9258,0
9259,2
9260,1
9261,1
9262,0
9263,2
9264,2
9265,0
9266,0
9267,0
9268,0
9269,1
9270,1
9271,1
9272,2
9273,1
9274,0
9275,1
9276,1
9277,2
9278,0
9279,1
9280,2
9281,0
9282,2
9283,2
9284,2
9285,0
9286,1
9287,0
9288,2
9289,1
9290,2
9291,2
9292,1
9293,1
9294,1
9295,2
9296,0
9297,1
9298,0
9299,1
9300,0
9301,2
9302,0
9303,2
9304,1
9305,2
9306,2
9307,1
9308,2
9309,1
9310,0
9311,0
9312,1
9313,2
9314,0
9315,0
9316,1
9317,0
9318,1
9319,1
9320,1
9321,0
9322,2
9323,1
9324,2
9325,1
9326,2
9327,2
9328,0
9329,0
9330,1
9331,0
9332,0
9333,0
9334,0
9335,0
9336,0
9337,1
9338,0
9339,2
9340,2
9341,1
9342,1
9343,2
9344,0
9345,1
9346,2
9347,1
9348,0
9349,2
9350,2
9351,0
9352,2
9353,1
9354,1
9355,1
9356,1
9357,2
9358,0
9359,0
9360,2
9361,2
9362,2
9363,1
9364,2
9365,2
9366,2
9367,1
9368,2
9369,1
9370,2
9371,2
9372,0
9373,2
9374,0
9375,1
9376,2
9377,0
9378,2
9379,1
9380,0
9381,2
9382,1
9383,0
9384,1
9385,1
9386,0
9387,1
9388,0
9389,1
9390,0
9391,0
9392,2
9393,0
9394,0
9395,0
9396,1
9397,2
9398,2
9399,1
9400,2
9401,0
9402,1
9403,0
9404,1
9405,1
9406,2
9407,0
9408,1
9409,2
9410,1
9411,1
9412,1
9413,2
9414,0
9415,1
9416,1
9417,2
9418,2
9419,1
9420,2
9421,0
9422,1
9423,0
9424,1
9425,1
9426,1
9427,2
9428,0
9429,1
9430,2
9431,1
9432,0
9433,1
9434,1
9435,0
9436,0
9437,0
9438,2
9439,1
9440,0
9441,1
9442,2
9443,1
9444,0
9445,2
9446,2
9447,1
9448,0
9449,2
9450,0
9451,1
9452,1
9453,1
9454,1
9455,0
9456,0
9457,1
9458,2
9459,0
9460,2
9461,0
9462,0
9463,0
9464,2
9465,1
9466,2
9467,1
9468,0
9469,2
9470,2
9471,1
9472,1
9473,1
9474,1
9475,1
9476,2
9477,0
9478,2
9479,0
9480,2
9481,0
9482,0
9483,2
9484,1
9485,1
9486,0
9487,2
9488,2
9489,0
9490,2
9491,0
9492,2
9493,0
9494,0
9495,0
9496,0
9497,1
9498,1
9499,1
9500,1
9501,1
9502,0
9503,2
9504,1
9505,1
9506,2
9507,2
9508,0
9509,2
9510,1
9511,1
9512,0
9513,0
9514,2
9515,0
9516,2
9517,0
9518,1
9519,0
9520,2
9521,0
9522,0
9523,0
9524,2
9525,2
9526,2
9527,2
9528,2
9529,2
9530,0
9531,1
9532,1
9533,0
9534,2
9535,0
9536,1
9537,1
9538,0
9539,2
9540,2
9541,1
9542,2
9543,2
9544,0
9545,0
9546,1
9547,2
9548,0
9549,2
9550,2
9551,2
9552,2
9553,2
9554,2
9555,0
9556,0
9557,0
9558,0
9559,0
9560,1
9561,2
9562,1
9563,0
9564,1
9565,1
9566,0
9567,0
9568,0
9569,2
9570,1
9571,1
9572,1
9573,2
9574,1
9575,0
9576,0
9577,0
9578,2
9579,2
9580,1
9581,1
9582,2
9583,0
9584,1
9585,2
9586,2
9587,2
9588,0
9589,1
9590,2
9591,1
9592,0
9593,1
9594,1
9595,2
9596,2
9597,2
9598,0
9599,2
9600,0
9601,2
9602,1
9603,2
9604,1
9605,0
9606,2
9607,1
9608,1
9609,2
9610,2
9611,2
9612,2
9613,0
9614,2
9615,1
9616,2
9617,0
9618,2
9619,0
9620,0
9621,2
9622,2
9623,1
9624,1
9625,2
9626,1
9627,2
9628,2
9629,0
9630,0
9631,1
9632,2
9633,0
9634,0
9635,0
9636,0
9637,1
9638,1
9639,2
9640,1
9641,0
9642,1
9643,0
9644,2
9645,1
9646,1
9647,0
9648,1
9649,0
9650,0
9651,2
9652,1
9653,0
9654,2
9655,1
9656,2
9657,0
9658,1
9659,0
9660,2
9661,0
9662,0
9663,2
9664,2
9665,1
9666,0
9667,2
9668,1
9669,0
9670,2
9671,2
9672,1
9673,1
9674,1
9675,1
9676,1
9677,2
9678,0
9679,1
9680,1
9681,0
9682,0
9683,2
9684,2
9685,1
9686,1
9687,2
9688,0
9689,0
9690,0
9691,0
9692,0
9693,2
9694,2
9695,1
9696,0
9697,1
9698,1
9699,0
9700,2
9701,0
9702,0
9703,0
9704,0
9705,2
9706,2
9707,0
9708,0
9709,0
9710,0
9711,1
9712,0
9713,1
9714,2
9715,0
9716,1
9717,0
9718,2
9719,2
9720,1
9721,1
9722,0
9723,1
9724,2
9725,1
9726,1
9727,0
9728,0
9729,0
9730,2
9731,0
9732,1
9733,0
9734,1
9735,1
9736,2
9737,1
9738,2
9739,1
9740,2
9741,2
9742,0
9743,2
9744,2
9745,0
9746,1
9747,1
9748,2
9749,2
9750,1
9751,2
9752,1
9753,2
9754,2
9755,0
9756,1
9757,0
9758,2
9759,0
9760,2
9761,0
9762,1
9763,2
9764,0
9765,2
9766,1
9767,0
9768,0
9769,1
9770,0
9771,0
9772,1
9773,2
9774,2
9775,1
9776,1
9777,2
9778,2
9779,0
9780,1
9781,1
9782,0
9783,1
9784,2
9785,0
9786,1
9787,1
9788,2
9789,1
9790,0
9791,1
9792,2
9793,2
9794,0
9795,2
9796,2
9797,1
9798,2
9799,1
9800,0
9801,1
9802,0
9803,2
9804,0
9805,0
9806,1
9807,1
9808,1
9809,1
9810,2
9811,2
9812,2
9813,2
9814,0
9815,1
9816,2
9817,2
9818,0
9819,1
9820,2
9821,2
9822,1
9823,0
9824,0
9825,0
9826,1
9827,0
9828,2
9829,2
9830,2
9831,2
9832,1
9833,2
9834,0
9835,1
9836,2
9837,1
9838,0
9839,2
9840,0
9841,1
9842,0
9843,0
9844,2
9845,1
9846,2
9847,1
9848,2
9849,0
9850,1
9851,2
9852,0
9853,2
9854,0
9855,0
9856,2
9857,1
9858,0
9859,0
9860,2
9861,0
9862,2
9863,2
9864,2
9865,1
9866,2
9867,0
9868,2
9869,2
9870,2
9871,1
9872,1
9873,2
9874,1
9875,1
9876,1
9877,1
9878,1
9879,1
9880,0
9881,2
9882,1
9883,2
9884,2
9885,0
9886,2
9887,0
9888,0
9889,2
9890,2
9891,2
9892,0
9893,2
9894,2
9895,2
9896,2
9897,2
9898,2
9899,1
9900,2
9901,0
9902,0
9903,0
9904,2
9905,1
9906,1
9907,2
9908,1
9909,0
9910,0
9911,2
9912,0
9913,1
9914,1
9915,1
9916,2
9917,1
9918,0
9919,2
9920,1
9921,1
9922,1
9923,0
9924,2
9925,0
9926,2
9927,2
9928,1
9929,1
9930,0
9931,0
9932,2
9933,0
9934,2
9935,2
9936,1
9937,2
9938,0
9939,2
9940,0
9941,0
9942,2
9943,0
9944,2
9945,1
9946,2
9947,1
9948,2
9949,0
9950,1
9951,2
9952,1
9953,0
9954,1
9955,0
9956,0
9957,2
9958,1
9959,2
9960,2
9961,0
9962,1
9963,2
9964,1
9965,0
9966,0
9967,0
9968,2
9969,2
9970,1
9971,2
9972,1
9973,0
9974,2
9975,0
9976,2
9977,0
9978,2
9979,0
9980,2
9981,0
9982,1
9983,1
9984,1
9985,2
9986,0
9987,0
9988,2
9989,0
9990,2
9991,0
9992,2
9993,1
9994,2
9995,2
9996,2
9997,0
9998,2
9999,2
10000,1
10001,2
10002,0
10003,0
10004,2
10005,0
10006,0
10007,1
10008,2
10009,2
10010,0
10011,0
10012,2
10013,0
10014,0
10015,0
10016,0
10017,2
10018,0
10019,1
10020,0
10021,0
10022,0
10023,0
10024,2
10025,0
10026,1
10027,2
10028,1
10029,1
10030,2
10031,0
10032,0
10033,1
10034,2
10035,2
10036,2
10037,2
10038,1
10039,2
10040,2
10041,1
10042,1
10043,2
10044,0
10045,2
10046,0
10047,0
10048,2
10049,0
10050,1
10051,2
10052,0
10053,2
10054,0
10055,2
10056,0
10057,2
10058,2
10059,0
10060,0
10061,2
10062,0
10063,0
10064,0
10065,1
10066,1
10067,0
10068,0
10069,0
10070,1
10071,1
10072,0
10073,1
10074,1
10075,0
10076,0
10077,0
10078,1
10079,2
10080,0
10081,1
10082,0
10083,2
10084,0
10085,2
10086,0
10087,1
10088,0
10089,2
10090,1
10091,2
10092,2
10093,2
10094,0
10095,2
10096,1
10097,0
10098,1
10099,1
10100,1
10101,0
10102,2
10103,1
10104,1
10105,2
10106,1
10107,0
10108,0
10109,2
10110,1
10111,2
10112,2
10113,0
10114,0
10115,1
10116,2
10117,2
10118,1
10119,0
10120,0
10121,2
10122,2
10123,0
10124,0
10125,2
10126,1
10127,0
10128,2
10129,0
10130,1
10131,2
10132,0
10133,0
10134,2
10135,2
10136,0
10137,1
10138,2
10139,0
10140,0
10141,2
10142,0
10143,0
10144,1
10145,1
10146,1
10147,1
10148,2
10149,1
10150,1
10151,0
10152,1
10153,0
10154,1
10155,2
10156,0
10157,2
10158,2
10159,2
10160,1
10161,1
10162,0
10163,2
10164,2
10165,0
10166,1
10167,2
10168,2
10169,0
10170,2
10171,2
10172,0
10173,0
10174,0
10175,0
10176,1
10177,0
10178,2
10179,1
10180,0
10181,0
10182,2
10183,1
10184,1
10185,2
10186,0
10187,2
10188,2
10189,0
10190,0
10191,1
10192,1
10193,0
10194,1
10195,1
10196,2
10197,2
10198,0
10199,1
10200,2
10201,0
10202,0
10203,2
10204,1
10205,2
10206,2
10207,2
10208,2
10209,2
10210,1
10211,2
10212,2
10213,2
10214,1
10215,1
10216,2
10217,0
10218,1
10219,2
10220,2
10221,0
10222,0
10223,0
10224,0
10225,0
10226,0
10227,1
10228,2
10229,1
10230,2
10231,2
10232,0
10233,0
10234,2
10235,0
10236,0
10237,0
10238,0
10239,0
10240,0
10241,2
10242,2
10243,2
10244,0
10245,2
10246,2
10247,2
10248,0
10249,1
10250,0
10251,2
10252,2
10253,1
10254,1
10255,1
10256,1
10257,2
10258,2
10259,2
10260,1
10261,2
10262,2
10263,2
10264,2
10265,0
10266,2
10267,1
10268,0
10269,1
10270,1
10271,1
10272,2
10273,1
10274,1
10275,2
10276,0
10277,0
10278,0
10279,1
10280,1
10281,2
10282,2
10283,0
10284,2
10285,1
10286,1
10287,1
10288,2
10289,1
10290,1
10291,1
10292,0
10293,2
10294,1
10295,2
10296,2
10297,0
10298,0
10299,2
10300,0
10301,1
10302,2
10303,0
10304,1
10305,1
10306,0
10307,2
10308,2
10309,1
10310,2
10311,2
10312,2
10313,0
10314,0
10315,2
10316,2
10317,0
10318,2
10319,1
10320,0
10321,1
10322,1
10323,1
10324,1
10325,0
10326,1
10327,0
10328,1
10329,0
10330,1
10331,0
10332,1
10333,1
10334,0
10335,0
10336,0
10337,2
10338,0
10339,2
10340,2
10341,1
10342,1
10343,1
10344,0
10345,2
10346,1
10347,1
10348,1
10349,2
10350,2
10351,0
10352,1
10353,1
10354,2
10355,1
10356,0
10357,2
10358,0
10359,1
10360,0
10361,0
10362,2
10363,0
10364,0
10365,2
10366,2
10367,1
10368,2
10369,0
10370,2
10371,2
10372,0
10373,1
10374,0
10375,1
10376,1
10377,1
10378,0
10379,0
10380,0
10381,2
10382,1
10383,2
10384,1
10385,0
10386,1
10387,1
10388,2
10389,0
10390,1
10391,0
10392,2
10393,1
10394,0
10395,1
10396,1
10397,2
10398,2
10399,1
10400,0
10401,1
10402,1
10403,1
10404,1
10405,1
10406,1
10407,0
10408,0
10409,1
10410,0
10411,0
10412,2
10413,0
10414,0
10415,0
10416,1
10417,1
10418,1
10419,1
10420,1
10421,0
10422,0
10423,0
10424,2
10425,1
10426,0
10427,2
10428,2
10429,2
10430,2
10431,0
10432,1
10433,1
10434,0
10435,1
10436,2
10437,2
10438,1
10439,1
10440,2
10441,1
10442,2
10443,0
10444,1
10445,1
10446,1
10447,1
10448,0
10449,0
10450,2
10451,0
10452,0
10453,1
10454,1
10455,1
10456,0
10457,2
10458,2
10459,2
10460,1
10461,2
10462,2
10463,0
10464,0
10465,2
10466,1
10467,0
10468,0
10469,1
10470,0
10471,0
10472,1
10473,0
10474,0
10475,2
10476,0
10477,0
10478,0
10479,0
10480,2
10481,2
10482,0
10483,0
10484,1
10485,2
10486,0
10487,1
10488,2
10489,1
10490,0
10491,0
10492,2
10493,2
10494,0
10495,2
10496,0
10497,0
10498,1
10499,2
10500,0
10501,2
10502,0
10503,1
10504,0
10505,2
10506,2
10507,0
10508,2
10509,1
10510,0
10511,2
10512,0
10513,0
10514,2
10515,1
10516,1
10517,1
10518,1
10519,1
10520,2
10521,1
10522,0
10523,0
10524,2
10525,2
10526,2
10527,1
10528,0
10529,1
10530,2
10531,1
10532,0
10533,2
10534,2
10535,0
10536,2
10537,0
10538,2
10539,0
10540,0
10541,0
10542,0
10543,1
10544,0
10545,0
10546,1
10547,1
10548,1
10549,2
10550,1
10551,2
10552,2
10553,0
10554,0
10555,2
10556,2
10557,2
10558,0
10559,0
10560,0
10561,0
10562,1
10563,2
10564,2
10565,1
10566,1
10567,1
10568,1
10569,2
10570,2
10571,0
10572,0
10573,0
10574,1
10575,2
10576,1
10577,0
10578,1
10579,0
10580,0
10581,1
10582,1
10583,0
10584,2
10585,1
10586,0
10587,2
10588,2
10589,0
10590,1
10591,2
10592,0
10593,2
10594,0
10595,2
10596,2
10597,0
10598,1
10599,2
10600,0
10601,1
10602,2
10603,1
10604,0
10605,2
10606,0
10607,2
10608,0
10609,1
10610,2
10611,2
10612,2
10613,2
10614,2
10615,0
10616,0
10617,1
10618,2
10619,1
10620,0
10621,2
10622,1
10623,0
10624,2
10625,1
10626,1
10627,2
10628,1
10629,1
10630,1
10631,0
10632,2
10633,2
10634,2
10635,1
10636,0
10637,0
10638,1
10639,2
10640,2
10641,2
10642,1
10643,0
10644,1
10645,2
10646,2
10647,0
10648,2
10649,2
10650,2
10651,1
10652,0
10653,1
10654,1
10655,1
10656,1
10657,0
10658,2
10659,2
10660,0
10661,1
10662,1
10663,2
10664,1
10665,0
10666,1
10667,2
10668,1
10669,1
10670,0
10671,1
10672,2
10673,0
10674,2
10675,1
10676,2
10677,0
10678,0
10679,0
10680,1
10681,2
10682,2
10683,1
10684,1
10685,2
10686,1
10687,2
10688,0
10689,1
10690,1
10691,2
10692,0
10693,2
10694,0
10695,1
10696,0
10697,0
10698,0
10699,2
10700,1
10701,1
10702,0
10703,0
10704,1
10705,2
10706,1
10707,1
10708,0
10709,2
10710,1
10711,1
10712,2
10713,0
10714,0
10715,2
10716,2
10717,0
10718,2
10719,1
10720,1
10721,2
10722,2
10723,0
10724,1
10725,0
10726,1
10727,0
10728,1
10729,0
10730,0
10731,0
10732,2
10733,1
10734,0
10735,1
10736,0
10737,2
10738,0
10739,0
10740,2
10741,1
10742,2
10743,2
10744,0
10745,0
10746,0
10747,1
10748,2
10749,2
10750,2
10751,1
10752,2
10753,0
10754,0
10755,2
10756,2
10757,2
10758,2
10759,2
10760,0
10761,2
10762,0
10763,1
10764,2
10765,1
10766,0
10767,2
10768,2
10769,2
10770,1
10771,2
10772,1
10773,0
10774,1
10775,0
10776,0
10777,2
10778,1
10779,1
10780,2
10781,0
10782,0
10783,0
10784,0
10785,1
10786,2
10787,1
10788,1
10789,2
10790,1
10791,1
10792,2
10793,1
10794,0
10795,0
10796,0
10797,1
10798,0
10799,2
10800,1
10801,0
10802,1
10803,1
10804,2
10805,1
10806,1
10807,0
10808,0
10809,0
10810,1
10811,1
10812,0
10813,1
10814,1
10815,2
10816,1
10817,1
10818,2
10819,0
10820,2
10821,2
10822,2
10823,2
10824,0
10825,2
10826,2
10827,1
10828,1
10829,2
10830,0
10831,2
10832,2
10833,1
10834,2
10835,1
10836,0
10837,1
10838,2
10839,2
10840,0
10841,2
10842,1
10843,2
10844,1
10845,1
10846,2
10847,0
10848,0
10849,2
10850,0
10851,2
10852,2
10853,0
10854,0
10855,0
10856,0
10857,2
10858,2
10859,1
10860,1
10861,1
10862,1
10863,0
10864,2
10865,2
10866,0
10867,2
10868,2
10869,0
10870,2
10871,1
10872,2
10873,0
10874,1
10875,1
10876,1
10877,1
10878,1
10879,1
10880,2
10881,1
10882,0
10883,0
10884,1
10885,1
10886,2
10887,0
10888,1
10889,1
10890,2
10891,2
10892,0
10893,2
10894,1
10895,1
10896,0
10897,0
10898,0
10899,2
10900,1
10901,2
10902,1
10903,1
10904,2
10905,1
10906,0
10907,2
10908,0
10909,2
10910,2
10911,2
10912,0
10913,1
10914,0
10915,0
10916,0
10917,0
10918,0
10919,0
10920,1
10921,2
10922,0
10923,2
10924,0
10925,2
10926,2
10927,1
10928,0
10929,0
10930,0
10931,2
10932,2
10933,1
10934,1
10935,2
10936,1
10937,0
10938,0
10939,2
10940,2
10941,1
10942,2
10943,2
10944,1
10945,1
10946,1
10947,0
10948,1
10949,1
10950,1
10951,1
10952,0
10953,1
10954,0
10955,0
10956,1
10957,0
10958,1
10959,0
10960,2
10961,1
10962,1
10963,1
10964,0
10965,2
10966,1
10967,1
10968,0
10969,2
10970,2
10971,0
10972,0
10973,0
10974,1
10975,0
10976,2
10977,0
10978,1
10979,0
10980,2
10981,0
10982,0
10983,1
10984,0
10985,0
10986,0
10987,1
10988,1
10989,0
10990,1
10991,1
10992,0
10993,2
10994,2
10995,0
10996,1
10997,1
10998,0
10999,0
11000,0
11001,1
11002,2
11003,2
11004,2
11005,2
11006,1
11007,2
11008,2
11009,2
11010,2
11011,2
11012,1
11013,1
11014,0
11015,0
11016,0
11017,1
11018,0
11019,2
11020,2
11021,0
11022,1
11023,0
11024,2
11025,2
11026,2
11027,2
11028,2
11029,1
11030,0
11031,0
11032,0
11033,0
11034,0
11035,0
11036,2
11037,2
11038,1
11039,2
11040,1
11041,1
11042,1
11043,1
11044,1
11045,0
11046,0
11047,1
11048,2
11049,0
11050,0
11051,1
11052,0
11053,0
11054,0
11055,2
11056,0
11057,0
11058,2
11059,0
11060,1
11061,0
11062,1
11063,2
11064,2
11065,2
11066,1
11067,0
11068,0
11069,1
11070,1
11071,1
11072,0
11073,2
11074,2
11075,0
11076,2
11077,1
11078,2
11079,0
11080,2
11081,2
11082,2
11083,0
11084,0
11085,0
11086,2
11087,0
11088,0
11089,2
11090,2
11091,2
11092,1
11093,2
11094,0
11095,1
11096,2
11097,2
11098,0
11099,0
11100,1
11101,2
11102,1
11103,1
11104,2
11105,2
11106,1
11107,1
11108,2
11109,1
11110,2
11111,1
11112,0
11113,0
11114,0
11115,2
11116,1
11117,1
11118,2
11119,2
11120,1
11121,2
11122,2
11123,1
11124,1
11125,1
11126,2
11127,1
11128,0
11129,0
11130,1
11131,0
11132,1
11133,1
11134,2
11135,1
11136,2
11137,1
11138,1
11139,0
11140,2
11141,1
11142,0
11143,0
11144,0
11145,1
11146,0
11147,0
11148,0
11149,1
11150,0
11151,1
11152,1
11153,2
11154,0
11155,2
11156,1
11157,0
11158,1
11159,0
11160,0
11161,1
11162,1
11163,0
11164,2
11165,2
11166,1
11167,0
11168,1
11169,2
11170,1
11171,0
11172,1
11173,2
11174,2
11175,2
11176,2
11177,2
11178,2
11179,1
11180,0
11181,0
11182,1
11183,2
11184,1
11185,1
11186,2
11187,2
11188,0
11189,2
11190,2
11191,1
11192,2
11193,2
11194,0
11195,2
11196,2
11197,1
11198,0
11199,0
11200,0
11201,0
11202,0
11203,2
11204,2
11205,1
11206,0
11207,1
11208,0
11209,0
11210,2
11211,0
11212,0
11213,0
11214,0
11215,2
11216,2
11217,0
11218,0
11219,1
11220,1
11221,2
11222,1
11223,2
11224,1
11225,1
11226,1
11227,1
11228,2
11229,2
11230,0
11231,0
11232,0
11233,2
11234,1
11235,0
11236,2
11237,2
11238,2
11239,1
11240,0
11241,0
11242,0
11243,0
11244,2
11245,1
11246,1
11247,2
11248,0
11249,2
11250,0
11251,1
11252,0
11253,1
11254,2
11255,2
11256,0
11257,0
11258,2
11259,2
11260,1
11261,2
11262,1
11263,1
11264,1
11265,1
11266,2
11267,0
11268,1
11269,2
11270,1
11271,0
11272,0
11273,1
11274,1
11275,2
11276,2
11277,1
11278,2
11279,1
11280,0
11281,0
11282,2
11283,1
11284,2
11285,0
11286,2
11287,2
11288,0
11289,2
11290,0
11291,2
11292,1
11293,2
11294,2
11295,2
11296,0
11297,0
11298,1
11299,0
11300,2
11301,0
11302,2
11303,1
11304,0
11305,2
11306,0
11307,0
11308,2
11309,2
11310,2
11311,0
11312,0
11313,0
11314,0
11315,0
11316,1
11317,0
11318,2
11319,0
11320,2
11321,1
11322,2
11323,2
11324,1
11325,2
11326,2
11327,0
11328,0
11329,1
11330,1
11331,2
11332,2
11333,0
11334,2
11335,1
11336,0
11337,2
11338,0
11339,1
11340,2
11341,1
11342,1
11343,1
11344,2
11345,0
11346,1
11347,0
11348,2
11349,1
11350,0
11351,2
11352,0
11353,1
11354,2
11355,1
11356,2
11357,2
11358,0
11359,2
11360,1
11361,2
11362,2
11363,0
11364,2
11365,2
11366,1
11367,2
11368,1
11369,0
11370,0
11371,2
11372,1
11373,0
11374,2
11375,1
11376,1
11377,0
11378,2
11379,1
11380,0
11381,1
11382,2
11383,0
11384,0
11385,1
11386,2
11387,1
11388,1
11389,2
11390,2
11391,2
11392,0
11393,0
11394,2
11395,2
11396,0
11397,0
11398,0
11399,2
11400,0
11401,1
11402,0
11403,1
11404,1
11405,1
11406,1
11407,0
11408,2
11409,0
11410,0
11411,1
11412,1
11413,2
11414,2
11415,2
11416,0
11417,0
11418,2
11419,0
11420,0
11421,2
11422,1
11423,0
11424,0
11425,0
11426,1
11427,0
11428,2
11429,1
11430,1
11431,0
11432,1
11433,2
11434,2
11435,2
11436,2
11437,2
11438,1
11439,1
11440,2
11441,0
11442,1
11443,1
11444,0
11445,1
11446,2
11447,2
11448,1
11449,1
11450,1
11451,0
11452,0
11453,1
11454,2
11455,0
11456,1
11457,1
11458,1
11459,1
11460,1
11461,1
11462,1
11463,1
11464,0
11465,1
11466,1
11467,1
11468,1
11469,1
11470,1
11471,1
11472,1
11473,2
11474,1
11475,1
11476,0
11477,2
11478,0
11479,2
11480,0
11481,0
11482,2
11483,0
11484,2
11485,0
11486,2
11487,0
11488,2
11489,1
11490,1
11491,1
11492,1
11493,0
11494,2
11495,0
11496,2
11497,2
11498,1
11499,1
11500,1
11501,0
11502,0
11503,1
11504,0
11505,1
11506,1
11507,1
11508,2
11509,0
11510,2
11511,1
11512,0
11513,0
11514,2
11515,0
11516,2
11517,1
11518,2
11519,1
11520,1
11521,2
11522,2
11523,1
11524,2
11525,1
11526,0
11527,1
11528,2
11529,0
11530,0
11531,0
11532,1
11533,0
11534,0
11535,2
11536,1
11537,2
11538,1
11539,2
11540,1
11541,1
11542,0
11543,0
11544,1
11545,0
11546,1
11547,2
11548,1
11549,1
11550,0
11551,2
11552,0
11553,2
11554,0
11555,0
11556,0
11557,1
11558,2
11559,0
11560,1
11561,1
11562,2
11563,0
11564,0
11565,0
11566,2
11567,1
11568,2
11569,0
11570,1
11571,2
11572,2
11573,2
11574,0
11575,1
11576,2
11577,2
11578,0
11579,0
11580,2
11581,1
11582,1
11583,1
11584,1
11585,2
11586,1
11587,0
11588,1
11589,0
11590,0
11591,2
11592,2
11593,0
11594,1
11595,0
11596,1
11597,2
11598,0
11599,2
11600,2
11601,0
11602,2
11603,2
11604,1
11605,1
11606,2
11607,2
11608,1
11609,0
11610,0
11611,1
11612,1
11613,1
11614,1
11615,2
11616,0
11617,2
11618,0
11619,1
11620,2
11621,0
11622,1
11623,1
11624,2
11625,2
11626,2
11627,1
11628,1
11629,2
11630,0
11631,1
11632,0
11633,0
11634,2
11635,0
11636,2
11637,0
11638,1
11639,2
11640,1
11641,1
11642,0
11643,2
11644,1
11645,0
11646,0
11647,0
11648,0
11649,0
11650,1
11651,1
11652,1
11653,0
11654,2
11655,1
11656,1
11657,2
11658,0
11659,1
11660,2
11661,0
11662,2
11663,2
11664,1
11665,2
11666,1
11667,1
11668,0
11669,1
11670,0
11671,0
11672,2
11673,1
11674,1
11675,1
11676,1
11677,2
11678,0
11679,2
11680,1
11681,1
11682,1
11683,1
11684,1
11685,0
11686,2
11687,0
11688,0
11689,1
11690,0
11691,0
11692,0
11693,2
11694,0
11695,0
11696,1
11697,0
11698,1
11699,2
11700,2
11701,0
11702,2
11703,0
11704,0
11705,2
11706,1
11707,2
11708,1
11709,0
11710,1
11711,1
11712,0
11713,0
11714,0
11715,1
11716,2
11717,1
11718,0
11719,1
11720,1
11721,2
11722,2
11723,2
11724,2
11725,0
11726,1
11727,1
11728,1
11729,0
11730,1
11731,0
11732,2
11733,2
11734,0
11735,1
11736,1
11737,0
11738,1
11739,1
11740,1
11741,1
11742,1
11743,1
11744,1
11745,2
11746,1
11747,2
11748,2
11749,2
11750,0
11751,2
11752,1
11753,1
11754,0
11755,2
11756,0
11757,0
11758,0
11759,1
11760,2
11761,2
11762,0
11763,1
11764,2
11765,2
11766,0
11767,2
11768,2
11769,2
11770,0
11771,2
11772,1
11773,0
11774,1
11775,1
11776,2
11777,1
11778,2
11779,2
11780,1
11781,2
11782,0
11783,1
11784,2
11785,1
11786,2
11787,1
11788,0
11789,0
11790,1
11791,1
11792,2
11793,2
11794,1
11795,1
11796,2
11797,0
11798,0
11799,2
11800,1
11801,1
11802,1
11803,0
11804,0
11805,1
11806,0
11807,0
11808,1
11809,1
11810,1
11811,2
11812,0
11813,0
11814,0
11815,2
11816,0
11817,1
11818,0
11819,2
11820,0
11821,2
11822,0
11823,0
11824,0
11825,2
11826,0
11827,2
11828,2
11829,1
11830,0
11831,1
11832,1
11833,2
11834,0
11835,1
11836,0
11837,1
11838,1
11839,1
11840,2
11841,2
11842,1
11843,0
11844,2
11845,0
11846,1
11847,2
11848,0
11849,2
11850,2
11851,1
11852,1
11853,0
11854,0
11855,0
11856,1
11857,0
11858,1
11859,1
11860,1
11861,1
11862,2
11863,1
11864,0
11865,1
11866,1
11867,1
11868,1
11869,0
11870,0
11871,0
11872,2
11873,0
11874,0
11875,0
11876,1
11877,0
11878,0
11879,1
11880,0
11881,2
11882,1
11883,0
11884,2
11885,0
11886,2
11887,0
11888,1
11889,0
11890,0
11891,0
11892,1
11893,2
11894,1
11895,1
11896,1
11897,0
11898,2
11899,0
11900,0
11901,0
11902,0
11903,1
11904,0
11905,1
11906,1
11907,0
11908,0
11909,1
11910,2
11911,0
11912,1
11913,0
11914,2
11915,1
11916,1
11917,0
11918,1
11919,0
11920,1
11921,0
11922,0
11923,2
11924,1
11925,0
11926,2
11927,0
11928,2
11929,2
11930,1
11931,0
11932,1
11933,0
11934,0
11935,2
11936,1
11937,0
11938,2
11939,0
11940,1
11941,0
11942,1
11943,2
11944,0
11945,0
11946,2
11947,1
11948,0
11949,1
11950,0
11951,0
11952,2
11953,1
11954,1
11955,2
11956,1
11957,1
11958,0
11959,0
11960,2
11961,1
11962,0
11963,0
11964,0
11965,0
11966,0
11967,2
11968,0
11969,2
11970,2
11971,2
11972,1
11973,1
11974,1
11975,0
11976,2
11977,1
11978,0
11979,0
11980,2
11981,0
11982,2
11983,1
11984,2
11985,2
11986,0
11987,2
11988,0
11989,2
11990,2
11991,1
11992,0
11993,0
11994,1
11995,0
11996,0
11997,2
11998,2
11999,0
12000,0
12001,1
12002,2
12003,0
12004,1
12005,0
12006,0
12007,0
12008,1
12009,2
12010,0
12011,0
12012,1
12013,2
12014,1
12015,0
12016,2
12017,0
12018,1
12019,1
12020,2
12021,0
12022,2
12023,0
12024,0
12025,0
12026,1
12027,0
12028,1
12029,2
12030,2
12031,1
12032,0
12033,1
12034,1
12035,1
12036,1
12037,1
12038,1
12039,1
12040,0
12041,2
12042,1
12043,1
12044,2
12045,2
12046,2
12047,2
12048,1
12049,2
12050,0
12051,1
12052,1
12053,1
12054,1
12055,2
12056,0
12057,0
12058,0
12059,1
12060,1
12061,2
12062,0
12063,0
12064,1
12065,0
12066,0
12067,1
12068,0
12069,2
12070,0
12071,1
12072,2
12073,0
12074,2
12075,0
12076,2
12077,0
12078,0
12079,1
12080,0
12081,2
12082,0
12083,1
12084,1
12085,2
12086,1
12087,1
12088,2
12089,1
12090,0
12091,0
12092,1
12093,1
12094,2
12095,2
12096,2
12097,1
12098,0
12099,0
12100,2
12101,2
12102,2
12103,1
12104,2
12105,2
12106,0
12107,0
12108,1
12109,2
12110,0
12111,2
12112,2
12113,1
12114,1
12115,1
12116,0
12117,0
12118,1
12119,1
12120,2
12121,2
12122,1
12123,2
12124,1
12125,2
12126,1
12127,2
12128,2
12129,1
12130,0
12131,2
12132,0
12133,2
12134,1
12135,0
12136,0
12137,1
12138,1
12139,0
12140,2
12141,2
12142,1
12143,0
12144,0
12145,2
12146,2
12147,2
12148,2
12149,1
12150,2
12151,0
12152,2
12153,2
12154,2
12155,0
12156,2
12157,1
12158,1
12159,0
12160,2
12161,1
12162,0
12163,1
12164,2
12165,1
12166,2
12167,0
12168,2
12169,1
12170,1
12171,0
12172,1
12173,0
12174,1
12175,0
12176,2
12177,1
12178,2
12179,0
12180,0
12181,2
12182,0
12183,2
12184,0
12185,1
12186,2
12187,2
12188,1
12189,0
12190,1
12191,1
12192,1
12193,0
12194,2
12195,0
12196,2
12197,2
12198,1
12199,2
12200,2
12201,0
12202,2
12203,0
12204,1
12205,2
12206,2
12207,1
12208,0
12209,0
12210,2
12211,1
12212,1
12213,0
12214,0
12215,2
12216,0
12217,2
12218,1
12219,2
12220,0
12221,2
12222,0
12223,2
12224,2
12225,2
12226,0
12227,1
12228,2
12229,0
12230,1
12231,1
12232,2
12233,2
12234,2
12235,1
12236,1
12237,2
12238,0
12239,2
12240,2
12241,2
12242,0
12243,1
12244,1
12245,1
12246,0
12247,1
12248,2
12249,1
12250,2
12251,1
12252,0
12253,2
12254,2
12255,2
12256,1
12257,1
12258,0
12259,0
12260,2
12261,1
12262,1
12263,1
12264,1
12265,2
12266,1
12267,0
12268,1
12269,2
12270,2
12271,0
12272,2
12273,0
12274,2
12275,1
12276,0
12277,2
12278,2
12279,2
12280,1
12281,0
12282,2
12283,1
12284,0
12285,1
12286,2
12287,1
12288,0
12289,2
12290,0
12291,2
12292,2
12293,1
12294,1
12295,2
12296,2
12297,2
12298,2
12299,0
12300,1
12301,1
12302,2
12303,0
12304,2
12305,0
12306,0
12307,0
12308,1
12309,2
12310,0
12311,0
12312,1
12313,0
12314,1
12315,2
12316,0
12317,0
12318,0
12319,2
12320,0
12321,2
12322,0
12323,2
12324,0
12325,1
12326,0
12327,0
12328,0
12329,1
12330,0
12331,1
12332,1
12333,1
12334,0
12335,2
12336,0
12337,0
12338,2
12339,0
12340,0
12341,2
12342,2
12343,1
12344,1
12345,0
12346,1
12347,1
12348,1
12349,1
12350,1
12351,0
12352,0
12353,0
12354,0
12355,2
12356,1
12357,2
12358,0
12359,0
12360,2
12361,0
12362,2
12363,0
12364,1
12365,2
12366,1
12367,0
12368,2
12369,0
12370,1
12371,1
12372,1
12373,1
12374,2
12375,1
12376,1
12377,1
12378,2
12379,2
12380,0
12381,2
12382,0
12383,2
12384,2
12385,2
12386,2
12387,0
12388,0
12389,0
12390,2
12391,1
12392,0
12393,2
12394,2
12395,0
12396,0
12397,0
12398,0
12399,0
12400,2
12401,2
12402,1
12403,0
12404,0
12405,1
12406,0
12407,0
12408,0
12409,2
12410,2
12411,1
12412,2
12413,0
12414,2
12415,1
12416,2
12417,2
12418,2
12419,2
12420,1
12421,2
12422,2
12423,1
12424,2
12425,2
12426,2
12427,2
12428,1
12429,0
12430,0
12431,1
12432,1
12433,0
12434,1
12435,2
12436,2
12437,2
12438,0
12439,2
12440,1
12441,2
12442,1
12443,2
12444,0
12445,2
12446,2
12447,1
12448,0
12449,2
12450,0
12451,2
12452,1
12453,0
12454,0
12455,0
12456,1
12457,2
12458,0
12459,2
12460,1
12461,1
12462,1
12463,0
12464,2
12465,0
12466,2
12467,0
12468,2
12469,0
12470,1
12471,0
12472,0
12473,0
12474,2
12475,2
12476,0
12477,0
12478,1
12479,1
12480,2
12481,2
12482,1
12483,2
12484,1
12485,0
12486,1
12487,0
12488,2
12489,0
12490,0
12491,2
12492,0
12493,2
12494,1
12495,2
12496,1
12497,1
12498,2
12499,1
12500,2
12501,0
12502,0
12503,0
12504,1
12505,1
12506,1
12507,0
12508,2
12509,2
12510,2
12511,0
12512,1
12513,0
12514,2
12515,0
12516,1
12517,2
12518,0
12519,0
12520,2
12521,2
12522,2
12523,2
12524,0
12525,0
12526,0
12527,0
12528,0
12529,0
12530,1
12531,2
12532,2
12533,0
12534,2
12535,1
12536,1
12537,0
12538,0
12539,1
12540,2
12541,1
12542,1
12543,0
12544,0
12545,2
12546,1
12547,2
12548,2
12549,1
12550,1
12551,0
12552,0
12553,1
12554,1
12555,1
12556,2
12557,0
12558,2
12559,2
12560,2
12561,0
12562,1
12563,2
12564,0
12565,0
12566,0
12567,1
12568,2
12569,1
12570,2
12571,1
12572,0
12573,1
12574,0
12575,2
12576,2
12577,0
12578,0
12579,0
12580,0
12581,0
12582,2
12583,2
12584,2
12585,2
12586,2
12587,2
12588,1
12589,1
12590,2
12591,2
12592,1
12593,2
12594,2
12595,1
12596,1
12597,0
12598,0
12599,1
12600,2
12601,1
12602,2
12603,1
12604,0
12605,0
12606,2
12607,0
12608,0
12609,0
12610,2
12611,0
12612,2
12613,1
12614,0
12615,1
12616,0
12617,2
12618,2
12619,0
12620,2
12621,1
12622,1
12623,1
12624,1
12625,2
12626,0
12627,1
12628,2
12629,2
12630,2
12631,2
12632,0
12633,0
12634,0
12635,1
12636,1
12637,1
12638,2
12639,2
12640,2
12641,1
12642,1
12643,2
12644,0
12645,1
12646,1
12647,1
12648,1
12649,0
12650,0
12651,1
12652,0
12653,0
12654,0
12655,1
12656,1
12657,1
12658,1
12659,1
12660,2
12661,2
12662,2
12663,0
12664,1
12665,1
12666,2
12667,2
12668,2
12669,1
12670,1
12671,1
12672,2
12673,2
12674,1
12675,0
12676,0
12677,2
12678,1
12679,1
12680,2
12681,2
12682,2
12683,1
12684,1
12685,1
12686,1
12687,1
12688,1
12689,2
12690,2
12691,1
12692,2
12693,2
12694,0
12695,2
12696,2
12697,1
12698,0
12699,0
12700,0
12701,2
12702,2
12703,0
12704,1
12705,1
12706,1
12707,2
12708,1
12709,2
12710,1
12711,2
12712,1
12713,2
12714,1
12715,1
12716,2
12717,0
12718,0
12719,1
12720,1
12721,0
12722,1
12723,0
12724,0
12725,1
12726,1
12727,2
12728,1
12729,0
12730,1
12731,0
12732,0
12733,2
12734,1
12735,0
12736,0
12737,2
12738,0
12739,1
12740,2
12741,0
12742,0
12743,0
12744,0
12745,1
12746,1
12747,2
12748,1
12749,0
12750,1
12751,1
12752,0
12753,1
12754,0
12755,1
12756,2
12757,2
12758,2
12759,1
12760,2
12761,2
12762,2
12763,2
12764,1
12765,0
12766,1
12767,2
12768,2
12769,2
12770,0
12771,2
12772,2
12773,2
12774,1
12775,2
12776,2
12777,2
12778,0
12779,1
12780,0
12781,2
12782,2
12783,0
12784,2
12785,1
12786,0
12787,2
12788,1
12789,2
12790,0
12791,2
12792,0
12793,0
12794,1
12795,2
12796,0
12797,2
12798,2
12799,1
12800,2
12801,1
12802,1
12803,2
12804,2
12805,0
12806,1
12807,2
12808,0
12809,2
12810,1
12811,0
12812,1
12813,1
12814,2
12815,1
12816,2
12817,1
12818,0
12819,0
12820,0
12821,0
12822,2
12823,2
12824,2
12825,2
12826,0
12827,2
12828,0
12829,1
12830,0
12831,2
12832,1
12833,1
12834,2
12835,2
12836,0
12837,2
12838,1
12839,0
12840,2
12841,1
12842,2
12843,1
12844,1
12845,2
12846,0
12847,0
12848,2
12849,0
12850,1
12851,0
12852,1
12853,0
12854,1
12855,1
12856,1
12857,1
12858,1
12859,1
12860,2
12861,0
12862,1
12863,0
12864,2
12865,2
12866,2
12867,0
12868,1
12869,1
12870,2
12871,1
12872,2
12873,2
12874,2
12875,1
12876,1
12877,1
12878,0
12879,0
12880,0
12881,2
12882,0
12883,2
12884,0
12885,2
12886,0
12887,1
12888,1
12889,1
12890,1
12891,1
12892,1
12893,0
12894,1
12895,2
12896,2
12897,1
12898,1
12899,1
12900,1
12901,2
12902,0
12903,2
12904,0
12905,1
12906,2
12907,0
12908,1
12909,2
12910,1
12911,0
12912,0
12913,0
12914,1
12915,1
12916,0
12917,1
12918,0
12919,2
12920,2
12921,1
12922,2
12923,0
12924,2
12925,0
12926,2
12927,0
12928,1
12929,2
12930,1
12931,1
12932,2
12933,2
12934,0
12935,0
12936,2
12937,2
12938,1
12939,2
12940,0
12941,1
12942,0
12943,2
12944,0
12945,2
12946,0
12947,2
12948,1
12949,0
12950,0
12951,1
12952,2
12953,2
12954,1
12955,0
12956,1
12957,1
12958,1
12959,1
12960,2
12961,0
12962,2
12963,1
12964,2
12965,0
12966,0
12967,1
12968,0
12969,0
12970,0
12971,1
12972,1
12973,1
12974,1
12975,2
12976,0
12977,1
12978,1
12979,2
12980,2
12981,0
12982,1
12983,1
12984,2
12985,1
12986,2
12987,1
12988,2
12989,2
12990,2
12991,1
12992,0
12993,1
12994,0
12995,1
12996,1
12997,2
12998,1
12999,0
13000,0
13001,1
13002,0
13003,2
13004,1
13005,2
13006,1
13007,1
13008,0
13009,0
13010,1
13011,1
13012,0
13013,1
13014,2
13015,1
13016,2
13017,2
13018,1
13019,1
13020,1
13021,1
13022,0
13023,1
13024,1
13025,0
13026,0
13027,1
13028,0
13029,2
13030,1
13031,1
13032,1
13033,0
13034,0
13035,2
13036,1
13037,1
13038,0
13039,2
13040,2
13041,2
13042,1
13043,2
13044,1
13045,0
13046,2
13047,1
13048,0
13049,1
13050,0
13051,0
13052,1
13053,0
13054,2
13055,2
13056,2
13057,2
13058,2
13059,1
13060,2
13061,1
13062,1
13063,0
13064,1
13065,1
13066,1
13067,2
13068,1
13069,2
13070,0
13071,1
13072,1
13073,0
13074,0
13075,1
13076,2
13077,0
13078,2
13079,0
13080,1
13081,0
13082,2
13083,1
13084,0
13085,2
13086,2
13087,0
13088,2
13089,1
13090,0
13091,2
13092,1
13093,1
13094,1
13095,0
13096,0
13097,0
13098,1
13099,2
13100,2
13101,1
13102,1
13103,1
13104,2
13105,1
13106,1
13107,1
13108,0
13109,1
13110,2
13111,2
13112,2
13113,2
13114,0
13115,1
13116,2
13117,1
13118,2
13119,2
13120,0
13121,1
13122,0
13123,1
13124,0
13125,2
13126,0
13127,0
13128,0
13129,2
13130,2
13131,1
13132,0
13133,0
13134,2
13135,0
13136,1
13137,2
13138,1
13139,0
13140,2
13141,1
13142,1
13143,0
13144,1
13145,1
13146,0
13147,1
13148,0
13149,2
13150,0
13151,2
13152,1
13153,2
13154,2
13155,1
13156,2
13157,1
13158,2
13159,0
13160,2
13161,0
13162,0
13163,0
13164,1
13165,1
13166,2
13167,0
13168,2
13169,1
13170,0
13171,1
13172,2
13173,2
13174,1
13175,2
13176,2
13177,0
13178,1
13179,0
13180,1
13181,1
13182,0
13183,0
13184,2
13185,0
13186,1
13187,0
13188,1
13189,2
13190,1
13191,0
13192,1
13193,0
13194,0
13195,1
13196,0
13197,2
13198,0
13199,2
13200,1
13201,2
13202,2
13203,0
13204,1
13205,1
13206,1
13207,1
13208,2
13209,2
13210,1
13211,1
13212,1
13213,2
13214,1
13215,1
13216,2
13217,1
13218,0
13219,1
13220,2
13221,2
13222,1
13223,2
13224,2
13225,2
13226,0
13227,0
13228,0
13229,2
13230,1
13231,2
13232,2
13233,0
13234,0
13235,0
13236,0
13237,1
13238,1
13239,1
13240,0
13241,2
13242,1
13243,1
13244,1
13245,2
13246,1
13247,0
13248,2
13249,1
13250,1
13251,2
13252,1
13253,2
13254,2
13255,0
13256,2
13257,2
13258,1
13259,2
13260,1
13261,0
13262,0
13263,0
13264,0
13265,0
13266,2
13267,2
13268,0
13269,1
13270,1
13271,1
13272,2
13273,1
13274,0
13275,1
13276,0
13277,1
13278,2
13279,1
13280,1
13281,2
13282,1
13283,1
13284,2
13285,0
13286,0
13287,0
13288,2
13289,2
13290,2
13291,1
13292,0
13293,2
13294,2
13295,0
13296,2
13297,1
13298,1
13299,1
13300,0
13301,0
13302,1
13303,2
13304,1
13305,2
13306,2
13307,0
13308,0
13309,1
13310,0
13311,2
13312,2
13313,0
13314,0
13315,1
13316,1
13317,0
13318,0
13319,0
13320,0
13321,1
13322,0
13323,1
13324,0
13325,0
13326,2
13327,2
13328,2
13329,2
13330,1
13331,0
13332,2
13333,1
13334,0
13335,1
13336,2
13337,1
13338,0
13339,2
13340,1
13341,1
13342,1
13343,1
13344,0
13345,2
13346,2
13347,1
13348,2
13349,1
13350,1
13351,0
13352,1
13353,1
13354,2
13355,1
13356,1
13357,2
13358,1
13359,0
13360,0
13361,1
13362,0
13363,2
13364,1
13365,0
13366,2
13367,2
13368,2
13369,2
13370,1
13371,2
13372,2
13373,0
13374,0
13375,0
13376,1
13377,2
13378,0
13379,0
13380,0
13381,0
13382,1
13383,0
13384,1
13385,0
13386,1
13387,1
13388,1
13389,1
13390,1
13391,1
13392,1
13393,0
13394,1
13395,1
13396,1
13397,0
13398,0
13399,1
13400,2
13401,1
13402,2
13403,2
13404,2
13405,2
13406,1
13407,1
13408,2
13409,2
13410,0
13411,0
13412,1
13413,1
13414,0
13415,1
13416,2
13417,1
13418,1
13419,0
13420,2
13421,2
13422,1
13423,1
13424,2
13425,2
13426,0
13427,0
13428,0
13429,0
13430,2
13431,1
13432,0
13433,2
13434,2
13435,0
13436,0
13437,1
13438,0
13439,0
13440,2
13441,2
13442,0
13443,0
13444,0
13445,0
13446,1
13447,1
13448,1
13449,0
13450,0
13451,0
13452,2
13453,2
13454,0
13455,2
13456,0
13457,0
13458,0
13459,2
13460,2
13461,2
13462,2
13463,2
13464,1
13465,0
13466,0
13467,1
13468,0
13469,0
13470,0
13471,1
13472,2
13473,2
13474,2
13475,2
13476,1
13477,2
13478,1
13479,2
13480,1
13481,2
13482,2
13483,2
13484,0
13485,0
13486,2
13487,1
13488,1
13489,2
13490,0
13491,0
13492,2
13493,0
13494,1
13495,0
13496,0
13497,2
13498,1
13499,0
13500,2
13501,2
13502,2
13503,1
13504,1
13505,1
13506,1
13507,0
13508,0
13509,2
13510,0
13511,2
13512,0
13513,0
13514,1
13515,2
13516,0
13517,2
13518,1
13519,2
13520,0
13521,0
13522,2
13523,2
13524,2
13525,0
13526,1
13527,0
13528,0
13529,1
13530,0
13531,0
13532,1
13533,2
13534,0
13535,1
13536,1
13537,1
13538,1
13539,1
13540,0
13541,0
13542,1
13543,2
13544,1
13545,2
13546,1
13547,0
13548,2
13549,2
13550,0
13551,2
13552,1
13553,0
13554,2
13555,1
13556,1
13557,0
13558,2
13559,0
13560,0
13561,1
13562,1
13563,1
13564,0
13565,0
13566,0
13567,0
13568,1
13569,1
13570,1
13571,2
13572,1
13573,1
13574,2
13575,1
13576,2
13577,1
13578,2
13579,2
13580,2
13581,2
13582,2
13583,1
13584,2
13585,0
13586,1
13587,2
13588,1
13589,2
13590,1
13591,1
13592,2
13593,2
13594,0
13595,2
13596,1
13597,1
13598,1
13599,2
13600,1
13601,1
13602,2
13603,0
13604,2
13605,1
13606,1
13607,2
13608,2
13609,1
13610,2
13611,1
13612,1
13613,0
13614,2
13615,2
13616,1
13617,2
13618,2
13619,0
13620,1
13621,0
13622,0
13623,2
13624,2
13625,0
13626,0
13627,2
13628,0
13629,1
13630,0
13631,0
13632,0
13633,2
13634,0
13635,0
13636,0
13637,2
13638,0
13639,0
13640,2
13641,1
13642,0
13643,1
13644,2
13645,1
13646,0
13647,1
13648,0
13649,1
13650,0
13651,1
13652,0
13653,2
13654,2
13655,1
13656,1
13657,1
13658,0
13659,1
13660,2
13661,1
13662,0
13663,2
13664,0
13665,2
13666,2
13667,2
13668,1
13669,2
13670,2
13671,2
13672,0
13673,1
13674,1
13675,2
13676,1
13677,1
13678,2
13679,2
13680,0
13681,2
13682,2
13683,1
13684,1
13685,2
13686,0
13687,2
13688,0
13689,2
13690,1
13691,0
13692,2
13693,1
13694,1
13695,0
13696,0
13697,0
13698,0
13699,0
13700,2
13701,1
13702,2
13703,1
13704,1
13705,2
13706,2
13707,0
13708,0
13709,2
13710,0
13711,1
13712,0
13713,0
13714,1
13715,1
13716,1
13717,2
13718,2
13719,2
13720,1
13721,0
13722,2
13723,1
13724,1
13725,1
13726,1
13727,2
13728,0
13729,2
13730,0
13731,0
13732,0
13733,0
13734,0
13735,2
13736,2
13737,1
13738,0
13739,2
13740,1
13741,0
13742,1
13743,0
13744,0
13745,2
13746,1
13747,0
13748,2
13749,0
13750,2
13751,0
13752,1
13753,1
13754,0
13755,1
13756,1
13757,1
13758,2
13759,0
13760,2
13761,2
13762,2
13763,1
13764,1
13765,1
13766,1
13767,0
13768,1
13769,1
13770,1
13771,0
13772,0
13773,1
13774,2
13775,1
13776,2
13777,1
13778,1
13779,0
13780,2
13781,1
13782,0
13783,1
13784,2
13785,1
13786,2
13787,2
13788,1
13789,1
13790,0
13791,0
13792,2
13793,1
13794,1
13795,1
13796,2
13797,0
13798,2
13799,0
13800,2
13801,2
13802,2
13803,0
13804,2
13805,1
13806,2
13807,1
13808,2
13809,2
13810,0
13811,0
13812,2
13813,0
13814,2
13815,2
13816,2
13817,1
13818,0
13819,2
13820,0
13821,1
13822,1
13823,0
13824,1
13825,2
13826,2
13827,0
13828,1
13829,2
13830,2
13831,0
13832,1
13833,2
13834,2
13835,2
13836,0
13837,2
13838,2
13839,0
13840,1
13841,0
13842,1
13843,2
13844,0
13845,1
13846,0
13847,0
13848,0
13849,2
13850,0
13851,1
13852,1
13853,2
13854,0
13855,1
13856,1
13857,2
13858,0
13859,1
13860,1
13861,0
13862,1
13863,0
13864,2
13865,1
13866,1
13867,0
13868,1
13869,1
13870,0
13871,1
13872,0
13873,1
13874,0
13875,1
13876,2
13877,1
13878,1
13879,1
13880,1
13881,1
13882,0
13883,2
13884,2
13885,1
13886,0
13887,1
13888,0
13889,1
13890,2
13891,1
13892,2
13893,1
13894,2
13895,2
13896,1
13897,1
13898,1
13899,1
13900,1
13901,0
13902,2
13903,1
13904,2
13905,2
13906,0
13907,2
13908,0
13909,0
13910,1
13911,2
13912,1
13913,0
13914,2
13915,0
13916,0
13917,2
13918,0
13919,0
13920,0
13921,0
13922,1
13923,2
13924,0
13925,1
13926,1
13927,0
13928,2
13929,2
13930,1
13931,1
13932,0
13933,2
13934,0
13935,0
13936,0
13937,2
13938,1
13939,2
13940,0
13941,2
13942,0
13943,1
13944,2
13945,1
13946,1
13947,2
13948,2
13949,0
13950,0
13951,1
13952,0
13953,1
13954,0
13955,1
13956,0
13957,2
13958,0
13959,2
13960,1
13961,2
13962,0
13963,0
13964,0
13965,0
13966,1
13967,2
13968,2
13969,0
13970,1
13971,2
13972,2
13973,1
13974,0
13975,1
13976,0
13977,2
13978,2
13979,1
13980,2
13981,2
13982,1
13983,1
13984,0
13985,2
13986,0
13987,0
13988,1
13989,1
13990,0
13991,1
13992,0
13993,2
13994,2
13995,1
13996,0
13997,2
13998,2
13999,1
14000,0
14001,2
14002,2
14003,2
14004,0
14005,1
14006,1
14007,0
14008,1
14009,0
14010,2
14011,1
14012,1
14013,2
14014,2
14015,0
14016,2
14017,2
14018,0
14019,1
14020,1
14021,2
14022,2
14023,2
14024,2
14025,0
14026,0
14027,0
14028,0
14029,1
14030,1
14031,1
14032,0
14033,0
14034,1
14035,1
14036,0
14037,0
14038,1
14039,2
14040,1
14041,1
14042,0
14043,1
14044,1
14045,2
14046,2
14047,2
14048,1
14049,0
14050,1
14051,1
14052,0
14053,2
14054,0
14055,0
14056,1
14057,0
14058,1
14059,1
14060,0
14061,2
14062,0
14063,0
14064,1
14065,1
14066,0
14067,0
14068,2
14069,1
14070,0
14071,1
14072,2
14073,1
14074,1
14075,2
14076,2
14077,2
14078,1
14079,0
14080,1
14081,1
14082,2
14083,1
14084,0
14085,0
14086,0
14087,1
14088,1
14089,2
14090,0
14091,0
14092,2
14093,2
14094,0
14095,2
14096,1
14097,0
14098,2
14099,1
14100,2
14101,2
14102,1
14103,2
14104,2
14105,1
14106,0
14107,0
14108,0
14109,0
14110,2
14111,1
14112,2
14113,2
14114,1
14115,2
14116,2
14117,2
14118,0
14119,1
14120,2
14121,2
14122,1
14123,1
14124,0
14125,0
14126,1
14127,1
14128,0
14129,0
14130,0
14131,1
14132,2
14133,0
14134,2
14135,1
14136,1
14137,2
14138,1
14139,2
14140,1
14141,2
14142,1
14143,0
14144,0
14145,2
14146,2
14147,2
14148,2
14149,0
14150,1
14151,0
14152,0
14153,0
14154,2
14155,1
14156,2
14157,1
14158,1
14159,2
14160,2
14161,0
14162,0
14163,1
14164,2
14165,1
14166,2
14167,2
14168,1
14169,2
14170,2
14171,1
14172,2
14173,2
14174,1
14175,1
14176,1
14177,2
14178,0
14179,1
14180,2
14181,0
14182,1
14183,1
14184,2
14185,0
14186,2
14187,2
14188,1
14189,1
14190,0
14191,1
14192,1
14193,2
14194,1
14195,0
14196,1
14197,2
14198,0
14199,2
14200,2
14201,2
14202,2
14203,2
14204,0
14205,1
14206,2
14207,2
14208,1
14209,1
14210,0
14211,2
14212,1
14213,0
14214,0
14215,2
14216,1
14217,2
14218,2
14219,1
14220,2
14221,0
14222,2
14223,2
14224,0
14225,0
14226,0
14227,1
14228,2
14229,1
14230,2
14231,0
14232,1
14233,2
14234,2
14235,2
14236,2
14237,0
14238,1
14239,2
14240,0
14241,2
14242,1
14243,2
14244,0
14245,1
14246,1
14247,1
14248,0
14249,1
14250,2
14251,0
14252,2
14253,0
14254,1
14255,1
14256,0
14257,1
14258,0
14259,0
14260,0
14261,0
14262,0
14263,1
14264,1
14265,2
14266,1
14267,0
14268,2
14269,1
14270,2
14271,2
14272,2
14273,0
14274,2
14275,2
14276,0
14277,1
14278,1
14279,1
14280,1
14281,0
14282,0
14283,0
14284,2
14285,0
14286,2
14287,0
14288,2
14289,2
14290,0
14291,0
14292,1
14293,2
14294,0
14295,2
14296,2
14297,0
14298,2
14299,2
14300,2
14301,1
14302,1
14303,1
14304,2
14305,2
14306,2
14307,0
14308,0
14309,0
14310,1
14311,0
14312,1
14313,1
14314,2
14315,1
14316,1
14317,1
14318,0
14319,2
14320,1
14321,2
14322,0
14323,1
14324,1
14325,1
14326,0
14327,0
14328,0
14329,2
14330,2
14331,0
14332,0
14333,2
14334,1
14335,1
14336,1
14337,2
14338,0
14339,1
14340,0
14341,2
14342,2
14343,2
14344,0
14345,2
14346,1
14347,2
14348,1
14349,2
14350,2
14351,1
14352,1
14353,2
14354,2
14355,1
14356,2
14357,0
14358,2
14359,0
14360,2
14361,2
14362,2
14363,1
14364,0
14365,0
14366,1
14367,1
14368,2
14369,1
14370,1
14371,0
14372,2
14373,2
14374,0
14375,2
14376,1
14377,0
14378,1
14379,0
14380,2
14381,2
14382,1
14383,0
14384,1
14385,2
14386,1
14387,2
14388,2
14389,0
14390,2
14391,2
14392,2
14393,0
14394,0
14395,1
14396,0
14397,0
14398,1
14399,1
14400,2
14401,2
14402,0
14403,1
14404,2
14405,1
14406,2
14407,0
14408,1
14409,1
14410,2
14411,0
14412,2
14413,2
14414,0
14415,1
14416,2
14417,1
14418,2
14419,0
14420,1
14421,1
14422,0
14423,0
14424,2
14425,2
14426,0
14427,2
14428,1
14429,0
14430,1
14431,1
14432,0
14433,0
14434,0
14435,1
14436,0
14437,2
14438,2
14439,1
14440,1
14441,0
14442,2
14443,2
14444,1
14445,0
14446,2
14447,0
14448,1
14449,0
14450,0
14451,1
14452,2
14453,0
14454,2
14455,1
14456,2
14457,1
14458,1
14459,1
14460,1
14461,1
14462,2
14463,1
14464,1
14465,2
14466,1
14467,0
14468,1
14469,2
14470,1
14471,2
14472,2
14473,2
14474,1
14475,1
14476,1
14477,1
14478,2
14479,1
14480,1
14481,1
14482,1
14483,1
14484,0
14485,0
14486,0
14487,0
14488,1
14489,0
14490,1
14491,2
14492,0
14493,2
14494,0
14495,0
14496,0
14497,0
14498,0
14499,2
14500,1
14501,2
14502,0
14503,1
14504,2
14505,2
14506,2
14507,2
14508,1
14509,2
14510,1
14511,1
14512,2
14513,1
14514,1
14515,2
14516,1
14517,1
14518,2
14519,0
14520,1
14521,1
14522,0
14523,2
14524,0
14525,0
14526,2
14527,0
14528,1
14529,1
14530,1
14531,2
14532,2
14533,0
14534,0
14535,1
14536,2
14537,1
14538,0
14539,2
14540,0
14541,2
14542,2
14543,1
14544,0
14545,0
14546,0
14547,1
14548,0
14549,1
14550,2
14551,2
14552,2
14553,1
14554,2
14555,2
14556,1
14557,1
14558,2
14559,0
14560,2
14561,0
14562,1
14563,0
14564,0
14565,2
14566,1
14567,2
14568,0
14569,1
14570,2
14571,1
14572,0
14573,2
14574,1
14575,2
14576,1
14577,2
14578,2
14579,0
14580,1
14581,1
14582,2
14583,0
14584,0
14585,1
14586,1
14587,2
14588,2
14589,1
14590,1
14591,2
14592,2
14593,1
14594,1
14595,1
14596,1
14597,1
14598,0
14599,1
14600,2
14601,2
14602,0
14603,0
14604,2
14605,2
14606,0
14607,2
14608,0
14609,0
14610,1
14611,0
14612,1
14613,2
14614,0
14615,2
14616,0
14617,2
14618,2
14619,1
14620,2
14621,2
14622,1
14623,1
14624,2
14625,0
14626,1
14627,2
14628,0
14629,1
14630,2
14631,1
14632,2
14633,1
14634,0
14635,1
14636,1
14637,1
14638,2
14639,0
14640,2
14641,1
14642,1
14643,1
14644,0
14645,1
14646,1
14647,2
14648,1
14649,2
14650,2
14651,0
14652,2
14653,0
14654,1
14655,2
14656,1
14657,0
14658,1
14659,0
14660,2
14661,1
14662,2
14663,0
14664,1
14665,1
14666,2
14667,2
14668,0
14669,2
14670,1
14671,1
14672,2
14673,2
14674,1
14675,2
14676,0
14677,0
14678,0
14679,0
14680,2
14681,2
14682,1
14683,1
14684,0
14685,2
14686,0
14687,1
14688,0
14689,1
14690,0
14691,1
14692,0
14693,2
14694,2
14695,0
14696,1
14697,2
14698,2
14699,1
14700,1
14701,0
14702,0
14703,2
14704,2
14705,2
14706,1
14707,1
14708,2
14709,0
14710,2
14711,2
14712,2
14713,2
14714,1
14715,1
14716,1
14717,0
14718,0
14719,0
14720,1
14721,0
14722,0
14723,0
14724,2
14725,0
14726,0
14727,1
14728,2
14729,2
14730,2
14731,2
14732,1
14733,1
14734,1
14735,0
14736,1
14737,1
14738,1
14739,1
14740,2
14741,1
14742,1
14743,1
14744,1
14745,2
14746,1
14747,0
14748,2
14749,1
14750,0
14751,0
14752,0
14753,2
14754,2
14755,0
14756,0
14757,2
14758,0
14759,0
14760,2
14761,0
14762,1
14763,0
14764,0
14765,2
14766,1
14767,0
14768,1
14769,1
14770,1
14771,1
14772,2
14773,1
14774,1
14775,0
14776,1
14777,2
14778,0
14779,2
14780,0
14781,0
14782,2
14783,2
14784,0
14785,2
14786,0
14787,0
14788,2
14789,2
14790,0
14791,0
14792,1
14793,0
14794,2
14795,2
14796,2
14797,0
14798,1
14799,2
14800,2
14801,2
14802,0
14803,0
14804,0
14805,0
14806,1
14807,2
14808,0
14809,1
14810,2
14811,0
14812,0
14813,0
14814,0
14815,2
14816,2
14817,0
14818,0
14819,2
14820,2
14821,1
14822,1
14823,0
14824,2
14825,1
14826,0
14827,2
14828,2
14829,0
14830,2
14831,1
14832,1
14833,0
14834,0
14835,0
14836,1
14837,0
14838,2
14839,1
14840,2
14841,0
14842,2
14843,0
14844,1
14845,2
14846,2
14847,1
14848,0
14849,0
14850,1
14851,2
14852,2
14853,2
14854,1
14855,0
14856,2
14857,2
14858,1
14859,0
14860,1
14861,0
14862,1
14863,1
14864,2
14865,0
14866,1
14867,0
14868,2
14869,0
14870,2
14871,0
14872,2
14873,1
14874,1
14875,2
14876,2
14877,0
14878,0
14879,0
14880,1
14881,2
14882,1
14883,0
14884,1
14885,0
14886,2
14887,2
14888,0
14889,2
14890,1
14891,2
14892,0
14893,2
14894,1
14895,0
14896,0
14897,0
14898,2
14899,0
14900,0
14901,0
14902,1
14903,0
14904,2
14905,1
14906,1
14907,0
14908,2
14909,0
14910,0
14911,1
14912,0
14913,0
14914,2
14915,2
14916,1
14917,2
14918,0
14919,1
14920,2
14921,1
14922,2
14923,2
14924,1
14925,0
14926,2
14927,0
14928,2
14929,2
14930,0
14931,0
14932,2
14933,0
14934,1
14935,0
14936,0
14937,1
14938,2
14939,0
14940,0
14941,1
14942,1
14943,0
14944,0
14945,0
14946,2
14947,1
14948,0
14949,1
14950,2
14951,2
14952,0
14953,0
14954,1
14955,1
14956,2
14957,2
14958,2
14959,2
14960,1
14961,2
14962,2
14963,1
14964,2
14965,2
14966,0
14967,2
14968,0
14969,0
14970,1
14971,2
14972,1
14973,2
14974,1
14975,1
14976,0
14977,0
14978,0
14979,2
14980,1
14981,1
14982,1
14983,0
14984,1
14985,1
14986,0
14987,2
14988,1
14989,0
14990,0
14991,0
14992,1
14993,1
14994,0
14995,2
14996,1
14997,0
14998,1
14999,2
15000,0
15001,2
15002,0
15003,0
15004,2
15005,2
15006,2
15007,2
15008,1
15009,1
15010,0
15011,1
15012,2
15013,2
15014,2
15015,2
15016,1
15017,2
15018,2
15019,2
15020,2
15021,0
15022,2
15023,1
15024,1
15025,0
15026,0
15027,2
15028,1
15029,0
15030,1
15031,1
15032,1
15033,2
15034,0
15035,1
15036,1
15037,1
15038,2
15039,2
15040,1
15041,1
15042,0
15043,0
15044,0
15045,2
15046,0
15047,2
15048,1
15049,2
15050,1
15051,2
15052,0
15053,0
15054,2
15055,1
15056,2
15057,2
15058,2
15059,0
15060,1
15061,0
15062,0
15063,2
15064,2
15065,0
15066,0
15067,1
15068,2
15069,2
15070,2
15071,2
15072,2
15073,0
15074,0
15075,2
15076,2
15077,0
15078,2
15079,2
15080,0
15081,1
15082,2
15083,1
15084,0
15085,0
15086,2
15087,2
15088,1
15089,2
15090,0
15091,0
15092,2
15093,2
15094,0
15095,1
15096,2
15097,1
15098,2
15099,0
15100,2
15101,2
15102,2
15103,1
15104,1
15105,0
15106,1
15107,1
15108,0
15109,2
15110,2
15111,0
15112,2
15113,0
15114,2
15115,2
15116,1
15117,0
15118,2
15119,2
15120,2
15121,0
15122,1
15123,0
15124,0
15125,1
15126,0
15127,0
15128,2
15129,1
15130,0
15131,1
15132,1
15133,2
15134,0
15135,2
15136,1
15137,2
15138,1
15139,2
15140,0
15141,0
15142,1
15143,1
15144,0
15145,2
15146,0
15147,1
15148,0
15149,1
15150,0
15151,1
15152,0
15153,0
15154,1
15155,1
15156,0
15157,0
15158,0
15159,0
15160,1
15161,2
15162,2
15163,0
15164,2
15165,0
15166,0
15167,0
15168,2
15169,2
15170,2
15171,1
15172,0
15173,0
15174,1
15175,2
15176,0
15177,2
15178,1
15179,2
15180,1
15181,0
15182,0
15183,2
15184,2
15185,0
15186,0
15187,1
15188,0
15189,1
15190,0
15191,1
15192,1
15193,2
15194,0
15195,1
15196,0
15197,0
15198,0
15199,0
15200,2
15201,2
15202,2
15203,1
15204,0
15205,0
15206,1
15207,2
15208,0
15209,2
15210,0
15211,1
15212,1
15213,1
15214,2
15215,1
15216,0
15217,0
15218,0
15219,2
15220,0
15221,2
15222,2
15223,2
15224,1
15225,0
15226,1
15227,1
15228,2
15229,1
15230,2
15231,0
15232,0
15233,0
15234,1
15235,1
15236,2
15237,0
15238,1
15239,0
15240,1
15241,1
15242,1
15243,2
15244,0
15245,2
15246,1
15247,1
15248,2
15249,2
15250,2
15251,1
15252,0
15253,2
15254,2
15255,0
15256,2
15257,2
15258,0
15259,0
15260,2
15261,2
15262,2
15263,1
15264,0
15265,1
15266,2
15267,0
15268,1
15269,0
15270,2
15271,0
15272,2
15273,1
15274,2
15275,2
15276,1
15277,2
15278,0
15279,2
15280,1
15281,1
15282,0
15283,2
15284,2
15285,0
15286,1
15287,2
15288,2
15289,2
15290,1
15291,2
15292,0
15293,1
15294,0
15295,1
15296,1
15297,0
15298,2
15299,0
15300,1
15301,2
15302,2
15303,2
15304,2
15305,2
15306,0
15307,1
15308,0
15309,2
15310,0
15311,1
15312,0
15313,1
15314,2
15315,1
15316,2
15317,2
15318,1
15319,2
15320,2
15321,0
15322,2
15323,2
15324,1
15325,0
15326,2
15327,1
15328,0
15329,0
15330,0
15331,0
15332,0
15333,1
15334,0
15335,2
15336,0
15337,1
15338,0
15339,0
15340,1
15341,2
15342,0
15343,0
15344,2
15345,2
15346,1
15347,1
15348,1
15349,2
15350,0
15351,1
15352,1
15353,2
15354,2
15355,1
15356,2
15357,2
15358,2
15359,0
15360,0
15361,1
15362,0
15363,1
15364,0
15365,2
15366,0
15367,0
15368,1
15369,0
15370,1
15371,2
15372,2
15373,1
15374,2
15375,1
15376,0
15377,2
15378,2
15379,0
15380,1
15381,1
15382,0
15383,0
15384,0
15385,1
15386,1
15387,1
15388,0
15389,2
15390,0
15391,0
15392,2
15393,0
15394,2
15395,2
15396,2
15397,2
15398,2
15399,1
15400,0
15401,2
15402,2
15403,0
15404,0
15405,0
15406,1
15407,0
15408,2
15409,0
15410,0
15411,0
15412,1
15413,0
15414,2
15415,2
15416,2
15417,0
15418,1
15419,2
15420,2
15421,1
15422,2
15423,2
15424,2
15425,1
15426,2
15427,0
15428,2
15429,0
15430,2
15431,0
15432,1
15433,1
15434,0
15435,0
15436,2
15437,1
15438,2
15439,0
15440,2
15441,2
15442,0
15443,2
15444,0
15445,2
15446,0
15447,2
15448,2
15449,2
15450,2
15451,2
15452,0
15453,2
15454,1
15455,0
15456,2
15457,2
15458,0
15459,0
15460,1
15461,0
15462,1
15463,0
15464,2
15465,2
15466,1
15467,2
15468,0
15469,2
15470,2
15471,2
15472,2
15473,0
15474,1
15475,1
15476,2
15477,2
15478,1
15479,1
15480,2
15481,2
15482,1
15483,0
15484,0
15485,2
15486,0
15487,2
15488,2
15489,1
15490,1
15491,2
15492,2
15493,0
15494,1
15495,0
15496,2
15497,0
15498,0
15499,2
15500,2
15501,0
15502,2
15503,1
15504,2
15505,1
15506,2
15507,0
15508,1
15509,1
15510,0
15511,0
15512,0
15513,0
15514,0
15515,0
15516,1
15517,2
15518,0
15519,0
15520,1
15521,1
15522,0
15523,0
15524,2
15525,2
15526,2
15527,2
15528,0
15529,0
15530,1
15531,1
15532,0
15533,1
15534,0
15535,1
15536,1
15537,2
15538,2
15539,0
15540,1
15541,1
15542,1
15543,2
15544,2
15545,0
15546,2
15547,0
15548,1
15549,2
15550,1
15551,1
15552,1
15553,2
15554,2
15555,1
15556,0
15557,2
15558,2
15559,1
15560,2
15561,0
15562,1
15563,2
15564,2
15565,1
15566,1
15567,1
15568,0
15569,0
15570,2
15571,2
15572,1
15573,0
15574,1
15575,0
15576,0
15577,2
15578,1
15579,1
15580,1
15581,0
15582,0
15583,1
15584,2
15585,1
15586,1
15587,0
15588,1
15589,1
15590,0
15591,0
15592,2
15593,0
15594,2
15595,2
15596,0
15597,0
15598,0
15599,2
15600,0
15601,0
15602,2
15603,2
15604,1
15605,0
15606,1
15607,1
15608,0
15609,2
15610,2
15611,0
15612,2
15613,2
15614,0
15615,2
15616,2
15617,1
15618,1
15619,0
15620,0
15621,1
15622,0
15623,1
15624,2
15625,2
15626,1
15627,1
15628,1
15629,0
15630,0
15631,0
15632,2
15633,2
15634,0
15635,1
15636,1
15637,1
15638,2
15639,1
15640,1
15641,1
15642,2
15643,1
15644,0
15645,2
15646,2
15647,2
15648,2
15649,2
15650,2
15651,1
15652,2
15653,2
15654,1
15655,2
15656,1
15657,2
15658,2
15659,0
15660,1
15661,2
15662,2
15663,0
15664,0
15665,0
15666,0
15667,2
15668,0
15669,1
15670,0
15671,0
15672,2
15673,1
15674,2
15675,0
15676,2
15677,0
15678,0
15679,2
15680,1
15681,1
15682,2
15683,0
15684,1
15685,1
15686,0
15687,1
15688,0
15689,1
15690,0
15691,1
15692,1
15693,1
15694,2
15695,0
15696,1
15697,2
15698,0
15699,0
15700,2
15701,1
15702,0
15703,2
15704,1
15705,2
15706,0
15707,2
15708,2
15709,0
15710,1
15711,0
15712,2
15713,0
15714,1
15715,1
15716,2
15717,1
15718,2
15719,0
15720,0
15721,0
15722,0
15723,2
15724,1
15725,1
15726,1
15727,0
15728,2
15729,1
15730,1
15731,2
15732,0
15733,1
15734,2
15735,1
15736,1
15737,2
15738,1
15739,1
15740,2
15741,1
15742,2
15743,0
15744,1
15745,1
15746,1
15747,1
15748,0
15749,1
15750,0
15751,2
15752,1
15753,0
15754,1
15755,2
15756,0
15757,2
15758,1
15759,2
15760,1
15761,1
15762,1
15763,1
15764,0
15765,0
15766,2
15767,2
15768,1
15769,2
15770,2
15771,1
15772,2
15773,2
15774,1
15775,2
15776,2
15777,1
15778,1
15779,0
15780,2
15781,1
15782,0
15783,1
15784,2
15785,0
15786,0
15787,2
15788,2
15789,2
15790,0
15791,0
15792,0
15793,0
15794,1
15795,0
15796,2
15797,2
15798,1
15799,1
15800,1
15801,1
15802,1
15803,1
15804,1
15805,1
15806,1
15807,1
15808,0
15809,2
15810,0
15811,1
15812,0
15813,2
15814,2
15815,2
15816,0
15817,0
15818,2
15819,0
15820,2
15821,1
15822,0
15823,1
15824,2
15825,0
15826,0
15827,1
15828,1
15829,0
15830,0
15831,0
15832,1
15833,2
15834,2
15835,1
15836,2
15837,2
15838,0
15839,1
15840,1
15841,0
15842,0
15843,2
15844,2
15845,1
15846,0
15847,2
15848,2
15849,1
15850,2
15851,1
15852,1
15853,2
15854,1
15855,1
15856,0
15857,0
15858,2
15859,0
15860,2
15861,1
15862,2
15863,2
15864,0
15865,0
15866,2
15867,2
15868,2
15869,2
15870,0
15871,1
15872,1
15873,0
15874,0
15875,0
15876,0
15877,1
15878,1
15879,1
15880,0
15881,2
15882,2
15883,0
15884,0
15885,2
15886,2
15887,1
15888,1
15889,2
15890,2
15891,2
15892,2
15893,0
15894,2
15895,2
15896,2
15897,0
15898,1
15899,1
15900,2
15901,1
15902,2
15903,0
15904,2
15905,2
15906,2
15907,1
15908,1
15909,1
15910,1
15911,1
15912,0
15913,1
15914,2
15915,0
15916,0
15917,0
15918,1
15919,1
15920,1
15921,0
15922,1
15923,2
15924,0
15925,1
15926,1
15927,0
15928,1
15929,1
15930,1
15931,1
15932,2
15933,0
15934,1
15935,0
15936,1
15937,0
15938,0
15939,0
15940,2
15941,0
15942,2
15943,1
15944,0
15945,0
15946,2
15947,2
15948,1
15949,2
15950,1
15951,0
15952,0
15953,0
15954,1
15955,0
15956,0
15957,1
15958,2
15959,2
15960,1
15961,2
15962,1
15963,2
15964,1
15965,1
15966,1
15967,1
15968,0
15969,1
15970,0
15971,2
15972,1
15973,1
15974,1
15975,2
15976,0
15977,1
15978,2
15979,0
15980,0
15981,0
15982,0
15983,2
15984,1
15985,1
15986,0
15987,2
15988,2
15989,2
15990,2
15991,1
15992,2
15993,2
15994,2
15995,1
15996,1
15997,1
15998,0
15999,2
16000,1
16001,0
16002,1
16003,1
16004,0
16005,2
16006,2
16007,2
16008,2
16009,1
16010,2
16011,0
16012,0
16013,1
16014,1
16015,2
16016,2
16017,0
16018,1
16019,1
16020,2
16021,1
16022,2
16023,1
16024,0
16025,1
16026,1
16027,0
16028,1
16029,0
16030,2
16031,0
16032,2
16033,2
16034,1
16035,0
16036,0
16037,0
16038,0
16039,2
16040,1
16041,1
16042,2
16043,0
16044,2
16045,1
16046,1
16047,1
16048,2
16049,0
16050,2
16051,0
16052,0
16053,2
16054,2
16055,2
16056,0
16057,2
16058,0
16059,2
16060,1
16061,2
16062,0
16063,0
16064,2
16065,0
16066,0
16067,1
16068,1
16069,1
16070,0
16071,1
16072,2
16073,1
16074,0
16075,0
16076,0
16077,2
16078,0
16079,1
16080,2
16081,1
16082,2
16083,1
16084,1
16085,0
16086,2
16087,0
16088,2
16089,0
16090,1
16091,0
16092,0
16093,2
16094,2
16095,0
16096,0
16097,2
16098,1
16099,2
16100,2
16101,2
16102,0
16103,0
16104,1
16105,2
16106,0
16107,1
16108,2
16109,2
16110,1
16111,0
16112,0
16113,0
16114,0
16115,0
16116,2
16117,2
16118,1
16119,2
16120,0
16121,1
16122,0
16123,2
16124,0
16125,0
16126,0
16127,2
16128,1
16129,1
16130,0
16131,2
16132,1
16133,2
16134,0
16135,2
16136,1
16137,1
16138,0
16139,0
16140,1
16141,2
16142,2
16143,1
16144,2
16145,1
16146,2
16147,0
16148,0
16149,2
16150,2
16151,2
16152,2
16153,1
16154,2
16155,2
16156,0
16157,0
16158,1
16159,1
16160,0
16161,0
16162,1
16163,0
16164,1
16165,1
16166,0
16167,1
16168,0
16169,0
16170,2
16171,0
16172,2
16173,2
16174,0
16175,0
16176,1
16177,0
16178,1
16179,1
16180,1
16181,1
16182,1
16183,1
16184,1
16185,0
16186,1
16187,0
16188,1
16189,1
16190,1
16191,1
16192,1
16193,2
16194,0
16195,2
16196,2
16197,0
16198,2
16199,1
16200,0
16201,2
16202,1
16203,0
16204,1
16205,2
16206,1
16207,2
16208,1
16209,0
16210,2
16211,0
16212,1
16213,2
16214,0
16215,1
16216,1
16217,2
16218,0
16219,1
16220,0
16221,2
16222,1
16223,2
16224,1
16225,1
16226,0
16227,2
16228,0
16229,1
16230,2
16231,0
16232,0
16233,1
16234,1
16235,1
16236,2
16237,0
16238,1
16239,1
16240,1
16241,0
16242,2
16243,0
16244,1
16245,0
16246,1
16247,2
16248,2
16249,0
16250,2
16251,0
16252,0
16253,0
16254,0
16255,0
16256,2
16257,0
16258,0
16259,1
16260,0
16261,1
16262,1
16263,1
16264,0
16265,0
16266,0
16267,0
16268,0
16269,2
16270,0
16271,2
16272,0
16273,1
16274,2
16275,0
16276,2
16277,1
16278,1
16279,0
16280,1
16281,0
16282,1
16283,1
16284,0
16285,2
16286,2
16287,2
16288,1
16289,2
16290,0
16291,0
16292,0
16293,1
16294,0
16295,2
16296,1
16297,0
16298,1
16299,0
16300,2
16301,0
16302,1
16303,0
16304,1
16305,1
16306,0
16307,1
16308,0
16309,0
16310,2
16311,2
16312,0
16313,2
16314,2
16315,1
16316,0
16317,2
16318,0
16319,2
16320,0
16321,1
16322,1
16323,0
16324,1
16325,0
16326,0
16327,1
16328,1
16329,2
16330,0
16331,1
16332,0
16333,0
16334,0
16335,0
16336,1
16337,0
16338,1
16339,0
16340,2
16341,2
16342,2
16343,2
16344,1
16345,0
16346,1
16347,1
16348,1
16349,1
16350,0
16351,0
16352,0
16353,2
16354,1
16355,0
16356,2
16357,2
16358,0
16359,2
16360,2
16361,1
16362,2
16363,1
16364,0
16365,1
16366,2
16367,1
16368,0
16369,1
16370,2
16371,2
16372,0
16373,0
16374,0
16375,1
16376,2
16377,1
16378,0
16379,2
16380,2
16381,2
16382,1
16383,2
16384,1
16385,2
16386,1
16387,0
16388,0
16389,1
16390,0
16391,0
16392,2
16393,1
16394,0
16395,2
16396,2
16397,1
16398,2
16399,2
16400,1
16401,2
16402,2
16403,0
16404,2
16405,1
16406,1
16407,1
16408,0
16409,2
16410,1
16411,2
16412,1
16413,1
16414,1
16415,2
16416,2
16417,2
16418,0
16419,1
16420,0
16421,2
16422,0
16423,2
16424,0
16425,0
16426,0
16427,1
16428,0
16429,1
16430,2
16431,0
16432,0
16433,0
16434,1
16435,1
16436,1
16437,1
16438,2
16439,2
16440,1
16441,2
16442,1
16443,1
16444,1
16445,1
16446,0
16447,2
16448,0
16449,1
16450,2
16451,2
16452,1
16453,0
16454,0
16455,2
16456,2
16457,0
16458,0
16459,0
16460,1
16461,0
16462,2
16463,1
16464,2
16465,0
16466,0
16467,2
16468,0
16469,1
16470,1
16471,2
16472,2
16473,1
16474,1
16475,0
16476,0
16477,2
16478,2
16479,1
16480,1
16481,1
16482,0
16483,0
16484,1
16485,2
16486,1
16487,0
16488,0
16489,1
16490,2
16491,0
16492,1
16493,1
16494,0
16495,0
16496,0
16497,0
16498,0
16499,1
16500,0
16501,1
16502,1
16503,2
16504,2
16505,1
16506,0
16507,1
16508,0
16509,1
16510,2
16511,1
16512,0
16513,2
16514,1
16515,2
16516,2
16517,1
16518,2
16519,0
16520,1
16521,1
16522,1
16523,0
16524,2
16525,2
16526,1
16527,2
16528,2
16529,2
16530,0
16531,2
16532,1
16533,2
16534,0
16535,2
16536,0
16537,2
16538,0
16539,2
16540,2
16541,2
16542,0
16543,1
16544,2
16545,2
16546,0
16547,0
16548,0
16549,1
16550,0
16551,2
16552,0
16553,0
16554,1
16555,1
16556,1
16557,0
16558,2
16559,1
16560,2
16561,1
16562,1
16563,0
16564,0
16565,1
16566,2
16567,1
16568,2
16569,2
16570,2
16571,2
16572,1
16573,1
16574,2
16575,1
16576,1
16577,2
16578,1
16579,0
16580,0
16581,2
16582,0
16583,0
16584,1
16585,2
16586,2
16587,1
16588,1
16589,0
16590,2
16591,0
16592,2
16593,1
16594,0
16595,0
16596,1
16597,1
16598,1
16599,1
16600,0
16601,2
16602,2
16603,2
16604,2
16605,1
16606,2
16607,1
16608,0
16609,1
16610,1
16611,0
16612,2
16613,2
16614,1
16615,1
16616,0
16617,1
16618,1
16619,0
16620,0
16621,2
16622,1
16623,1
16624,1
16625,2
16626,2
16627,2
16628,2
16629,2
16630,0
16631,1
16632,0
16633,1
16634,0
16635,0
16636,2
16637,1
16638,2
16639,0
16640,1
16641,2
16642,2
16643,2
16644,0
16645,0
16646,2
16647,0
16648,1
16649,0
16650,0
16651,2
16652,0
16653,0
16654,1
16655,2
16656,2
16657,1
16658,2
16659,2
16660,1
16661,1
16662,2
16663,2
16664,2
16665,2
16666,1
16667,2
16668,0
16669,0
16670,1
16671,2
16672,0
16673,0
16674,2
16675,2
16676,1
16677,1
16678,2
16679,1
16680,1
16681,0
16682,2
16683,1
16684,1
16685,1
16686,1
16687,2
16688,2
16689,2
16690,1
16691,1
16692,0
16693,2
16694,1
16695,2
16696,1
16697,2
16698,2
16699,2
16700,0
16701,0
16702,2
16703,0
16704,2
16705,2
16706,2
16707,1
16708,1
16709,2
16710,0
16711,0
16712,1
16713,1
16714,0
16715,0
16716,2
16717,1
16718,2
16719,0
16720,0
16721,2
16722,0
16723,2
16724,0
16725,2
16726,2
16727,1
16728,1
16729,2
16730,1
16731,0
16732,1
16733,2
16734,1
16735,1
16736,0
16737,1
16738,1
16739,0
16740,2
16741,2
16742,1
16743,1
16744,0
16745,2
16746,0
16747,1
16748,2
16749,1
16750,0
16751,2
16752,1
16753,2
16754,2
16755,1
16756,2
16757,2
16758,1
16759,0
16760,1
16761,2
16762,2
16763,2
16764,1
16765,1
16766,0
16767,0
16768,0
16769,1
16770,2
16771,1
16772,1
16773,1
16774,2
16775,2
16776,0
16777,0
16778,2
16779,1
16780,2
16781,2
16782,2
16783,1
16784,2
16785,0
16786,0
16787,2
16788,2
16789,1
16790,2
16791,1
16792,1
16793,1
16794,0
16795,0
16796,0
16797,2
16798,0
16799,2
16800,2
16801,1
16802,0
16803,0
16804,2
16805,2
16806,0
16807,1
16808,2
16809,2
16810,0
16811,0
16812,0
16813,0
16814,2
16815,2
16816,1
16817,0
16818,1
16819,2
16820,1
16821,2
16822,2
16823,2
16824,0
16825,2
16826,0
16827,2
16828,2
16829,1
16830,1
16831,1
16832,0
16833,0
16834,0
16835,2
16836,1
16837,2
16838,1
16839,1
16840,1
16841,0
16842,2
16843,2
16844,2
16845,0
16846,1
16847,1
16848,0
16849,0
16850,2
16851,0
16852,0
16853,1
16854,1
16855,1
16856,1
16857,1
16858,2
16859,2
16860,1
16861,0
16862,1
16863,2
16864,1
16865,1
16866,1
16867,1
16868,2
16869,0
16870,1
16871,1
16872,0
16873,1
16874,1
16875,0
16876,2
16877,2
16878,0
16879,1
16880,1
16881,0
16882,1
16883,0
16884,0
16885,1
16886,1
16887,0
16888,1
16889,2
16890,2
16891,0
16892,0
16893,0
16894,1
16895,1
16896,0
16897,1
16898,0
16899,0
16900,0
16901,2
16902,1
16903,2
16904,2
16905,2
16906,1
16907,0
16908,0
16909,0
16910,1
16911,1
16912,1
16913,2
16914,1
16915,0
16916,1
16917,1
16918,0
16919,1
16920,2
16921,2
16922,0
16923,1
16924,0
16925,1
16926,1
16927,1
16928,2
16929,1
16930,2
16931,0
16932,2
16933,1
16934,2
16935,2
16936,1
16937,0
16938,0
16939,2
16940,2
16941,2
16942,0
16943,0
16944,2
16945,1
16946,1
16947,0
16948,1
16949,2
16950,2
16951,2
16952,0
16953,1
16954,2
16955,2
16956,0
16957,0
16958,1
16959,1
16960,2
16961,1
16962,1
16963,0
16964,2
16965,2
16966,2
16967,0
16968,0
16969,1
16970,2
16971,0
16972,0
16973,0
16974,1
16975,0
16976,0
16977,0
16978,0
16979,1
16980,2
16981,1
16982,1
16983,2
16984,1
16985,1
16986,0
16987,0
16988,2
16989,1
16990,0
16991,0
16992,1
16993,1
16994,0
16995,0
16996,1
16997,0
16998,1
16999,1
17000,2
17001,2
17002,0
17003,2
17004,0
17005,1
17006,0
17007,1
17008,0
17009,1
17010,2
17011,1
17012,0
17013,1
17014,1
17015,2
17016,2
17017,0
17018,0
17019,0
17020,1
17021,0
17022,2
17023,1
17024,2
17025,0
17026,2
17027,0
17028,1
17029,0
17030,1
17031,0
17032,2
17033,2
17034,2
17035,0
17036,1
17037,2
17038,0
17039,0
17040,0
17041,1
17042,1
17043,1
17044,1
17045,0
17046,1
17047,2
17048,2
17049,0
17050,0
17051,1
17052,1
17053,1
17054,0
17055,2
17056,0
17057,1
17058,1
17059,1
17060,0
17061,1
17062,2
17063,0
17064,2
17065,1
17066,2
17067,1
17068,1
17069,2
17070,2
17071,2
17072,0
17073,0
17074,1
17075,1
17076,2
17077,1
17078,1
17079,0
17080,0
17081,0
17082,2
17083,0
17084,2
17085,0
17086,1
17087,1
17088,1
17089,1
17090,1
17091,0
17092,2
17093,0
17094,1
17095,1
17096,1
17097,2
17098,1
17099,2
17100,1
17101,1
17102,2
17103,0
17104,2
17105,2
17106,0
17107,0
17108,1
17109,2
17110,0
17111,2
17112,0
17113,2
17114,2
17115,1
17116,2
17117,0
17118,1
17119,0
17120,1
17121,0
17122,2
17123,1
17124,1
17125,2
17126,2
17127,0
17128,1
17129,1
17130,0
17131,1
17132,0
17133,1
17134,0
17135,1
17136,2
17137,0
17138,1
17139,0
17140,1
17141,2
17142,1
17143,1
17144,1
17145,1
17146,0
17147,1
17148,0
17149,1
17150,0
17151,1
17152,1
17153,0
17154,1
17155,2
17156,0
17157,0
17158,0
17159,0
17160,1
17161,2
17162,0
17163,1
17164,0
17165,0
17166,0
17167,2
17168,2
17169,1
17170,0
17171,1
17172,1
17173,2
17174,0
17175,1
17176,2
17177,1
17178,1
17179,2
17180,0
17181,2
17182,0
17183,1
17184,1
17185,1
17186,1
17187,1
17188,1
17189,2
17190,2
17191,1
17192,0
17193,1
17194,2
17195,1
17196,0
17197,0
17198,0
17199,2
17200,2
17201,1
17202,2
17203,2
17204,2
17205,0
17206,2
17207,0
17208,0
17209,2
17210,2
17211,1
17212,1
17213,0
17214,1
17215,1
17216,0
17217,0
17218,2
17219,0
17220,2
17221,0
17222,0
17223,2
17224,2
17225,1
17226,2
17227,1
17228,0
17229,0
17230,2
17231,1
17232,0
17233,0
17234,1
17235,2
17236,2
17237,2
17238,0
17239,2
17240,1
17241,1
17242,2
17243,0
17244,2
17245,0
17246,2
17247,1
17248,1
17249,0
17250,0
17251,0
17252,0
17253,2
17254,1
17255,0
17256,0
17257,2
17258,0
17259,0
17260,2
17261,2
17262,2
17263,2
17264,0
17265,1
17266,1
17267,2
17268,0
17269,2
17270,1
17271,2
17272,2
17273,1
17274,2
17275,2
17276,1
17277,0
17278,1
17279,2
17280,1
17281,1
17282,0
17283,2
17284,2
17285,0
17286,2
17287,0
17288,1
17289,1
17290,1
17291,0
17292,1
17293,1
17294,1
17295,1
17296,0
17297,0
17298,1
17299,2
17300,0
17301,2
17302,2
17303,2
17304,2
17305,2
17306,0
17307,0
17308,2
17309,1
17310,0
17311,1
17312,1
17313,2
17314,2
17315,2
17316,0
17317,1
17318,2
17319,2
17320,0
17321,1
17322,1
17323,1
17324,0
17325,1
17326,2
17327,2
17328,0
17329,1
17330,1
17331,1
17332,1
17333,1
17334,1
17335,2
17336,2
17337,2
17338,1
17339,0
17340,0
17341,1
17342,1
17343,0
17344,2
17345,2
17346,0
17347,1
17348,0
17349,0
17350,1
17351,0
17352,2
17353,2
17354,0
17355,2
17356,0
17357,0
17358,2
17359,1
17360,0
17361,1
17362,1
17363,0
17364,1
17365,2
17366,2
17367,2
17368,0
17369,1
17370,0
17371,0
17372,2
17373,2
17374,2
17375,0
17376,2
17377,2
17378,1
17379,1
17380,1
17381,2
17382,1
17383,0
17384,1
17385,0
17386,2
17387,2
17388,2
17389,1
17390,0
17391,2
17392,1
17393,0
17394,2
17395,1
17396,2
17397,2
17398,1
17399,0
17400,0
17401,1
17402,1
17403,0
17404,0
17405,1
17406,2
17407,1
17408,2
17409,1
17410,2
17411,1
17412,0
17413,1
17414,2
17415,1
17416,2
17417,2
17418,2
17419,2
17420,0
17421,1
17422,1
17423,0
17424,2
17425,1
17426,1
17427,2
17428,1
17429,0
17430,2
17431,1
17432,2
17433,2
17434,2
17435,0
17436,2
17437,0
17438,0
17439,1
17440,2
17441,1
17442,1
17443,2
17444,1
17445,2
17446,0
17447,1
17448,2
17449,0
17450,0
17451,0
17452,0
17453,0
17454,1
17455,1
17456,1
17457,0
17458,2
17459,0
17460,2
17461,0
17462,0
17463,0
17464,2
17465,1
17466,0
17467,0
17468,0
17469,1
17470,2
17471,1
17472,0
17473,2
17474,0
17475,1
17476,2
17477,0
17478,2
17479,2
17480,1
17481,1
17482,1
17483,0
17484,2
17485,2
17486,2
17487,2
17488,0
17489,0
17490,1
17491,0
17492,1
17493,1
17494,1
17495,2
17496,0
17497,0
17498,1
17499,1
17500,2
17501,0
17502,0
17503,2
17504,2
17505,0
17506,2
17507,0
17508,2
17509,0
17510,0
17511,2
17512,1
17513,2
17514,0
17515,1
17516,0
17517,0
17518,2
17519,0
17520,2
17521,2
17522,0
17523,0
17524,1
17525,0
17526,0
17527,1
17528,2
17529,2
17530,0
17531,0
17532,0
17533,2
17534,2
17535,1
17536,0
17537,1
17538,2
17539,2
17540,1
17541,0
17542,1
17543,1
17544,2
17545,2
17546,2
17547,0
17548,2
17549,0
17550,0
17551,1
17552,0
17553,1
17554,2
17555,1
17556,1
17557,0
17558,1
17559,0
17560,2
17561,2
17562,1
17563,0
17564,1
17565,2
17566,1
17567,0
17568,1
17569,0
17570,0
17571,1
17572,1
17573,0
17574,1
17575,1
17576,2
17577,0
17578,2
17579,2
17580,1
17581,0
17582,0
17583,2
17584,2
17585,2
17586,1
17587,2
17588,1
17589,0
17590,0
17591,0
17592,0
17593,2
17594,0
17595,0
17596,1
17597,0
17598,2
17599,1
17600,0
17601,1
17602,1
17603,1
17604,0
17605,1
17606,2
17607,0
17608,2
17609,2
17610,1
17611,2
17612,0
17613,2
17614,2
17615,2
17616,2
17617,2
17618,0
17619,1
17620,2
17621,1
17622,1
17623,2
17624,2
17625,2
17626,2
17627,2
17628,1
17629,2
17630,0
17631,0
17632,2
17633,2
17634,1
17635,0
17636,0
17637,1
17638,0
17639,0
17640,0
17641,1
17642,1
17643,2
17644,0
17645,0
17646,2
17647,2
17648,2
17649,1
17650,1
17651,0
17652,0
17653,0
17654,1
17655,0
17656,1
17657,2
17658,1
17659,0
17660,0
17661,2
17662,2
17663,0
17664,0
17665,2
17666,0
17667,0
17668,2
17669,1
17670,0
17671,1
17672,1
17673,0
17674,1
17675,1
17676,0
17677,1
17678,0
17679,0
17680,2
17681,1
17682,1
17683,2
17684,0
17685,1
17686,2
17687,0
17688,1
17689,1
17690,0
17691,0
17692,1
17693,0
17694,1
17695,0
17696,2
17697,2
17698,0
17699,1
17700,2
17701,1
17702,0
17703,2
17704,1
17705,2
17706,0
17707,1
17708,2
17709,2
17710,0
17711,0
17712,0
17713,1
17714,1
17715,1
17716,2
17717,2
17718,2
17719,1
17720,1
17721,2
17722,1
17723,0
17724,1
17725,0
17726,0
17727,1
17728,1
17729,2
17730,0
17731,2
17732,0
17733,0
17734,2
17735,0
17736,0
17737,2
17738,0
17739,1
17740,0
17741,0
17742,1
17743,2
17744,1
17745,1
17746,2
17747,0
17748,2
17749,1
17750,2
17751,2
17752,2
17753,0
17754,2
17755,0
17756,2
17757,0
17758,2
17759,2
17760,2
17761,1
17762,2
17763,2
17764,2
17765,0
17766,0
17767,1
17768,1
17769,2
17770,2
17771,2
17772,1
17773,1
17774,0
17775,1
17776,2
17777,2
17778,2
17779,1
17780,1
17781,1
17782,2
17783,0
17784,1
17785,0
17786,1
17787,1
17788,0
17789,2
17790,2
17791,0
17792,2
17793,0
17794,0
17795,2
17796,1
17797,0
17798,2
17799,1
17800,2
17801,2
17802,2
17803,1
17804,2
17805,0
17806,1
17807,1
17808,1
17809,1
17810,2
17811,1
17812,2
17813,1
17814,2
17815,0
17816,1
17817,2
17818,1
17819,1
17820,1
17821,2
17822,2
17823,0
17824,2
17825,1
17826,0
17827,2
17828,1
17829,1
17830,2
17831,0
17832,1
17833,1
17834,1
17835,1
17836,1
17837,2
17838,2
17839,1
17840,0
17841,1
17842,0
17843,1
17844,2
17845,1
17846,2
17847,0
17848,1
17849,1
17850,1
17851,0
17852,2
17853,0
17854,0
17855,1
17856,2
17857,1
17858,1
17859,2
17860,0
17861,2
17862,2
17863,0
17864,1
17865,1
17866,0
17867,0
17868,0
17869,1
17870,0
17871,2
17872,0
17873,2
17874,2
17875,1
17876,0
17877,0
17878,0
17879,2
17880,2
17881,2
17882,1
17883,2
17884,0
17885,1
17886,2
17887,2
17888,2
17889,0
17890,0
17891,2
17892,1
17893,1
17894,2
17895,1
17896,2
17897,1
17898,0
17899,1
17900,0
17901,2
17902,0
17903,0
17904,0
17905,1
17906,0
17907,1
17908,1
17909,1
17910,1
17911,0
17912,0
17913,2
17914,0
17915,0
17916,1
17917,1
17918,1
17919,1
17920,1
17921,2
17922,0
17923,0
17924,1
17925,1
17926,1
17927,1
17928,0
17929,2
17930,0
17931,0
17932,0
17933,1
17934,1
17935,1
17936,2
17937,2
17938,1
17939,0
17940,1
17941,1
17942,0
17943,1
17944,0
17945,0
17946,0
17947,2
17948,0
17949,1
17950,0
17951,0
17952,1
17953,1
17954,2
17955,2
17956,1
17957,1
17958,1
17959,0
17960,2
17961,0
17962,0
17963,0
17964,0
17965,0
17966,1
17967,2
17968,2
17969,1
17970,0
17971,0
17972,1
17973,0
17974,0
17975,1
17976,1
17977,1
17978,2
17979,1
17980,1
17981,2
17982,0
17983,1
17984,0
17985,2
17986,2
17987,1
17988,0
17989,2
17990,2
17991,2
17992,1
17993,1
17994,0
17995,0
17996,0
17997,2
17998,2
17999,2
18000,2
18001,2
18002,0
18003,0
18004,2
18005,2
18006,1
18007,2
18008,2
18009,1
18010,1
18011,0
18012,2
18013,0
18014,2
18015,1
18016,2
18017,0
18018,1
18019,1
18020,0
18021,1
18022,2
18023,0
18024,1
18025,2
18026,2
18027,0
18028,0
18029,2
18030,2
18031,0
18032,0
18033,2
18034,0
18035,0
18036,2
18037,1
18038,2
18039,1
18040,0
18041,1
18042,0
18043,0
18044,2
18045,0
18046,0
18047,0
18048,2
18049,2
18050,0
18051,0
18052,1
18053,2
18054,0
18055,0
18056,2
18057,1
18058,1
18059,1
18060,0
18061,1
18062,2
18063,0
18064,1
18065,0
18066,2
18067,2
18068,1
18069,2
18070,2
18071,1
18072,1
18073,1
18074,0
18075,2
18076,0
18077,2
18078,2
18079,2
18080,2
18081,1
18082,0
18083,1
18084,0
18085,0
18086,1
18087,0
18088,1
18089,2
18090,1
18091,1
18092,0
18093,0
18094,1
18095,2
18096,2
18097,1
18098,1
18099,1
18100,0
18101,0
18102,2
18103,2
18104,1
18105,1
18106,0
18107,1
18108,0
18109,0
18110,1
18111,0
18112,2
18113,0
18114,0
18115,1
18116,0
18117,0
18118,1
18119,1
18120,1
18121,1
18122,1
18123,1
18124,0
18125,0
18126,2
18127,2
18128,2
18129,2
18130,0
18131,1
18132,0
18133,1
18134,2
18135,1
18136,2
18137,0
18138,1
18139,0
18140,1
18141,2
18142,0
18143,0
18144,1
18145,1
18146,2
18147,1
18148,0
18149,2
18150,1
18151,2
18152,0
18153,2
18154,0
18155,0
18156,0
18157,1
18158,2
18159,0
18160,1
18161,1
18162,2
18163,2
18164,1
18165,1
18166,2
18167,2
18168,1
18169,1
18170,2
18171,2
18172,1
18173,0
18174,1
18175,1
18176,0
18177,1
18178,0
18179,2
18180,2
18181,0
18182,0
18183,1
18184,1
18185,1
18186,0
18187,1
18188,2
18189,0
18190,0
18191,0
18192,1
18193,0
18194,0
18195,2
18196,2
18197,1
18198,2
18199,0
18200,1
18201,1
18202,2
18203,2
18204,1
18205,1
18206,2
18207,0
18208,1
18209,2
18210,1
18211,1
18212,1
18213,1
18214,1
18215,1
18216,1
18217,0
18218,1
18219,2
18220,2
18221,0
18222,2
18223,1
18224,2
18225,0
18226,0
18227,1
18228,0
18229,2
18230,0
18231,1
18232,0
18233,1
18234,1
18235,0
18236,1
18237,1
18238,0
18239,1
18240,0
18241,2
18242,2
18243,1
18244,0
18245,0
18246,0
18247,0
18248,1
18249,1
18250,1
18251,1
18252,1
18253,1
18254,1
18255,1
18256,0
18257,0
18258,1
18259,1
18260,1
18261,2
18262,1
18263,1
18264,1
18265,1
18266,2
18267,1
18268,0
18269,1
18270,0
18271,2
18272,2
18273,1
18274,1
18275,2
18276,0
18277,0
18278,1
18279,2
18280,2
18281,1
18282,1
18283,1
18284,2
18285,2
18286,2
18287,1
18288,1
18289,0
18290,1
18291,0
18292,2
18293,1
18294,0
18295,0
18296,2
18297,2
18298,1
18299,1
18300,2
18301,1
18302,2
18303,1
18304,1
18305,0
18306,1
18307,1
18308,2
18309,0
18310,1
18311,0
18312,2
18313,1
18314,0
18315,1
18316,2
18317,1
18318,2
18319,0
18320,0
18321,0
18322,0
18323,1
18324,2
18325,1
18326,1
18327,0
18328,0
18329,2
18330,0
18331,1
18332,0
18333,1
18334,1
18335,0
18336,2
18337,2
18338,0
18339,1
18340,0
18341,0
18342,0
18343,0
18344,2
18345,0
18346,1
18347,1
18348,1
18349,2
18350,1
18351,0
18352,0
18353,0
18354,2
18355,2
18356,0
18357,2
18358,2
18359,2
18360,2
18361,1
18362,1
18363,0
18364,2
18365,0
18366,0
18367,0
18368,2
18369,0
18370,2
18371,2
18372,0
18373,0
18374,1
18375,2
18376,0
18377,0
18378,2
18379,1
18380,0
18381,1
18382,2
18383,1
18384,1
18385,2
18386,2
18387,2
18388,1
18389,2
18390,2
18391,2
18392,2
18393,1
18394,0
18395,2
18396,0
18397,1
18398,1
18399,2
18400,0
18401,1
18402,0
18403,1
18404,1
18405,2
18406,1
18407,0
18408,1
18409,0
18410,0
18411,2
18412,2
18413,2
18414,0
18415,1
18416,1
18417,0
18418,2
18419,0
18420,1
18421,0
18422,2
18423,0
18424,0
18425,0
18426,1
18427,1
18428,1
18429,2
18430,0
18431,1
18432,0
18433,2
18434,0
18435,2
18436,2
18437,1
18438,0
18439,0
18440,1
18441,2
18442,1
18443,1
18444,2
18445,1
18446,1
18447,2
18448,2
18449,2
18450,0
18451,0
18452,1
18453,1
18454,2
18455,2
18456,2
18457,1
18458,0
18459,2
18460,1
18461,2
18462,1
18463,2
18464,2
18465,2
18466,0
18467,2
18468,2
18469,0
18470,1
18471,2
18472,2
18473,1
18474,1
18475,2
18476,0
18477,2
18478,1
18479,2
18480,1
18481,0
18482,0
18483,0
18484,2
18485,2
18486,1
18487,1
18488,2
18489,0
18490,2
18491,0
18492,2
18493,0
18494,0
18495,2
18496,2
18497,2
18498,1
18499,2
18500,2
18501,2
18502,1
18503,0
18504,0
18505,1
18506,2
18507,2
18508,1
18509,2
18510,1
18511,2
18512,0
18513,2
18514,2
18515,2
18516,2
18517,2
18518,1
18519,1
18520,0
18521,1
18522,1
18523,2
18524,1
18525,1
18526,2
18527,1
18528,0
18529,1
18530,0
18531,0
18532,1
18533,0
18534,2
18535,1
18536,1
18537,0
18538,2
18539,1
18540,0
18541,2
18542,1
18543,1
18544,1
18545,1
18546,0
18547,2
18548,0
18549,1
18550,2
18551,2
18552,2
18553,2
18554,1
18555,1
18556,0
18557,1
18558,2
18559,1
18560,2
18561,0
18562,1
18563,2
18564,0
18565,2
18566,0
18567,1
18568,0
18569,0
18570,1
18571,0
18572,1
18573,2
18574,1
18575,0
18576,0
18577,2
18578,0
18579,1
18580,0
18581,0
18582,0
18583,2
18584,2
18585,2
18586,1
18587,0
18588,2
18589,2
18590,2
18591,0
18592,0
18593,2
18594,1
18595,2
18596,1
18597,0
18598,2
18599,1
18600,0
18601,2
18602,1
18603,0
18604,0
18605,2
18606,1
18607,1
18608,0
18609,0
18610,0
18611,2
18612,0
18613,1
18614,1
18615,2
18616,0
18617,2
18618,2
18619,0
18620,2
18621,0
18622,1
18623,1
18624,2
18625,0
18626,2
18627,0
18628,1
18629,1
18630,2
18631,0
18632,2
18633,1
18634,1
18635,2
18636,2
18637,2
18638,2
18639,2
18640,0
18641,2
18642,2
18643,2
18644,2
18645,0
18646,1
18647,1
18648,0
18649,0
18650,2
18651,0
18652,1
18653,1
18654,1
18655,2
18656,2
18657,0
18658,0
18659,2
18660,1
18661,0
18662,0
18663,2
18664,2
18665,0
18666,1
18667,1
18668,2
18669,0
18670,2
18671,0
18672,0
18673,0
18674,1
18675,2
18676,2
18677,0
18678,2
18679,1
18680,2
18681,1
18682,0
18683,1
18684,1
18685,1
18686,0
18687,0
18688,1
18689,0
18690,2
18691,0
18692,0
18693,2
18694,2
18695,2
18696,0
18697,2
18698,2
18699,0
18700,2
18701,0
18702,2
18703,1
18704,1
18705,1
18706,1
18707,0
18708,0
18709,1
18710,1
18711,2
18712,1
18713,1
18714,0
18715,1
18716,0
18717,0
18718,1
18719,1
18720,0
18721,0
18722,0
18723,0
18724,0
18725,1
18726,2
18727,2
18728,1
18729,2
18730,1
18731,0
18732,1
18733,2
18734,0
18735,1
18736,1
18737,1
18738,0
18739,1
18740,0
18741,2
18742,2
18743,0
18744,1
18745,2
18746,0
18747,0
18748,2
18749,0
18750,1
18751,1
18752,0
18753,0
18754,1
18755,1
18756,0
18757,2
18758,0
18759,0
18760,1
18761,0
18762,0
18763,1
18764,0
18765,1
18766,0
18767,0
18768,2
18769,2
18770,2
18771,2
18772,1
18773,0
18774,2
18775,1
18776,2
18777,2
18778,1
18779,0
18780,2
18781,0
18782,0
18783,2
18784,0
18785,1
18786,0
18787,2
18788,1
18789,0
18790,1
18791,0
18792,2
18793,1
18794,0
18795,1
18796,1
18797,0
18798,0
18799,0
18800,1
18801,0
18802,1
18803,1
18804,2
18805,1
18806,1
18807,1
18808,0
18809,0
18810,1
18811,0
18812,2
18813,1
18814,2
18815,0
18816,1
18817,2
18818,1
18819,1
18820,0
18821,2
18822,0
18823,1
18824,2
18825,2
18826,0
18827,2
18828,1
18829,2
18830,1
18831,2
18832,1
18833,0
18834,2
18835,0
18836,0
18837,2
18838,0
18839,2
18840,1
18841,1
18842,0
18843,1
18844,0
18845,0
18846,2
18847,0
18848,1
18849,2
18850,0
18851,0
18852,0
18853,0
18854,2
18855,0
18856,2
18857,1
18858,2
18859,0
18860,1
18861,2
18862,0
18863,0
18864,1
18865,2
18866,0
18867,2
18868,2
18869,2
18870,0
18871,1
18872,2
18873,1
18874,0
18875,2
18876,1
18877,1
18878,1
18879,1
18880,0
18881,1
18882,1
18883,0
18884,1
18885,2
18886,0
18887,1
18888,0
18889,0
18890,2
18891,0
18892,2
18893,1
18894,0
18895,2
18896,0
18897,2
18898,2
18899,1
18900,2
18901,2
18902,0
18903,2
18904,0
18905,2
18906,2
18907,0
18908,1
18909,0
18910,0
18911,2
18912,1
18913,0
18914,0
18915,1
18916,2
18917,1
18918,2
18919,1
18920,2
18921,1
18922,0
18923,2
18924,1
18925,1
18926,2
18927,2
18928,2
18929,1
18930,1
18931,1
18932,2
18933,0
18934,0
18935,0
18936,1
18937,0
18938,2
18939,2
18940,0
18941,0
18942,2
18943,2
18944,0
18945,1
18946,2
18947,2
18948,0
18949,2
18950,0
18951,0
18952,0
18953,2
18954,2
18955,0
18956,1
18957,2
18958,2
18959,1
18960,0
18961,0
18962,1
18963,1
18964,0
18965,2
18966,2
18967,0
18968,0
18969,2
18970,1
18971,2
18972,2
18973,0
18974,2
18975,2
18976,1
18977,1
18978,1
18979,2
18980,0
18981,0
18982,2
18983,1
18984,0
18985,2
18986,1
18987,0
18988,0
18989,1
18990,2
18991,2
18992,0
18993,0
18994,2
18995,2
18996,0
18997,0
18998,0
18999,0
19000,2
19001,1
19002,0
19003,1
19004,0
19005,0
19006,2
19007,2
19008,2
19009,1
19010,2
19011,2
19012,0
19013,0
19014,2
19015,0
19016,1
19017,1
19018,2
19019,2
19020,2
19021,0
19022,2
19023,0
19024,0
19025,1
19026,1
19027,2
19028,0
19029,2
19030,0
19031,0
19032,1
19033,0
19034,0
19035,0
19036,1
19037,0
19038,0
19039,0
19040,0
19041,2
19042,0
19043,1
19044,2
19045,0
19046,1
19047,2
19048,0
19049,1
19050,1
19051,1
19052,1
19053,2
19054,0
19055,1
19056,0
19057,0
19058,2
19059,1
19060,1
19061,1
19062,0
19063,0
19064,1
19065,0
19066,0
19067,2
19068,0
19069,2
19070,2
19071,1
19072,2
19073,2
19074,1
19075,2
19076,0
19077,0
19078,2
19079,2
19080,2
19081,0
19082,1
19083,0
19084,0
19085,2
19086,1
19087,1
19088,0
19089,1
19090,2
19091,2
19092,1
19093,0
19094,1
19095,0
19096,2
19097,1
19098,0
19099,2
19100,2
19101,1
19102,2
19103,1
19104,0
19105,1
19106,0
19107,2
19108,1
19109,0
19110,2
19111,2
19112,2
19113,2
19114,1
19115,2
19116,0
19117,2
19118,2
19119,2
19120,0
19121,0
19122,2
19123,1
19124,2
19125,1
19126,0
19127,2
19128,0
19129,2
19130,2
19131,0
19132,2
19133,2
19134,0
19135,0
19136,0
19137,1
19138,2
19139,1
19140,2
19141,0
19142,1
19143,0
19144,1
19145,1
19146,1
19147,2
19148,0
19149,2
19150,1
19151,0
19152,1
19153,1
19154,1
19155,0
19156,0
19157,2
19158,1
19159,1
19160,2
19161,1
19162,1
19163,2
19164,2
19165,0
19166,2
19167,1
19168,1
19169,0
19170,0
19171,0
19172,2
19173,1
19174,1
19175,0
19176,1
19177,2
19178,1
19179,0
19180,2
19181,0
19182,0
19183,1
19184,1
19185,2
19186,1
19187,2
19188,1
19189,1
19190,2
19191,2
19192,0
19193,2
19194,1
19195,2
19196,0
19197,1
19198,2
19199,2
19200,0
19201,1
19202,0
19203,0
19204,2
19205,2
19206,2
19207,0
19208,1
19209,0
19210,2
19211,0
19212,2
19213,2
19214,0
19215,2
19216,1
19217,0
19218,1
19219,0
19220,2
19221,0
19222,2
19223,0
19224,1
19225,0
19226,0
19227,1
19228,1
19229,1
19230,0
19231,0
19232,0
19233,2
19234,1
19235,1
19236,0
19237,2
19238,1
19239,2
19240,0
19241,2
19242,1
19243,0
19244,1
19245,2
19246,2
19247,0
19248,1
19249,1
19250,1
19251,2
19252,2
19253,2
19254,2
19255,2
19256,1
19257,2
19258,1
19259,1
19260,2
19261,1
19262,2
19263,1
19264,0
19265,1
19266,2
19267,1
19268,1
19269,0
19270,1
19271,1
19272,1
19273,0
19274,1
19275,2
19276,0
19277,0
19278,1
19279,2
19280,2
19281,1
19282,1
19283,0
19284,1
19285,0
19286,0
19287,1
19288,2
19289,0
19290,2
19291,2
19292,2
19293,0
19294,1
19295,2
19296,2
19297,0
19298,1
19299,2
19300,1
19301,1
19302,1
19303,2
19304,2
19305,1
19306,1
19307,1
19308,2
19309,2
19310,1
19311,1
19312,2
19313,2
19314,0
19315,1
19316,0
19317,1
19318,0
19319,0
19320,1
19321,0
19322,1
19323,1
19324,1
19325,1
19326,0
19327,1
19328,0
19329,0
19330,0
19331,2
19332,0
19333,1
19334,1
19335,0
19336,1
19337,2
19338,0
19339,0
19340,0
19341,0
19342,1
19343,2
19344,2
19345,1
19346,1
19347,2
19348,1
19349,0
19350,2
19351,2
19352,0
19353,2
19354,0
19355,0
19356,0
19357,0
19358,2
19359,0
19360,0
19361,1
19362,1
19363,1
19364,0
19365,2
19366,0
19367,2
19368,1
19369,1
19370,2
19371,2
19372,2
19373,0
19374,0
19375,0
19376,1
19377,1
19378,2
19379,0
19380,0
19381,0
19382,1
19383,2
19384,1
19385,0
19386,0
19387,2
19388,1
19389,0
19390,1
19391,0
19392,0
19393,2
19394,2
19395,1
19396,1
19397,0
19398,2
19399,2
19400,0
19401,2
19402,2
19403,2
19404,2
19405,2
19406,2
19407,1
19408,1
19409,2
19410,0
19411,1
19412,2
19413,0
19414,2
19415,2
19416,1
19417,1
19418,2
19419,0
19420,1
19421,1
19422,0
19423,2
19424,2
19425,1
19426,2
19427,0
19428,0
19429,0
19430,0
19431,2
19432,0
19433,1
19434,1
19435,0
19436,2
19437,2
19438,1
19439,2
19440,2
19441,1
19442,2
19443,1
19444,0
19445,1
19446,0
19447,2
19448,0
19449,1
19450,1
19451,1
19452,0
19453,1
19454,1
19455,2
19456,1
19457,0
19458,2
19459,2
19460,0
19461,2
19462,1
19463,2
19464,1
19465,2
19466,2
19467,1
19468,1
19469,0
19470,2
19471,2
19472,2
19473,2
19474,0
19475,2
19476,0
19477,2
19478,2
19479,1
19480,1
19481,0
19482,1
19483,1
19484,2
19485,2
19486,1
19487,0
19488,1
19489,1
19490,2
19491,0
19492,2
19493,0
19494,2
19495,2
19496,1
19497,1
19498,1
19499,2
19500,1
19501,0
19502,2
19503,0
19504,0
19505,1
19506,0
19507,2
19508,0
19509,0
19510,1
19511,1
19512,1
19513,0
19514,2
19515,1
19516,2
19517,1
19518,0
19519,2
19520,2
19521,0
19522,2
19523,2
19524,0
19525,1
19526,0
19527,1
19528,1
19529,2
19530,2
19531,1
19532,0
19533,2
19534,0
19535,1
19536,0
19537,2
19538,2
19539,1
19540,1
19541,0
19542,0
19543,1
19544,0
19545,2
19546,1
19547,1
19548,0
19549,2
19550,0
19551,2
19552,0
19553,0
19554,0
19555,1
19556,2
19557,2
19558,0
19559,0
19560,1
19561,0
19562,1
19563,2
19564,0
19565,2
19566,1
19567,1
19568,1
19569,0
19570,2
19571,2
19572,1
19573,1
19574,0
19575,2
19576,0
19577,1
19578,2
19579,0
19580,2
19581,1
19582,2
19583,2
19584,1
19585,1
19586,1
19587,2
19588,0
19589,1
19590,0
19591,0
19592,2
19593,2
19594,2
19595,2
19596,0
19597,1
19598,2
19599,0
19600,1
19601,0
19602,1
19603,2
19604,2
19605,0
19606,2
19607,0
19608,1
19609,1
19610,0
19611,2
19612,1
19613,2
19614,0
19615,0
19616,2
19617,0
19618,2
19619,2
19620,2
19621,2
19622,1
19623,0
19624,1
19625,0
19626,1
19627,2
19628,0
19629,0
19630,1
19631,2
19632,2
19633,1
19634,2
19635,2
19636,0
19637,2
19638,0
19639,2
19640,2
19641,1
19642,0
19643,2
19644,2
19645,2
19646,2
19647,0
19648,0
19649,2
19650,0
19651,1
19652,2
19653,1
19654,0
19655,2
19656,2
19657,2
19658,1
19659,0
19660,0
19661,2
19662,2
19663,0
19664,0
19665,1
19666,2
19667,1
19668,0
19669,1
19670,1
19671,2
19672,0
19673,0
19674,2
19675,0
19676,1
19677,0
19678,1
19679,0
19680,0
19681,2
19682,1
19683,1
19684,0
19685,1
19686,2
19687,0
19688,1
19689,1
19690,2
19691,1
19692,1
19693,0
19694,0
19695,2
19696,0
19697,0
19698,1
19699,2
19700,1
19701,0
19702,0
19703,2
19704,2
19705,1
19706,1
19707,2
19708,1
19709,1
19710,2
19711,0
19712,1
19713,0
19714,1
19715,1
19716,2
19717,0
19718,0
19719,1
19720,0
19721,0
19722,1
19723,2
19724,2
19725,2
19726,0
19727,2
19728,1
19729,1
19730,1
19731,1
19732,0
19733,0
19734,0
19735,2
19736,0
19737,2
19738,1
19739,1
19740,0
19741,1
19742,2
19743,1
19744,2
19745,2
19746,2
19747,0
19748,1
19749,1
19750,0
19751,0
19752,0
19753,0
19754,2
19755,2
19756,1
19757,1
19758,1
19759,0
19760,1
19761,1
19762,1
19763,1
19764,1
19765,0
19766,2
19767,1
19768,2
19769,1
19770,2
19771,1
19772,1
19773,1
19774,1
19775,1
19776,2
19777,1
19778,1
19779,1
19780,0
19781,0
19782,2
19783,0
19784,1
19785,1
19786,0
19787,1
19788,0
19789,0
19790,0
19791,2
19792,1
19793,1
19794,0
19795,0
19796,1
19797,1
19798,1
19799,2
19800,2
19801,2
19802,1
19803,2
19804,1
19805,0
19806,2
19807,1
19808,2
19809,1
19810,1
19811,1
19812,1
19813,2
19814,0
19815,1
19816,2
19817,2
19818,2
19819,1
19820,0
19821,2
19822,1
19823,0
19824,1
19825,0
19826,0
19827,1
19828,2
19829,1
19830,1
19831,0
19832,1
19833,0
19834,0
19835,1
19836,2
19837,1
19838,1
19839,2
19840,1
19841,2
19842,1
19843,1
19844,2
19845,0
19846,2
19847,2
19848,0
19849,1
19850,0
19851,2
19852,1
19853,1
19854,1
19855,2
19856,0
19857,1
19858,0
19859,1
19860,2
19861,0
19862,1
19863,2
19864,1
19865,1
19866,0
19867,0
19868,0
19869,1
19870,1
19871,0
19872,1
19873,1
19874,2
19875,2
19876,2
19877,2
19878,0
19879,1
19880,1
19881,2
19882,0
19883,2
19884,2
19885,1
19886,1
19887,0
19888,1
19889,1
19890,1
19891,0
19892,0
19893,0
19894,0
19895,1
19896,1
19897,2
19898,0
19899,0
19900,2
19901,1
19902,1
19903,1
19904,0
19905,1
19906,1
19907,1
19908,0
19909,0
19910,1
19911,1
19912,0
19913,2
19914,0
19915,0
19916,1
19917,0
19918,0
19919,0
19920,0
19921,1
19922,1
19923,0
19924,1
19925,0
19926,0
19927,0
19928,2
19929,0
19930,0
19931,0
19932,2
19933,2
19934,1
19935,0
19936,0
19937,0
19938,0
19939,1
19940,1
19941,0
19942,1
19943,0
19944,2
19945,0
19946,0
19947,0
19948,0
19949,2
19950,1
19951,1
19952,0
19953,2
19954,1
19955,2
19956,2
19957,0
19958,0
19959,2
19960,0
19961,2
19962,1
19963,2
19964,1
19965,0
19966,2
19967,1
19968,0
19969,0
19970,1
19971,0
19972,1
19973,0
19974,0
19975,2
19976,2
19977,0
19978,0
19979,2
19980,2
19981,0
19982,1
19983,0
19984,1
19985,2
19986,1
19987,2
19988,0
19989,0
19990,0
19991,2
19992,2
19993,2
19994,2
19995,1
19996,2
19997,0
19998,1
19999,2
20000,0
20001,1
20002,0
20003,2
20004,1
20005,0
20006,1
20007,2
20008,0
20009,1
20010,0
20011,2
20012,2
20013,0
20014,2
20015,2
20016,2
20017,2
20018,1
20019,1
20020,0
20021,2
20022,0
20023,1
20024,1
20025,1
20026,1
20027,0
20028,1
20029,2
20030,0
20031,1
20032,2
20033,1
20034,0
20035,1
20036,1
20037,2
20038,0
20039,2
20040,1
20041,0
20042,2
20043,0
20044,0
20045,0
20046,1
20047,2
20048,0
20049,0
20050,0
20051,1
20052,1
20053,2
20054,0
20055,1
20056,1
20057,0
20058,2
20059,0
20060,2
20061,1
20062,0
20063,1
20064,2
20065,1
20066,2
20067,0
20068,1
20069,2
20070,0
20071,2
20072,2
20073,0
20074,2
20075,1
20076,0
20077,2
20078,0
20079,1
20080,1
20081,1
20082,1
20083,2
20084,2
20085,1
20086,2
20087,0
20088,2
20089,1
20090,0
20091,1
20092,0
20093,2
20094,1
20095,2
20096,1
20097,1
20098,0
20099,2
20100,1
20101,1
20102,0
20103,0
20104,0
20105,1
20106,1
20107,1
20108,0
20109,0
20110,1
20111,0
20112,2
20113,2
20114,1
20115,1
20116,1
20117,1
20118,2
20119,0
20120,0
20121,0
20122,1
20123,2
20124,0
20125,1
20126,1
20127,1
20128,2
20129,2
20130,0
20131,2
20132,0
20133,0
20134,0
20135,0
20136,1
20137,0
20138,0
20139,0
20140,1
20141,2
20142,1
20143,0
20144,1
20145,0
20146,1
20147,1
20148,0
20149,2
20150,1
20151,2
20152,1
20153,1
20154,0
20155,2
20156,2
20157,2
20158,1
20159,1
20160,1
20161,0
20162,0
20163,0
20164,0
20165,1
20166,1
20167,0
20168,1
20169,1
20170,0
20171,1
20172,0
20173,1
20174,0
20175,2
20176,2
20177,1
20178,0
20179,1
20180,1
20181,2
20182,0
20183,0
20184,2
20185,1
20186,2
20187,1
20188,1
20189,2
20190,2
20191,0
20192,0
20193,0
20194,0
20195,2
20196,1
20197,1
20198,2
20199,0
20200,2
20201,2
20202,0
20203,2
20204,1
20205,1
20206,1
20207,0
20208,2
20209,2
20210,0
20211,1
20212,2
20213,2
20214,2
20215,0
20216,0
20217,1
20218,1
20219,2
20220,0
20221,2
20222,2
20223,1
20224,0
20225,0
20226,2
20227,0
20228,1
20229,1
20230,1
20231,2
20232,0
20233,0
20234,1
20235,1
20236,0
20237,1
20238,0
20239,0
20240,0
20241,2
20242,1
20243,0
20244,2
20245,0
20246,1
20247,2
20248,0
20249,2
20250,1
20251,1
20252,1
20253,2
20254,2
20255,1
20256,1
20257,2
20258,2
20259,0
20260,0
20261,1
20262,0
20263,1
20264,0
20265,2
20266,0
20267,2
20268,1
20269,1
20270,2
20271,1
20272,2
20273,0
20274,0
20275,1
20276,0
20277,1
20278,0
20279,1
20280,0
20281,2
20282,0
20283,0
20284,2
20285,1
20286,0
20287,0
20288,1
20289,2
20290,2
20291,1
20292,2
20293,1
20294,1
20295,0
20296,2
20297,2
20298,0
20299,0
20300,1
20301,1
20302,2
20303,2
20304,2
20305,2
20306,2
20307,1
20308,2
20309,0
20310,2
20311,1
20312,1
20313,0
20314,2
20315,0
20316,1
20317,1
20318,2
20319,0
20320,0
20321,2
20322,1
20323,0
20324,2
20325,1
20326,2
20327,2
20328,0
20329,0
20330,0
20331,2
20332,0
20333,1
20334,2
20335,0
20336,0
20337,2
20338,1
20339,1
20340,0
20341,0
20342,2
20343,1
20344,1
20345,1
20346,2
20347,2
20348,2
20349,0
20350,1
20351,1
20352,1
20353,1
20354,2
20355,1
20356,0
20357,0
20358,2
20359,1
20360,0
20361,1
20362,0
20363,1
20364,0
20365,0
20366,1
20367,1
20368,1
20369,2
20370,0
20371,2
20372,0
20373,0
20374,0
20375,1
20376,0
20377,2
20378,0
20379,2
20380,2
20381,1
20382,1
20383,0
20384,2
20385,1
20386,1
20387,2
20388,0
20389,1
20390,2
20391,0
20392,0
20393,1
20394,0
20395,0
20396,0
20397,1
20398,0
20399,0
20400,2
20401,0
20402,0
20403,0
20404,2
20405,1
20406,0
20407,2
20408,1
20409,0
20410,1
20411,1
20412,0
20413,0
20414,2
20415,0
20416,0
20417,2
20418,2
20419,1
20420,0
20421,0
20422,0
20423,1
20424,1
20425,2
20426,1
20427,2
20428,1
20429,1
20430,1
20431,1
20432,0
20433,0
20434,1
20435,0
20436,1
20437,2
20438,0
20439,0
20440,0
20441,1
20442,1
20443,2
20444,1
20445,2
20446,0
20447,2
20448,1
20449,1
20450,1
20451,1
20452,2
20453,2
20454,1
20455,0
20456,2
20457,1
20458,1
20459,2
20460,1
20461,2
20462,0
20463,1
20464,0
20465,0
20466,1
20467,2
20468,0
20469,1
20470,0
20471,2
20472,1
20473,0
20474,2
20475,2
20476,1
20477,1
20478,2
20479,0
20480,2
20481,0
20482,0
20483,1
20484,2
20485,2
20486,0
20487,0
20488,2
20489,0
20490,1
20491,2
20492,1
20493,2
20494,0
20495,2
20496,1
20497,1
20498,0
20499,2
20500,2
20501,1
20502,1
20503,1
20504,2
20505,1
20506,1
20507,2
20508,2
20509,0
20510,0
20511,0
20512,0
20513,0
20514,2
20515,2
20516,0
20517,2
20518,0
20519,1
20520,0
20521,2
20522,0
20523,1
20524,1
20525,0
20526,0
20527,0
20528,0
20529,1
20530,2
20531,0
20532,2
20533,1
20534,1
20535,2
20536,1
20537,1
20538,2
20539,1
20540,1
20541,1
20542,0
20543,0
20544,0
20545,2
20546,2
20547,0
20548,0
20549,1
20550,2
20551,0
20552,1
20553,1
20554,1
20555,0
20556,1
20557,1
20558,0
20559,0
20560,0
20561,1
20562,2
20563,0
20564,2
20565,2
20566,1
20567,1
20568,0
20569,0
20570,1
20571,2
20572,2
20573,0
20574,1
20575,1
20576,0
20577,2
20578,2
20579,2
20580,0
20581,0
20582,0
20583,2
20584,2
20585,2
20586,2
20587,0
20588,0
20589,0
20590,1
20591,0
20592,2
20593,2
20594,2
20595,2
20596,1
20597,2
20598,2
20599,0
20600,0
20601,1
20602,2
20603,2
20604,0
20605,1
20606,0
20607,2
20608,2
20609,0
20610,1
20611,2
20612,2
20613,1
20614,2
20615,0
20616,2
20617,1
20618,2
20619,2
20620,1
20621,2
20622,0
20623,0
20624,0
20625,2
20626,1
20627,0
20628,2
20629,1
20630,0
20631,2
20632,1
20633,0
20634,2
20635,2
20636,2
20637,0
20638,2
20639,0
20640,0
20641,2
20642,0
20643,1
20644,2
20645,0
20646,2
20647,2
20648,1
20649,0
20650,1
20651,2
20652,2
20653,2
20654,0
20655,2
20656,2
20657,2
20658,2
20659,2
20660,1
20661,1
20662,2
20663,2
20664,0
20665,1
20666,2
20667,2
20668,1
20669,1
20670,2
20671,2
20672,2
20673,2
20674,1
20675,0
20676,0
20677,0
20678,2
20679,1
20680,0
20681,2
20682,0
20683,2
20684,2
20685,2
20686,0
20687,2
20688,1
20689,0
20690,1
20691,2
20692,0
20693,1
20694,0
20695,0
20696,2
20697,0
20698,2
20699,0
20700,2
20701,0
20702,2
20703,0
20704,1
20705,1
20706,0
20707,0
20708,0
20709,0
20710,0
20711,1
20712,0
20713,0
20714,0
20715,2
20716,2
20717,2
20718,1
20719,1
20720,0
20721,2
20722,1
20723,1
20724,0
20725,0
20726,0
20727,2
20728,1
20729,2
20730,1
20731,1
20732,0
20733,0
20734,2
20735,0
20736,0
20737,2
20738,2
20739,0
20740,0
20741,1
20742,2
20743,1
20744,1
20745,2
20746,0
20747,1
20748,1
20749,2
20750,2
20751,2
20752,2
20753,0
20754,2
20755,0
20756,0
20757,1
20758,1
20759,1
20760,1
20761,1
20762,0
20763,0
20764,2
20765,2
20766,1
20767,2
20768,0
20769,1
20770,1
20771,0
20772,0
20773,0
20774,2
20775,1
20776,2
20777,0
20778,0
20779,1
20780,0
20781,1
20782,2
20783,1
20784,1
20785,2
20786,1
20787,0
20788,2
20789,1
20790,0
20791,0
20792,1
20793,1
20794,2
20795,0
20796,0
20797,1
20798,2
20799,0
20800,2
20801,0
20802,2
20803,1
20804,2
20805,1
20806,1
20807,1
20808,2
20809,2
20810,2
20811,0
20812,0
20813,2
20814,2
20815,2
20816,0
20817,2
20818,2
20819,2
20820,2
20821,0
20822,2
20823,2
20824,2
20825,2
20826,1
20827,0
20828,0
20829,0
20830,0
20831,0
20832,0
20833,1
20834,1
20835,2
20836,0
20837,2
20838,1
20839,1
20840,0
20841,2
20842,1
20843,2
20844,0
20845,2
20846,2
20847,0
20848,1
20849,1
20850,2
20851,1
20852,0
20853,2
20854,0
20855,0
20856,2
20857,0
20858,0
20859,0
20860,0
20861,1
20862,1
20863,0
20864,0
20865,2
20866,1
20867,1
20868,2
20869,1
20870,1
20871,1
20872,0
20873,1
20874,1
20875,0
20876,1
20877,1
20878,2
20879,0
20880,2
20881,2
20882,1
20883,1
20884,2
20885,0
20886,2
20887,1
20888,1
20889,0
20890,2
20891,0
20892,0
20893,1
20894,1
20895,1
20896,1
20897,2
20898,1
20899,1
20900,2
20901,0
20902,0
20903,1
20904,0
20905,2
20906,2
20907,0
20908,1
20909,2
20910,1
20911,1
20912,0
20913,0
20914,1
20915,2
20916,1
20917,1
20918,0
20919,0
20920,2
20921,2
20922,0
20923,1
20924,2
20925,1
20926,0
20927,0
20928,1
20929,2
20930,0
20931,2
20932,0
20933,0
20934,2
20935,2
20936,1
20937,2
20938,0
20939,0
20940,2
20941,1
20942,2
20943,2
20944,2
20945,1
20946,0
20947,1
20948,1
20949,0
20950,1
20951,1
20952,1
20953,0
20954,1
20955,0
20956,2
20957,0
20958,0
20959,1
20960,0
20961,0
20962,2
20963,1
20964,0
20965,2
20966,0
20967,2
20968,0
20969,0
20970,1
20971,2
20972,0
20973,0
20974,2
20975,0
20976,0
20977,1
20978,0
20979,0
20980,0
20981,1
20982,1
20983,0
20984,0
20985,0
20986,2
20987,0
20988,2
20989,1
20990,0
20991,2
20992,2
20993,2
20994,0
20995,2
20996,2
20997,1
20998,2
20999,0
21000,1
21001,2
21002,0
21003,0
21004,2
21005,2
21006,2
21007,0
21008,0
21009,2
21010,0
21011,1
21012,0
21013,2
21014,2
21015,2
21016,2
21017,2
21018,2
21019,1
21020,2
21021,2
21022,1
21023,2
21024,2
21025,1
21026,2
21027,2
21028,2
21029,0
21030,0
21031,2
21032,0
21033,2
21034,1
21035,2
21036,1
21037,2
21038,0
21039,0
21040,1
21041,0
21042,1
21043,1
21044,2
21045,2
21046,1
21047,0
21048,0
21049,0
21050,0
21051,2
21052,1
21053,2
21054,0
21055,0
21056,0
21057,1
21058,0
21059,2
21060,0
21061,0
21062,0
21063,2
21064,0
21065,0
21066,2
21067,0
21068,1
21069,0
21070,1
21071,2
21072,1
21073,1
21074,1
21075,0
21076,1
21077,2
21078,0
21079,0
21080,2
21081,0
21082,2
21083,0
21084,2
21085,0
21086,0
21087,2
21088,2
21089,1
21090,2
21091,1
21092,0
21093,2
21094,1
21095,0
21096,2
21097,0
21098,1
21099,1
21100,2
21101,0
21102,1
21103,2
21104,2
21105,0
21106,0
21107,0
21108,1
21109,0
21110,1
21111,0
21112,1
21113,1
21114,0
21115,0
21116,0
21117,2
21118,0
21119,0
21120,1
21121,1
21122,2
21123,2
21124,0
21125,1
21126,0
21127,1
21128,1
21129,2
21130,2
21131,2
21132,0
21133,1
21134,0
21135,0
21136,1
21137,2
21138,1
21139,0
21140,0
21141,1
21142,1
21143,2
21144,0
21145,2
21146,0
21147,0
21148,2
21149,2
21150,1
21151,0
21152,0
21153,2
21154,0
21155,1
21156,1
21157,1
21158,0
21159,1
21160,0
21161,1
21162,2
21163,0
21164,1
21165,0
21166,0
21167,1
21168,1
21169,2
21170,2
21171,0
21172,0
21173,1
21174,2
21175,2
21176,0
21177,2
21178,0
21179,2
21180,0
21181,1
21182,2
21183,2
21184,1
21185,2
21186,0
21187,0
21188,2
21189,2
21190,0
21191,0
21192,1
21193,1
21194,0
21195,1
21196,2
21197,2
21198,2
21199,1
21200,0
21201,1
21202,2
21203,0
21204,2
21205,2
21206,0
21207,0
21208,1
21209,0
21210,0
21211,1
21212,2
21213,2
21214,1
21215,1
21216,1
21217,1
21218,2
21219,1
21220,0
21221,1
21222,2
21223,0
21224,0
21225,1
21226,1
21227,2
21228,0
21229,2
21230,2
21231,0
21232,2
21233,1
21234,1
21235,0
21236,2
21237,0
21238,2
21239,1
21240,0
21241,1
21242,2
21243,2
21244,1
21245,0
21246,1
21247,2
21248,0
21249,2
21250,2
21251,0
21252,0
21253,0
21254,1
21255,1
21256,1
21257,0
21258,1
21259,0
21260,0
21261,0
21262,1
21263,2
21264,1
21265,0
21266,2
21267,2
21268,1
21269,2
21270,0
21271,2
21272,2
21273,1
21274,2
21275,2
21276,1
21277,2
21278,0
21279,1
21280,2
21281,0
21282,2
21283,1
21284,0
21285,1
21286,0
21287,0
21288,2
21289,0
21290,1
21291,2
21292,0
21293,0
21294,1
21295,0
21296,1
21297,0
21298,0
21299,0
21300,1
21301,1
21302,0
21303,2
21304,2
21305,0
21306,2
21307,1
21308,1
21309,0
21310,1
21311,2
21312,0
21313,1
21314,1
21315,2
21316,1
21317,2
21318,2
21319,1
21320,0
21321,0
21322,0
21323,0
21324,0
21325,2
21326,2
21327,1
21328,2
21329,2
21330,1
21331,2
21332,1
21333,0
21334,2
21335,0
21336,2
21337,2
21338,2
21339,1
21340,0
21341,0
21342,1
21343,2
21344,2
21345,2
21346,1
21347,0
21348,2
21349,0
21350,2
21351,1
21352,1
21353,1
21354,1
21355,0
21356,1
21357,1
21358,2
21359,0
21360,1
21361,2
21362,1
21363,2
21364,0
21365,1
21366,0
21367,0
21368,2
21369,1
21370,1
21371,0
21372,1
21373,0
21374,0
21375,1
21376,2
21377,1
21378,2
21379,1
21380,1
21381,2
21382,2
21383,0
21384,1
21385,0
21386,2
21387,2
21388,1
21389,0
21390,2
21391,2
21392,0
21393,1
21394,0
21395,0
21396,0
21397,0
21398,2
21399,1
21400,2
21401,1
21402,0
21403,1
21404,2
21405,1
21406,0
21407,0
21408,1
21409,1
21410,0
21411,1
21412,1
21413,0
21414,0
21415,0
21416,1
21417,1
21418,0
21419,0
21420,1
21421,1
21422,0
21423,2
21424,0
21425,0
21426,1
21427,1
21428,2
21429,2
21430,1
21431,2
21432,2
21433,0
21434,1
21435,0
21436,0
21437,2
21438,1
21439,1
21440,2
21441,1
21442,1
21443,1
21444,1
21445,1
21446,2
21447,1
21448,0
21449,2
21450,0
21451,2
21452,0
21453,0
21454,0
21455,1
21456,1
21457,0
21458,0
21459,2
21460,2
21461,1
21462,2
21463,2
21464,1
21465,2
21466,1
21467,2
21468,2
21469,1
21470,0
21471,2
21472,2
21473,1
21474,0
21475,1
21476,1
21477,2
21478,0
21479,2
21480,2
21481,2
21482,1
21483,2
21484,0
21485,2
21486,2
21487,2
21488,0
21489,2
21490,0
21491,1
21492,2
21493,2
21494,2
21495,0
21496,0
21497,1
21498,2
21499,1
21500,1
21501,0
21502,1
21503,1
21504,1
21505,2
21506,0
21507,0
21508,0
21509,0
21510,0
21511,0
21512,2
21513,2
21514,1
21515,0
21516,2
21517,2
21518,0
21519,1
21520,2
21521,1
21522,2
21523,2
21524,1
21525,1
21526,2
21527,2
21528,1
21529,1
21530,2
21531,2
21532,2
21533,2
21534,2
21535,1
21536,0
21537,2
21538,1
21539,1
21540,1
21541,2
21542,2
21543,2
21544,1
21545,2
21546,1
21547,2
21548,2
21549,0
21550,0
21551,0
21552,2
21553,1
21554,0
21555,1
21556,0
21557,0
21558,1
21559,2
21560,0
21561,1
21562,2
21563,0
21564,0
21565,0
21566,1
21567,1
21568,1
21569,1
21570,1
21571,2
21572,2
21573,2
21574,0
21575,0
21576,1
21577,1
21578,0
21579,1
21580,1
21581,0
21582,2
21583,2
21584,0
21585,2
21586,0
21587,2
21588,1
21589,2
21590,1
21591,1
21592,2
21593,0
21594,1
21595,0
21596,0
21597,2
21598,0
21599,1
21600,2
21601,2
21602,0
21603,0
21604,1
21605,0
21606,2
21607,2
21608,1
21609,2
21610,1
21611,2
21612,2
21613,2
21614,1
21615,0
21616,2
21617,2
21618,2
21619,2
21620,1
21621,0
21622,1
21623,1
21624,0
21625,2
21626,0
21627,1
21628,2
21629,1
21630,1
21631,1
21632,1
21633,0
21634,2
21635,1
21636,2
21637,2
21638,2
21639,0
21640,1
21641,0
21642,1
21643,2
21644,1
21645,0
21646,0
21647,0
21648,0
21649,1
21650,0
21651,0
21652,0
21653,0
21654,1
21655,0
21656,2
21657,0
21658,0
21659,2
21660,0
21661,1
21662,2
21663,1
21664,1
21665,2
21666,2
21667,2
21668,2
21669,1
21670,2
21671,2
21672,1
21673,1
21674,0
21675,0
21676,0
21677,2
21678,1
21679,2
21680,2
21681,2
21682,1
21683,1
21684,0
21685,1
21686,2
21687,0
21688,0
21689,2
21690,1
21691,0
21692,1
21693,2
21694,2
21695,1
21696,0
21697,0
21698,2
21699,0
21700,0
21701,0
21702,1
21703,2
21704,2
21705,2
21706,1
21707,1
21708,2
21709,1
21710,0
21711,1
21712,0
21713,0
21714,0
21715,0
21716,2
21717,1
21718,2
21719,0
21720,0
21721,1
21722,1
21723,0
21724,0
21725,0
21726,1
21727,1
21728,0
21729,0
21730,0
21731,1
21732,2
21733,0
21734,1
21735,2
21736,1
21737,1
21738,0
21739,0
21740,0
21741,2
21742,1
21743,0
21744,2
21745,2
21746,1
21747,2
21748,1
21749,1
21750,1
21751,0
21752,2
21753,1
21754,1
21755,0
21756,0
21757,2
21758,1
21759,0
21760,2
21761,1
21762,2
21763,1
21764,2
21765,0
21766,1
21767,1
21768,0
21769,0
21770,2
21771,0
21772,2
21773,1
21774,1
21775,0
21776,1
21777,2
21778,1
21779,2
21780,1
21781,1
21782,1
21783,0
21784,1
21785,1
21786,0
21787,2
21788,1
21789,0
21790,2
21791,2
21792,0
21793,0
21794,1
21795,2
21796,0
21797,0
21798,2
21799,1
21800,0
21801,0
21802,0
21803,2
21804,1
21805,1
21806,0
21807,0
21808,0
21809,1
21810,1
21811,0
21812,2
21813,1
21814,0
21815,0
21816,2
21817,1
21818,1
21819,1
21820,0
21821,0
21822,2
21823,0
21824,0
21825,1
21826,0
21827,2
21828,0
21829,0
21830,0
21831,1
21832,1
21833,0
21834,1
21835,2
21836,1
21837,0
21838,2
21839,1
21840,1
21841,0
21842,1
21843,0
21844,0
21845,1
21846,2
21847,0
21848,1
21849,2
21850,0
21851,2
21852,0
21853,2
21854,1
21855,2
21856,2
21857,2
21858,2
21859,2
21860,1
21861,0
21862,2
21863,0
21864,0
21865,2
21866,2
21867,1
21868,2
21869,0
21870,1
21871,0
21872,0
21873,1
21874,0
21875,0
21876,1
21877,0
21878,2
21879,2
21880,0
21881,0
21882,0
21883,1
21884,0
21885,2
21886,1
21887,1
21888,1
21889,2
21890,2
21891,1
21892,2
21893,2
21894,2
21895,0
21896,1
21897,0
21898,0
21899,0
21900,2
21901,0
21902,2
21903,2
21904,1
21905,2
21906,2
21907,2
21908,1
21909,2
21910,1
21911,2
21912,0
21913,2
21914,1
21915,1
21916,2
21917,2
21918,0
21919,2
21920,0
21921,1
21922,2
21923,0
21924,2
21925,1
21926,0
21927,1
21928,2
21929,2
21930,0
21931,2
21932,1
21933,1
21934,0
21935,0
21936,0
21937,2
21938,1
21939,2
21940,0
21941,1
21942,2
21943,0
21944,0
21945,0
21946,1
21947,1
21948,1
21949,0
21950,2
21951,2
21952,0
21953,1
21954,0
21955,1
21956,2
21957,1
21958,0
21959,1
21960,1
21961,2
21962,0
21963,1
21964,2
21965,1
21966,0
21967,1
21968,0
21969,0
21970,2
21971,1
21972,1
21973,1
21974,1
21975,2
21976,1
21977,2
21978,2
21979,1
21980,2
21981,2
21982,0
21983,2
21984,0
21985,0
21986,1
21987,1
21988,2
21989,0
21990,2
21991,1
21992,2
21993,0
21994,0
21995,2
21996,0
21997,1
21998,0
21999,1
22000,0
22001,0
22002,0
22003,2
22004,0
22005,2
22006,1
22007,2
22008,0
22009,0
22010,1
22011,2
22012,1
22013,1
22014,0
22015,1
22016,2
22017,0
22018,2
22019,1
22020,0
22021,2
22022,2
22023,1
22024,1
22025,1
22026,1
22027,0
22028,1
22029,1
22030,1
22031,2
22032,0
22033,1
22034,0
22035,0
22036,1
22037,0
22038,2
22039,1
22040,0
22041,1
22042,2
22043,0
22044,2
22045,1
22046,0
22047,2
22048,0
22049,1
22050,2
22051,1
22052,2
22053,0
22054,1
22055,2
22056,1
22057,2
22058,0
22059,2
22060,0
22061,0
22062,1
22063,1
22064,1
22065,2
22066,1
22067,1
22068,1
22069,2
22070,2
22071,1
22072,2
22073,0
22074,2
22075,2
22076,2
22077,0
22078,0
22079,2
22080,0
22081,0
22082,1
22083,1
22084,0
22085,0
22086,1
22087,0
22088,2
22089,2
22090,2
22091,1
22092,1
22093,2
22094,2
22095,0
22096,1
22097,0
22098,2
22099,2
22100,0
22101,2
22102,2
22103,0
22104,0
22105,0
22106,0
22107,1
22108,2
22109,0
22110,1
22111,0
22112,1
22113,0
22114,2
22115,1
22116,0
22117,2
22118,2
22119,2
22120,2
22121,1
22122,2
22123,0
22124,2
22125,0
22126,2
22127,2
22128,0
22129,2
22130,1
22131,2
22132,0
22133,2
22134,0
22135,1
22136,2
22137,1
22138,1
22139,2
22140,1
22141,2
22142,2
22143,2
22144,2
22145,0
22146,2
22147,2
22148,0
22149,2
22150,2
22151,2
22152,1
22153,2
22154,1
22155,1
22156,2
22157,2
22158,0
22159,0
22160,0
22161,0
22162,2
22163,2
22164,2
22165,2
22166,0
22167,2
22168,0
22169,1
22170,0
22171,2
22172,1
22173,2
22174,1
22175,0
22176,1
22177,0
22178,0
22179,2
22180,1
22181,1
22182,1
22183,0
22184,0
22185,2
22186,1
22187,1
22188,2
22189,0
22190,2
22191,1
22192,2
22193,2
22194,2
22195,1
22196,2
22197,0
22198,2
22199,0
22200,1
22201,1
22202,0
22203,2
22204,0
22205,0
22206,0
22207,0
22208,2
22209,1
22210,1
22211,0
22212,1
22213,1
22214,0
22215,2
22216,0
22217,0
22218,1
22219,0
22220,2
22221,2
22222,0
22223,2
22224,1
22225,1
22226,0
22227,0
22228,1
22229,2
22230,1
22231,1
22232,0
22233,0
22234,0
22235,0
22236,2
22237,2
22238,1
22239,1
22240,0
22241,0
22242,1
22243,0
22244,0
22245,0
22246,1
22247,2
22248,1
22249,2
22250,1
22251,2
22252,0
22253,1
22254,1
22255,2
22256,2
22257,0
22258,1
22259,2
22260,0
22261,0
22262,0
22263,0
22264,1
22265,1
22266,1
22267,2
22268,2
22269,2
22270,2
22271,1
22272,2
22273,2
22274,1
22275,0
22276,1
22277,1
22278,0
22279,0
22280,1
22281,1
22282,0
22283,2
22284,0
22285,1
22286,2
22287,0
22288,2
22289,0
22290,2
22291,0
22292,1
22293,0
22294,1
22295,0
22296,2
22297,0
22298,1
22299,1
22300,1
22301,1
22302,0
22303,1
22304,1
22305,2
22306,1
22307,0
22308,2
22309,1
22310,2
22311,0
22312,0
22313,1
22314,0
22315,1
22316,0
22317,1
22318,0
22319,2
22320,2
22321,2
22322,0
22323,2
22324,2
22325,0
22326,2
22327,1
22328,2
22329,1
22330,0
22331,0
22332,0
22333,2
22334,2
22335,0
22336,0
22337,2
22338,0
22339,1
22340,0
22341,1
22342,0
22343,2
22344,2
22345,1
22346,2
22347,0
22348,1
22349,0
22350,1
22351,0
22352,2
22353,0
22354,0
22355,2
22356,2
22357,2
22358,1
22359,1
22360,2
22361,0
22362,1
22363,2
22364,2
22365,2
22366,1
22367,0
22368,0
22369,2
22370,2
22371,0
22372,1
22373,2
22374,1
22375,2
22376,1
22377,1
22378,1
22379,0
22380,1
22381,1
22382,2
22383,0
22384,1
22385,2
22386,0
22387,2
22388,2
22389,1
22390,2
22391,2
22392,2
22393,0
22394,1
22395,0
22396,2
22397,1
22398,0
22399,1
22400,2
22401,0
22402,0
22403,0
22404,0
22405,2
22406,0
22407,1
22408,2
22409,2
22410,2
22411,1
22412,2
22413,0
22414,2
22415,2
22416,1
22417,1
22418,0
22419,1
22420,2
22421,1
22422,1
22423,2
22424,1
22425,0
22426,0
22427,2
22428,2
22429,1
22430,2
22431,0
22432,0
22433,1
22434,0
22435,2
22436,1
22437,2
22438,1
22439,1
22440,2
22441,2
22442,2
22443,0
22444,0
22445,1
22446,0
22447,1
22448,0
22449,2
22450,0
22451,2
22452,0
22453,0
22454,2
22455,0
22456,2
22457,2
22458,2
22459,2
22460,0
22461,0
22462,1
22463,0
22464,2
22465,1
22466,0
22467,2
22468,1
22469,0
22470,0
22471,2
22472,2
22473,1
22474,0
22475,2
22476,1
22477,0
22478,1
22479,0
22480,0
22481,1
22482,1
22483,2
22484,1
22485,0
22486,2
22487,0
22488,1
22489,0
22490,1
22491,0
22492,1
22493,2
22494,1
22495,2
22496,2
22497,1
22498,2
22499,0
22500,1
22501,0
22502,0
22503,2
22504,2
22505,2
22506,2
22507,2
22508,0
22509,2
22510,0
22511,2
22512,0
22513,1
22514,0
22515,2
22516,2
22517,2
22518,0
22519,1
22520,1
22521,2
22522,0
22523,2
22524,0
22525,2
22526,0
22527,0
22528,0
22529,2
22530,0
22531,2
22532,1
22533,2
22534,2
22535,1
22536,2
22537,0
22538,2
22539,2
22540,0
22541,1
22542,1
22543,1
22544,0
22545,2
22546,2
22547,2
22548,2
22549,1
22550,1
22551,2
22552,2
22553,1
22554,0
22555,1
22556,2
22557,1
22558,2
22559,2
22560,2
22561,0
22562,2
22563,2
22564,1
22565,0
22566,2
22567,1
22568,1
22569,2
22570,2
22571,2
22572,0
22573,2
22574,0
22575,2
22576,1
22577,2
22578,0
22579,0
22580,0
22581,1
22582,1
22583,2
22584,1
22585,2
22586,0
22587,1
22588,2
22589,1
22590,2
22591,1
22592,0
22593,2
22594,0
22595,0
22596,2
22597,2
22598,2
22599,1
22600,1
22601,2
22602,0
22603,0
22604,2
22605,1
22606,2
22607,0
22608,0
22609,1
22610,0
22611,1
22612,0
22613,0
22614,1
22615,0
22616,0
22617,1
22618,0
22619,0
22620,0
22621,0
22622,1
22623,2
22624,0
22625,2
22626,0
22627,0
22628,2
22629,0
22630,0
22631,2
22632,1
22633,0
22634,1
22635,1
22636,1
22637,2
22638,1
22639,2
22640,1
22641,2
22642,1
22643,1
22644,2
22645,0
22646,0
22647,2
22648,2
22649,1
22650,1
22651,0
22652,2
22653,2
22654,1
22655,2
22656,1
22657,1
22658,2
22659,0
22660,1
22661,2
22662,2
22663,1
22664,2
22665,0
22666,2
22667,0
22668,2
22669,1
22670,0
22671,1
22672,2
22673,1
22674,1
22675,1
22676,0
22677,0
22678,1
22679,0
22680,2
22681,2
22682,1
22683,0
22684,1
22685,0
22686,1
22687,1
22688,2
22689,1
22690,1
22691,2
22692,1
22693,0
22694,1
22695,0
22696,2
22697,0
22698,1
22699,2
22700,1
22701,0
22702,2
22703,2
22704,1
22705,2
22706,0
22707,1
22708,1
22709,1
22710,2
22711,1
22712,2
22713,1
22714,1
22715,1
22716,1
22717,0
22718,0
22719,1
22720,1
22721,2
22722,0
22723,2
22724,1
22725,2
22726,2
22727,1
22728,2
22729,1
22730,1
22731,2
22732,2
22733,1
22734,2
22735,1
22736,1
22737,0
22738,1
22739,2
22740,1
22741,2
22742,0
22743,1
22744,1
22745,1
22746,2
22747,0
22748,2
22749,2
22750,2
22751,0
22752,0
22753,2
22754,0
22755,1
22756,0
22757,1
22758,2
22759,2
22760,1
22761,0
22762,2
22763,0
22764,0
22765,0
22766,1
22767,1
22768,2
22769,1
22770,2
22771,0
22772,0
22773,1
22774,2
22775,1
22776,1
22777,1
22778,0
22779,2
22780,0
22781,0
22782,1
22783,1
22784,1
22785,1
22786,1
22787,2
22788,1
22789,0
22790,1
22791,0
22792,0
22793,2
22794,0
22795,1
22796,1
22797,0
22798,2
22799,0
22800,2
22801,2
22802,0
22803,1
22804,2
22805,1
22806,1
22807,2
22808,0
22809,0
22810,1
22811,2
22812,2
22813,2
22814,0
22815,1
22816,0
22817,2
22818,1
22819,0
22820,2
22821,0
22822,0
22823,1
22824,1
22825,0
22826,2
22827,1
22828,0
22829,2
22830,0
22831,2
22832,0
22833,0
22834,0
22835,0
22836,1
22837,1
22838,0
22839,1
22840,2
22841,0
22842,2
22843,0
22844,0
22845,0
22846,0
22847,0
22848,0
22849,2
22850,2
22851,0
22852,2
22853,1
22854,0
22855,0
22856,1
22857,0
22858,1
22859,0
22860,2
22861,0
22862,0
22863,2
22864,2
22865,1
22866,0
22867,0
22868,0
22869,0
22870,2
22871,0
22872,2
22873,0
22874,0
22875,2
22876,2
22877,0
22878,2
22879,1
22880,1
22881,2
22882,1
22883,1
22884,1
22885,0
22886,2
22887,1
22888,1
22889,0
22890,0
22891,1
22892,2
22893,1
22894,2
22895,2
22896,2
22897,1
22898,1
22899,2
22900,2
22901,1
22902,1
22903,1
22904,0
22905,0
22906,2
22907,1
22908,1
22909,1
22910,1
22911,2
22912,0
22913,2
22914,2
22915,2
22916,2
22917,1
22918,1
22919,0
22920,2
22921,2
22922,1
22923,2
22924,0
22925,1
22926,2
22927,0
22928,0
22929,2
22930,0
22931,2
22932,0
22933,0
22934,0
22935,1
22936,1
22937,2
22938,1
22939,2
22940,0
22941,2
22942,0
22943,2
22944,2
22945,1
22946,1
22947,0
22948,1
22949,1
22950,0
22951,2
22952,0
22953,1
22954,2
22955,2
22956,1
22957,0
22958,2
22959,1
22960,0
22961,2
22962,0
22963,0
22964,2
22965,0
22966,2
22967,0
22968,2
22969,2
22970,1
22971,0
22972,0
22973,0
22974,1
22975,2
22976,1
22977,1
22978,1
22979,2
22980,2
22981,1
22982,2
22983,0
22984,2
22985,1
22986,2
22987,2
22988,2
22989,1
22990,2
22991,2
22992,1
22993,2
22994,0
22995,0
22996,1
22997,0
22998,2
22999,2
23000,1
23001,2
23002,2
23003,2
23004,1
23005,0
23006,1
23007,0
23008,2
23009,2
23010,1
23011,2
23012,2
23013,1
23014,1
23015,2
23016,1
23017,1
23018,0
23019,2
23020,2
23021,0
23022,0
23023,1
23024,1
23025,0
23026,0
23027,0
23028,2
23029,1
23030,2
23031,0
23032,2
23033,2
23034,2
23035,0
23036,1
23037,2
23038,2
23039,2
23040,1
23041,0
23042,1
23043,0
23044,1
23045,2
23046,1
23047,0
23048,2
23049,0
23050,2
23051,2
23052,0
23053,0
23054,2
23055,0
23056,2
23057,0
23058,0
23059,1
23060,0
23061,0
23062,0
23063,1
23064,1
23065,2
23066,0
23067,1
23068,1
23069,0
23070,0
23071,1
23072,2
23073,0
23074,1
23075,2
23076,0
23077,2
23078,2
23079,1
23080,0
23081,1
23082,1
23083,2
23084,0
23085,0
23086,1
23087,0
23088,1
23089,1
23090,1
23091,2
23092,1
23093,0
23094,0
23095,2
23096,0
23097,1
23098,0
23099,0
23100,0
23101,2
23102,1
23103,0
23104,2
23105,1
23106,2
23107,2
23108,2
23109,2
23110,0
23111,0
23112,0
23113,2
23114,2
23115,1
23116,2
23117,2
23118,2
23119,2
23120,2
23121,1
23122,0
23123,0
23124,0
23125,2
23126,2
23127,1
23128,1
23129,1
23130,0
23131,0
23132,1
23133,2
23134,0
23135,2
23136,0
23137,2
23138,1
23139,2
23140,1
23141,1
23142,0
23143,1
23144,1
23145,0
23146,1
23147,0
23148,0
23149,2
23150,1
23151,1
23152,2
23153,1
23154,2
23155,1
23156,1
23157,0
23158,2
23159,2
23160,1
23161,0
23162,0
23163,0
23164,2
23165,0
23166,0
23167,2
23168,2
23169,0
23170,1
23171,2
23172,0
23173,0
23174,0
23175,1
23176,2
23177,1
23178,1
23179,2
23180,0
23181,1
23182,2
23183,1
23184,0
23185,1
23186,1
23187,2
23188,1
23189,1
23190,2
23191,2
23192,0
23193,0
23194,2
23195,2
23196,1
23197,0
23198,2
23199,0
23200,1
23201,1
23202,2
23203,2
23204,2
23205,0
23206,2
23207,0
23208,0
23209,0
23210,2
23211,2
23212,2
23213,2
23214,2
23215,1
23216,2
23217,1
23218,1
23219,2
23220,1
23221,1
23222,1
23223,0
23224,1
23225,2
23226,2
23227,1
23228,0
23229,0
23230,1
23231,1
23232,1
23233,1
23234,2
23235,0
23236,2
23237,1
23238,1
23239,1
23240,2
23241,0
23242,0
23243,0
23244,0
23245,2
23246,1
23247,1
23248,0
23249,1
23250,0
23251,1
23252,2
23253,2
23254,1
23255,2
23256,1
23257,0
23258,1
23259,0
23260,1
23261,0
23262,1
23263,1
23264,0
23265,0
23266,2
23267,0
23268,0
23269,1
23270,1
23271,0
23272,1
23273,0
23274,1
23275,0
23276,1
23277,1
23278,0
23279,1
23280,1
23281,1
23282,2
23283,0
23284,1
23285,1
23286,2
23287,1
23288,2
23289,1
23290,0
23291,2
23292,2
23293,1
23294,0
23295,1
23296,2
23297,1
23298,1
23299,1
23300,2
23301,0
23302,1
23303,0
23304,0
23305,2
23306,1
23307,2
23308,0
23309,2
23310,2
23311,2
23312,0
23313,1
23314,2
23315,0
23316,1
23317,1
23318,1
23319,1
23320,0
23321,1
23322,0
23323,0
23324,1
23325,1
23326,0
23327,2
23328,2
23329,2
23330,2
23331,0
23332,0
23333,2
23334,2
23335,0
23336,1
23337,2
23338,2
23339,0
23340,2
23341,0
23342,0
23343,2
23344,1
23345,2
23346,2
23347,1
23348,1
23349,0
23350,2
23351,2
23352,2
23353,0
23354,1
23355,1
23356,0
23357,1
23358,2
23359,1
23360,1
23361,1
23362,2
23363,1
23364,0
23365,2
23366,1
23367,2
23368,0
23369,1
23370,1
23371,0
23372,2
23373,2
23374,2
23375,2
23376,1
23377,1
23378,0
23379,0
23380,2
23381,1
23382,0
23383,2
23384,0
23385,0
23386,2
23387,1
23388,2
23389,2
23390,2
23391,2
23392,1
23393,0
23394,0
23395,0
23396,2
23397,0
23398,1
23399,2
23400,1
23401,0
23402,2
23403,1
23404,1
23405,2
23406,2
23407,0
23408,2
23409,2
23410,2
23411,1
23412,1
23413,2
23414,2
23415,1
23416,1
23417,1
23418,2
23419,1
23420,2
23421,1
23422,1
23423,1
23424,2
23425,0
23426,2
23427,0
23428,0
23429,0
23430,1
23431,0
23432,1
23433,1
23434,0
23435,0
23436,0
23437,1
23438,0
23439,2
23440,0
23441,0
23442,0
23443,1
23444,0
23445,1
23446,2
23447,0
23448,1
23449,1
23450,2
23451,1
23452,0
23453,2
23454,2
23455,0
23456,2
23457,0
23458,2
23459,1
23460,0
23461,1
23462,1
23463,1
23464,2
23465,0
23466,1
23467,2
23468,2
23469,2
23470,2
23471,2
23472,0
23473,1
23474,1
23475,2
23476,2
23477,1
23478,2
