index,cluster
0,1
1,1
2,1
3,1
4,1
5,1
6,1
7,1
8,2
9,2
10,1
11,0
12,1
13,1
14,1
15,1
16,1
17,2
18,1
19,1
20,2
21,1
22,1
23,1
24,1
25,0
26,2
27,1
28,2
29,1
30,2
31,2
32,1
33,2
34,2
35,1
36,2
37,2
38,2
39,1
40,1
41,1
42,0
43,1
44,2
45,0
46,0
47,1
48,1
49,1
50,0
51,2
52,1
53,2
54,1
55,2
56,0
57,1
58,1
59,1
60,2
61,1
62,1
63,1
64,1
65,1
66,1
67,2
68,1
69,2
70,2
71,1
72,1
73,1
74,2
75,1
76,2
77,1
78,1
79,2
80,1
81,1
82,2
83,1
84,2
85,1
86,1
87,1
88,2
89,1
90,0
91,1
92,0
93,2
94,1
95,1
96,1
97,1
98,1
99,1
100,2
101,2
102,0
103,1
104,1
105,0
106,1
107,2
108,1
109,0
110,1
111,1
112,1
113,1
114,1
115,1
116,1
117,1
118,2
119,1
120,1
121,1
122,2
123,1
124,1
125,1
126,1
127,2
128,1
129,1
130,1
131,1
132,2
133,2
134,0
135,2
136,2
137,2
138,1
139,2
140,1
141,2
142,2
143,1
144,1
145,1
146,2
147,2
148,0
149,2
150,1
151,1
152,1
153,2
154,1
155,1
156,1
157,2
158,1
159,1
160,1
161,2
162,0
163,1
164,2
165,2
166,1
167,1
168,2
169,0
170,2
171,1
172,0
173,1
174,1
175,1
176,1
177,0
178,1
179,1
180,2
181,1
182,1
183,1
184,1
185,1
186,1
187,1
188,1
189,2
190,1
191,1
192,1
193,1
194,1
195,0
196,1
197,1
198,2
199,1
200,1
201,1
202,1
203,1
204,1
205,2
206,2
207,1
208,1
209,1
210,1
211,1
212,2
213,1
214,1
215,2
216,1
217,1
218,1
219,1
220,2
221,1
222,1
223,2
224,1
225,1
226,2
227,1
228,1
229,0
230,1
231,1
232,1
233,1
234,1
235,0
236,1
237,1
238,1
239,1
240,0
241,1
242,1
243,1
244,2
245,1
246,2
247,2
248,1
249,2
250,1
251,0
252,1
253,1
254,2
255,1
256,1
257,2
258,1
259,1
260,2
261,2
262,1
263,1
264,0
265,0
266,1
267,2
268,1
269,1
270,1
271,0
272,1
273,1
274,0
275,1
276,1
277,1
278,1
279,2
280,1
281,1
282,2
283,2
284,1
285,2
286,1
287,0
288,1
289,1
290,1
291,2
292,1
293,0
294,1
295,0
296,1
297,1
298,1
299,1
300,1
301,1
302,0
303,1
304,2
305,2
306,1
307,1
308,1
309,0
310,2
311,2
312,1
313,0
314,1
315,1
316,1
317,1
318,1
319,2
320,1
321,1
322,1
323,0
324,2
325,1
326,1
327,0
328,1
329,1
330,1
331,2
332,2
333,1
334,1
335,1
336,2
337,1
338,2
339,1
340,0
341,2
342,1
343,0
344,2
345,1
346,1
347,1
348,2
349,1
350,1
351,2
352,1
353,1
354,2
355,1
356,1
357,1
358,1
359,1
360,1
361,1
362,1
363,1
364,1
365,1
366,1
367,1
368,1
369,1
370,1
371,2
372,0
373,1
374,1
375,1
376,0
377,1
378,1
379,1
380,2
381,1
382,1
383,2
384,2
385,0
386,0
387,1
388,1
389,1
390,1
391,1
392,2
393,1
394,1
395,1
396,2
397,1
398,1
399,1
400,1
401,1
402,1
403,1
404,1
405,1
406,2
407,1
408,1
409,1
410,2
411,2
412,0
413,2
414,1
415,1
416,1
417,2
418,1
419,0
420,2
421,1
422,1
423,2
424,1
425,1
426,1
427,1
428,1
429,2
430,2
431,2
432,1
433,1
434,1
435,2
436,1
437,1
438,1
439,1
440,1
441,1
442,1
443,1
444,1
445,2
446,1
447,1
448,1
449,1
450,1
451,1
452,1
453,2
454,1
455,1
456,1
457,0
458,1
459,1
460,2
461,1
462,2
463,1
464,1
465,1
466,1
467,2
468,1
469,1
470,1
471,1
472,1
473,1
474,1
475,2
476,1
477,1
478,1
479,2
480,2
481,1
482,1
483,1
484,2
485,2
486,1
487,1
488,2
489,1
490,1
491,2
492,1
493,1
494,1
495,1
496,1
497,2
498,2
499,1
500,2
501,2
502,1
503,1
504,1
505,0
506,0
507,1
508,2
509,1
510,1
511,1
512,1
513,1
514,1
515,1
516,1
517,1
518,1
519,2
520,1
521,1
522,1
523,1
524,1
525,0
526,0
527,1
528,1
529,0
530,0
531,1
532,2
533,1
534,1
535,2
536,1
537,0
538,0
539,0
540,1
541,1
542,1
543,1
544,2
545,1
546,1
547,2
548,1
549,1
550,1
551,1
552,1
553,1
554,1
555,2
556,1
557,0
558,1
559,1
560,2
561,1
562,1
563,1
564,0
565,1
566,1
567,1
568,1
569,1
570,1
571,1
572,0
573,2
574,2
575,2
576,1
577,1
578,1
579,1
580,1
581,2
582,1
583,1
584,2
585,1
586,1
587,1
588,1
589,2
590,1
591,1
592,0
593,1
594,1
595,1
596,1
597,1
598,1
599,1
600,0
601,1
602,1
603,1
604,1
605,1
606,1
607,2
608,1
609,0
610,2
611,1
612,2
613,1
614,1
615,1
616,1
617,2
618,0
619,1
620,1
621,2
622,2
623,1
624,1
625,1
626,2
627,1
628,1
629,1
630,1
631,0
632,2
633,1
634,1
635,1
636,1
637,1
638,1
639,1
640,1
641,1
642,1
643,1
644,1
645,1
646,1
647,1
648,1
649,0
650,0
651,0
652,1
653,1
654,1
655,1
656,0
657,2
658,1
659,1
660,1
661,1
662,2
663,1
664,2
665,1
666,2
667,2
668,1
669,1
670,0
671,1
672,1
673,1
674,2
675,0
676,2
677,2
678,1
679,1
680,1
681,1
682,1
683,1
684,0
685,2
686,1
687,1
688,1
689,1
690,1
691,1
692,1
693,1
694,2
695,1
696,2
697,2
698,1
699,2
700,1
701,1
702,1
703,1
704,1
705,1
706,1
707,2
708,2
709,2
710,2
711,2
712,1
713,1
714,2
715,2
716,2
717,1
718,2
719,1
720,0
721,1
722,1
723,1
724,1
725,2
726,1
727,1
728,1
729,1
730,1
731,1
732,1
733,1
734,0
735,2
736,1
737,1
738,2
739,1
740,0
741,1
742,1
743,0
744,1
745,2
746,2
747,1
748,1
749,1
750,1
751,1
752,1
753,0
754,1
755,1
756,1
757,1
758,2
759,2
760,1
761,0
762,1
763,1
764,1
765,2
766,1
767,1
768,2
769,1
770,1
771,1
772,1
773,1
774,1
775,2
776,1
777,2
778,1
779,1
780,2
781,1
782,1
783,2
784,1
785,1
786,0
787,1
788,2
789,1
790,1
791,1
792,1
793,1
794,1
795,1
796,2
797,0
798,0
799,2
800,1
801,2
802,2
803,2
804,1
805,1
806,1
807,1
808,1
809,1
810,2
811,2
812,1
813,0
814,1
815,1
816,0
817,1
818,1
819,1
820,2
821,1
822,1
823,0
824,2
825,2
826,1
827,2
828,1
829,1
830,1
831,1
832,1
833,2
834,1
835,0
836,2
837,1
838,2
839,1
840,0
841,1
842,1
843,1
844,1
845,2
846,1
847,2
848,2
849,1
850,1
851,1
852,2
853,2
854,0
855,0
856,1
857,2
858,1
859,2
860,2
861,1
862,2
863,1
864,1
865,0
866,1
867,1
868,0
869,1
870,1
871,1
872,1
873,1
874,2
875,2
876,2
877,1
878,1
879,1
880,2
881,1
882,1
883,1
884,1
885,2
886,1
887,1
888,1
889,1
890,1
891,2
892,1
893,1
894,2
895,1
896,1
897,1
898,1
899,0
900,2
901,1
902,1
903,1
904,1
905,2
906,1
907,1
908,1
909,2
910,1
911,1
912,1
913,1
914,1
915,1
916,2
917,1
918,1
919,1
920,0
921,1
922,1
923,2
924,1
925,0
926,2
927,1
928,1
929,0
930,0
931,1
932,1
933,0
934,2
935,1
936,2
937,1
938,0
939,2
940,1
941,1
942,1
943,1
944,1
945,0
946,1
947,1
948,1
949,2
950,1
951,2
952,1
953,0
954,1
955,1
956,1
957,0
958,1
959,1
960,1
961,0
962,1
963,1
964,1
965,0
966,1
967,1
968,2
969,0
970,1
971,2
972,1
973,1
974,1
975,1
976,2
977,0
978,1
979,2
980,1
981,1
982,1
983,1
984,2
985,2
986,1
987,2
988,1
989,0
990,1
991,2
992,1
993,1
994,1
995,1
996,1
997,1
998,1
999,2
1000,2
1001,2
1002,0
1003,0
1004,1
1005,1
1006,2
1007,1
1008,1
1009,1
1010,2
1011,2
1012,1
1013,1
1014,2
1015,2
1016,2
1017,1
1018,1
1019,1
1020,1
1021,2
1022,1
1023,1
1024,2
1025,1
1026,1
1027,2
1028,1
1029,0
1030,1
1031,2
1032,1
1033,1
1034,1
1035,2
1036,1
1037,1
1038,1
1039,2
1040,1
1041,0
1042,1
1043,0
1044,1
1045,1
1046,1
1047,1
1048,1
1049,2
1050,1
1051,0
1052,1
1053,1
1054,1
1055,1
1056,0
1057,2
1058,1
1059,2
1060,1
1061,1
1062,2
1063,1
1064,1
1065,1
1066,1
1067,1
1068,0
1069,2
1070,1
1071,1
1072,0
1073,1
1074,1
1075,1
1076,2
1077,1
1078,1
1079,1
1080,1
1081,2
1082,2
1083,1
1084,1
1085,1
1086,1
1087,1
1088,0
1089,1
1090,1
1091,1
1092,1
1093,1
1094,1
1095,1
1096,1
1097,1
1098,2
1099,1
1100,1
1101,1
1102,1
1103,1
1104,1
1105,1
1106,2
1107,1
1108,1
1109,2
1110,1
1111,1
1112,1
1113,1
1114,1
1115,1
1116,1
1117,2
1118,1
1119,1
1120,1
1121,1
1122,2
1123,2
1124,1
1125,1
1126,1
1127,1
1128,1
1129,1
1130,1
1131,1
1132,0
1133,2
1134,2
1135,1
1136,2
1137,1
1138,2
1139,2
1140,1
1141,1
1142,1
1143,2
1144,2
1145,1
1146,1
1147,1
1148,1
1149,1
1150,1
1151,2
1152,0
1153,1
1154,1
1155,2
1156,1
1157,1
1158,1
1159,1
1160,1
1161,1
1162,2
1163,1
1164,2
1165,0
1166,2
1167,2
1168,2
1169,1
1170,1
1171,1
1172,1
1173,2
1174,1
1175,1
1176,1
1177,0
1178,1
1179,1
1180,1
1181,2
1182,2
1183,1
1184,0
1185,2
1186,1
1187,1
1188,1
1189,2
1190,0
1191,1
1192,1
1193,1
1194,1
1195,1
1196,2
1197,1
1198,2
1199,1
1200,1
1201,1
1202,1
1203,1
1204,2
1205,1
1206,1
1207,0
1208,2
1209,0
1210,1
1211,1
1212,2
1213,2
1214,1
1215,0
1216,2
1217,1
1218,1
1219,1
1220,1
1221,1
1222,1
1223,1
1224,0
1225,1
1226,0
1227,1
1228,1
1229,1
1230,2
1231,2
1232,1
1233,1
1234,2
1235,2
1236,1
1237,1
1238,2
1239,1
1240,2
1241,1
1242,1
1243,1
1244,2
1245,2
1246,1
1247,1
1248,1
1249,1
1250,1
1251,1
1252,1
1253,1
1254,1
1255,0
1256,1
1257,2
1258,1
1259,1
1260,1
1261,2
1262,2
1263,1
1264,1
1265,2
1266,1
1267,1
1268,1
1269,1
1270,2
1271,1
1272,1
1273,1
1274,2
1275,1
1276,2
1277,1
1278,1
1279,0
1280,1
1281,0
1282,1
1283,1
1284,2
1285,1
1286,1
1287,2
1288,2
1289,1
1290,0
1291,0
1292,0
1293,2
1294,1
1295,1
1296,1
1297,2
1298,1
1299,1
1300,1
1301,1
1302,1
1303,2
1304,2
1305,1
1306,1
1307,2
1308,2
1309,2
1310,1
1311,2
1312,1
1313,2
1314,1
1315,1
1316,2
1317,1
1318,1
1319,1
1320,1
1321,1
1322,1
1323,2
1324,1
1325,1
1326,2
1327,1
1328,0
1329,1
1330,2
1331,1
1332,0
1333,2
1334,0
1335,1
1336,2
1337,0
1338,1
1339,2
1340,1
1341,1
1342,1
1343,1
1344,1
1345,0
1346,1
1347,2
1348,1
1349,1
1350,1
1351,1
1352,1
1353,1
1354,2
1355,1
1356,0
1357,1
1358,1
1359,1
1360,2
1361,1
1362,1
1363,1
1364,0
1365,2
1366,0
1367,1
1368,1
1369,1
1370,1
1371,0
1372,1
1373,2
1374,2
1375,1
1376,1
1377,1
1378,1
1379,2
1380,2
1381,0
1382,1
1383,1
1384,1
1385,1
1386,1
1387,1
1388,1
1389,0
1390,1
1391,1
1392,1
1393,1
1394,2
1395,0
1396,0
1397,1
1398,1
1399,2
1400,1
1401,1
1402,1
1403,1
1404,1
1405,1
1406,0
1407,2
1408,1
1409,2
1410,1
1411,1
1412,2
1413,0
1414,1
1415,2
1416,1
1417,1
1418,0
1419,1
1420,1
1421,0
1422,1
1423,1
1424,1
1425,1
1426,1
1427,1
1428,1
1429,1
1430,1
1431,1
1432,2
1433,1
1434,1
1435,0
1436,0
1437,1
1438,1
1439,0
1440,2
1441,2
1442,0
1443,1
1444,2
1445,2
1446,1
1447,1
1448,1
1449,2
1450,2
1451,1
1452,0
1453,1
1454,2
1455,1
1456,1
1457,1
1458,1
1459,1
1460,1
1461,1
1462,1
1463,1
1464,1
1465,2
1466,1
1467,1
1468,1
1469,1
1470,2
1471,1
1472,2
1473,2
1474,1
1475,1
1476,1
1477,1
1478,1
1479,1
1480,2
1481,1
1482,1
1483,1
1484,2
1485,1
1486,1
1487,2
1488,1
1489,1
1490,1
1491,1
1492,2
1493,1
1494,1
1495,1
1496,1
1497,1
1498,2
1499,0
1500,1
1501,1
1502,1
1503,2
1504,1
1505,1
1506,0
1507,1
1508,2
1509,1
1510,2
1511,0
1512,1
1513,1
1514,2
1515,0
1516,1
1517,1
1518,1
1519,2
1520,2
1521,1
1522,0
1523,1
1524,1
1525,0
1526,1
1527,1
1528,1
1529,0
1530,1
1531,0
1532,2
1533,0
1534,2
1535,1
1536,1
1537,2
1538,1
1539,1
1540,1
1541,1
1542,1
1543,1
1544,1
1545,0
1546,1
1547,0
1548,1
1549,1
1550,1
1551,1
1552,2
1553,2
1554,1
1555,1
1556,1
1557,1
1558,1
1559,1
1560,1
1561,1
1562,2
1563,0
1564,0
1565,1
1566,1
1567,1
1568,2
1569,2
1570,0
1571,0
1572,2
1573,1
1574,1
1575,1
1576,1
1577,0
1578,2
1579,1
1580,2
1581,0
1582,2
1583,2
1584,0
1585,0
1586,1
1587,1
1588,0
1589,1
1590,0
1591,2
1592,1
1593,1
1594,1
1595,2
1596,1
1597,2
1598,1
1599,2
1600,1
1601,1
1602,1
1603,1
1604,2
1605,1
1606,1
1607,0
1608,2
1609,2
1610,1
1611,1
1612,2
1613,1
1614,1
1615,2
1616,1
1617,1
1618,1
1619,0
1620,1
1621,1
1622,1
1623,2
1624,1
1625,1
1626,1
1627,1
1628,2
1629,1
1630,1
1631,2
1632,0
1633,1
1634,1
1635,2
1636,1
1637,1
1638,1
1639,1
1640,1
1641,1
1642,2
1643,1
1644,0
1645,0
1646,1
1647,1
1648,2
1649,1
1650,0
1651,1
1652,2
1653,1
1654,1
1655,1
1656,1
1657,2
1658,2
1659,1
1660,1
1661,1
1662,1
1663,1
1664,1
1665,2
1666,1
1667,2
1668,1
1669,1
1670,1
1671,1
1672,1
1673,1
1674,2
1675,0
1676,1
1677,2
1678,0
1679,2
1680,1
1681,2
1682,2
1683,0
1684,2
1685,1
1686,2
1687,2
1688,1
1689,1
1690,1
1691,1
1692,1
1693,2
1694,1
1695,1
1696,2
1697,1
1698,2
1699,1
1700,1
1701,1
1702,2
1703,1
1704,2
1705,2
1706,1
1707,1
1708,1
1709,1
1710,0
1711,1
1712,1
1713,2
1714,1
1715,2
1716,1
1717,1
1718,1
1719,1
1720,2
1721,1
1722,1
1723,1
1724,2
1725,1
1726,1
1727,1
1728,2
1729,1
1730,1
1731,1
1732,0
1733,1
1734,2
1735,1
1736,1
1737,1
1738,1
1739,1
1740,1
1741,2
1742,2
1743,1
1744,1
1745,1
1746,0
1747,1
1748,1
1749,1
1750,1
1751,0
1752,1
1753,2
1754,1
1755,2
1756,1
1757,2
1758,1
1759,2
1760,1
1761,1
1762,1
1763,1
1764,2
1765,2
1766,1
1767,2
1768,1
1769,1
1770,1
1771,1
1772,0
1773,1
1774,1
1775,1
1776,1
1777,1
1778,1
1779,1
1780,2
1781,0
1782,0
1783,1
1784,1
1785,2
1786,1
1787,2
1788,1
1789,2
1790,1
1791,1
1792,1
1793,1
1794,2
1795,2
1796,1
1797,2
1798,1
1799,1
1800,1
1801,0
1802,1
1803,1
1804,2
1805,1
1806,0
1807,0
1808,1
1809,1
1810,1
1811,2
1812,1
1813,1
1814,2
1815,1
1816,2
1817,1
1818,1
1819,1
1820,2
1821,1
1822,2
1823,1
1824,1
1825,0
1826,2
1827,1
1828,1
1829,1
1830,1
1831,1
1832,1
1833,2
1834,2
1835,1
1836,1
1837,2
1838,1
1839,1
1840,1
1841,1
1842,1
1843,1
1844,2
1845,1
1846,1
1847,2
1848,1
1849,2
1850,1
1851,1
1852,1
1853,0
1854,1
1855,1
1856,1
1857,0
1858,2
1859,1
1860,1
1861,1
1862,0
1863,1
1864,2
1865,1
1866,1
1867,2
1868,1
1869,1
1870,1
1871,2
1872,1
1873,0
1874,1
1875,0
1876,1
1877,2
1878,1
1879,1
1880,1
1881,1
1882,0
1883,1
1884,2
1885,1
1886,1
1887,1
1888,0
1889,1
1890,1
1891,1
1892,1
1893,1
1894,0
1895,1
1896,1
1897,1
1898,1
1899,1
1900,1
1901,1
1902,1
1903,0
1904,1
1905,1
1906,1
1907,2
1908,1
1909,1
1910,1
1911,1
1912,1
1913,2
1914,0
1915,1
1916,2
1917,0
1918,2
1919,2
1920,2
1921,2
1922,1
1923,2
1924,2
1925,1
1926,1
1927,1
1928,2
1929,1
1930,1
1931,0
1932,0
1933,0
1934,1
1935,0
1936,1
1937,2
1938,0
1939,1
1940,2
1941,1
1942,1
1943,1
1944,1
1945,1
1946,0
1947,1
1948,1
1949,2
1950,1
1951,1
1952,2
1953,1
1954,1
1955,2
1956,1
1957,1
1958,1
1959,2
1960,0
1961,1
1962,2
1963,1
1964,2
1965,2
1966,1
1967,2
1968,1
1969,1
1970,1
1971,2
1972,1
1973,1
1974,1
1975,2
1976,1
1977,1
1978,2
1979,2
1980,1
1981,1
1982,1
1983,1
1984,1
1985,2
1986,1
1987,2
1988,1
1989,1
1990,1
1991,0
1992,1
1993,1
1994,1
1995,1
1996,0
1997,1
1998,1
1999,1
2000,1
2001,1
2002,0
2003,2
2004,1
2005,1
2006,0
2007,1
2008,1
2009,2
2010,2
2011,1
2012,0
2013,1
2014,1
2015,1
2016,2
2017,1
2018,2
2019,1
2020,1
2021,2
2022,2
2023,2
2024,1
2025,1
2026,2
2027,1
2028,1
2029,1
2030,1
2031,1
2032,1
2033,1
2034,1
2035,1
2036,1
2037,1
2038,1
2039,1
2040,1
2041,1
2042,1
2043,1
2044,0
2045,1
2046,2
2047,2
2048,1
2049,0
2050,1
2051,1
2052,2
2053,1
2054,0
2055,1
2056,1
2057,1
2058,0
2059,2
2060,0
2061,1
2062,2
2063,2
2064,1
2065,2
2066,1
2067,1
2068,1
2069,1
2070,1
2071,1
2072,1
2073,1
2074,1
2075,1
2076,2
2077,0
2078,1
2079,1
2080,2
2081,2
2082,2
2083,1
2084,1
2085,2
2086,1
2087,1
2088,1
2089,2
2090,1
2091,1
2092,0
2093,1
2094,1
2095,1
2096,1
2097,1
2098,1
2099,1
2100,2
2101,1
2102,1
2103,1
2104,1
2105,2
2106,0
2107,2
2108,2
2109,1
2110,1
2111,1
2112,1
2113,2
2114,2
2115,2
2116,1
2117,1
2118,1
2119,1
2120,1
2121,2
2122,1
2123,2
2124,1
2125,2
2126,1
2127,1
2128,1
2129,2
2130,1
2131,0
2132,1
2133,1
2134,2
2135,1
2136,2
2137,1
2138,1
2139,1
2140,1
2141,1
2142,1
2143,1
2144,2
2145,1
2146,1
2147,1
2148,1
2149,1
2150,1
2151,1
2152,1
2153,1
2154,1
2155,1
2156,2
2157,1
2158,1
2159,1
2160,1
2161,1
2162,1
2163,1
2164,1
2165,1
2166,1
2167,2
2168,2
2169,2
2170,0
2171,1
2172,2
2173,1
2174,1
2175,1
2176,1
2177,0
2178,1
2179,1
2180,1
2181,0
2182,2
2183,1
2184,0
2185,1
2186,2
2187,1
2188,2
2189,1
2190,1
2191,1
2192,1
2193,1
2194,2
2195,1
2196,1
2197,0
2198,1
2199,0
2200,1
2201,0
2202,1
2203,1
2204,2
2205,1
2206,1
2207,2
2208,2
2209,1
2210,1
2211,2
2212,1
2213,1
2214,1
2215,1
2216,2
2217,0
2218,1
2219,1
2220,0
2221,2
2222,1
2223,1
2224,1
2225,2
2226,2
2227,2
2228,2
2229,2
2230,1
2231,2
2232,1
2233,1
2234,2
2235,0
2236,2
2237,1
2238,0
2239,2
2240,2
2241,1
2242,1
2243,1
2244,1
2245,1
2246,2
2247,2
2248,2
2249,1
2250,1
2251,1
2252,1
2253,1
2254,1
2255,2
2256,1
2257,1
2258,2
2259,0
2260,0
2261,1
2262,1
2263,2
2264,1
2265,1
2266,2
2267,1
2268,2
2269,2
2270,1
2271,2
2272,1
2273,2
2274,2
2275,1
2276,2
2277,1
2278,1
2279,1
2280,1
2281,2
2282,1
2283,2
2284,1
2285,1
2286,1
2287,1
2288,2
2289,2
2290,1
2291,2
2292,1
2293,2
2294,1
2295,0
2296,0
2297,1
2298,2
2299,1
2300,1
2301,1
2302,1
2303,1
2304,1
2305,1
2306,1
2307,1
2308,1
2309,0
2310,2
2311,1
2312,1
2313,1
2314,1
2315,1
2316,1
2317,1
2318,1
2319,1
2320,0
2321,0
2322,1
2323,1
2324,1
2325,1
2326,0
2327,1
2328,2
2329,2
2330,2
2331,1
2332,2
2333,1
2334,1
2335,1
2336,0
2337,1
2338,2
2339,1
2340,1
2341,1
2342,2
2343,1
2344,0
2345,1
2346,2
2347,1
2348,1
2349,1
2350,1
2351,1
2352,1
2353,2
2354,1
2355,1
2356,1
2357,1
2358,1
2359,1
2360,0
2361,2
2362,1
2363,0
2364,0
2365,1
2366,2
2367,1
2368,1
2369,1
2370,1
2371,1
2372,2
2373,1
2374,1
2375,1
2376,1
2377,2
2378,1
2379,1
2380,1
2381,1
2382,1
2383,1
2384,1
2385,1
2386,0
2387,1
2388,0
2389,0
2390,2
2391,2
2392,1
2393,1
2394,1
2395,1
2396,1
2397,1
2398,1
2399,1
2400,1
2401,1
2402,1
2403,1
2404,1
2405,2
2406,0
2407,1
2408,2
2409,2
2410,1
2411,1
2412,1
2413,2
2414,2
2415,1
2416,2
2417,1
2418,1
2419,1
2420,1
2421,1
2422,1
2423,0
2424,1
2425,1
2426,2
2427,0
2428,1
2429,0
2430,2
2431,1
2432,1
2433,2
2434,2
2435,1
2436,1
2437,2
2438,1
2439,1
2440,2
2441,1
2442,1
2443,2
2444,1
2445,1
2446,1
2447,1
2448,2
2449,2
2450,1
2451,1
2452,1
2453,1
2454,1
2455,1
2456,2
2457,2
2458,0
2459,2
2460,1
2461,1
2462,2
2463,1
2464,1
2465,1
2466,1
2467,1
2468,1
2469,1
2470,2
2471,1
2472,2
2473,2
2474,1
2475,1
2476,1
2477,1
2478,1
2479,1
2480,2
2481,1
2482,1
2483,2
2484,1
2485,1
2486,1
2487,1
2488,0
2489,1
2490,1
2491,1
2492,2
2493,1
2494,1
2495,2
2496,1
2497,2
2498,0
2499,0
2500,2
2501,1
2502,0
2503,1
2504,1
2505,0
2506,1
2507,1
2508,1
2509,1
2510,1
2511,2
2512,2
2513,0
2514,0
2515,1
2516,1
2517,1
2518,1
2519,2
2520,2
2521,1
2522,1
2523,2
2524,1
2525,1
2526,1
2527,1
2528,1
2529,2
2530,0
2531,1
2532,1
2533,1
2534,1
2535,1
2536,1
2537,1
2538,1
2539,1
2540,1
2541,2
2542,1
2543,2
2544,1
2545,1
2546,2
2547,0
2548,2
2549,1
2550,2
2551,1
2552,0
2553,1
2554,1
2555,1
2556,2
2557,0
2558,0
2559,1
2560,1
2561,2
2562,1
2563,1
2564,1
2565,1
2566,0
2567,1
2568,1
2569,1
2570,2
2571,2
2572,2
2573,1
2574,2
2575,1
2576,2
2577,1
2578,1
2579,1
2580,1
2581,1
2582,1
2583,1
2584,1
2585,2
2586,2
2587,1
2588,2
2589,1
2590,1
2591,1
2592,1
2593,2
2594,2
2595,1
2596,0
2597,2
2598,1
2599,1
2600,1
2601,2
2602,2
2603,1
2604,1
2605,1
2606,1
2607,1
2608,1
2609,0
2610,2
2611,1
2612,1
2613,1
2614,1
2615,1
2616,1
2617,1
2618,1
2619,1
2620,1
2621,1
2622,1
2623,0
2624,1
2625,1
2626,1
2627,2
2628,1
2629,0
2630,2
2631,0
2632,0
2633,1
2634,1
2635,0
2636,0
2637,1
2638,1
2639,1
2640,1
2641,2
2642,1
2643,1
2644,1
2645,1
2646,2
2647,1
2648,1
2649,1
2650,1
2651,1
2652,1
2653,1
2654,1
2655,1
2656,2
2657,1
2658,2
2659,0
2660,1
2661,1
2662,1
2663,1
2664,1
2665,2
2666,1
2667,1
2668,1
2669,2
2670,2
2671,1
2672,1
2673,1
2674,0
2675,0
2676,0
2677,1
2678,1
2679,1
2680,1
2681,2
2682,2
2683,2
2684,2
2685,1
2686,1
2687,0
2688,1
2689,0
2690,1
2691,1
2692,1
2693,0
2694,2
2695,1
2696,0
2697,1
2698,1
2699,2
2700,1
2701,1
2702,1
2703,0
2704,1
2705,1
2706,1
2707,1
2708,1
2709,1
2710,1
2711,2
2712,1
2713,0
2714,1
2715,1
2716,0
2717,2
2718,2
2719,1
2720,1
2721,1
2722,2
2723,1
2724,0
2725,1
2726,1
2727,1
2728,2
2729,1
2730,2
2731,1
2732,1
2733,0
2734,0
2735,0
2736,2
2737,2
2738,1
2739,0
2740,1
2741,2
2742,1
2743,1
2744,1
2745,1
2746,1
2747,1
2748,0
2749,1
2750,0
2751,2
2752,1
2753,1
2754,1
2755,1
2756,1
2757,1
2758,1
2759,1
2760,1
2761,2
2762,1
2763,0
2764,1
2765,1
2766,1
2767,1
2768,1
2769,1
2770,1
2771,2
2772,1
2773,1
2774,2
2775,2
2776,1
2777,2
2778,1
2779,1
2780,1
2781,0
2782,1
2783,0
2784,1
2785,1
2786,1
2787,1
2788,1
2789,2
2790,1
2791,1
2792,1
2793,1
2794,1
2795,1
2796,1
2797,2
2798,0
2799,2
2800,1
2801,1
2802,1
2803,2
2804,1
2805,1
2806,2
2807,0
2808,1
2809,2
2810,1
2811,0
2812,1
2813,1
2814,1
2815,1
2816,1
2817,0
2818,2
2819,1
2820,2
2821,0
2822,1
2823,2
2824,1
2825,1
2826,0
2827,1
2828,1
2829,1
2830,1
2831,1
2832,1
2833,1
2834,1
2835,1
2836,1
2837,0
2838,0
2839,0
2840,2
2841,1
2842,0
2843,1
2844,0
2845,1
2846,1
2847,2
2848,1
2849,2
2850,1
2851,2
2852,1
2853,1
2854,1
2855,2
2856,1
2857,0
2858,2
2859,0
2860,1
2861,1
2862,2
2863,1
2864,2
2865,1
2866,1
2867,2
2868,2
2869,1
2870,1
2871,1
2872,0
2873,1
2874,2
2875,1
2876,1
2877,1
2878,1
2879,1
2880,1
2881,1
2882,1
2883,0
2884,1
2885,1
2886,1
2887,1
2888,1
2889,1
2890,1
2891,0
2892,1
2893,0
2894,1
2895,1
2896,2
2897,1
2898,1
2899,2
2900,2
2901,1
2902,1
2903,1
2904,2
2905,1
2906,1
2907,1
2908,2
2909,2
2910,1
2911,1
2912,1
2913,1
2914,0
2915,2
2916,1
2917,1
2918,0
2919,1
2920,2
2921,1
2922,1
2923,1
2924,0
2925,1
2926,1
2927,2
2928,1
2929,1
2930,1
2931,1
2932,1
2933,2
2934,1
2935,1
2936,1
2937,0
2938,1
2939,1
2940,1
2941,1
2942,1
2943,1
2944,1
2945,1
2946,1
2947,1
2948,0
2949,1
2950,2
2951,1
2952,0
2953,1
2954,1
2955,1
2956,1
2957,2
2958,1
2959,2
2960,1
2961,0
2962,1
2963,1
2964,1
2965,1
2966,1
2967,1
2968,1
2969,0
2970,1
2971,0
2972,1
2973,2
2974,1
2975,1
2976,1
2977,2
2978,1
2979,1
2980,1
2981,1
2982,1
2983,1
2984,1
2985,1
2986,1
2987,1
2988,1
2989,2
2990,1
2991,1
2992,2
2993,2
2994,1
2995,1
2996,1
2997,2
2998,1
2999,1
3000,0
3001,1
3002,1
3003,1
3004,1
3005,1
3006,2
3007,1
3008,1
3009,1
3010,1
3011,2
3012,1
3013,2
3014,2
3015,1
3016,1
3017,1
3018,2
3019,1
3020,0
3021,2
3022,0
3023,1
3024,2
3025,1
3026,1
3027,1
3028,1
3029,1
3030,1
3031,1
3032,1
3033,1
3034,1
3035,1
3036,1
3037,2
3038,2
3039,2
3040,1
3041,1
3042,1
3043,1
3044,1
3045,1
3046,1
3047,1
3048,1
3049,1
3050,1
3051,1
3052,2
3053,1
3054,1
3055,0
3056,1
3057,1
3058,1
3059,1
3060,2
3061,1
3062,1
3063,1
3064,0
3065,2
3066,1
3067,1
3068,1
3069,1
3070,1
3071,0
3072,2
3073,1
3074,2
3075,1
3076,1
3077,1
3078,2
3079,1
3080,2
3081,1
3082,1
3083,1
3084,1
3085,1
3086,1
3087,0
3088,1
3089,1
3090,2
3091,1
3092,1
3093,1
3094,2
3095,1
3096,1
3097,1
3098,1
3099,2
3100,1
3101,0
3102,1
3103,1
3104,1
3105,1
3106,2
3107,1
3108,1
3109,1
3110,1
3111,2
3112,2
3113,0
3114,1
3115,1
3116,2
3117,0
3118,0
3119,1
3120,1
3121,2
3122,1
3123,1
3124,1
3125,2
3126,1
3127,1
3128,1
3129,0
3130,1
3131,1
3132,1
3133,2
3134,1
3135,1
3136,1
3137,1
3138,1
3139,2
3140,2
3141,1
3142,2
3143,0
3144,1
3145,1
3146,1
3147,2
3148,1
3149,1
3150,1
3151,2
3152,1
3153,1
3154,1
3155,1
3156,2
3157,1
3158,1
3159,1
3160,1
3161,1
3162,1
3163,0
3164,2
3165,1
3166,1
3167,1
3168,1
3169,0
3170,1
3171,2
3172,2
3173,1
3174,0
3175,2
3176,1
3177,1
3178,1
3179,2
3180,1
3181,1
3182,2
3183,1
3184,0
3185,2
3186,1
3187,0
3188,1
3189,1
3190,1
3191,1
3192,1
3193,1
3194,1
3195,0
3196,0
3197,0
3198,2
3199,0
3200,2
3201,1
3202,1
3203,1
3204,1
3205,1
3206,2
3207,1
3208,1
3209,1
3210,2
3211,0
3212,1
3213,1
3214,1
3215,0
3216,0
3217,2
3218,0
3219,1
3220,0
3221,0
3222,2
3223,2
3224,1
3225,0
3226,1
3227,1
3228,1
3229,1
3230,1
3231,1
3232,1
3233,2
3234,1
3235,2
3236,0
3237,1
3238,1
3239,1
3240,1
3241,2
3242,0
3243,1
3244,1
3245,2
3246,1
3247,1
3248,1
3249,1
3250,2
3251,1
3252,1
3253,2
3254,1
3255,2
3256,1
3257,0
3258,2
3259,1
3260,1
3261,1
3262,1
3263,0
3264,1
3265,1
3266,1
3267,1
3268,0
3269,1
3270,1
3271,1
3272,1
3273,2
3274,1
3275,2
3276,1
3277,1
3278,1
3279,0
3280,1
3281,1
3282,1
3283,2
3284,1
3285,1
3286,1
3287,2
3288,1
3289,1
3290,1
3291,1
3292,1
3293,2
3294,1
3295,0
3296,2
3297,2
3298,1
3299,1
3300,0
3301,1
3302,1
3303,1
3304,2
3305,1
3306,0
3307,1
3308,1
3309,1
3310,0
3311,1
3312,1
3313,1
3314,0
3315,0
3316,1
3317,1
3318,2
3319,1
3320,1
3321,1
3322,1
3323,1
3324,2
3325,1
3326,1
3327,1
3328,1
3329,1
3330,1
3331,2
3332,0
3333,0
3334,0
3335,1
3336,1
3337,2
3338,2
3339,1
3340,1
3341,2
3342,1
3343,2
3344,1
3345,1
3346,1
3347,1
3348,1
3349,1
3350,1
3351,1
3352,1
3353,1
3354,1
3355,2
3356,0
3357,1
3358,2
3359,2
3360,2
3361,1
3362,0
3363,1
3364,1
3365,1
3366,0
3367,1
3368,2
3369,1
3370,1
3371,1
3372,1
3373,1
3374,1
3375,1
3376,1
3377,0
3378,1
3379,1
3380,2
3381,1
3382,1
3383,1
3384,1
3385,2
3386,2
3387,1
3388,1
3389,0
3390,2
3391,1
3392,1
3393,1
3394,1
3395,1
3396,1
3397,1
3398,1
3399,1
3400,1
3401,1
3402,1
3403,1
3404,1
3405,1
3406,1
3407,1
3408,1
3409,0
3410,2
3411,2
3412,2
3413,1
3414,0
3415,2
3416,1
3417,1
3418,1
3419,2
3420,2
3421,2
3422,1
3423,1
3424,1
3425,1
3426,1
3427,0
3428,1
3429,1
3430,1
3431,1
3432,0
3433,1
3434,1
3435,0
3436,1
3437,0
3438,1
3439,1
3440,1
3441,1
3442,1
3443,0
3444,1
3445,1
3446,1
3447,1
3448,1
3449,1
3450,1
3451,1
3452,1
3453,1
3454,1
3455,1
3456,1
3457,0
3458,1
3459,1
3460,1
3461,1
3462,1
3463,0
3464,2
3465,1
3466,1
3467,1
3468,1
3469,2
3470,2
3471,0
3472,1
3473,1
3474,2
3475,1
3476,1
3477,1
3478,1
3479,1
3480,2
3481,1
3482,1
3483,1
3484,1
3485,1
3486,2
3487,1
3488,2
3489,1
3490,1
3491,1
3492,0
3493,2
3494,2
3495,1
3496,1
3497,1
3498,1
3499,1
3500,1
3501,1
3502,1
3503,2
3504,2
3505,2
3506,1
3507,0
3508,1
3509,1
3510,1
3511,2
3512,2
3513,2
3514,2
3515,1
3516,2
3517,2
3518,0
3519,1
3520,1
3521,1
3522,1
3523,1
3524,1
3525,2
3526,2
3527,1
3528,1
3529,2
3530,0
3531,1
3532,1
3533,1
3534,1
3535,1
3536,1
3537,0
3538,0
3539,1
3540,1
3541,1
3542,1
3543,2
3544,1
3545,1
3546,1
3547,0
3548,1
3549,1
3550,0
3551,0
3552,2
3553,1
3554,2
3555,1
3556,1
3557,1
3558,2
3559,1
3560,1
3561,1
3562,1
3563,1
3564,1
3565,1
3566,2
3567,1
3568,1
3569,1
3570,1
3571,1
3572,1
3573,1
3574,1
3575,1
3576,2
3577,1
3578,2
3579,1
3580,2
3581,0
3582,1
3583,2
3584,2
3585,1
3586,2
3587,2
3588,2
3589,0
3590,2
3591,0
3592,1
3593,0
3594,2
3595,1
3596,1
3597,2
3598,2
3599,1
3600,1
3601,1
3602,1
3603,2
3604,1
3605,1
3606,0
3607,0
3608,2
3609,1
3610,0
3611,1
3612,1
3613,2
3614,1
3615,1
3616,2
3617,0
3618,1
3619,1
3620,1
3621,1
3622,1
3623,1
3624,1
3625,1
3626,2
3627,1
3628,1
3629,2
3630,1
3631,1
3632,1
3633,0
3634,1
3635,2
3636,1
3637,1
3638,1
3639,2
3640,1
3641,1
3642,2
3643,1
3644,1
3645,1
3646,1
3647,1
3648,1
3649,1
3650,1
3651,0
3652,0
3653,1
3654,1
3655,0
3656,1
3657,2
3658,2
3659,1
3660,0
3661,1
3662,1
3663,1
3664,1
3665,2
3666,2
3667,1
3668,2
3669,1
3670,1
3671,1
3672,0
3673,1
3674,1
3675,1
3676,1
3677,1
3678,1
3679,1
3680,2
3681,2
3682,2
3683,1
3684,1
3685,1
3686,1
3687,1
3688,1
3689,1
3690,1
3691,2
3692,1
3693,1
3694,1
3695,2
3696,2
3697,1
3698,2
3699,1
3700,1
3701,1
3702,1
3703,2
3704,1
3705,1
3706,1
3707,0
3708,1
3709,2
3710,1
3711,1
3712,2
3713,1
3714,1
3715,1
3716,1
3717,1
3718,1
3719,2
3720,1
3721,1
3722,1
3723,2
3724,1
3725,2
3726,2
3727,1
3728,1
3729,1
3730,2
3731,2
3732,1
3733,1
3734,1
3735,1
3736,1
3737,1
3738,2
3739,0
3740,0
3741,1
3742,1
3743,1
3744,1
3745,2
3746,1
3747,2
3748,1
3749,0
3750,1
3751,1
3752,2
3753,1
3754,1
3755,1
3756,0
3757,1
3758,1
3759,1
3760,2
3761,1
3762,1
3763,1
3764,1
3765,1
3766,0
3767,1
3768,2
3769,1
3770,2
3771,1
3772,2
3773,2
3774,2
3775,1
3776,0
3777,0
3778,0
3779,0
3780,1
3781,1
3782,1
3783,1
3784,0
3785,1
3786,2
3787,1
3788,1
3789,1
3790,1
3791,1
3792,1
3793,1
3794,1
3795,2
3796,2
3797,1
3798,2
3799,1
3800,2
3801,0
3802,1
3803,1
3804,1
3805,1
3806,2
3807,1
3808,2
3809,1
3810,2
3811,1
3812,0
3813,1
3814,1
3815,1
3816,1
3817,2
3818,1
3819,1
3820,1
3821,2
3822,2
3823,1
3824,1
3825,1
3826,1
3827,1
3828,2
3829,0
3830,1
3831,2
3832,0
3833,1
3834,1
3835,2
3836,1
3837,1
3838,1
3839,1
3840,1
3841,1
3842,2
3843,1
3844,1
3845,1
3846,1
3847,1
3848,1
3849,2
3850,2
3851,1
3852,1
3853,1
3854,1
3855,0
3856,1
3857,2
3858,1
3859,1
3860,2
3861,1
3862,1
3863,1
3864,1
3865,2
3866,2
3867,1
3868,0
3869,0
3870,1
3871,1
3872,2
3873,1
3874,2
3875,1
3876,1
3877,1
3878,2
3879,0
3880,1
3881,2
3882,1
3883,1
3884,1
3885,2
3886,1
3887,1
3888,1
3889,1
3890,2
3891,1
3892,0
3893,2
3894,0
3895,1
3896,1
3897,2
3898,1
3899,1
3900,1
3901,2
3902,1
3903,2
3904,1
3905,1
3906,1
3907,1
3908,1
3909,1
3910,2
3911,1
3912,2
3913,2
3914,1
3915,2
3916,1
3917,2
3918,1
3919,0
3920,2
3921,2
3922,0
3923,0
3924,2
3925,1
3926,1
3927,1
3928,0
3929,1
3930,1
3931,2
3932,1
3933,2
3934,1
3935,0
3936,1
3937,2
3938,2
3939,1
3940,0
3941,1
3942,1
3943,2
3944,1
3945,1
3946,1
3947,1
3948,1
3949,2
3950,1
3951,1
3952,1
3953,2
3954,1
3955,0
3956,1
3957,1
3958,1
3959,1
3960,1
3961,2
3962,1
3963,1
3964,1
3965,1
3966,1
3967,1
3968,2
3969,2
3970,1
3971,1
3972,1
3973,2
3974,2
3975,1
3976,1
3977,1
3978,1
3979,1
3980,1
3981,1
3982,1
3983,1
3984,1
3985,1
3986,1
3987,0
3988,1
3989,1
3990,0
3991,2
3992,1
3993,0
3994,0
3995,1
3996,1
3997,1
3998,1
3999,1
4000,1
4001,2
4002,1
4003,1
4004,1
4005,1
4006,1
4007,1
4008,1
4009,2
4010,1
4011,1
4012,1
4013,0
4014,1
4015,0
4016,2
4017,2
4018,1
4019,2
4020,1
4021,1
4022,1
4023,2
4024,1
4025,0
4026,2
4027,2
4028,1
4029,1
4030,1
4031,1
4032,1
4033,1
4034,2
4035,1
4036,0
4037,1
4038,1
4039,2
4040,1
4041,1
4042,1
4043,1
4044,1
4045,1
4046,1
4047,0
4048,1
4049,1
4050,2
4051,0
4052,2
4053,2
4054,2
4055,2
4056,1
4057,1
4058,0
4059,2
4060,1
4061,1
4062,1
4063,0
4064,0
4065,1
4066,1
4067,2
4068,1
4069,1
4070,2
4071,2
4072,2
4073,1
4074,1
4075,1
4076,2
4077,0
4078,1
4079,2
4080,1
4081,2
4082,1
4083,1
4084,1
4085,1
4086,0
4087,1
4088,1
4089,2
4090,1
4091,1
4092,2
4093,2
4094,1
4095,2
4096,1
4097,1
4098,1
4099,1
4100,1
4101,1
4102,1
4103,2
4104,2
4105,1
4106,1
4107,2
4108,1
4109,1
4110,1
4111,1
4112,1
4113,0
4114,1
4115,0
4116,1
4117,2
4118,1
4119,1
4120,2
4121,1
4122,1
4123,2
4124,0
4125,1
4126,1
4127,2
4128,1
4129,0
4130,1
4131,1
4132,1
4133,1
4134,1
4135,1
4136,1
4137,0
4138,1
4139,1
4140,1
4141,2
4142,1
4143,1
4144,1
4145,1
4146,1
4147,2
4148,1
4149,1
4150,2
4151,2
4152,0
4153,1
4154,1
4155,1
4156,2
4157,1
4158,1
4159,1
4160,1
4161,1
4162,1
4163,1
4164,1
4165,1
4166,1
4167,2
4168,1
4169,2
4170,1
4171,2
4172,1
4173,1
4174,2
4175,1
4176,0
4177,2
4178,1
4179,1
4180,1
4181,0
4182,1
4183,0
4184,1
4185,2
4186,1
4187,0
4188,1
4189,0
4190,0
4191,2
4192,2
4193,1
4194,1
4195,2
4196,2
4197,1
4198,0
4199,0
4200,2
4201,1
4202,1
4203,1
4204,0
4205,0
4206,1
4207,1
4208,1
4209,1
4210,1
4211,2
4212,0
4213,1
4214,1
4215,1
4216,1
4217,1
4218,2
4219,1
4220,1
4221,1
4222,2
4223,1
4224,1
4225,1
4226,1
4227,1
4228,1
4229,1
4230,1
4231,0
4232,1
4233,1
4234,1
4235,1
4236,2
4237,2
4238,2
4239,1
4240,0
4241,1
4242,2
4243,1
4244,0
4245,1
4246,1
4247,1
4248,2
4249,2
4250,1
4251,1
4252,1
4253,2
4254,1
4255,1
4256,1
4257,1
4258,1
4259,1
4260,2
4261,1
4262,1
4263,1
4264,1
4265,1
4266,2
4267,0
4268,1
4269,1
4270,2
4271,1
4272,1
4273,2
4274,2
4275,1
4276,0
4277,1
4278,1
4279,2
4280,1
4281,1
4282,0
4283,1
4284,1
4285,1
4286,1
4287,1
4288,1
4289,1
4290,2
4291,0
4292,2
4293,2
4294,2
4295,1
4296,2
4297,2
4298,1
4299,1
4300,2
4301,1
4302,1
4303,2
4304,1
4305,1
4306,1
4307,2
4308,1
4309,2
4310,1
4311,0
4312,1
4313,1
4314,0
4315,0
4316,1
4317,1
4318,0
4319,2
4320,0
4321,1
4322,1
4323,2
4324,1
4325,1
4326,1
4327,0
4328,1
4329,1
4330,2
4331,1
4332,1
4333,2
4334,2
4335,0
4336,2
4337,1
4338,2
4339,2
4340,1
4341,1
4342,0
4343,2
4344,0
4345,1
4346,2
4347,1
4348,2
4349,1
4350,1
4351,2
4352,1
4353,1
4354,0
4355,1
4356,2
4357,2
4358,1
4359,1
4360,1
4361,0
4362,1
4363,1
4364,2
4365,2
4366,2
4367,2
4368,1
4369,0
4370,1
4371,1
4372,1
4373,2
4374,1
4375,1
4376,2
4377,1
4378,1
4379,1
4380,0
4381,1
4382,1
4383,1
4384,1
4385,1
4386,1
4387,1
4388,1
4389,2
4390,1
4391,2
4392,2
4393,1
4394,1
4395,2
4396,1
4397,2
4398,2
4399,0
4400,1
4401,2
4402,1
4403,1
4404,1
4405,1
4406,0
4407,1
4408,1
4409,2
4410,1
4411,2
4412,1
4413,1
4414,1
4415,2
4416,1
4417,0
4418,0
4419,1
4420,1
4421,1
4422,2
4423,1
4424,1
4425,2
4426,1
4427,2
4428,1
4429,1
4430,1
4431,1
4432,1
4433,1
4434,1
4435,1
4436,1
4437,0
4438,1
4439,1
4440,0
4441,2
4442,2
4443,1
4444,1
4445,1
4446,1
4447,1
4448,2
4449,2
4450,1
4451,1
4452,1
4453,1
4454,2
4455,2
4456,2
4457,1
4458,0
4459,1
4460,2
4461,1
4462,1
4463,1
4464,1
4465,1
4466,1
4467,1
4468,1
4469,1
4470,1
4471,1
4472,1
4473,2
4474,2
4475,0
4476,1
4477,2
4478,2
4479,1
4480,1
4481,2
4482,1
4483,1
4484,1
4485,1
4486,1
4487,2
4488,1
4489,1
4490,2
4491,2
4492,1
4493,1
4494,1
4495,2
4496,1
4497,1
4498,1
4499,1
4500,1
4501,2
4502,0
4503,2
4504,1
4505,1
4506,1
4507,1
4508,2
4509,2
4510,2
4511,0
4512,1
4513,1
4514,1
4515,0
4516,0
4517,1
4518,2
4519,1
4520,2
4521,2
4522,1
4523,1
4524,1
4525,2
4526,1
4527,1
4528,1
4529,1
4530,1
4531,1
4532,1
4533,1
4534,1
4535,1
4536,1
4537,2
4538,1
4539,0
4540,1
4541,1
4542,0
4543,1
4544,1
4545,2
4546,1
4547,1
4548,2
4549,1
4550,2
4551,2
4552,1
4553,1
4554,1
4555,1
4556,1
4557,2
4558,1
4559,1
4560,1
4561,1
4562,1
4563,1
4564,0
4565,2
4566,1
4567,1
4568,1
4569,1
4570,1
4571,1
4572,1
4573,1
4574,1
4575,1
4576,1
4577,1
4578,1
4579,1
4580,1
4581,0
4582,2
4583,1
4584,2
4585,1
4586,0
4587,2
4588,1
4589,2
4590,1
4591,1
4592,1
4593,0
4594,2
4595,1
4596,1
4597,1
4598,0
4599,1
4600,1
4601,1
4602,0
4603,0
4604,1
4605,1
4606,2
4607,1
4608,1
4609,2
4610,2
4611,2
4612,0
4613,1
4614,1
4615,1
4616,1
4617,1
4618,1
4619,1
4620,1
4621,1
4622,1
4623,1
4624,1
4625,1
4626,1
4627,1
4628,0
4629,1
4630,0
4631,0
4632,1
4633,1
4634,1
4635,0
4636,1
4637,2
4638,0
4639,2
4640,1
4641,2
4642,2
4643,1
4644,1
4645,1
4646,1
4647,1
4648,1
4649,2
4650,0
4651,2
4652,2
4653,2
4654,2
4655,1
4656,2
4657,2
4658,1
4659,1
4660,1
4661,1
4662,1
4663,1
4664,1
4665,1
4666,1
4667,1
4668,0
4669,1
4670,1
4671,1
4672,1
4673,2
4674,0
4675,1
4676,1
4677,1
4678,1
4679,1
4680,2
4681,2
4682,1
4683,1
4684,1
4685,1
4686,1
4687,1
4688,1
4689,0
4690,2
4691,1
4692,1
4693,1
4694,1
4695,1
4696,2
4697,2
4698,2
4699,1
4700,0
4701,2
4702,2
4703,2
4704,0
4705,1
4706,1
4707,1
4708,1
4709,1
4710,0
4711,2
4712,2
4713,1
4714,2
4715,2
4716,1
4717,2
4718,1
4719,0
4720,2
4721,1
4722,1
4723,1
4724,0
4725,1
4726,2
4727,1
4728,1
4729,2
4730,1
4731,0
4732,1
4733,2
4734,0
4735,1
4736,2
4737,1
4738,1
4739,1
4740,1
4741,1
4742,2
4743,0
4744,0
4745,2
4746,1
4747,1
4748,1
4749,0
4750,2
4751,0
4752,1
4753,2
4754,1
4755,1
4756,1
4757,1
4758,2
4759,1
4760,1
4761,1
4762,1
4763,1
4764,1
4765,1
4766,2
4767,1
4768,1
4769,1
4770,0
4771,1
4772,1
4773,1
4774,1
4775,2
4776,1
4777,1
4778,1
4779,1
4780,1
4781,1
4782,1
4783,1
4784,0
4785,2
4786,1
4787,2
4788,1
4789,1
4790,0
4791,2
4792,0
4793,1
4794,2
4795,1
4796,1
4797,1
4798,1
4799,1
4800,1
4801,2
4802,2
4803,1
4804,2
4805,1
4806,0
4807,1
4808,1
4809,2
4810,1
4811,0
4812,1
4813,1
4814,1
4815,1
4816,1
4817,2
4818,1
4819,1
4820,1
4821,0
4822,1
4823,1
4824,2
4825,1
4826,2
4827,2
4828,1
4829,1
4830,1
4831,1
4832,2
4833,1
4834,2
4835,0
4836,1
4837,1
4838,1
4839,1
4840,1
4841,1
4842,1
4843,0
4844,2
4845,1
4846,1
4847,2
4848,0
4849,1
4850,1
4851,0
4852,1
4853,2
4854,2
4855,2
4856,2
4857,1
4858,1
4859,1
4860,1
4861,1
4862,2
4863,1
4864,0
4865,1
4866,0
4867,1
4868,2
4869,2
4870,1
4871,1
4872,1
4873,1
4874,0
4875,1
4876,0
4877,1
4878,2
4879,2
4880,1
4881,1
4882,1
4883,1
4884,1
4885,1
4886,1
4887,1
4888,1
4889,1
4890,0
4891,1
4892,1
4893,1
4894,2
4895,1
4896,1
4897,2
4898,1
4899,2
4900,1
4901,2
4902,1
4903,1
4904,0
4905,1
4906,2
4907,2
4908,1
4909,0
4910,0
4911,1
4912,2
4913,1
4914,1
4915,1
4916,2
4917,1
4918,1
4919,1
4920,0
4921,2
4922,1
4923,2
4924,1
4925,1
4926,1
4927,0
4928,1
4929,2
4930,1
4931,1
4932,1
4933,2
4934,1
4935,1
4936,1
4937,1
4938,2
4939,2
4940,1
4941,0
4942,0
4943,2
4944,1
4945,2
4946,1
4947,1
4948,1
4949,0
4950,1
4951,1
4952,1
4953,1
4954,1
4955,1
4956,1
4957,2
4958,1
4959,2
4960,2
4961,1
4962,1
4963,1
4964,0
4965,1
4966,1
4967,2
4968,1
4969,2
4970,1
4971,1
4972,1
4973,1
4974,1
4975,1
4976,1
4977,2
4978,1
4979,1
4980,1
4981,1
4982,1
4983,0
4984,1
4985,1
4986,1
4987,1
4988,1
4989,1
4990,0
4991,1
4992,1
4993,1
4994,1
4995,1
4996,2
4997,1
4998,1
4999,1
5000,2
5001,1
5002,2
5003,1
5004,1
5005,0
5006,1
5007,1
5008,1
5009,1
5010,1
5011,0
5012,1
5013,2
5014,2
5015,1
5016,1
5017,1
5018,0
5019,2
5020,1
5021,1
5022,1
5023,2
5024,1
5025,1
5026,1
5027,1
5028,2
5029,1
5030,0
5031,2
5032,1
5033,2
5034,1
5035,1
5036,1
5037,1
5038,1
5039,1
5040,1
5041,2
5042,1
5043,0
5044,1
5045,1
5046,1
5047,2
5048,1
5049,2
5050,1
5051,1
5052,1
5053,1
5054,1
5055,1
5056,0
5057,0
5058,1
5059,1
5060,1
5061,2
5062,1
5063,1
5064,1
5065,1
5066,1
5067,0
5068,1
5069,1
5070,0
5071,2
5072,1
5073,1
5074,1
5075,1
5076,0
5077,0
5078,1
5079,1
5080,1
5081,1
5082,1
5083,2
5084,1
5085,2
5086,0
5087,0
5088,1
5089,2
5090,0
5091,2
5092,1
5093,1
5094,1
5095,1
5096,1
5097,2
5098,1
5099,1
5100,1
5101,1
5102,1
5103,2
5104,1
5105,2
5106,2
5107,0
5108,1
5109,2
5110,1
5111,1
5112,2
5113,2
5114,1
5115,1
5116,1
5117,2
5118,2
5119,1
5120,1
5121,1
5122,1
5123,2
5124,1
5125,1
5126,1
5127,0
5128,1
5129,0
5130,2
5131,1
5132,1
5133,1
5134,2
5135,2
5136,2
5137,1
5138,1
5139,1
5140,1
5141,1
5142,1
5143,1
5144,2
5145,1
5146,1
5147,1
5148,1
5149,1
5150,1
5151,0
5152,1
5153,0
5154,1
5155,0
5156,1
5157,1
5158,2
5159,1
5160,0
5161,0
5162,1
5163,1
5164,1
5165,2
5166,2
5167,1
5168,1
5169,0
5170,0
5171,1
5172,1
5173,1
5174,1
5175,1
5176,1
5177,1
5178,2
5179,1
5180,0
5181,2
5182,1
5183,1
5184,1
5185,1
5186,2
5187,1
5188,1
5189,1
5190,1
5191,1
5192,1
5193,0
5194,1
5195,1
5196,1
5197,2
5198,1
5199,0
5200,2
5201,2
5202,1
5203,1
5204,1
5205,1
5206,1
5207,1
5208,1
5209,1
5210,1
5211,1
5212,0
5213,1
5214,1
5215,2
5216,1
5217,0
5218,1
5219,1
5220,0
5221,1
5222,1
5223,0
5224,1
5225,1
5226,1
5227,1
5228,1
5229,1
5230,1
5231,2
5232,2
5233,1
5234,1
5235,2
5236,1
5237,0
5238,2
5239,1
5240,2
5241,2
5242,1
5243,1
5244,1
5245,1
5246,1
5247,1
5248,2
5249,1
5250,1
5251,1
5252,2
5253,1
5254,1
5255,2
5256,1
5257,1
5258,1
5259,1
5260,1
5261,1
5262,0
5263,1
5264,1
5265,2
5266,2
5267,2
5268,1
5269,0
5270,1
5271,2
5272,2
5273,1
5274,1
5275,1
5276,2
5277,1
5278,1
5279,1
5280,1
5281,1
5282,1
5283,1
5284,1
5285,2
5286,1
5287,1
5288,1
5289,1
5290,2
5291,1
5292,2
5293,1
5294,1
5295,1
5296,1
5297,1
5298,1
5299,1
5300,1
5301,1
5302,2
5303,0
5304,1
5305,2
5306,2
5307,1
5308,0
5309,1
5310,2
5311,2
5312,1
5313,2
5314,1
5315,1
5316,2
5317,1
5318,2
5319,1
5320,1
5321,1
5322,2
5323,1
5324,2
5325,1
5326,1
5327,1
5328,1
5329,1
5330,1
5331,1
5332,2
5333,0
5334,1
5335,1
5336,1
5337,1
5338,2
5339,0
5340,2
5341,2
5342,1
5343,1
5344,1
5345,1
5346,1
5347,2
5348,1
5349,0
5350,2
5351,0
5352,1
5353,1
5354,1
5355,1
5356,1
5357,1
5358,1
5359,1
5360,2
5361,0
5362,1
5363,1
5364,2
5365,1
5366,1
5367,2
5368,1
5369,0
5370,1
5371,2
5372,1
5373,2
5374,1
5375,1
5376,1
5377,2
5378,1
5379,1
5380,1
5381,1
5382,1
5383,2
5384,1
5385,0
5386,1
5387,1
5388,0
5389,1
5390,1
5391,1
5392,1
5393,1
5394,1
5395,0
5396,1
5397,2
5398,0
5399,1
5400,1
5401,1
5402,1
5403,1
5404,1
5405,1
5406,2
5407,2
5408,2
5409,2
5410,1
5411,1
5412,1
5413,0
5414,1
5415,1
5416,0
5417,1
5418,2
5419,0
5420,2
5421,1
5422,1
5423,0
5424,2
5425,1
5426,1
5427,1
5428,2
5429,1
5430,1
5431,1
5432,2
5433,1
5434,1
5435,1
5436,1
5437,1
5438,2
5439,1
5440,1
5441,1
5442,2
5443,1
5444,1
5445,1
5446,0
5447,2
5448,1
5449,2
5450,1
5451,1
5452,1
5453,1
5454,1
5455,2
5456,2
5457,1
5458,1
5459,2
5460,0
5461,0
5462,0
5463,1
5464,1
5465,1
5466,2
5467,2
5468,1
5469,0
5470,1
5471,2
5472,0
5473,1
5474,0
5475,1
5476,1
5477,1
5478,1
5479,1
5480,1
5481,1
5482,0
5483,2
5484,0
5485,1
5486,1
5487,1
5488,1
5489,1
5490,1
5491,1
5492,1
5493,2
5494,1
5495,1
5496,2
5497,0
5498,0
5499,1
5500,1
5501,1
5502,2
5503,1
5504,0
5505,1
5506,2
5507,1
5508,2
5509,1
5510,1
5511,2
5512,0
5513,1
5514,0
5515,1
5516,1
5517,2
5518,1
5519,1
5520,1
5521,1
5522,2
5523,1
5524,1
5525,1
5526,1
5527,2
5528,1
5529,1
5530,1
5531,1
5532,1
5533,2
5534,1
5535,1
5536,1
5537,1
5538,1
5539,1
5540,1
5541,1
5542,1
5543,1
5544,1
5545,1
5546,1
5547,1
5548,1
5549,0
5550,1
5551,0
5552,2
5553,1
5554,1
5555,1
5556,1
5557,1
5558,2
5559,1
5560,0
5561,1
5562,2
5563,1
5564,1
5565,1
5566,1
5567,1
5568,1
5569,1
5570,2
5571,1
5572,1
5573,2
5574,2
5575,1
5576,1
5577,1
5578,0
5579,0
5580,1
5581,1
5582,1
5583,1
5584,1
5585,1
5586,1
5587,1
5588,1
5589,2
5590,0
5591,1
5592,1
5593,0
5594,1
5595,0
5596,1
5597,2
5598,1
5599,2
5600,2
5601,1
5602,1
5603,0
5604,1
5605,1
5606,0
5607,1
5608,0
5609,1
5610,2
5611,2
5612,0
5613,1
5614,1
5615,2
5616,2
5617,2
5618,2
5619,0
5620,1
5621,2
5622,1
5623,1
5624,0
5625,1
5626,0
5627,2
5628,1
5629,1
5630,2
5631,1
5632,1
5633,1
5634,1
5635,1
5636,1
5637,1
5638,0
5639,1
5640,1
5641,1
5642,1
5643,1
5644,1
5645,1
5646,1
5647,1
5648,1
5649,1
5650,1
5651,1
5652,2
5653,1
5654,1
5655,1
5656,1
5657,1
5658,2
5659,1
5660,1
5661,2
5662,1
5663,2
5664,1
5665,1
5666,1
5667,1
5668,1
5669,1
5670,1
5671,1
5672,1
5673,1
5674,1
5675,1
5676,1
5677,1
5678,1
5679,2
5680,1
5681,2
5682,0
5683,1
5684,1
5685,1
5686,1
5687,1
5688,2
5689,1
5690,0
5691,1
5692,2
5693,1
5694,1
5695,0
5696,1
5697,2
5698,2
5699,2
5700,0
5701,1
5702,1
5703,2
5704,1
5705,2
5706,0
5707,1
5708,0
5709,1
5710,1
5711,1
5712,1
5713,0
5714,2
5715,1
5716,1
5717,1
5718,1
5719,2
5720,1
5721,2
5722,1
5723,1
5724,1
5725,2
5726,1
5727,0
5728,1
5729,1
5730,1
5731,1
5732,1
5733,0
5734,2
5735,1
5736,1
5737,1
5738,1
5739,1
5740,1
5741,2
5742,1
5743,1
5744,2
5745,0
5746,1
5747,0
5748,1
5749,1
5750,1
5751,1
5752,1
5753,2
5754,1
5755,0
5756,1
5757,1
5758,2
5759,1
5760,1
5761,1
5762,2
5763,0
5764,0
5765,1
5766,1
5767,0
5768,2
5769,1
5770,1
5771,1
5772,2
5773,1
5774,1
5775,1
5776,1
5777,2
5778,2
5779,0
5780,1
5781,1
5782,1
5783,1
5784,1
5785,1
5786,2
5787,1
5788,1
5789,1
5790,1
5791,1
5792,1
5793,0
5794,1
5795,2
5796,1
5797,1
5798,1
5799,1
5800,1
5801,2
5802,1
5803,2
5804,2
5805,1
5806,2
5807,1
5808,1
5809,1
5810,1
5811,2
5812,1
5813,1
5814,2
5815,2
5816,2
5817,1
5818,1
5819,1
5820,1
5821,1
5822,1
5823,2
5824,1
5825,2
5826,0
5827,1
5828,1
5829,1
5830,1
5831,1
5832,1
5833,0
5834,1
5835,0
5836,1
5837,0
5838,1
5839,1
5840,1
5841,2
5842,1
5843,2
5844,0
5845,2
5846,1
5847,1
5848,1
5849,1
5850,1
5851,1
5852,1
5853,1
5854,2
5855,1
5856,0
5857,1
5858,0
5859,1
5860,1
5861,2
5862,2
5863,1
5864,1
5865,1
5866,2
5867,2
5868,1
5869,1
5870,1
5871,2
5872,2
5873,2
5874,1
5875,1
5876,1
5877,2
5878,2
5879,1
5880,0
5881,1
5882,1
5883,1
5884,1
5885,2
5886,2
5887,1
5888,2
5889,2
5890,1
5891,1
5892,2
5893,1
5894,1
5895,1
5896,1
5897,1
5898,1
5899,1
5900,1
5901,2
5902,0
5903,1
5904,1
5905,1
5906,1
5907,1
5908,2
5909,2
5910,0
5911,1
5912,1
5913,1
5914,2
5915,1
5916,1
5917,1
5918,1
5919,1
5920,1
5921,1
5922,1
5923,1
5924,2
5925,1
5926,1
5927,1
5928,1
5929,1
5930,1
5931,1
5932,2
5933,1
5934,1
5935,1
5936,1
5937,1
5938,1
5939,2
5940,1
5941,0
5942,2
5943,2
5944,1
5945,1
5946,1
5947,1
5948,1
5949,2
5950,1
5951,1
5952,1
5953,1
5954,1
5955,0
5956,1
5957,1
5958,1
5959,1
5960,1
5961,1
5962,0
5963,1
5964,1
5965,1
5966,1
5967,1
5968,1
5969,2
5970,1
5971,1
5972,1
5973,2
5974,1
5975,0
5976,2
5977,1
5978,1
5979,2
5980,2
5981,1
5982,2
5983,1
5984,2
5985,2
5986,1
5987,1
5988,1
5989,0
5990,2
5991,1
5992,1
5993,1
5994,1
5995,1
5996,0
5997,1
5998,2
5999,1
6000,0
6001,0
6002,2
6003,1
6004,2
6005,1
6006,0
6007,1
6008,1
6009,1
6010,0
6011,2
6012,1
6013,1
6014,1
6015,2
6016,2
6017,1
6018,1
6019,1
6020,1
6021,1
6022,0
6023,1
6024,1
6025,1
6026,1
6027,1
6028,1
6029,1
6030,1
6031,2
6032,1
6033,1
6034,1
6035,2
6036,1
6037,1
6038,1
6039,1
6040,1
6041,1
6042,1
6043,1
6044,2
6045,1
6046,1
6047,1
6048,1
6049,2
6050,1
6051,1
6052,1
6053,0
6054,2
6055,1
6056,1
6057,1
6058,2
6059,1
6060,1
6061,0
6062,1
6063,1
6064,1
6065,0
6066,1
6067,1
6068,0
6069,1
6070,1
6071,2
6072,2
6073,1
6074,0
6075,2
6076,1
6077,1
6078,2
6079,1
6080,1
6081,1
6082,1
6083,2
6084,2
6085,2
6086,1
6087,1
6088,1
6089,1
6090,0
6091,2
6092,1
6093,2
6094,1
6095,1
6096,1
6097,1
6098,1
6099,1
6100,1
6101,1
6102,2
6103,1
6104,1
6105,1
6106,1
6107,0
6108,1
6109,1
6110,1
6111,1
6112,1
6113,1
6114,1
6115,1
6116,2
6117,0
6118,1
6119,2
6120,1
6121,0
6122,1
6123,1
6124,1
6125,1
6126,2
6127,1
6128,2
6129,1
6130,1
6131,1
6132,1
6133,1
6134,1
6135,0
6136,2
6137,1
6138,0
6139,2
6140,0
6141,1
6142,1
6143,1
6144,1
6145,1
6146,1
6147,2
6148,1
6149,1
6150,2
6151,0
6152,2
6153,1
6154,2
6155,0
6156,1
6157,0
6158,2
6159,2
6160,2
6161,2
6162,1
6163,1
6164,1
6165,1
6166,1
6167,1
6168,1
6169,1
6170,1
6171,1
6172,1
6173,1
6174,1
6175,1
6176,1
6177,1
6178,2
6179,1
6180,0
6181,1
6182,1
6183,1
6184,1
6185,2
6186,1
6187,2
6188,1
6189,1
6190,1
6191,1
6192,1
6193,1
6194,1
6195,2
6196,2
6197,0
6198,1
6199,2
6200,1
6201,1
6202,2
6203,1
6204,1
6205,2
6206,1
6207,1
6208,0
6209,1
6210,1
6211,1
6212,0
6213,1
6214,2
6215,1
6216,1
6217,1
6218,1
6219,1
6220,2
6221,1
6222,2
6223,1
6224,1
6225,2
6226,1
6227,2
6228,1
6229,0
6230,1
6231,0
6232,0
6233,0
6234,1
6235,1
6236,1
6237,1
6238,1
6239,1
6240,1
6241,1
6242,1
6243,1
6244,0
6245,1
6246,1
6247,0
6248,1
6249,1
6250,2
6251,2
6252,2
6253,1
6254,1
6255,1
6256,2
6257,1
6258,0
6259,2
6260,1
6261,1
6262,0
6263,1
6264,1
6265,2
6266,1
6267,1
6268,1
6269,1
6270,1
6271,1
6272,1
6273,1
6274,1
6275,1
6276,1
6277,2
6278,1
6279,0
6280,1
6281,0
6282,2
6283,1
6284,1
6285,1
6286,1
6287,1
6288,0
6289,1
6290,1
6291,1
6292,1
6293,2
6294,1
6295,2
6296,1
6297,1
6298,1
6299,1
6300,1
6301,1
6302,1
6303,1
6304,1
6305,1
6306,0
6307,1
6308,1
6309,1
6310,2
6311,1
6312,1
6313,1
6314,1
6315,2
6316,1
6317,1
6318,1
6319,2
6320,1
6321,1
6322,2
6323,2
6324,0
6325,2
6326,0
6327,1
6328,0
6329,1
6330,2
6331,1
6332,1
6333,1
6334,1
6335,1
6336,1
6337,1
6338,1
6339,2
6340,1
6341,1
6342,1
6343,1
6344,1
6345,1
6346,2
6347,0
6348,2
6349,1
6350,2
6351,1
6352,1
6353,1
6354,1
6355,2
6356,1
6357,1
6358,2
6359,1
6360,1
6361,1
6362,1
6363,2
6364,1
6365,1
6366,0
6367,1
6368,1
6369,2
6370,1
6371,1
6372,1
6373,1
6374,2
6375,1
6376,1
6377,1
6378,1
6379,1
6380,1
6381,2
6382,2
6383,2
6384,0
6385,0
6386,1
6387,0
6388,1
6389,2
6390,1
6391,1
6392,2
6393,1
6394,1
6395,1
6396,1
6397,0
6398,1
6399,1
6400,1
6401,1
6402,1
6403,1
6404,0
6405,1
6406,1
6407,0
6408,0
6409,1
6410,1
6411,2
6412,1
6413,1
6414,2
6415,1
6416,1
6417,1
6418,1
6419,2
6420,0
6421,1
6422,0
6423,1
6424,1
6425,1
6426,1
6427,2
6428,1
6429,2
6430,1
6431,1
6432,1
6433,1
6434,0
6435,2
6436,2
6437,1
6438,1
6439,2
6440,1
6441,1
6442,0
6443,1
6444,1
6445,2
6446,2
6447,2
6448,1
6449,1
6450,1
6451,1
6452,1
6453,1
6454,1
6455,1
6456,0
6457,1
6458,0
6459,1
6460,1
6461,1
6462,1
6463,0
6464,1
6465,1
6466,1
6467,1
6468,1
6469,2
6470,2
6471,2
6472,1
6473,2
6474,1
6475,0
6476,1
6477,1
6478,2
6479,2
6480,2
6481,1
6482,1
6483,1
6484,0
6485,2
6486,1
6487,1
6488,1
6489,1
6490,1
6491,0
6492,2
6493,1
6494,2
6495,1
6496,1
6497,1
6498,2
6499,1
6500,2
6501,1
6502,1
6503,2
6504,1
6505,1
6506,2
6507,1
6508,2
6509,1
6510,1
6511,1
6512,1
6513,2
6514,2
6515,1
6516,1
6517,1
6518,2
6519,1
6520,0
6521,1
6522,1
6523,1
6524,1
6525,1
6526,2
6527,1
6528,2
6529,1
6530,2
6531,2
6532,1
6533,2
6534,0
6535,0
6536,0
6537,1
6538,2
6539,2
6540,1
6541,0
6542,1
6543,1
6544,1
6545,1
6546,1
6547,1
6548,1
6549,2
6550,1
6551,2
6552,0
6553,2
6554,1
6555,1
6556,1
6557,2
6558,1
6559,1
6560,1
6561,1
6562,2
6563,0
6564,1
6565,1
6566,1
6567,1
6568,1
6569,1
6570,1
6571,2
6572,1
6573,1
6574,1
6575,1
6576,1
6577,2
6578,1
6579,1
6580,1
6581,1
6582,1
6583,1
6584,1
6585,1
6586,1
6587,2
6588,0
6589,2
6590,0
6591,0
6592,1
6593,1
6594,0
6595,1
6596,1
6597,1
6598,0
6599,1
6600,1
6601,1
6602,1
6603,1
6604,1
6605,1
6606,1
6607,1
6608,1
6609,1
6610,1
6611,1
6612,1
6613,1
6614,0
6615,2
6616,1
6617,1
6618,1
6619,1
6620,2
6621,1
6622,0
6623,1
6624,2
6625,0
6626,1
6627,1
6628,1
6629,1
6630,1
6631,2
6632,1
6633,1
6634,1
6635,1
6636,1
6637,2
6638,1
6639,1
6640,1
6641,1
6642,0
6643,1
6644,1
6645,1
6646,1
6647,1
6648,1
6649,1
6650,1
6651,1
6652,0
6653,1
6654,0
6655,2
6656,2
6657,1
6658,1
6659,2
6660,0
6661,2
6662,2
6663,1
6664,1
6665,2
6666,0
6667,2
6668,1
6669,1
6670,1
6671,2
6672,1
6673,1
6674,1
6675,1
6676,1
6677,1
6678,2
6679,1
6680,1
6681,1
6682,2
6683,1
6684,1
6685,1
6686,1
6687,1
6688,1
6689,1
6690,1
6691,1
6692,1
6693,2
6694,1
6695,1
6696,1
6697,1
6698,1
6699,1
6700,0
6701,1
6702,0
6703,0
6704,1
6705,1
6706,2
6707,1
6708,1
6709,1
6710,1
6711,2
6712,2
6713,1
6714,1
6715,1
6716,1
6717,1
6718,1
6719,2
6720,1
6721,1
6722,1
6723,1
6724,1
6725,1
6726,1
6727,1
6728,1
6729,1
6730,1
6731,0
6732,2
6733,1
6734,1
6735,1
6736,1
6737,1
6738,1
6739,1
6740,2
6741,1
6742,1
6743,1
6744,1
6745,2
6746,2
6747,1
6748,2
6749,1
6750,1
6751,1
6752,0
6753,1
6754,1
6755,1
6756,1
6757,1
6758,1
6759,1
6760,1
6761,1
6762,1
6763,0
6764,1
6765,1
6766,2
6767,1
6768,1
6769,1
6770,1
6771,1
6772,1
6773,1
6774,1
6775,0
6776,1
6777,1
6778,1
6779,1
6780,1
6781,1
6782,0
6783,1
6784,2
6785,1
6786,1
6787,1
6788,1
6789,1
6790,0
6791,2
6792,0
6793,0
6794,1
6795,1
6796,1
6797,1
6798,1
6799,1
6800,1
6801,1
6802,1
6803,1
6804,1
6805,2
6806,1
6807,1
6808,2
6809,1
6810,1
6811,1
6812,1
6813,1
6814,1
6815,1
6816,2
6817,2
6818,1
6819,1
6820,2
6821,0
6822,1
6823,0
6824,2
6825,1
6826,1
6827,0
6828,1
6829,1
6830,1
6831,1
6832,1
6833,1
6834,1
6835,1
6836,1
6837,1
6838,0
6839,1
6840,1
6841,0
6842,1
6843,2
6844,2
6845,0
6846,1
6847,1
6848,1
6849,1
6850,2
6851,0
6852,1
6853,1
6854,1
6855,1
6856,0
6857,0
6858,1
6859,1
6860,1
6861,1
6862,2
6863,0
6864,1
6865,1
6866,1
6867,2
6868,1
6869,1
6870,1
6871,1
6872,2
6873,1
6874,2
6875,1
6876,1
6877,1
6878,1
6879,1
6880,1
6881,1
6882,1
6883,2
6884,1
6885,2
6886,1
6887,1
6888,1
6889,0
6890,1
6891,1
6892,2
6893,2
6894,1
6895,1
6896,1
6897,1
6898,2
6899,0
6900,1
6901,1
6902,1
6903,1
6904,2
6905,1
6906,0
6907,0
6908,1
6909,1
6910,1
6911,0
6912,1
6913,0
6914,1
6915,1
6916,1
6917,1
6918,2
6919,1
6920,2
6921,2
6922,2
6923,1
6924,1
6925,1
6926,1
6927,2
6928,0
6929,0
6930,1
6931,0
6932,0
6933,0
6934,2
6935,1
6936,1
6937,1
6938,1
6939,1
6940,1
6941,1
6942,1
6943,1
6944,1
6945,2
6946,1
6947,1
6948,1
6949,0
6950,2
6951,1
6952,1
6953,0
6954,2
6955,1
6956,2
6957,1
6958,1
6959,2
6960,1
6961,1
6962,1
6963,1
6964,1
6965,1
6966,1
6967,0
6968,1
6969,1
6970,2
6971,1
6972,1
6973,1
6974,1
6975,1
6976,0
6977,1
6978,2
6979,1
6980,0
6981,1
6982,1
6983,1
6984,1
6985,2
6986,1
6987,0
6988,0
6989,1
6990,1
6991,0
6992,1
6993,1
6994,1
6995,2
6996,1
6997,1
6998,1
6999,1
7000,1
7001,1
7002,1
7003,1
7004,0
7005,0
7006,2
7007,1
7008,1
7009,1
7010,1
7011,2
7012,0
7013,1
7014,1
7015,0
7016,1
7017,1
7018,1
7019,1
7020,1
7021,0
7022,1
7023,1
7024,0
7025,1
7026,1
7027,2
7028,1
7029,1
7030,1
7031,1
7032,1
7033,2
7034,1
7035,0
7036,1
7037,1
7038,1
7039,1
7040,0
7041,1
7042,1
7043,1
7044,1
7045,2
7046,1
7047,1
7048,1
7049,1
7050,1
7051,1
7052,1
7053,1
7054,2
7055,1
7056,2
7057,1
7058,1
7059,1
7060,1
7061,1
7062,1
7063,1
7064,1
7065,1
7066,2
7067,1
7068,1
7069,1
7070,0
7071,2
7072,1
7073,2
7074,1
7075,0
7076,1
7077,1
7078,1
7079,1
7080,2
7081,1
7082,2
7083,1
7084,1
7085,1
7086,1
7087,1
7088,2
7089,1
7090,1
7091,2
7092,1
7093,1
7094,2
7095,1
7096,1
7097,2
7098,1
7099,0
7100,1
7101,1
7102,2
7103,1
7104,1
7105,1
7106,1
7107,1
7108,0
7109,1
7110,1
7111,1
7112,2
7113,1
7114,1
7115,1
7116,1
7117,1
7118,1
7119,1
7120,1
7121,2
7122,2
7123,1
7124,1
7125,1
7126,1
7127,1
7128,1
7129,2
7130,1
7131,2
7132,1
7133,2
7134,1
7135,1
7136,1
7137,2
7138,1
7139,2
7140,1
7141,1
7142,1
7143,1
7144,2
7145,1
7146,1
7147,2
7148,1
7149,1
7150,1
7151,1
7152,1
7153,2
7154,0
7155,2
7156,1
7157,2
7158,1
7159,1
7160,0
7161,1
7162,2
7163,0
7164,0
7165,2
7166,2
7167,1
7168,2
7169,1
7170,0
7171,1
7172,2
7173,1
7174,1
7175,0
7176,2
7177,1
7178,2
7179,2
7180,0
7181,1
7182,1
7183,1
7184,2
7185,1
7186,0
7187,0
7188,1
7189,1
7190,1
7191,1
7192,1
7193,1
7194,2
7195,1
7196,1
7197,1
7198,1
7199,0
7200,2
7201,1
7202,2
7203,0
7204,2
7205,1
7206,2
7207,1
7208,1
7209,1
7210,0
7211,0
7212,1
7213,1
7214,2
7215,1
7216,1
7217,1
7218,2
7219,1
7220,1
7221,2
7222,1
7223,2
7224,1
7225,1
7226,1
7227,0
7228,1
7229,2
7230,2
7231,1
7232,1
7233,1
7234,2
7235,1
7236,2
7237,0
7238,2
7239,1
7240,1
7241,0
7242,1
7243,1
7244,1
7245,0
7246,1
7247,1
7248,2
7249,1
7250,2
7251,1
7252,2
7253,1
7254,1
7255,1
7256,1
7257,1
7258,1
7259,1
7260,1
7261,1
7262,1
7263,2
7264,1
7265,1
7266,1
7267,1
7268,1
7269,1
7270,1
7271,1
7272,2
7273,2
7274,0
7275,1
7276,1
7277,1
7278,2
7279,1
7280,1
7281,2
7282,0
7283,1
7284,1
7285,2
7286,1
7287,1
7288,1
7289,0
7290,1
7291,1
7292,1
7293,1
7294,1
7295,1
7296,1
7297,1
7298,1
7299,1
7300,0
7301,2
7302,1
7303,2
7304,1
7305,2
7306,1
7307,1
7308,0
7309,1
7310,2
7311,2
7312,2
7313,1
7314,1
7315,1
7316,2
7317,2
7318,1
7319,1
7320,2
7321,1
7322,2
7323,1
7324,1
7325,1
7326,1
7327,1
7328,1
7329,1
7330,1
7331,1
7332,2
7333,1
7334,0
7335,1
7336,1
7337,2
7338,1
7339,1
7340,2
7341,1
7342,1
7343,2
7344,1
7345,1
7346,1
7347,1
7348,1
7349,1
7350,1
7351,1
7352,0
7353,1
7354,1
7355,1
7356,2
7357,1
7358,1
7359,0
7360,1
7361,2
7362,2
7363,0
7364,1
7365,1
7366,0
7367,1
7368,1
7369,1
7370,1
7371,1
7372,1
7373,1
7374,2
7375,2
7376,1
7377,1
7378,2
7379,1
7380,2
7381,1
7382,2
7383,2
7384,1
7385,0
7386,2
7387,1
7388,2
7389,1
7390,2
7391,0
7392,1
7393,1
7394,1
7395,1
7396,0
7397,1
7398,1
7399,0
7400,2
7401,1
7402,2
7403,1
7404,1
7405,1
7406,1
7407,1
7408,1
7409,0
7410,1
7411,1
7412,1
7413,2
7414,1
7415,1
7416,0
7417,2
7418,1
7419,2
7420,1
7421,2
7422,1
7423,0
7424,1
7425,1
7426,1
7427,1
7428,1
7429,0
7430,1
7431,2
7432,1
7433,1
7434,2
7435,1
7436,1
7437,2
7438,1
7439,2
7440,1
7441,1
7442,2
7443,1
7444,1
7445,2
7446,2
7447,1
7448,0
7449,2
7450,2
7451,1
7452,1
7453,1
7454,1
7455,2
7456,1
7457,1
7458,1
7459,0
7460,1
7461,2
7462,1
7463,1
7464,2
7465,1
7466,0
7467,1
7468,1
7469,2
7470,1
7471,0
7472,1
7473,1
7474,1
7475,2
7476,1
7477,2
7478,2
7479,1
7480,1
7481,2
7482,1
7483,1
7484,2
7485,1
7486,2
7487,1
7488,0
7489,2
7490,2
7491,1
7492,2
7493,1
7494,1
7495,1
7496,2
7497,1
7498,1
7499,1
7500,2
7501,1
7502,2
7503,1
7504,1
7505,2
7506,0
7507,1
7508,1
7509,2
7510,1
7511,1
7512,0
7513,1
7514,1
7515,2
7516,0
7517,1
7518,1
7519,0
7520,1
7521,1
7522,2
7523,1
7524,2
7525,1
7526,1
7527,2
7528,1
7529,0
7530,0
7531,1
7532,1
7533,1
7534,0
7535,1
7536,0
7537,1
7538,2
7539,2
7540,2
7541,1
7542,2
7543,2
7544,1
7545,2
7546,2
7547,1
7548,1
7549,2
7550,2
7551,1
7552,1
7553,2
7554,1
7555,1
7556,1
7557,1
7558,2
7559,1
7560,1
7561,1
7562,0
7563,2
7564,1
7565,2
7566,2
7567,1
7568,1
7569,1
7570,1
7571,0
7572,2
7573,1
7574,1
7575,2
7576,1
7577,0
7578,2
7579,1
7580,1
7581,1
7582,2
7583,1
7584,1
7585,1
7586,1
7587,1
7588,0
7589,1
7590,2
7591,1
7592,1
7593,1
7594,1
7595,1
7596,1
7597,1
7598,1
7599,2
7600,0
7601,1
7602,1
7603,1
7604,1
7605,2
7606,1
7607,1
7608,2
7609,1
7610,1
7611,1
7612,1
7613,1
7614,1
7615,0
7616,1
7617,1
7618,1
7619,1
7620,1
7621,1
7622,2
7623,1
7624,1
7625,1
7626,2
7627,2
7628,2
7629,1
7630,1
7631,1
7632,2
7633,2
7634,1
7635,2
7636,2
7637,1
7638,2
7639,1
7640,1
7641,2
7642,1
7643,1
7644,1
7645,1
7646,2
7647,1
7648,1
7649,1
7650,1
7651,1
7652,1
7653,1
7654,1
7655,2
7656,2
7657,1
7658,1
7659,1
7660,1
7661,1
7662,1
7663,2
7664,1
7665,1
7666,1
7667,1
7668,1
7669,0
7670,1
7671,1
7672,1
7673,1
7674,1
7675,1
7676,1
7677,1
7678,2
7679,2
7680,0
7681,2
7682,1
7683,1
7684,1
7685,2
7686,1
7687,0
7688,1
7689,1
7690,0
7691,1
7692,1
7693,2
7694,1
7695,1
7696,2
7697,0
7698,2
7699,1
7700,1
7701,1
7702,1
7703,1
7704,1
7705,1
7706,1
7707,1
7708,2
7709,1
7710,1
7711,1
7712,1
7713,2
7714,2
7715,2
7716,1
7717,1
7718,1
7719,1
7720,0
7721,2
7722,2
7723,1
7724,2
7725,2
7726,1
7727,0
7728,1
7729,1
7730,1
7731,1
7732,1
7733,1
7734,1
7735,1
7736,1
7737,1
7738,1
7739,1
7740,2
7741,2
7742,1
7743,1
7744,1
7745,1
7746,1
7747,0
7748,2
7749,1
7750,1
7751,2
7752,1
7753,1
7754,1
7755,2
7756,1
7757,2
7758,0
7759,1
7760,2
7761,2
7762,0
7763,1
7764,2
7765,1
7766,2
7767,1
7768,1
7769,0
7770,1
7771,2
7772,0
7773,1
7774,0
7775,1
7776,2
7777,1
7778,1
7779,2
7780,2
7781,1
7782,1
7783,1
7784,1
7785,1
7786,1
7787,0
7788,1
7789,2
7790,2
7791,1
7792,0
7793,2
7794,1
7795,1
7796,2
7797,1
7798,2
7799,1
7800,0
7801,1
7802,1
7803,1
7804,1
7805,1
7806,1
7807,1
7808,1
7809,1
7810,1
7811,1
7812,1
7813,0
7814,1
7815,1
7816,2
7817,1
7818,2
7819,1
7820,1
7821,1
7822,1
7823,0
7824,1
7825,1
7826,1
7827,1
7828,1
7829,1
7830,1
7831,2
7832,0
7833,1
7834,1
7835,1
7836,1
7837,2
7838,1
7839,1
7840,2
7841,1
7842,1
7843,1
7844,1
7845,1
7846,0
7847,2
7848,1
7849,1
7850,1
7851,2
7852,0
7853,1
7854,1
7855,1
7856,1
7857,0
7858,2
7859,2
7860,1
7861,0
7862,1
7863,1
7864,0
7865,1
7866,1
7867,1
7868,1
7869,2
7870,1
7871,1
7872,1
7873,2
7874,1
7875,0
7876,0
7877,1
7878,1
7879,1
7880,1
7881,1
7882,1
7883,1
7884,1
7885,1
7886,0
7887,1
7888,0
7889,2
7890,1
7891,1
7892,2
7893,1
7894,1
7895,1
7896,1
7897,1
7898,2
7899,1
7900,1
7901,1
7902,1
7903,1
7904,2
7905,1
7906,1
7907,2
7908,1
7909,1
7910,2
7911,1
7912,2
7913,0
7914,1
7915,1
7916,2
7917,1
7918,1
7919,1
7920,1
7921,1
7922,2
7923,2
7924,2
7925,1
7926,0
7927,0
7928,1
7929,1
7930,1
7931,1
7932,1
7933,1
7934,2
7935,2
7936,1
7937,1
7938,1
7939,2
7940,1
7941,1
7942,1
7943,1
7944,1
7945,1
7946,1
7947,1
7948,1
7949,0
7950,1
7951,2
7952,2
7953,0
7954,1
7955,1
7956,1
7957,1
7958,1
7959,1
7960,1
7961,1
7962,1
7963,1
7964,1
7965,1
7966,2
7967,1
7968,0
7969,2
7970,1
7971,2
7972,1
7973,1
7974,1
7975,1
7976,2
7977,1
7978,1
7979,0
7980,1
7981,1
7982,1
7983,1
7984,1
7985,1
7986,1
7987,2
7988,2
7989,1
7990,1
7991,0
7992,1
7993,0
7994,1
7995,2
7996,0
7997,1
7998,1
7999,1
8000,2
8001,2
8002,1
8003,1
8004,1
8005,1
8006,1
8007,1
8008,1
8009,2
8010,1
8011,1
8012,1
8013,2
8014,2
8015,0
8016,1
8017,1
8018,1
8019,1
8020,1
8021,1
8022,1
8023,1
8024,1
8025,1
8026,2
8027,1
8028,1
8029,1
8030,1
8031,2
8032,0
8033,2
8034,1
8035,2
8036,1
8037,2
8038,2
8039,1
8040,1
8041,0
8042,1
8043,1
8044,1
8045,2
8046,2
8047,1
8048,1
8049,1
8050,1
8051,1
8052,0
8053,1
8054,2
8055,2
8056,2
8057,1
8058,1
8059,1
8060,2
8061,1
8062,0
8063,1
8064,1
8065,1
8066,1
8067,1
8068,0
8069,1
8070,1
8071,1
8072,1
8073,1
8074,1
8075,1
8076,1
8077,1
8078,2
8079,1
8080,1
8081,1
8082,1
8083,1
8084,1
8085,2
8086,1
8087,1
8088,1
8089,1
8090,1
8091,1
8092,0
8093,1
8094,1
8095,2
8096,1
8097,2
8098,1
8099,2
8100,1
8101,1
8102,1
8103,1
8104,1
8105,1
8106,2
8107,1
8108,1
8109,0
8110,0
8111,1
8112,1
8113,2
8114,1
8115,1
8116,1
8117,1
8118,1
8119,1
8120,1
8121,1
8122,1
8123,1
8124,2
8125,2
8126,1
8127,1
8128,1
8129,1
8130,1
8131,1
8132,2
8133,1
8134,1
8135,1
8136,0
8137,1
8138,1
8139,2
8140,0
8141,1
8142,1
8143,1
8144,1
8145,1
8146,1
8147,1
8148,1
8149,2
8150,1
8151,1
8152,1
8153,0
8154,2
8155,1
8156,1
8157,0
8158,2
8159,0
8160,1
8161,2
8162,1
8163,2
8164,2
8165,0
8166,1
8167,1
8168,0
8169,1
8170,2
8171,1
8172,1
8173,1
8174,2
8175,1
8176,1
8177,1
8178,2
8179,2
8180,0
8181,0
8182,1
8183,1
8184,1
8185,1
8186,2
8187,1
8188,1
8189,1
8190,1
8191,1
8192,1
8193,1
8194,1
8195,2
8196,1
8197,1
8198,1
8199,1
8200,1
8201,1
8202,1
8203,1
8204,1
8205,1
8206,1
8207,0
8208,1
8209,1
8210,0
8211,2
8212,0
8213,1
8214,1
8215,2
8216,0
8217,1
8218,0
8219,1
8220,1
8221,2
8222,1
8223,1
8224,0
8225,0
8226,2
8227,1
8228,1
8229,1
8230,1
8231,1
8232,1
8233,1
8234,2
8235,1
8236,1
8237,1
8238,1
8239,1
8240,1
8241,1
8242,1
8243,1
8244,1
8245,0
8246,2
8247,1
8248,1
8249,1
8250,1
8251,2
8252,1
8253,1
8254,1
8255,1
8256,1
8257,1
8258,1
8259,2
8260,1
8261,1
8262,2
8263,1
8264,1
8265,0
8266,1
8267,2
8268,1
8269,2
8270,1
8271,1
8272,2
8273,1
8274,1
8275,1
8276,0
8277,0
8278,1
8279,1
8280,1
8281,1
8282,1
8283,1
8284,1
8285,2
8286,0
8287,2
8288,2
8289,1
8290,1
8291,2
8292,2
8293,1
8294,1
8295,2
8296,2
8297,1
8298,0
8299,1
8300,1
8301,1
8302,1
8303,2
8304,1
8305,1
8306,2
8307,1
8308,1
8309,1
8310,0
8311,2
8312,0
8313,1
8314,0
8315,1
8316,2
8317,1
8318,1
8319,1
8320,1
8321,2
8322,1
8323,2
8324,1
8325,2
8326,1
8327,1
8328,2
8329,2
8330,1
8331,1
8332,2
8333,1
8334,0
8335,1
8336,1
8337,0
8338,2
8339,1
8340,1
8341,2
8342,1
8343,1
8344,1
8345,1
8346,2
8347,1
8348,2
8349,1
8350,1
8351,1
8352,1
8353,0
8354,1
8355,1
8356,1
8357,1
8358,1
8359,2
8360,1
8361,1
8362,1
8363,1
8364,2
8365,1
8366,2
8367,1
8368,0
8369,1
8370,1
8371,0
8372,1
8373,0
8374,1
8375,1
8376,1
8377,1
8378,1
8379,1
8380,2
8381,1
8382,0
8383,1
8384,1
8385,2
8386,2
8387,0
8388,1
8389,0
8390,1
8391,1
8392,0
8393,1
8394,2
8395,2
8396,1
8397,1
8398,1
8399,1
8400,0
8401,2
8402,1
8403,2
8404,1
8405,1
8406,1
8407,2
8408,1
8409,1
8410,1
8411,2
8412,0
8413,2
8414,0
8415,1
8416,2
8417,1
8418,1
8419,1
8420,0
8421,0
8422,1
8423,2
8424,2
8425,1
8426,1
8427,1
8428,2
8429,0
8430,1
8431,1
8432,2
8433,0
8434,1
8435,2
8436,2
8437,1
8438,2
8439,1
8440,1
8441,2
8442,2
8443,1
8444,1
8445,1
8446,1
8447,2
8448,1
8449,1
8450,1
8451,2
8452,1
8453,1
8454,2
8455,1
8456,2
8457,2
8458,1
8459,2
8460,2
8461,2
8462,2
8463,2
8464,2
8465,1
8466,1
8467,2
8468,1
8469,1
8470,1
8471,2
8472,1
8473,2
8474,1
8475,2
8476,2
8477,1
8478,1
8479,1
8480,1
8481,1
8482,2
8483,1
8484,1
8485,1
8486,1
8487,1
8488,1
8489,1
8490,1
8491,1
8492,2
8493,1
8494,1
8495,2
8496,0
8497,1
8498,1
8499,1
8500,1
8501,0
8502,2
8503,2
8504,0
8505,1
8506,0
8507,1
8508,1
8509,1
8510,2
8511,1
8512,1
8513,2
8514,1
8515,1
8516,1
8517,2
8518,1
8519,0
8520,1
8521,0
8522,1
8523,2
8524,2
8525,1
8526,2
8527,1
8528,2
8529,1
8530,1
8531,1
8532,0
8533,1
8534,1
8535,1
8536,1
8537,1
8538,1
8539,1
8540,1
8541,1
8542,1
8543,1
8544,1
8545,1
8546,2
8547,1
8548,1
8549,2
8550,2
8551,1
8552,1
8553,1
8554,2
8555,0
8556,1
8557,1
8558,1
8559,2
8560,1
8561,0
8562,1
8563,0
8564,1
8565,1
8566,1
8567,0
8568,1
8569,1
8570,2
8571,0
8572,1
8573,2
8574,1
8575,1
8576,2
8577,1
8578,2
8579,1
8580,0
8581,0
8582,1
8583,1
8584,1
8585,2
8586,1
8587,1
8588,1
8589,1
8590,1
8591,1
8592,1
8593,1
8594,1
8595,1
8596,1
8597,2
8598,1
8599,1
8600,1
8601,1
8602,1
8603,0
8604,1
8605,2
8606,1
8607,1
8608,1
8609,1
8610,2
8611,1
8612,1
8613,1
8614,1
8615,1
8616,1
8617,0
8618,0
8619,1
8620,1
8621,2
8622,0
8623,1
8624,1
8625,1
8626,1
8627,1
8628,1
8629,2
8630,1
8631,1
8632,2
8633,1
8634,1
8635,2
8636,1
8637,1
8638,2
8639,1
8640,1
8641,1
8642,2
8643,2
8644,2
8645,2
8646,1
8647,2
8648,1
8649,2
8650,1
8651,1
8652,1
8653,1
8654,1
8655,2
8656,1
8657,2
8658,2
8659,1
8660,2
8661,1
8662,1
8663,1
8664,1
8665,1
8666,1
8667,0
8668,1
8669,1
8670,1
8671,1
8672,1
8673,1
8674,1
8675,1
8676,0
8677,1
8678,1
8679,2
8680,2
8681,1
8682,1
8683,1
8684,1
8685,0
8686,1
8687,1
8688,2
8689,1
8690,2
8691,1
8692,1
8693,1
8694,1
8695,1
8696,1
8697,1
8698,1
8699,2
8700,1
8701,1
8702,2
8703,0
8704,1
8705,2
8706,2
8707,1
8708,1
8709,2
8710,0
8711,1
8712,1
8713,1
8714,1
8715,1
8716,1
8717,1
8718,1
8719,2
8720,1
8721,2
8722,1
8723,1
8724,1
8725,1
8726,1
8727,1
8728,2
8729,1
8730,1
8731,2
8732,1
8733,1
8734,1
8735,1
8736,1
8737,2
8738,1
8739,1
8740,1
8741,0
8742,1
8743,2
8744,1
8745,2
8746,1
8747,2
8748,1
8749,0
8750,1
8751,2
8752,2
8753,2
8754,2
8755,1
8756,2
8757,2
8758,1
8759,1
8760,1
8761,1
8762,1
8763,2
8764,1
8765,1
8766,1
8767,1
8768,1
8769,1
8770,2
8771,1
8772,0
8773,1
8774,0
8775,2
8776,1
8777,0
8778,1
8779,1
8780,2
8781,1
8782,1
8783,1
8784,1
8785,2
8786,0
8787,1
8788,1
8789,1
8790,0
8791,1
8792,1
8793,1
8794,2
8795,1
8796,1
8797,1
8798,1
8799,0
8800,1
8801,1
8802,2
8803,1
8804,1
8805,1
8806,1
8807,1
8808,2
8809,1
8810,1
8811,1
8812,2
8813,2
8814,1
8815,1
8816,1
8817,1
8818,1
8819,0
8820,2
8821,1
8822,0
8823,2
8824,1
8825,2
8826,1
8827,1
8828,0
8829,1
8830,1
8831,2
8832,1
8833,1
8834,1
8835,2
8836,1
8837,1
8838,1
8839,1
8840,1
8841,1
8842,0
8843,1
8844,0
8845,0
8846,1
8847,1
8848,0
8849,0
8850,1
8851,2
8852,1
8853,1
8854,1
8855,2
8856,1
8857,1
8858,1
8859,1
8860,1
8861,1
8862,1
8863,1
8864,1
8865,1
8866,1
8867,1
8868,1
8869,1
8870,0
8871,1
8872,1
8873,1
8874,1
8875,1
8876,1
8877,1
8878,1
8879,1
8880,1
8881,2
8882,0
8883,1
8884,2
8885,1
8886,2
8887,2
8888,1
8889,1
8890,1
8891,1
8892,1
8893,1
8894,1
8895,2
8896,1
8897,1
8898,1
8899,2
8900,1
8901,2
8902,1
8903,1
8904,2
8905,1
8906,2
8907,0
8908,2
8909,1
8910,1
8911,1
8912,2
8913,1
8914,1
8915,1
8916,0
8917,1
8918,1
8919,1
8920,0
8921,1
8922,1
8923,1
8924,2
8925,1
8926,1
8927,0
8928,1
8929,1
8930,2
8931,2
8932,2
8933,2
8934,2
8935,2
8936,1
8937,2
8938,0
8939,1
8940,1
8941,1
8942,1
8943,1
8944,1
8945,1
8946,2
8947,1
8948,1
8949,1
8950,1
8951,0
8952,1
8953,1
8954,1
8955,1
8956,1
8957,1
8958,2
8959,2
8960,1
8961,1
8962,1
8963,1
8964,1
8965,1
8966,1
8967,1
8968,1
8969,1
8970,1
8971,1
8972,1
8973,0
8974,1
8975,1
8976,1
8977,1
8978,1
8979,1
8980,1
8981,1
8982,2
8983,1
8984,2
8985,1
8986,1
8987,2
8988,1
8989,0
8990,1
8991,2
8992,1
8993,1
8994,2
8995,1
8996,0
8997,2
8998,1
8999,2
9000,1
9001,1
9002,1
9003,0
9004,1
9005,1
9006,2
9007,1
9008,0
9009,2
9010,0
9011,1
9012,1
9013,1
9014,2
9015,1
9016,1
9017,0
9018,1
9019,1
9020,1
9021,0
9022,1
9023,1
9024,1
9025,2
9026,1
9027,1
9028,1
9029,1
9030,2
9031,2
9032,1
9033,1
9034,1
9035,2
9036,2
9037,1
9038,1
9039,1
9040,1
9041,1
9042,1
9043,0
9044,2
9045,1
9046,0
9047,0
9048,1
9049,1
9050,1
9051,2
9052,1
9053,1
9054,0
9055,1
9056,1
9057,1
9058,1
9059,1
9060,1
9061,1
9062,0
9063,0
9064,0
9065,1
9066,1
9067,2
9068,1
9069,0
9070,1
9071,1
9072,2
9073,1
9074,1
9075,2
9076,0
9077,2
9078,0
9079,0
9080,0
9081,1
9082,1
9083,1
9084,1
9085,0
9086,1
9087,1
9088,1
9089,1
9090,1
9091,1
9092,2
9093,1
9094,1
9095,1
9096,1
9097,2
9098,2
9099,2
9100,0
9101,1
9102,1
9103,2
9104,1
9105,1
9106,0
9107,2
9108,2
9109,1
9110,1
9111,2
9112,1
9113,1
9114,1
9115,0
9116,2
9117,0
9118,1
9119,2
9120,1
9121,1
9122,0
9123,2
9124,1
9125,1
9126,2
9127,1
9128,1
9129,1
9130,2
9131,1
9132,2
9133,1
9134,1
9135,1
9136,1
9137,1
9138,1
9139,2
9140,1
9141,1
9142,2
9143,2
9144,1
9145,1
9146,2
9147,0
9148,2
9149,2
9150,2
9151,2
9152,1
9153,1
9154,1
9155,1
9156,1
9157,2
9158,0
9159,1
9160,1
9161,2
9162,1
9163,2
9164,1
9165,2
9166,1
9167,1
9168,1
9169,1
9170,1
9171,1
9172,2
9173,1
9174,1
9175,1
9176,1
9177,1
9178,1
9179,1
9180,1
9181,1
9182,1
9183,2
9184,2
9185,1
9186,1
9187,1
9188,1
9189,1
9190,0
9191,1
9192,1
9193,1
9194,2
9195,2
9196,1
9197,1
9198,1
9199,1
9200,1
9201,1
9202,0
9203,1
9204,2
9205,1
9206,1
9207,1
9208,2
9209,1
9210,2
9211,1
9212,1
9213,0
9214,1
9215,1
9216,1
9217,1
9218,1
9219,2
9220,0
9221,1
9222,2
9223,1
9224,1
9225,1
9226,1
9227,0
9228,1
9229,1
9230,1
9231,0
9232,0
9233,2
9234,1
9235,2
9236,1
9237,1
9238,1
9239,1
9240,0
9241,1
9242,1
9243,1
9244,2
9245,2
9246,1
9247,1
9248,2
9249,1
9250,2
9251,1
9252,0
9253,1
9254,1
9255,1
9256,2
9257,1
9258,1
9259,2
9260,2
9261,1
9262,1
9263,2
9264,2
9265,1
9266,0
9267,1
9268,1
9269,1
9270,2
9271,1
9272,2
9273,1
9274,2
9275,1
9276,2
9277,1
9278,1
9279,1
9280,1
9281,1
9282,1
9283,1
9284,2
9285,1
9286,1
9287,1
9288,1
9289,1
9290,1
9291,0
9292,1
9293,1
9294,1
9295,2
9296,0
9297,2
9298,1
9299,2
9300,1
9301,1
9302,1
9303,2
9304,2
9305,2
9306,1
9307,2
9308,1
9309,2
9310,0
9311,1
9312,1
9313,1
9314,1
9315,1
9316,2
9317,1
9318,1
9319,2
9320,1
9321,1
9322,1
9323,1
9324,2
9325,0
9326,0
9327,1
9328,1
9329,1
9330,2
9331,1
9332,1
9333,2
9334,1
9335,1
9336,1
9337,1
9338,1
9339,1
9340,2
9341,1
9342,1
9343,1
9344,2
9345,1
9346,1
9347,1
9348,1
9349,0
9350,1
9351,2
9352,2
9353,1
9354,1
9355,1
9356,2
9357,0
9358,1
9359,0
9360,1
9361,1
9362,0
9363,2
9364,1
9365,1
9366,1
9367,1
9368,0
9369,1
9370,1
9371,1
9372,1
9373,2
9374,1
9375,2
9376,2
9377,1
9378,1
9379,1
9380,1
9381,2
9382,0
9383,1
9384,2
9385,1
9386,1
9387,2
9388,1
9389,2
9390,2
9391,2
9392,2
9393,1
9394,1
9395,1
9396,0
9397,2
9398,1
9399,1
9400,0
9401,1
9402,1
9403,1
9404,2
9405,0
9406,1
9407,1
9408,1
9409,2
9410,2
9411,1
9412,1
9413,1
9414,2
9415,0
9416,2
9417,1
9418,1
9419,2
9420,2
9421,1
9422,2
9423,1
9424,1
9425,2
9426,1
9427,1
9428,2
9429,1
9430,1
9431,1
9432,1
9433,1
9434,1
9435,1
9436,1
9437,1
9438,0
9439,2
9440,1
9441,1
9442,1
9443,1
9444,1
9445,2
9446,2
9447,1
9448,1
9449,0
9450,2
9451,1
9452,1
9453,1
9454,1
9455,2
9456,1
9457,2
9458,1
9459,1
9460,1
9461,1
9462,1
9463,0
9464,1
9465,1
9466,0
9467,1
9468,1
9469,1
9470,0
9471,0
9472,1
9473,1
9474,0
9475,2
9476,1
9477,1
9478,1
9479,2
9480,1
9481,2
9482,2
9483,2
9484,1
9485,1
9486,1
9487,0
9488,1
9489,1
9490,0
9491,1
9492,1
9493,1
9494,1
9495,2
9496,0
9497,0
9498,1
9499,2
9500,1
9501,1
9502,1
9503,2
9504,2
9505,0
9506,1
9507,0
9508,1
9509,1
9510,1
9511,1
9512,1
9513,1
9514,0
9515,0
9516,1
9517,1
9518,1
9519,2
9520,0
9521,1
9522,1
9523,1
9524,2
9525,1
9526,2
9527,0
9528,1
9529,0
9530,1
9531,2
9532,1
9533,1
9534,1
9535,2
9536,1
9537,1
9538,1
9539,2
9540,1
9541,2
9542,1
9543,2
9544,1
9545,0
9546,2
9547,2
9548,1
9549,2
9550,1
9551,0
9552,2
9553,1
9554,2
9555,2
9556,1
9557,1
9558,2
9559,0
9560,2
9561,1
9562,1
9563,1
9564,0
9565,1
9566,1
9567,2
9568,1
9569,1
9570,1
9571,2
9572,2
9573,2
9574,0
9575,1
9576,1
9577,1
9578,1
9579,0
9580,1
9581,1
9582,1
9583,1
9584,1
9585,1
9586,0
9587,1
9588,1
9589,1
9590,2
9591,1
9592,1
9593,0
9594,1
9595,2
9596,2
9597,1
9598,1
9599,0
9600,1
9601,1
9602,0
9603,1
9604,1
9605,2
9606,2
9607,1
9608,1
9609,1
9610,2
9611,2
9612,1
9613,1
9614,1
9615,2
9616,1
9617,1
9618,1
9619,2
9620,1
9621,1
9622,1
9623,2
9624,0
9625,1
9626,1
9627,2
9628,1
9629,2
9630,1
9631,1
9632,0
9633,1
9634,2
9635,1
9636,1
9637,1
9638,1
9639,1
9640,0
9641,1
9642,1
9643,0
9644,1
9645,1
9646,1
9647,1
9648,0
9649,1
9650,1
9651,1
9652,1
9653,2
9654,2
9655,2
9656,1
9657,0
9658,1
9659,1
9660,0
9661,1
9662,1
9663,1
9664,1
9665,1
9666,1
9667,2
9668,2
9669,1
9670,0
9671,2
9672,2
9673,1
9674,0
9675,1
9676,1
9677,1
9678,1
9679,2
9680,1
9681,2
9682,1
9683,1
9684,1
9685,2
9686,1
9687,1
9688,1
9689,1
9690,1
9691,1
9692,1
9693,2
9694,1
9695,2
9696,2
9697,2
9698,2
9699,0
9700,1
9701,1
9702,2
9703,1
9704,2
9705,2
9706,1
9707,1
9708,1
9709,0
9710,1
9711,2
9712,2
9713,1
9714,2
9715,1
9716,1
9717,2
9718,2
9719,1
9720,0
9721,2
9722,1
9723,1
9724,1
9725,2
9726,1
9727,0
9728,2
9729,1
9730,0
9731,1
9732,1
9733,1
9734,1
9735,1
9736,0
9737,1
9738,1
9739,1
9740,2
9741,1
9742,0
9743,1
9744,2
9745,0
9746,2
9747,1
9748,1
9749,0
9750,0
9751,1
9752,1
9753,1
9754,0
9755,1
9756,1
9757,1
9758,0
9759,1
9760,0
9761,0
9762,0
9763,1
9764,1
9765,2
9766,1
9767,1
9768,1
9769,1
9770,0
9771,1
9772,2
9773,1
9774,1
9775,2
9776,1
9777,1
9778,2
9779,1
9780,1
9781,2
9782,1
9783,2
9784,0
9785,1
9786,1
9787,2
9788,1
9789,1
9790,1
9791,1
9792,1
9793,1
9794,1
9795,2
9796,1
9797,1
9798,1
9799,1
9800,1
9801,1
9802,2
9803,1
9804,1
9805,1
9806,2
9807,1
9808,1
9809,1
9810,1
9811,0
9812,0
9813,2
9814,1
9815,1
9816,1
9817,2
9818,1
9819,1
9820,1
9821,1
9822,1
9823,1
9824,1
9825,0
9826,0
9827,1
9828,2
9829,1
9830,1
9831,1
9832,1
9833,1
9834,1
9835,1
9836,2
9837,1
9838,1
9839,1
9840,1
9841,1
9842,2
9843,2
9844,1
9845,1
9846,2
9847,1
9848,0
9849,1
9850,2
9851,1
9852,0
9853,1
9854,1
9855,1
9856,2
9857,1
9858,2
9859,1
9860,0
9861,1
9862,1
9863,2
9864,1
9865,1
9866,0
9867,1
9868,1
9869,1
9870,0
9871,0
9872,1
9873,0
9874,2
9875,1
9876,1
9877,1
9878,1
9879,1
9880,1
9881,1
9882,1
9883,1
9884,2
9885,1
9886,2
9887,1
9888,1
9889,1
9890,0
9891,0
9892,1
9893,2
9894,1
9895,1
9896,2
9897,0
9898,1
9899,2
9900,1
9901,1
9902,1
9903,1
9904,0
9905,1
9906,1
9907,2
9908,2
9909,2
9910,2
9911,1
9912,1
9913,1
9914,2
9915,2
9916,2
9917,1
9918,1
9919,2
9920,1
9921,1
9922,2
9923,1
9924,2
9925,2
9926,1
9927,1
9928,1
9929,1
9930,2
9931,0
9932,0
9933,2
9934,0
9935,0
9936,2
9937,1
9938,2
9939,1
9940,2
9941,2
9942,0
9943,1
9944,1
9945,1
9946,1
9947,1
9948,0
9949,1
9950,1
9951,1
9952,1
9953,2
9954,1
9955,2
9956,2
9957,2
9958,1
9959,2
9960,1
9961,1
9962,1
9963,2
9964,2
9965,1
9966,1
9967,1
9968,2
9969,0
9970,1
9971,0
9972,1
9973,1
9974,1
9975,1
9976,1
9977,1
9978,1
9979,1
9980,1
9981,0
9982,1
9983,2
9984,1
9985,1
9986,1
9987,1
9988,2
9989,2
9990,1
9991,1
9992,2
9993,2
9994,1
9995,1
9996,1
9997,1
9998,1
9999,1
10000,2
10001,1
10002,1
10003,1
10004,1
10005,1
10006,1
10007,1
10008,1
10009,2
10010,0
10011,2
10012,1
10013,2
10014,1
10015,1
10016,0
10017,1
10018,1
10019,1
10020,2
10021,1
10022,1
10023,1
10024,0
10025,0
10026,1
10027,1
10028,2
10029,1
10030,1
10031,1
10032,1
10033,1
10034,1
10035,1
10036,1
10037,1
10038,1
10039,0
10040,1
10041,2
10042,2
10043,0
10044,1
10045,2
10046,1
10047,1
10048,2
10049,1
10050,1
10051,1
10052,1
10053,0
10054,1
10055,1
10056,1
10057,2
10058,1
10059,1
10060,0
10061,0
10062,2
10063,1
10064,2
10065,2
10066,2
10067,1
10068,1
10069,1
10070,1
10071,2
10072,1
10073,1
10074,2
10075,1
10076,1
10077,1
10078,1
10079,2
10080,1
10081,1
10082,1
10083,1
10084,1
10085,1
10086,1
10087,1
10088,1
10089,2
10090,1
10091,2
10092,1
10093,1
10094,1
10095,1
10096,1
10097,1
10098,1
10099,2
10100,1
10101,1
10102,1
10103,1
10104,1
10105,0
10106,1
10107,1
10108,1
10109,1
10110,2
10111,2
10112,1
10113,1
10114,2
10115,1
10116,1
10117,2
10118,1
10119,2
10120,1
10121,1
10122,1
10123,1
10124,2
10125,1
10126,1
10127,2
10128,1
10129,2
10130,1
10131,2
10132,2
10133,1
10134,2
10135,0
10136,0
10137,1
10138,0
10139,1
10140,1
10141,0
10142,1
10143,2
10144,1
10145,1
10146,1
10147,1
10148,1
10149,1
10150,1
10151,0
10152,1
10153,1
10154,1
10155,1
10156,0
10157,1
10158,1
10159,1
10160,2
10161,1
10162,1
10163,0
10164,1
10165,1
10166,1
10167,1
10168,1
10169,1
10170,1
10171,1
10172,1
10173,1
10174,1
10175,2
10176,1
10177,0
10178,2
10179,1
10180,1
10181,1
10182,1
10183,1
10184,0
10185,0
10186,2
10187,0
10188,2
10189,1
10190,1
10191,1
10192,1
10193,1
10194,1
10195,2
10196,1
10197,1
10198,1
10199,2
10200,1
10201,1
10202,1
10203,1
10204,1
10205,1
10206,2
10207,1
10208,1
10209,1
10210,1
10211,2
10212,1
10213,1
10214,1
10215,1
10216,1
10217,1
10218,1
10219,1
10220,1
10221,2
10222,1
10223,1
10224,1
10225,1
10226,2
10227,2
10228,1
10229,1
10230,1
10231,1
10232,1
10233,1
10234,2
10235,1
10236,1
10237,1
10238,2
10239,0
10240,1
10241,0
10242,2
10243,0
10244,1
10245,1
10246,0
10247,1
10248,1
10249,1
10250,1
10251,2
10252,1
10253,1
10254,1
10255,0
10256,1
10257,1
10258,0
10259,1
10260,1
10261,1
10262,0
10263,0
10264,1
10265,2
10266,0
10267,1
10268,1
10269,1
10270,1
10271,1
10272,2
10273,1
10274,1
10275,1
10276,1
10277,1
10278,1
10279,1
10280,1
10281,1
10282,1
10283,1
10284,1
10285,1
10286,1
10287,1
10288,1
10289,1
10290,1
10291,2
10292,1
10293,0
10294,1
10295,1
10296,1
10297,2
10298,2
10299,1
10300,1
10301,0
10302,1
10303,1
10304,1
10305,1
10306,2
10307,1
10308,0
10309,2
10310,1
10311,2
10312,1
10313,1
10314,1
10315,2
10316,1
10317,1
10318,1
10319,1
10320,1
10321,1
10322,1
10323,1
10324,1
10325,2
10326,1
10327,1
10328,1
10329,2
10330,1
10331,2
10332,1
10333,1
10334,0
10335,1
10336,1
10337,0
10338,1
10339,2
10340,2
10341,2
10342,1
10343,2
10344,1
10345,1
10346,0
10347,2
10348,1
10349,1
10350,1
10351,1
10352,1
10353,2
10354,2
10355,2
10356,1
10357,1
10358,1
10359,1
10360,1
10361,0
10362,1
10363,2
10364,1
10365,0
10366,0
10367,1
10368,1
10369,1
10370,1
10371,0
10372,1
10373,2
10374,1
10375,1
10376,1
10377,1
10378,2
10379,1
10380,1
10381,1
10382,1
10383,0
10384,1
10385,1
10386,1
10387,2
10388,1
10389,1
10390,1
10391,1
10392,1
10393,1
10394,1
10395,2
10396,2
10397,1
10398,1
10399,1
10400,1
10401,1
10402,1
10403,1
10404,1
10405,1
10406,0
10407,2
10408,1
10409,0
10410,1
10411,1
10412,1
10413,1
10414,1
10415,2
10416,2
10417,0
10418,2
10419,2
10420,1
10421,1
10422,1
10423,1
10424,1
10425,0
10426,1
10427,2
10428,1
10429,1
10430,1
10431,0
10432,2
10433,1
10434,2
10435,1
10436,1
10437,1
10438,1
10439,1
10440,1
10441,0
10442,1
10443,0
10444,1
10445,2
10446,1
10447,1
10448,2
10449,1
10450,1
10451,1
10452,1
10453,0
10454,2
10455,2
10456,1
10457,1
10458,0
10459,1
10460,1
10461,2
10462,1
10463,0
10464,1
10465,1
10466,1
10467,1
10468,1
10469,1
10470,1
10471,2
10472,1
10473,1
10474,2
10475,2
10476,1
10477,1
10478,1
10479,2
10480,1
10481,1
10482,0
10483,1
10484,0
10485,0
10486,1
10487,0
10488,1
10489,1
10490,0
10491,1
10492,1
10493,1
10494,1
10495,1
10496,1
10497,1
10498,1
10499,0
10500,1
10501,2
10502,1
10503,1
10504,1
10505,1
10506,2
10507,2
10508,1
10509,1
10510,1
10511,2
10512,2
10513,0
10514,2
10515,1
10516,1
10517,2
10518,1
10519,1
10520,2
10521,1
10522,2
10523,1
10524,2
10525,0
10526,1
10527,2
10528,1
10529,1
10530,2
10531,1
10532,1
10533,1
10534,2
10535,1
10536,0
10537,1
10538,1
10539,1
10540,1
10541,1
10542,0
10543,1
10544,1
10545,1
10546,0
10547,1
10548,1
10549,1
10550,1
10551,2
10552,1
10553,1
10554,2
10555,1
10556,1
10557,1
10558,2
10559,1
10560,1
10561,1
10562,2
10563,1
10564,1
10565,1
10566,1
10567,2
10568,2
10569,2
10570,1
10571,2
10572,1
10573,1
10574,1
10575,1
10576,0
10577,1
10578,1
10579,1
10580,1
10581,1
10582,1
10583,1
10584,1
10585,2
10586,2
10587,1
10588,1
10589,2
10590,1
10591,0
10592,1
10593,1
10594,1
10595,1
10596,2
10597,1
10598,1
10599,1
10600,2
10601,1
10602,1
10603,2
10604,2
10605,1
10606,0
10607,1
10608,1
10609,1
10610,1
10611,1
10612,1
10613,2
10614,1
10615,2
10616,1
10617,1
10618,1
10619,1
10620,2
10621,2
10622,1
10623,1
10624,2
10625,1
10626,1
10627,0
10628,1
10629,2
10630,1
10631,1
10632,1
10633,1
10634,1
10635,0
10636,1
10637,1
10638,1
10639,0
10640,1
10641,0
10642,0
10643,2
10644,2
10645,1
10646,1
10647,2
10648,2
10649,0
10650,1
10651,1
10652,1
10653,1
10654,1
10655,1
10656,2
10657,0
10658,1
10659,1
10660,2
10661,2
10662,0
10663,1
10664,1
10665,0
10666,2
10667,1
10668,2
10669,1
10670,2
10671,1
10672,1
10673,1
10674,2
10675,1
10676,1
10677,1
10678,1
10679,1
10680,1
10681,1
10682,1
10683,1
10684,1
10685,2
10686,1
10687,1
10688,1
10689,0
10690,0
10691,0
10692,1
10693,1
10694,1
10695,1
10696,1
10697,1
10698,1
10699,1
10700,1
10701,2
10702,1
10703,1
10704,1
10705,2
10706,1
10707,1
10708,2
10709,2
10710,1
10711,2
10712,2
10713,1
10714,2
10715,1
10716,1
10717,0
10718,0
10719,2
10720,1
10721,1
10722,1
10723,1
10724,1
10725,0
10726,1
10727,1
10728,1
10729,2
10730,1
10731,1
10732,1
10733,1
10734,1
10735,1
10736,1
10737,1
10738,1
10739,2
10740,1
10741,2
10742,0
10743,1
10744,1
10745,1
10746,2
10747,1
10748,1
10749,1
10750,2
10751,1
10752,2
10753,1
10754,1
10755,1
10756,1
10757,1
10758,2
10759,2
10760,1
10761,1
10762,1
10763,2
10764,0
10765,1
10766,0
10767,2
10768,2
10769,1
10770,1
10771,1
10772,1
10773,1
10774,1
10775,1
10776,1
10777,1
10778,1
10779,1
10780,1
10781,1
10782,1
10783,1
10784,2
10785,0
10786,1
10787,2
10788,1
10789,0
10790,1
10791,1
10792,1
10793,2
10794,0
10795,1
10796,2
10797,1
10798,1
10799,1
10800,2
10801,1
10802,0
10803,1
10804,1
10805,2
10806,1
10807,1
10808,2
10809,1
10810,2
10811,1
10812,1
10813,1
10814,1
10815,1
10816,1
10817,1
10818,1
10819,2
10820,1
10821,2
10822,1
10823,0
10824,1
10825,1
10826,1
10827,1
10828,1
10829,1
10830,1
10831,2
10832,0
10833,0
10834,2
10835,1
10836,1
10837,1
10838,1
10839,2
10840,1
10841,1
10842,2
10843,1
10844,1
10845,1
10846,1
10847,2
10848,2
10849,1
10850,1
10851,1
10852,0
10853,2
10854,1
10855,1
10856,2
10857,0
10858,1
10859,1
10860,1
10861,1
10862,1
10863,1
10864,1
10865,0
10866,1
10867,1
10868,1
10869,1
10870,2
10871,2
10872,1
10873,1
10874,1
10875,1
10876,1
10877,1
10878,1
10879,0
10880,1
10881,1
10882,1
10883,2
10884,1
10885,1
10886,2
10887,1
10888,1
10889,2
10890,1
10891,1
10892,1
10893,0
10894,1
10895,1
10896,1
10897,1
10898,1
10899,1
10900,2
10901,1
10902,1
10903,2
10904,1
10905,2
10906,2
10907,2
10908,1
10909,1
10910,1
10911,2
10912,1
10913,1
10914,1
10915,1
10916,1
10917,1
10918,0
10919,1
10920,1
10921,0
10922,2
10923,1
10924,2
10925,0
10926,0
10927,1
10928,1
10929,1
10930,1
10931,1
10932,1
10933,1
10934,1
10935,2
10936,1
10937,1
10938,1
10939,1
10940,1
10941,2
10942,2
10943,2
10944,2
10945,2
10946,0
10947,2
10948,2
10949,1
10950,2
10951,1
10952,1
10953,1
10954,1
10955,2
10956,0
10957,0
10958,1
10959,1
10960,0
10961,1
10962,1
10963,1
10964,1
10965,1
10966,1
10967,1
10968,2
10969,1
10970,0
10971,1
10972,2
10973,1
10974,1
10975,1
10976,1
10977,1
10978,1
10979,1
10980,1
10981,1
10982,2
10983,0
10984,1
10985,2
10986,2
10987,1
10988,2
10989,1
10990,1
10991,1
10992,1
10993,1
10994,1
10995,1
10996,1
10997,1
10998,2
10999,1
11000,1
11001,1
11002,1
11003,1
11004,1
11005,2
11006,0
11007,0
11008,1
11009,0
11010,1
11011,0
11012,1
11013,1
11014,2
11015,2
11016,2
11017,1
11018,0
11019,1
11020,1
11021,1
11022,1
11023,1
11024,2
11025,1
11026,1
11027,1
11028,1
11029,1
11030,1
11031,2
11032,1
11033,1
11034,2
11035,2
11036,1
11037,0
11038,1
11039,2
11040,1
11041,2
11042,1
11043,2
11044,1
11045,0
11046,2
11047,1
11048,1
11049,1
11050,1
11051,2
11052,1
11053,1
11054,0
11055,1
11056,1
11057,1
11058,0
11059,1
11060,1
11061,1
11062,1
11063,1
11064,2
11065,1
11066,1
11067,1
11068,1
11069,1
11070,1
11071,0
11072,1
11073,0
11074,2
11075,1
11076,1
11077,1
11078,2
11079,1
11080,1
11081,2
11082,2
11083,1
11084,1
11085,0
11086,2
11087,1
11088,1
11089,1
11090,2
11091,1
11092,1
11093,1
11094,1
11095,1
11096,2
11097,0
11098,1
11099,2
11100,1
11101,2
11102,1
11103,1
11104,1
11105,2
11106,1
11107,1
11108,2
11109,2
11110,1
11111,1
11112,1
11113,1
11114,1
11115,2
11116,1
11117,1
11118,1
11119,1
11120,0
11121,0
11122,1
11123,1
11124,1
11125,1
11126,2
11127,1
11128,1
11129,1
11130,1
11131,2
11132,2
11133,1
11134,1
11135,0
11136,1
11137,1
11138,2
11139,1
11140,1
11141,2
11142,1
11143,2
11144,2
11145,1
11146,0
11147,1
11148,2
11149,1
11150,1
11151,1
11152,2
11153,1
11154,2
11155,1
11156,1
11157,1
11158,0
11159,1
11160,1
11161,1
11162,2
11163,1
11164,1
11165,1
11166,1
11167,1
11168,1
11169,0
11170,1
11171,2
11172,1
11173,0
11174,1
11175,1
11176,1
11177,1
11178,0
11179,1
11180,1
11181,1
11182,1
11183,1
11184,1
11185,2
11186,2
11187,0
11188,1
11189,1
11190,1
11191,1
11192,1
11193,2
11194,2
11195,1
11196,0
11197,1
11198,1
11199,1
11200,1
11201,1
11202,1
11203,2
11204,2
11205,1
11206,1
11207,1
11208,1
11209,1
11210,2
11211,2
11212,1
11213,2
11214,1
11215,1
11216,0
11217,1
11218,2
11219,1
11220,1
11221,1
11222,1
11223,1
11224,1
11225,1
11226,1
11227,1
11228,1
11229,0
11230,1
11231,1
11232,1
11233,0
11234,1
11235,1
11236,1
11237,0
11238,1
11239,1
11240,2
11241,1
11242,1
11243,1
11244,2
11245,1
11246,2
11247,1
11248,1
11249,2
11250,1
11251,2
11252,1
11253,1
11254,1
11255,1
11256,0
11257,1
11258,2
11259,1
11260,1
11261,1
11262,1
11263,1
11264,1
11265,2
11266,1
11267,1
11268,1
11269,1
11270,1
11271,2
11272,1
11273,1
11274,1
11275,1
11276,1
11277,0
11278,0
11279,1
11280,2
11281,1
11282,1
11283,1
11284,1
11285,2
11286,1
11287,2
11288,1
11289,0
11290,1
11291,1
11292,1
11293,0
11294,1
11295,0
11296,1
11297,1
11298,1
11299,0
11300,1
11301,1
11302,1
11303,2
11304,1
11305,2
11306,1
11307,2
11308,0
11309,2
11310,1
11311,1
11312,1
11313,1
11314,2
11315,1
11316,1
11317,1
11318,2
11319,1
11320,1
11321,1
11322,1
11323,1
11324,1
11325,2
11326,1
11327,1
11328,2
11329,0
11330,2
11331,1
11332,2
11333,1
11334,1
11335,1
11336,2
11337,1
11338,2
11339,1
11340,2
11341,2
11342,1
11343,1
11344,2
11345,0
11346,0
11347,1
11348,2
11349,1
11350,1
11351,1
11352,1
11353,2
11354,1
11355,1
11356,2
11357,2
11358,2
11359,1
11360,2
11361,2
11362,0
11363,1
11364,1
11365,1
11366,1
11367,1
11368,1
11369,1
11370,1
11371,1
11372,1
11373,1
11374,0
11375,1
11376,1
11377,2
11378,2
11379,1
11380,1
11381,1
11382,1
11383,1
11384,1
11385,1
11386,1
11387,0
11388,1
11389,1
11390,2
11391,1
11392,1
11393,1
11394,1
11395,1
11396,1
11397,1
11398,1
11399,2
11400,1
11401,1
11402,2
11403,1
11404,1
11405,1
11406,0
11407,1
11408,1
11409,2
11410,1
11411,0
11412,1
11413,1
11414,0
11415,0
11416,1
11417,0
11418,2
11419,1
11420,2
11421,1
11422,1
11423,2
11424,1
11425,1
11426,1
11427,1
11428,1
11429,2
11430,2
11431,1
11432,1
11433,1
11434,1
11435,0
11436,1
11437,1
11438,1
11439,1
11440,1
11441,1
11442,0
11443,1
11444,0
11445,1
11446,2
11447,1
11448,1
11449,1
11450,0
11451,1
11452,1
11453,1
11454,1
11455,1
11456,1
11457,1
11458,1
11459,1
11460,2
11461,1
11462,2
11463,0
11464,1
11465,1
11466,1
11467,2
11468,1
11469,1
11470,1
11471,1
11472,2
11473,1
11474,1
11475,1
11476,1
11477,1
11478,1
11479,2
11480,1
11481,1
11482,2
11483,1
11484,2
11485,1
11486,1
11487,1
11488,0
11489,2
11490,1
11491,1
11492,0
11493,1
11494,0
11495,1
11496,1
11497,1
11498,1
11499,2
11500,1
11501,1
11502,2
11503,1
11504,1
11505,1
11506,1
11507,1
11508,1
11509,1
11510,1
11511,2
11512,1
11513,2
11514,1
11515,1
11516,0
11517,1
11518,1
11519,1
11520,0
11521,1
11522,0
11523,1
11524,0
11525,1
11526,1
11527,1
11528,2
11529,0
11530,1
11531,0
11532,1
11533,2
11534,1
11535,1
11536,1
11537,1
11538,2
11539,2
11540,1
11541,2
11542,1
11543,1
11544,1
11545,1
11546,1
11547,1
11548,1
11549,1
11550,1
11551,1
11552,1
11553,1
11554,1
11555,1
11556,1
11557,2
11558,2
11559,0
11560,1
11561,1
11562,1
11563,1
11564,1
11565,1
11566,1
11567,1
11568,0
11569,1
11570,2
11571,0
11572,1
11573,1
11574,1
11575,2
11576,0
11577,1
11578,1
11579,2
11580,2
11581,1
11582,0
11583,1
11584,1
11585,2
11586,1
11587,1
11588,1
11589,1
11590,2
11591,0
11592,1
11593,1
11594,1
11595,2
11596,0
11597,2
11598,1
11599,1
11600,0
11601,1
11602,1
11603,1
11604,1
11605,1
11606,1
11607,0
11608,2
11609,1
11610,1
11611,1
11612,1
11613,1
11614,1
11615,0
11616,1
11617,1
11618,1
11619,1
11620,1
11621,1
11622,2
11623,1
11624,0
11625,1
11626,0
11627,1
11628,1
11629,1
11630,1
11631,1
11632,1
11633,1
11634,1
11635,1
11636,1
11637,1
11638,2
11639,1
11640,1
11641,1
11642,1
11643,2
11644,1
11645,1
11646,1
11647,1
11648,1
11649,1
11650,2
11651,0
11652,1
11653,1
11654,1
11655,1
11656,1
11657,1
11658,1
11659,2
11660,2
11661,0
11662,1
11663,1
11664,1
11665,0
11666,2
11667,1
11668,1
11669,2
11670,2
11671,1
11672,1
11673,2
11674,0
11675,1
11676,1
11677,1
11678,1
11679,0
11680,0
11681,2
11682,1
11683,2
11684,1
11685,0
11686,1
11687,0
11688,1
11689,1
11690,2
11691,1
11692,1
11693,0
11694,1
11695,2
11696,1
11697,1
11698,1
11699,1
11700,0
11701,1
11702,2
11703,1
11704,1
11705,0
11706,1
11707,1
11708,1
11709,1
11710,1
11711,1
11712,2
11713,1
11714,1
11715,1
11716,1
11717,1
11718,1
11719,2
11720,2
11721,1
11722,1
11723,1
11724,0
11725,1
11726,1
11727,2
11728,2
11729,1
11730,1
11731,1
11732,0
11733,1
11734,1
11735,1
11736,1
11737,1
11738,1
11739,1
11740,2
11741,2
11742,1
11743,1
11744,1
11745,2
11746,1
11747,2
11748,1
11749,0
11750,1
11751,1
11752,2
11753,1
11754,1
11755,1
11756,2
11757,1
11758,2
11759,2
11760,1
11761,2
11762,2
11763,1
11764,1
11765,1
11766,1
11767,1
11768,1
11769,1
11770,2
11771,1
11772,1
11773,1
11774,1
11775,1
11776,2
11777,1
11778,1
11779,1
11780,2
11781,2
11782,1
11783,0
11784,1
11785,2
11786,1
11787,1
11788,1
11789,1
11790,2
11791,1
11792,1
11793,1
11794,2
11795,1
11796,1
11797,1
11798,1
11799,1
11800,1
11801,0
11802,1
11803,1
11804,1
11805,1
11806,0
11807,1
11808,1
11809,1
11810,1
11811,1
11812,1
11813,1
11814,2
11815,0
11816,2
11817,2
11818,1
11819,1
11820,2
11821,1
11822,1
11823,0
11824,1
11825,2
11826,1
11827,0
11828,1
11829,1
11830,1
11831,2
11832,1
11833,1
11834,1
11835,2
11836,2
11837,2
11838,1
11839,1
11840,1
11841,2
11842,2
11843,1
11844,1
11845,1
11846,1
11847,1
11848,1
11849,0
11850,1
11851,1
11852,0
11853,2
11854,1
11855,1
11856,2
11857,0
11858,2
11859,2
11860,0
11861,2
11862,1
11863,1
11864,1
11865,1
11866,1
11867,1
11868,0
11869,2
11870,1
11871,1
11872,1
11873,2
11874,2
11875,1
11876,2
11877,1
11878,1
11879,1
11880,0
11881,1
11882,2
11883,2
11884,1
11885,2
11886,2
11887,2
11888,1
11889,0
11890,1
11891,1
11892,1
11893,1
11894,1
11895,1
11896,1
11897,1
11898,1
11899,1
11900,1
11901,2
11902,2
11903,1
11904,2
11905,1
11906,2
11907,1
11908,2
11909,1
11910,1
11911,1
11912,1
11913,1
11914,1
11915,0
11916,1
11917,1
11918,1
11919,1
11920,2
11921,1
11922,0
11923,1
11924,2
11925,1
11926,1
11927,1
11928,2
11929,1
11930,0
11931,1
11932,1
11933,1
11934,2
11935,1
11936,2
11937,2
11938,0
11939,0
11940,1
11941,1
11942,1
11943,0
11944,1
11945,1
11946,2
11947,1
11948,2
11949,1
11950,1
11951,0
11952,2
11953,1
11954,1
11955,1
11956,1
11957,1
11958,1
11959,0
11960,1
11961,1
11962,1
11963,2
11964,1
11965,1
11966,2
11967,2
11968,1
11969,1
11970,1
11971,1
11972,1
11973,1
11974,2
11975,1
11976,1
11977,1
11978,1
11979,0
11980,2
11981,1
11982,0
11983,1
11984,1
11985,2
11986,1
11987,1
11988,1
11989,1
11990,1
11991,1
11992,1
11993,1
11994,1
11995,1
11996,2
11997,1
11998,1
11999,1
12000,1
12001,2
12002,0
12003,1
12004,0
12005,1
12006,1
12007,2
12008,1
12009,1
12010,1
12011,2
12012,1
12013,0
12014,1
12015,1
12016,0
12017,1
12018,0
12019,1
12020,1
12021,1
12022,1
12023,1
12024,1
12025,2
12026,2
12027,0
12028,0
12029,0
12030,2
12031,1
12032,1
12033,1
12034,1
12035,1
12036,1
12037,1
12038,1
12039,2
12040,1
12041,1
12042,1
12043,1
12044,1
12045,1
12046,1
12047,0
12048,2
12049,0
12050,1
12051,1
12052,1
12053,1
12054,1
12055,1
12056,1
12057,1
12058,0
12059,1
12060,1
12061,2
12062,1
12063,1
12064,1
12065,1
12066,2
12067,1
12068,1
12069,1
12070,2
12071,1
12072,1
12073,1
12074,2
12075,1
12076,1
12077,1
12078,1
12079,2
12080,1
12081,1
12082,2
12083,1
12084,2
12085,1
12086,1
12087,1
12088,1
12089,1
12090,1
12091,2
12092,1
12093,1
12094,1
12095,1
12096,2
12097,1
12098,2
12099,1
12100,1
12101,0
12102,1
12103,1
12104,2
12105,0
12106,2
12107,1
12108,1
12109,0
12110,2
12111,1
12112,2
12113,1
12114,1
12115,2
12116,1
12117,1
12118,1
12119,1
12120,1
12121,1
12122,1
12123,1
12124,2
12125,1
12126,1
12127,1
12128,2
12129,2
12130,2
12131,1
12132,2
12133,1
12134,1
12135,1
12136,0
12137,0
12138,2
12139,2
12140,2
12141,2
12142,0
12143,2
12144,1
12145,0
12146,2
12147,2
12148,0
12149,2
12150,2
12151,1
12152,1
12153,1
12154,2
12155,2
12156,1
12157,1
12158,1
12159,1
12160,2
12161,1
12162,1
12163,1
12164,0
12165,1
12166,0
12167,1
12168,1
12169,1
12170,2
12171,1
12172,1
12173,2
12174,1
12175,1
12176,2
12177,2
12178,1
12179,2
12180,1
12181,0
12182,2
12183,2
12184,0
12185,1
12186,1
12187,1
12188,0
12189,0
12190,2
12191,1
12192,1
12193,1
12194,1
12195,1
12196,1
12197,2
12198,1
12199,1
12200,0
12201,1
12202,0
12203,2
12204,1
12205,1
12206,1
12207,1
12208,1
12209,1
12210,1
12211,2
12212,0
12213,1
12214,1
12215,1
12216,1
12217,0
12218,1
12219,1
12220,1
12221,2
12222,1
12223,1
12224,2
12225,0
12226,1
12227,1
12228,1
12229,2
12230,1
12231,1
12232,1
12233,1
12234,0
12235,2
12236,1
12237,1
12238,1
12239,0
12240,1
12241,0
12242,1
12243,1
12244,1
12245,1
12246,1
12247,2
12248,2
12249,1
12250,1
12251,1
12252,1
12253,2
12254,2
12255,1
12256,1
12257,1
12258,0
12259,1
12260,2
12261,2
12262,1
12263,1
12264,1
12265,1
12266,0
12267,1
12268,1
12269,1
12270,2
12271,2
12272,0
12273,1
12274,1
12275,1
12276,1
12277,1
12278,0
12279,0
12280,1
12281,1
12282,1
12283,1
12284,1
12285,2
12286,1
12287,1
12288,1
12289,2
12290,1
12291,0
12292,1
12293,0
12294,1
12295,1
12296,1
12297,1
12298,1
12299,2
12300,2
12301,1
12302,1
12303,1
12304,0
12305,1
12306,1
12307,1
12308,2
12309,2
12310,1
12311,1
12312,2
12313,1
12314,1
12315,2
12316,1
12317,1
12318,1
12319,1
12320,1
12321,1
12322,1
12323,2
12324,1
12325,1
12326,1
12327,1
12328,1
12329,1
12330,1
12331,1
12332,1
12333,1
12334,2
12335,1
12336,2
12337,1
12338,1
12339,2
12340,0
12341,0
12342,1
12343,1
12344,2
12345,1
12346,1
12347,1
12348,1
12349,1
12350,1
12351,1
12352,1
12353,1
12354,1
12355,2
12356,1
12357,1
12358,1
12359,1
12360,1
12361,2
12362,1
12363,1
12364,1
12365,1
12366,1
12367,2
12368,0
12369,1
12370,2
12371,1
12372,2
12373,0
12374,2
12375,1
12376,1
12377,1
12378,1
12379,1
12380,1
12381,1
12382,2
12383,1
12384,1
12385,0
12386,1
12387,1
12388,2
12389,1
12390,1
12391,2
12392,1
12393,1
12394,1
12395,1
12396,1
12397,1
12398,1
12399,2
12400,2
12401,1
12402,1
12403,1
12404,1
12405,1
12406,1
12407,1
12408,1
12409,2
12410,1
12411,1
12412,1
12413,1
12414,1
12415,1
12416,0
12417,1
12418,1
12419,1
12420,1
12421,1
12422,2
12423,0
12424,2
12425,2
12426,2
12427,2
12428,1
12429,1
12430,1
12431,1
12432,1
12433,1
12434,1
12435,1
12436,1
12437,0
12438,0
12439,1
12440,1
12441,1
12442,1
12443,0
12444,1
12445,2
12446,1
12447,1
12448,1
12449,2
12450,1
12451,1
12452,1
12453,1
12454,1
12455,1
12456,1
12457,0
12458,2
12459,0
12460,1
12461,1
12462,1
12463,1
12464,1
12465,1
12466,2
12467,1
12468,2
12469,1
12470,1
12471,1
12472,1
12473,1
12474,1
12475,2
12476,1
12477,1
12478,1
12479,1
12480,1
12481,0
12482,1
12483,0
12484,1
12485,0
12486,1
12487,1
12488,1
12489,1
12490,1
12491,1
12492,1
12493,1
12494,0
12495,1
12496,1
12497,2
12498,1
12499,1
12500,1
12501,1
12502,1
12503,0
12504,0
12505,1
12506,1
12507,1
12508,1
12509,2
12510,1
12511,1
12512,1
12513,1
12514,1
12515,1
12516,1
12517,0
12518,0
12519,1
12520,0
12521,1
12522,2
12523,1
12524,1
12525,1
12526,2
12527,1
12528,2
12529,2
12530,1
12531,1
12532,1
12533,1
12534,1
12535,2
12536,1
12537,2
12538,0
12539,1
12540,1
12541,1
12542,2
12543,1
12544,1
12545,1
12546,1
12547,2
12548,1
12549,1
12550,2
12551,1
12552,1
12553,1
12554,2
12555,1
12556,1
12557,1
12558,1
12559,1
12560,1
12561,1
12562,1
12563,1
12564,1
12565,2
12566,1
12567,1
12568,1
12569,1
12570,1
12571,0
12572,1
12573,2
12574,1
12575,1
12576,1
12577,1
12578,1
12579,0
12580,1
12581,2
12582,1
12583,1
12584,1
12585,2
12586,0
12587,1
12588,2
12589,2
12590,1
12591,1
12592,1
12593,1
12594,0
12595,1
12596,2
12597,1
12598,1
12599,1
12600,1
12601,1
12602,0
12603,1
12604,2
12605,2
12606,2
12607,1
12608,2
12609,1
12610,1
12611,2
12612,2
12613,2
12614,0
12615,1
12616,1
12617,1
12618,1
12619,2
12620,1
12621,1
12622,1
12623,0
12624,1
12625,2
12626,1
12627,1
12628,1
12629,1
12630,0
12631,0
12632,1
12633,1
12634,2
12635,1
12636,2
12637,0
12638,1
12639,2
12640,1
12641,2
12642,2
12643,0
12644,1
12645,1
12646,1
12647,1
12648,1
12649,2
12650,1
12651,1
12652,1
12653,1
12654,2
12655,1
12656,1
12657,0
12658,1
12659,1
12660,1
12661,0
12662,2
12663,1
12664,1
12665,2
12666,1
12667,1
12668,1
12669,1
12670,1
12671,1
12672,1
12673,0
12674,1
12675,0
12676,1
12677,1
12678,2
12679,0
12680,2
12681,0
12682,2
12683,2
12684,1
12685,2
12686,2
12687,1
12688,0
12689,1
12690,1
12691,2
12692,1
12693,1
12694,1
12695,0
12696,1
12697,2
12698,1
12699,1
12700,1
12701,1
12702,2
12703,1
12704,1
12705,1
12706,0
12707,2
12708,0
12709,1
12710,1
12711,1
12712,1
12713,1
12714,1
12715,1
12716,0
12717,1
12718,1
12719,1
12720,1
12721,1
12722,1
12723,2
12724,1
12725,1
12726,1
12727,1
12728,1
12729,1
12730,2
12731,1
12732,2
12733,1
12734,1
12735,1
12736,1
12737,1
12738,1
12739,2
12740,1
12741,1
12742,1
12743,1
12744,0
12745,1
12746,2
12747,1
12748,1
12749,2
12750,1
12751,1
12752,1
12753,0
12754,1
12755,1
12756,2
12757,1
12758,1
12759,1
12760,2
12761,1
12762,0
12763,1
12764,2
12765,0
12766,1
12767,1
12768,1
12769,1
12770,2
12771,2
12772,0
12773,0
12774,1
12775,1
12776,0
12777,2
12778,2
12779,2
12780,1
12781,0
12782,2
12783,1
12784,1
12785,1
12786,1
12787,1
12788,2
12789,1
12790,1
12791,1
12792,1
12793,1
12794,1
12795,1
12796,2
12797,1
12798,1
12799,1
12800,0
12801,1
12802,1
12803,2
12804,2
12805,2
12806,1
12807,0
12808,2
12809,1
12810,1
12811,1
12812,1
12813,1
12814,1
12815,1
12816,2
12817,1
12818,0
12819,1
12820,1
12821,1
12822,1
12823,1
12824,1
12825,2
12826,1
12827,1
12828,1
12829,1
12830,1
12831,1
12832,1
12833,0
12834,1
12835,1
12836,2
12837,1
12838,2
12839,1
12840,1
12841,2
12842,2
12843,1
12844,1
12845,1
12846,2
12847,1
12848,2
12849,1
12850,1
12851,1
12852,1
12853,1
12854,2
12855,0
12856,2
12857,1
12858,1
12859,1
12860,1
12861,1
12862,2
12863,1
12864,1
12865,1
12866,2
12867,1
12868,1
12869,2
12870,1
12871,1
12872,1
12873,0
12874,2
12875,1
12876,0
12877,0
12878,1
12879,1
12880,2
12881,0
12882,1
12883,1
12884,1
12885,1
12886,1
12887,1
12888,2
12889,1
12890,2
12891,1
12892,1
12893,1
12894,1
12895,1
12896,0
12897,1
12898,1
12899,1
12900,1
12901,1
12902,1
12903,0
12904,1
12905,1
12906,1
12907,1
12908,1
12909,0
12910,1
12911,1
12912,2
12913,1
12914,1
12915,2
12916,2
12917,1
12918,1
12919,1
12920,0
12921,1
12922,1
12923,1
12924,1
12925,1
12926,1
12927,1
12928,1
12929,1
12930,2
12931,2
12932,0
12933,2
12934,0
12935,1
12936,1
12937,1
12938,1
12939,1
12940,1
12941,1
12942,2
12943,0
12944,1
12945,1
12946,1
12947,2
12948,1
12949,1
12950,1
12951,1
12952,1
12953,1
12954,1
12955,2
12956,1
12957,1
12958,1
12959,1
12960,1
12961,1
12962,1
12963,1
12964,2
12965,2
12966,1
12967,1
12968,1
12969,1
12970,1
12971,1
12972,1
12973,1
12974,1
12975,1
12976,1
12977,1
12978,1
12979,1
12980,2
12981,2
12982,1
12983,1
12984,1
12985,1
12986,1
12987,1
12988,1
12989,0
12990,1
12991,1
12992,2
12993,1
12994,1
12995,2
12996,1
12997,1
12998,1
12999,2
13000,1
13001,1
13002,0
13003,1
13004,1
13005,1
13006,1
13007,2
13008,1
13009,1
13010,1
13011,1
13012,1
13013,2
13014,1
13015,0
13016,1
13017,0
13018,1
13019,1
13020,1
13021,2
13022,1
13023,0
13024,1
13025,2
13026,2
13027,2
13028,2
13029,1
13030,1
13031,1
13032,1
13033,1
13034,1
13035,0
13036,2
13037,1
13038,1
13039,1
13040,0
13041,1
13042,1
13043,2
13044,1
13045,1
13046,2
13047,1
13048,1
13049,1
13050,1
13051,1
13052,1
13053,2
13054,1
13055,1
13056,1
13057,1
13058,0
13059,1
13060,0
13061,1
13062,1
13063,2
13064,1
13065,1
13066,1
13067,1
13068,0
13069,2
13070,0
13071,2
13072,2
13073,1
13074,1
13075,2
13076,2
13077,1
13078,1
13079,1
13080,1
13081,2
13082,1
13083,1
13084,1
13085,2
13086,1
13087,2
13088,2
13089,1
13090,1
13091,2
13092,1
13093,2
13094,1
13095,1
13096,0
13097,1
13098,1
13099,2
13100,2
13101,1
13102,0
13103,1
13104,1
13105,2
13106,0
13107,1
13108,1
13109,1
13110,1
13111,2
13112,1
13113,0
13114,1
13115,2
13116,1
13117,0
13118,1
13119,1
13120,2
13121,1
13122,1
13123,1
13124,1
13125,0
13126,2
13127,1
13128,1
13129,1
13130,1
13131,1
13132,1
13133,1
13134,0
13135,1
13136,1
13137,1
13138,2
13139,1
13140,0
13141,2
13142,0
13143,0
13144,2
13145,1
13146,2
13147,0
13148,2
13149,0
13150,2
13151,0
13152,2
13153,0
13154,1
13155,1
13156,1
13157,1
13158,0
13159,1
13160,1
13161,1
13162,1
13163,2
13164,1
13165,1
13166,1
13167,2
13168,2
13169,1
13170,2
13171,1
13172,2
13173,0
13174,1
13175,2
13176,2
13177,1
13178,1
13179,1
13180,1
13181,1
13182,1
13183,0
13184,1
13185,1
13186,2
13187,1
13188,2
13189,1
13190,1
13191,1
13192,1
13193,1
13194,1
13195,1
13196,2
13197,1
13198,2
13199,0
13200,0
13201,1
13202,1
13203,1
13204,1
13205,1
13206,1
13207,2
13208,2
13209,1
13210,1
13211,2
13212,1
13213,1
13214,1
13215,1
13216,1
13217,1
13218,1
13219,1
13220,0
13221,1
13222,1
13223,1
13224,0
13225,1
13226,1
13227,0
13228,2
13229,1
13230,1
13231,0
13232,1
13233,1
13234,1
13235,1
13236,2
13237,1
13238,1
13239,1
13240,1
13241,0
13242,0
13243,1
13244,1
13245,0
13246,1
13247,1
13248,1
13249,1
13250,1
13251,2
13252,1
13253,2
13254,1
13255,1
13256,1
13257,1
13258,2
13259,2
13260,1
13261,0
13262,1
13263,1
13264,1
13265,1
13266,0
13267,0
13268,1
13269,0
13270,2
13271,1
13272,1
13273,1
13274,1
13275,1
13276,1
13277,1
13278,1
13279,2
13280,1
13281,1
13282,1
13283,1
13284,1
13285,1
13286,1
13287,0
13288,0
13289,1
13290,0
13291,1
13292,1
13293,1
13294,0
13295,1
13296,1
13297,1
13298,2
13299,1
13300,2
13301,1
13302,1
13303,2
13304,1
13305,0
13306,1
13307,2
13308,1
13309,1
13310,2
13311,1
13312,1
13313,2
13314,2
13315,2
13316,2
13317,2
13318,1
13319,1
13320,1
13321,1
13322,1
13323,1
13324,1
13325,1
13326,1
13327,1
13328,1
13329,0
13330,1
13331,1
13332,2
13333,1
13334,1
13335,1
13336,1
13337,2
13338,1
13339,1
13340,0
13341,1
13342,1
13343,2
13344,1
13345,1
13346,1
13347,1
13348,1
13349,1
13350,2
13351,2
13352,2
13353,1
13354,1
13355,1
13356,2
13357,1
13358,0
13359,1
13360,1
13361,2
13362,1
13363,1
13364,1
13365,0
13366,1
13367,0
13368,1
13369,0
13370,1
13371,1
13372,1
13373,1
13374,1
13375,0
13376,2
13377,1
13378,2
13379,0
13380,1
13381,2
13382,1
13383,2
13384,1
13385,2
13386,1
13387,0
13388,1
13389,1
13390,1
13391,1
13392,1
13393,1
13394,1
13395,2
13396,2
13397,2
13398,2
13399,1
13400,1
13401,1
13402,2
13403,1
13404,1
13405,2
13406,2
13407,1
13408,0
13409,2
13410,1
13411,1
13412,1
13413,1
13414,1
13415,1
13416,1
13417,2
13418,1
13419,1
13420,0
13421,1
13422,1
13423,1
13424,1
13425,1
13426,1
13427,1
13428,2
13429,2
13430,1
13431,2
13432,1
13433,2
13434,1
13435,1
13436,1
13437,2
13438,1
13439,2
13440,0
13441,2
13442,1
13443,1
13444,1
13445,2
13446,1
13447,1
13448,2
13449,1
13450,1
13451,0
13452,1
13453,1
13454,1
13455,1
13456,1
13457,1
13458,1
13459,2
13460,1
13461,2
13462,2
13463,0
13464,1
13465,1
13466,1
13467,1
13468,2
13469,2
13470,1
13471,2
13472,1
13473,0
13474,0
13475,1
13476,2
13477,1
13478,1
13479,2
13480,0
13481,1
13482,2
13483,0
13484,2
13485,1
13486,1
13487,2
13488,1
13489,1
13490,1
13491,0
13492,1
13493,1
13494,2
13495,2
13496,1
13497,0
13498,1
13499,1
13500,1
13501,1
13502,1
13503,1
13504,1
13505,1
13506,1
13507,0
13508,1
13509,1
13510,0
13511,1
13512,0
13513,1
13514,1
13515,2
13516,1
13517,1
13518,1
13519,1
13520,1
13521,1
13522,2
13523,1
13524,1
13525,1
13526,1
13527,1
13528,1
13529,1
13530,1
13531,1
13532,1
13533,2
13534,1
13535,0
13536,1
13537,1
13538,1
13539,1
13540,1
13541,1
13542,0
13543,1
13544,2
13545,1
13546,1
13547,0
13548,2
13549,1
13550,1
13551,1
13552,1
13553,1
13554,1
13555,0
13556,1
13557,1
13558,1
13559,1
13560,1
13561,1
13562,1
13563,1
13564,1
13565,2
13566,1
13567,0
13568,1
13569,1
13570,1
13571,1
13572,1
13573,2
13574,1
13575,1
13576,2
13577,1
13578,2
13579,2
13580,1
13581,1
13582,2
13583,1
13584,0
13585,2
13586,2
13587,0
13588,1
13589,1
13590,1
13591,1
13592,2
13593,0
13594,1
13595,1
13596,1
13597,1
13598,0
13599,0
13600,1
13601,1
13602,1
13603,1
13604,1
13605,1
13606,1
13607,2
13608,1
13609,0
13610,2
13611,1
13612,1
13613,1
13614,1
13615,1
13616,1
13617,2
13618,1
13619,1
13620,0
13621,1
13622,1
13623,1
13624,2
13625,1
13626,2
13627,0
13628,2
13629,1
13630,1
13631,0
13632,1
13633,1
13634,0
13635,1
13636,1
13637,1
13638,1
13639,1
13640,0
13641,1
13642,1
13643,2
13644,2
13645,2
13646,1
13647,1
13648,1
13649,1
13650,1
13651,1
13652,0
13653,2
13654,1
13655,1
13656,2
13657,2
13658,1
13659,2
13660,0
13661,2
13662,1
13663,1
13664,1
13665,2
13666,2
13667,1
13668,1
13669,0
13670,1
13671,0
13672,1
13673,1
13674,0
13675,1
13676,2
13677,1
13678,1
13679,1
13680,2
13681,2
13682,0
13683,2
13684,0
13685,1
13686,2
13687,1
13688,1
13689,1
13690,2
13691,1
13692,1
13693,2
13694,2
13695,1
13696,1
13697,1
13698,1
13699,1
13700,1
13701,1
13702,1
13703,2
13704,2
13705,1
13706,1
13707,1
13708,2
13709,1
13710,1
13711,2
13712,1
13713,1
13714,1
13715,1
13716,2
13717,1
13718,1
13719,0
13720,1
13721,2
13722,0
13723,1
13724,0
13725,2
13726,1
13727,1
13728,1
13729,0
13730,1
13731,1
13732,1
13733,1
13734,1
13735,1
13736,1
13737,1
13738,1
13739,1
13740,1
13741,0
13742,1
13743,1
13744,1
13745,1
13746,1
13747,1
13748,2
13749,1
13750,1
13751,1
13752,2
13753,1
13754,0
13755,2
13756,2
13757,0
13758,0
13759,1
13760,1
13761,0
13762,1
13763,1
13764,1
13765,1
13766,2
13767,1
13768,1
13769,0
13770,2
13771,1
13772,1
13773,2
13774,2
13775,1
13776,0
13777,1
13778,1
13779,1
13780,0
13781,1
13782,1
13783,1
13784,2
13785,2
13786,2
13787,0
13788,1
13789,1
13790,1
13791,0
13792,1
13793,1
13794,1
13795,2
13796,2
13797,2
13798,0
13799,1
13800,1
13801,2
13802,1
13803,1
13804,1
13805,2
13806,2
13807,1
13808,0
13809,2
13810,0
13811,1
13812,2
13813,1
13814,1
13815,1
13816,1
13817,1
13818,1
13819,1
13820,2
13821,1
13822,1
13823,1
13824,2
13825,0
13826,1
13827,2
13828,1
13829,1
13830,1
13831,2
13832,0
13833,1
13834,1
13835,1
13836,1
13837,1
13838,1
13839,1
13840,1
13841,2
13842,1
13843,1
13844,1
13845,1
13846,0
13847,1
13848,1
13849,1
13850,0
13851,1
13852,2
13853,1
13854,1
13855,2
13856,1
13857,1
13858,2
13859,1
13860,1
13861,2
13862,1
13863,1
13864,2
13865,0
13866,1
13867,1
13868,1
13869,2
13870,1
13871,1
13872,2
13873,1
13874,1
13875,1
13876,1
13877,1
13878,1
13879,1
13880,1
13881,1
13882,0
13883,2
13884,1
13885,1
13886,2
13887,2
13888,0
13889,1
13890,1
13891,1
13892,1
13893,1
13894,2
13895,1
13896,1
13897,1
13898,1
13899,1
13900,1
13901,2
13902,2
13903,1
13904,1
13905,0
13906,2
13907,1
13908,1
13909,1
13910,1
13911,2
13912,1
13913,1
13914,1
13915,1
13916,1
13917,1
13918,1
13919,2
13920,1
13921,1
13922,1
13923,1
13924,1
13925,1
13926,1
13927,0
13928,2
13929,0
13930,1
13931,2
13932,1
13933,2
13934,2
13935,1
13936,1
13937,1
13938,2
13939,0
13940,1
13941,1
13942,1
13943,1
13944,0
13945,0
13946,1
13947,1
13948,1
13949,1
13950,0
13951,1
13952,2
13953,2
13954,1
13955,1
13956,1
13957,1
13958,1
13959,1
13960,1
13961,1
13962,1
13963,2
13964,2
13965,1
13966,1
13967,1
13968,2
13969,1
13970,1
13971,1
13972,0
13973,1
13974,1
13975,2
13976,0
13977,1
13978,1
13979,1
13980,1
13981,1
13982,0
13983,2
13984,2
13985,1
13986,1
13987,2
13988,2
13989,0
13990,0
13991,1
13992,2
13993,2
13994,0
13995,2
13996,1
13997,0
13998,2
13999,1
14000,1
14001,1
14002,1
14003,1
14004,1
14005,1
14006,1
14007,2
14008,1
14009,1
14010,1
14011,1
14012,0
14013,1
14014,0
14015,1
14016,0
14017,2
14018,1
14019,2
14020,2
14021,1
14022,1
14023,2
14024,2
14025,2
14026,1
14027,1
14028,1
14029,2
14030,1
14031,1
14032,1
14033,1
14034,2
14035,1
14036,1
14037,1
14038,1
14039,0
14040,0
14041,0
14042,2
14043,1
14044,2
14045,1
14046,1
14047,1
14048,1
14049,1
14050,1
14051,1
14052,2
14053,1
14054,1
14055,1
14056,1
14057,2
14058,2
14059,1
14060,1
14061,1
14062,2
14063,1
14064,0
14065,2
14066,2
14067,1
14068,1
14069,1
14070,1
14071,0
14072,1
14073,2
14074,2
14075,0
14076,2
14077,2
14078,2
14079,1
14080,1
14081,1
14082,0
14083,1
14084,1
14085,1
14086,1
14087,1
14088,0
14089,1
14090,1
14091,1
14092,1
14093,0
14094,0
14095,1
14096,0
14097,1
14098,1
14099,1
14100,1
14101,1
14102,1
14103,0
14104,1
14105,1
14106,1
14107,1
14108,1
14109,1
14110,1
14111,1
14112,1
14113,1
14114,1
14115,2
14116,1
14117,1
14118,1
14119,1
14120,1
14121,0
14122,1
14123,1
14124,0
14125,1
14126,1
14127,1
14128,2
14129,1
14130,2
14131,1
14132,1
14133,1
14134,0
14135,1
14136,2
14137,2
14138,1
14139,1
14140,0
14141,2
14142,2
14143,1
14144,1
14145,0
14146,1
14147,1
14148,2
14149,1
14150,2
14151,2
14152,0
14153,2
14154,1
14155,0
14156,0
14157,1
14158,2
14159,1
14160,1
14161,1
14162,1
14163,2
14164,1
14165,2
14166,2
14167,1
14168,1
14169,1
14170,1
14171,1
14172,0
14173,1
14174,0
14175,1
14176,0
14177,1
14178,1
14179,0
14180,2
14181,1
14182,1
14183,1
14184,1
14185,0
14186,1
14187,0
14188,1
14189,2
14190,1
14191,1
14192,2
14193,0
14194,1
14195,1
14196,1
14197,0
14198,1
14199,0
14200,2
14201,1
14202,1
14203,2
14204,1
14205,1
14206,2
14207,2
14208,1
14209,2
14210,2
14211,1
14212,1
14213,1
14214,1
14215,1
14216,1
14217,2
14218,1
14219,1
14220,1
14221,1
14222,1
14223,1
14224,1
14225,1
14226,0
14227,1
14228,0
14229,1
14230,1
14231,0
14232,1
14233,1
14234,1
14235,1
14236,2
14237,1
14238,1
14239,1
14240,2
14241,2
14242,1
14243,0
14244,1
14245,1
14246,2
14247,1
14248,2
14249,1
14250,2
14251,1
14252,1
14253,1
14254,1
14255,2
14256,2
14257,1
14258,1
14259,1
14260,1
14261,1
14262,1
14263,2
14264,1
14265,1
14266,1
14267,0
14268,1
14269,1
14270,2
14271,1
14272,0
14273,1
14274,2
14275,2
14276,1
14277,1
14278,1
14279,2
14280,1
14281,0
14282,1
14283,1
14284,1
14285,1
14286,1
14287,2
14288,0
14289,1
14290,1
14291,1
14292,2
14293,0
14294,2
14295,1
14296,1
14297,1
14298,2
14299,0
14300,1
14301,1
14302,1
14303,1
14304,2
14305,1
14306,2
14307,0
14308,1
14309,1
14310,2
14311,2
14312,1
14313,2
14314,2
14315,2
14316,0
14317,1
14318,1
14319,0
14320,1
14321,1
14322,0
14323,2
14324,2
14325,1
14326,2
14327,1
14328,0
14329,2
14330,1
14331,0
14332,0
14333,1
14334,0
14335,2
14336,1
14337,2
14338,0
14339,1
14340,1
14341,1
14342,1
14343,2
14344,1
14345,2
14346,0
14347,1
14348,1
14349,1
14350,0
14351,1
14352,1
14353,0
14354,2
14355,1
14356,1
14357,2
14358,0
14359,1
14360,1
14361,1
14362,2
14363,1
14364,2
14365,0
14366,1
14367,1
14368,0
14369,1
14370,1
14371,2
14372,1
14373,1
14374,2
14375,1
14376,2
14377,1
14378,1
14379,1
14380,1
14381,2
14382,2
14383,2
14384,1
14385,0
14386,1
14387,0
14388,1
14389,1
14390,1
14391,2
14392,1
14393,1
14394,0
14395,2
14396,2
14397,0
14398,1
14399,0
14400,1
14401,0
14402,1
14403,1
14404,1
14405,2
14406,1
14407,0
14408,0
14409,1
14410,1
14411,0
14412,0
14413,1
14414,1
14415,1
14416,1
14417,2
14418,1
14419,1
14420,1
14421,1
14422,1
14423,1
14424,1
14425,0
14426,2
14427,1
14428,1
14429,1
14430,2
14431,2
14432,1
14433,0
14434,2
14435,1
14436,1
14437,2
14438,2
14439,1
14440,1
14441,2
14442,1
14443,1
14444,1
14445,1
14446,1
14447,2
14448,0
14449,1
14450,1
14451,1
14452,2
14453,2
14454,1
14455,2
14456,1
14457,1
14458,1
14459,2
14460,1
14461,0
14462,0
14463,1
14464,1
14465,1
14466,0
14467,2
14468,1
14469,0
14470,1
14471,1
14472,1
14473,0
14474,2
14475,1
14476,1
14477,1
14478,1
14479,1
14480,1
14481,1
14482,1
14483,1
14484,1
14485,0
14486,2
14487,0
14488,2
14489,0
14490,2
14491,2
14492,1
14493,1
14494,1
14495,1
14496,1
14497,1
14498,0
14499,2
14500,2
14501,2
14502,1
14503,0
14504,1
14505,1
14506,2
14507,1
14508,2
14509,1
14510,1
14511,1
14512,1
14513,0
14514,1
14515,2
14516,1
14517,1
14518,1
14519,1
14520,2
14521,1
14522,2
14523,2
14524,1
14525,0
14526,0
14527,1
14528,2
14529,1
14530,1
14531,1
14532,1
14533,1
14534,1
14535,2
14536,0
14537,1
14538,1
14539,1
14540,1
14541,1
14542,1
14543,2
14544,2
14545,0
14546,1
14547,1
14548,1
14549,1
14550,2
14551,0
14552,0
14553,2
14554,2
14555,0
14556,2
14557,1
14558,1
14559,1
14560,2
14561,2
14562,1
14563,1
14564,1
14565,1
14566,1
14567,0
14568,1
14569,1
14570,1
14571,0
14572,1
14573,1
14574,1
14575,0
14576,1
14577,0
14578,2
14579,2
14580,2
14581,2
14582,1
14583,0
14584,2
14585,1
14586,0
14587,1
14588,1
14589,1
14590,0
14591,2
14592,0
14593,1
14594,2
14595,2
14596,1
14597,0
14598,1
14599,2
14600,1
14601,1
14602,1
14603,2
14604,1
14605,1
14606,1
14607,1
14608,1
14609,1
14610,1
14611,1
14612,1
14613,2
14614,1
14615,1
14616,2
14617,0
14618,1
14619,2
14620,1
14621,1
14622,1
14623,1
14624,0
14625,1
14626,1
14627,1
14628,1
14629,1
14630,1
14631,2
14632,1
14633,1
14634,1
14635,1
14636,1
14637,0
14638,1
14639,2
14640,1
14641,2
14642,1
14643,1
14644,1
14645,1
14646,1
14647,1
14648,1
14649,1
14650,2
14651,2
14652,1
14653,1
14654,0
14655,0
14656,1
14657,1
14658,1
14659,2
14660,2
14661,2
14662,1
14663,1
14664,1
14665,1
14666,1
14667,2
14668,1
14669,1
14670,0
14671,1
14672,2
14673,1
14674,2
14675,0
14676,2
14677,2
14678,1
14679,1
14680,1
14681,1
14682,1
14683,1
14684,1
14685,1
14686,2
14687,1
14688,1
14689,1
14690,1
14691,0
14692,1
14693,1
14694,1
14695,2
14696,1
14697,1
14698,1
14699,1
14700,2
14701,1
14702,0
14703,0
14704,1
14705,0
14706,1
14707,1
14708,1
14709,2
14710,1
14711,2
14712,1
14713,1
14714,2
14715,1
14716,2
14717,1
14718,0
14719,1
14720,1
14721,1
14722,1
14723,1
14724,2
14725,1
14726,1
14727,1
14728,1
14729,2
14730,0
14731,1
14732,1
14733,1
14734,1
14735,1
14736,1
14737,1
14738,0
14739,1
14740,1
14741,1
14742,2
14743,1
14744,2
14745,0
14746,1
14747,1
14748,0
14749,1
14750,1
14751,1
14752,1
14753,1
14754,1
14755,1
14756,0
14757,1
14758,2
14759,2
14760,2
14761,1
14762,1
14763,1
14764,1
14765,1
14766,2
14767,1
14768,2
14769,1
14770,1
14771,1
14772,1
14773,1
14774,1
14775,0
14776,0
14777,1
14778,1
14779,1
14780,1
14781,2
14782,0
14783,1
14784,1
14785,1
14786,1
14787,2
14788,0
14789,1
14790,1
14791,1
14792,2
14793,1
14794,1
14795,1
14796,1
14797,2
14798,1
14799,1
14800,2
14801,1
14802,1
14803,1
14804,1
14805,0
14806,1
14807,1
14808,1
14809,0
14810,0
14811,1
14812,1
14813,1
14814,1
14815,1
14816,2
14817,1
14818,1
14819,1
14820,1
14821,2
14822,0
14823,0
14824,2
14825,2
14826,1
14827,1
14828,0
14829,1
14830,0
14831,1
14832,2
14833,1
14834,1
14835,1
14836,1
14837,1
14838,1
14839,1
14840,1
14841,1
14842,1
14843,1
14844,1
14845,1
14846,1
14847,1
14848,1
14849,1
14850,2
14851,1
14852,2
14853,2
14854,1
14855,1
14856,2
14857,2
14858,2
14859,2
14860,0
14861,1
14862,1
14863,1
14864,1
14865,1
14866,1
14867,1
14868,1
14869,1
14870,1
14871,1
14872,1
14873,1
14874,1
14875,2
14876,1
14877,1
14878,1
14879,1
14880,0
14881,1
14882,1
14883,1
14884,1
14885,2
14886,2
14887,1
14888,1
14889,2
14890,1
14891,0
14892,1
14893,1
14894,1
14895,2
14896,0
14897,2
14898,2
14899,1
14900,1
14901,2
14902,1
14903,1
14904,1
14905,2
14906,1
14907,2
14908,1
14909,1
14910,1
14911,2
14912,1
14913,2
14914,0
14915,0
14916,1
14917,1
14918,0
14919,1
14920,0
14921,1
14922,1
14923,1
14924,0
14925,1
14926,1
14927,1
14928,2
14929,1
14930,1
14931,0
14932,2
14933,2
14934,1
14935,2
14936,1
14937,2
14938,1
14939,1
14940,1
14941,1
14942,1
14943,1
14944,1
14945,2
14946,1
14947,0
14948,1
14949,2
14950,1
14951,1
14952,1
14953,1
14954,1
14955,0
14956,1
14957,0
14958,1
14959,2
14960,1
14961,2
14962,1
14963,1
14964,2
14965,1
14966,1
14967,1
14968,1
14969,0
14970,0
14971,1
14972,1
14973,1
14974,1
14975,1
14976,1
14977,1
14978,1
14979,1
14980,1
14981,1
14982,1
14983,1
14984,1
14985,0
14986,1
14987,2
14988,1
14989,1
14990,2
14991,1
14992,0
14993,1
14994,2
14995,1
14996,1
14997,1
14998,2
14999,1
15000,1
15001,1
15002,1
15003,0
15004,1
15005,0
15006,1
15007,1
15008,2
15009,0
15010,2
15011,1
15012,1
15013,1
15014,1
15015,1
15016,2
15017,0
15018,1
15019,1
15020,2
15021,1
15022,1
15023,1
15024,1
15025,1
15026,2
15027,0
15028,0
15029,1
15030,1
15031,1
15032,1
15033,1
15034,0
15035,1
15036,0
15037,1
15038,1
15039,1
15040,2
15041,1
15042,1
15043,1
15044,1
15045,1
15046,1
15047,1
15048,1
15049,1
15050,1
15051,2
15052,1
15053,0
15054,1
15055,1
15056,1
15057,1
15058,1
15059,0
15060,1
15061,0
15062,2
15063,1
15064,0
15065,1
15066,1
15067,2
15068,1
15069,1
15070,1
15071,1
15072,1
15073,1
15074,1
15075,1
15076,1
15077,1
15078,1
15079,1
15080,1
15081,2
15082,1
15083,2
15084,2
15085,1
15086,2
15087,1
15088,1
15089,1
15090,1
15091,2
15092,2
15093,1
15094,1
15095,1
15096,1
15097,2
15098,0
15099,0
15100,0
15101,1
15102,1
15103,1
15104,2
15105,1
15106,1
15107,1
15108,0
15109,1
15110,1
15111,1
15112,1
15113,1
15114,0
15115,1
15116,2
15117,1
15118,1
15119,1
15120,1
15121,1
15122,1
15123,1
15124,2
15125,1
15126,2
15127,1
15128,1
15129,0
15130,1
15131,2
15132,1
15133,1
15134,1
15135,2
15136,1
15137,1
15138,2
15139,1
15140,1
15141,2
15142,0
15143,0
15144,1
15145,2
15146,1
15147,1
15148,2
15149,1
15150,1
15151,1
15152,2
15153,1
15154,1
15155,1
15156,2
15157,1
15158,1
15159,1
15160,1
15161,1
15162,0
15163,1
15164,2
15165,1
15166,2
15167,2
15168,1
15169,2
15170,1
15171,0
15172,1
15173,1
15174,1
15175,2
15176,0
15177,0
15178,0
15179,0
15180,1
15181,1
15182,1
15183,1
15184,2
15185,2
15186,1
15187,1
15188,2
15189,1
15190,1
15191,1
15192,1
15193,2
15194,0
15195,1
15196,1
15197,1
15198,0
15199,1
15200,0
15201,2
15202,1
15203,1
15204,1
15205,1
15206,1
15207,1
15208,2
15209,1
15210,2
15211,1
15212,1
15213,1
15214,1
15215,1
15216,1
15217,0
15218,1
15219,1
15220,1
15221,1
15222,0
15223,2
15224,1
15225,2
15226,0
15227,1
15228,1
15229,0
15230,1
15231,1
15232,1
15233,1
15234,0
15235,1
15236,2
15237,0
15238,1
15239,0
15240,1
15241,2
15242,1
15243,0
15244,2
15245,1
15246,1
15247,1
15248,2
15249,1
15250,1
15251,1
15252,1
15253,1
15254,1
15255,2
15256,0
15257,1
15258,1
15259,1
15260,1
15261,1
15262,1
15263,1
15264,1
15265,1
15266,0
15267,1
15268,1
15269,1
15270,1
15271,1
15272,1
15273,2
15274,1
15275,1
15276,0
15277,0
15278,1
15279,1
15280,1
15281,1
15282,1
15283,1
15284,1
15285,1
15286,1
15287,2
15288,2
15289,1
15290,1
15291,2
15292,1
15293,1
15294,1
15295,1
15296,1
15297,1
15298,2
15299,1
15300,1
15301,0
15302,1
15303,0
15304,1
15305,1
15306,0
15307,1
15308,1
15309,1
15310,1
15311,2
15312,1
15313,1
15314,1
15315,0
15316,2
15317,2
15318,1
15319,0
15320,1
15321,1
15322,2
15323,1
15324,1
15325,1
15326,2
15327,1
15328,2
15329,2
15330,2
15331,1
15332,1
15333,2
15334,1
15335,2
15336,1
15337,2
15338,2
15339,1
15340,2
15341,1
15342,2
15343,2
15344,1
15345,1
15346,1
15347,1
15348,1
15349,2
15350,0
15351,1
15352,2
15353,1
15354,2
15355,2
15356,1
15357,0
15358,1
15359,1
15360,2
15361,1
15362,0
15363,1
15364,1
15365,0
15366,2
15367,2
15368,1
15369,2
15370,1
15371,1
15372,2
15373,2
15374,1
15375,0
15376,1
15377,1
15378,0
15379,1
15380,1
15381,2
15382,2
15383,1
15384,1
15385,2
15386,1
15387,0
15388,1
15389,1
15390,2
15391,2
15392,2
15393,1
15394,1
15395,2
15396,1
15397,1
15398,1
15399,1
15400,1
15401,0
15402,1
15403,1
15404,1
15405,2
15406,1
15407,1
15408,1
15409,1
15410,1
15411,2
15412,1
15413,2
15414,1
15415,1
15416,1
15417,1
15418,1
15419,1
15420,0
15421,1
15422,2
15423,1
15424,1
15425,1
15426,1
15427,2
15428,1
15429,1
15430,2
15431,1
15432,2
15433,1
15434,2
15435,2
15436,1
15437,0
15438,1
15439,2
15440,2
15441,1
15442,2
15443,1
15444,1
15445,0
15446,1
15447,2
15448,1
15449,1
15450,1
15451,1
15452,2
15453,1
15454,1
15455,1
15456,1
15457,1
15458,1
15459,2
15460,1
15461,1
15462,1
15463,1
15464,1
15465,2
15466,0
15467,1
15468,1
15469,1
15470,1
15471,1
15472,2
15473,1
15474,1
15475,1
15476,2
15477,0
15478,1
15479,1
15480,2
15481,2
15482,1
15483,1
15484,2
15485,2
15486,0
15487,1
15488,1
15489,1
15490,1
15491,1
15492,1
15493,1
15494,1
15495,1
15496,1
15497,1
15498,1
15499,0
15500,1
15501,1
15502,1
15503,1
15504,1
15505,0
15506,1
15507,1
15508,1
15509,2
15510,1
15511,1
15512,0
15513,1
15514,1
15515,1
15516,1
15517,1
15518,1
15519,1
15520,1
15521,1
15522,1
15523,1
15524,1
15525,0
15526,2
15527,1
15528,2
15529,0
15530,1
15531,1
15532,1
15533,1
15534,1
15535,1
15536,1
15537,0
15538,1
15539,2
15540,1
15541,1
15542,1
15543,2
15544,0
15545,2
15546,1
15547,2
15548,1
15549,1
15550,1
15551,1
15552,1
15553,1
15554,1
15555,1
15556,2
15557,1
15558,1
15559,1
15560,1
15561,1
15562,1
15563,0
15564,2
15565,0
15566,2
15567,0
15568,1
15569,1
15570,0
15571,2
15572,0
15573,1
15574,2
15575,1
15576,1
15577,2
15578,1
15579,1
15580,2
15581,1
15582,1
15583,1
15584,1
15585,1
15586,1
15587,1
15588,1
15589,2
15590,0
15591,1
15592,0
15593,1
15594,1
15595,0
15596,1
15597,1
15598,1
15599,2
15600,1
15601,1
15602,1
15603,0
15604,1
15605,1
15606,1
15607,1
15608,1
15609,1
15610,1
15611,1
15612,1
15613,1
15614,2
15615,1
15616,1
15617,1
15618,2
15619,1
15620,2
15621,1
15622,1
15623,0
15624,1
15625,0
15626,1
15627,1
15628,1
15629,2
15630,2
15631,1
15632,0
15633,1
15634,1
15635,1
15636,2
15637,1
15638,1
15639,0
15640,1
15641,1
15642,1
15643,1
15644,1
15645,1
15646,1
15647,1
15648,1
15649,1
15650,1
15651,1
15652,0
15653,1
15654,2
15655,1
15656,2
15657,2
15658,0
15659,1
15660,1
15661,1
15662,2
15663,1
15664,1
15665,2
15666,0
15667,1
15668,1
15669,1
15670,1
15671,1
15672,1
15673,2
15674,1
15675,1
15676,1
15677,1
15678,0
15679,1
15680,1
15681,2
15682,1
15683,1
15684,1
15685,0
15686,0
15687,2
15688,1
15689,1
15690,1
15691,2
15692,1
15693,1
15694,1
15695,1
15696,1
15697,1
15698,1
15699,1
15700,2
15701,1
15702,1
15703,1
15704,1
15705,0
15706,1
15707,2
15708,1
15709,1
15710,1
15711,0
15712,2
15713,1
15714,1
15715,2
15716,2
15717,1
15718,0
15719,1
15720,1
15721,1
15722,1
15723,1
15724,2
15725,1
15726,1
15727,1
15728,2
15729,1
15730,1
15731,2
15732,1
15733,0
15734,1
15735,1
15736,2
15737,1
15738,1
15739,1
15740,2
15741,1
15742,0
15743,1
15744,2
15745,1
15746,1
15747,1
15748,1
15749,1
15750,1
15751,0
15752,1
15753,1
15754,2
15755,1
15756,1
15757,1
15758,1
15759,2
15760,1
15761,1
15762,2
15763,2
15764,1
15765,1
15766,1
15767,1
15768,1
15769,1
15770,1
15771,1
15772,2
15773,1
15774,1
15775,1
15776,1
15777,1
15778,1
15779,1
15780,2
15781,1
15782,1
15783,1
15784,0
15785,0
15786,2
15787,1
15788,1
15789,1
15790,2
15791,1
15792,1
15793,1
15794,0
15795,1
15796,1
15797,2
15798,1
15799,1
15800,2
15801,1
15802,1
15803,1
15804,1
15805,1
15806,0
15807,1
15808,1
15809,0
15810,1
15811,1
15812,1
15813,1
15814,1
15815,2
15816,1
15817,1
15818,1
15819,1
15820,2
15821,1
15822,2
15823,2
15824,2
15825,1
15826,1
15827,1
15828,1
15829,0
15830,2
15831,2
15832,1
15833,0
15834,1
15835,2
15836,2
15837,2
15838,1
15839,2
15840,1
15841,1
15842,1
15843,1
15844,1
15845,1
15846,1
15847,1
15848,1
15849,1
15850,2
15851,1
15852,2
15853,1
15854,2
15855,1
15856,1
15857,1
15858,1
15859,0
15860,1
15861,2
15862,2
15863,2
15864,1
15865,1
15866,1
15867,1
15868,0
15869,1
15870,1
15871,1
15872,1
15873,1
15874,1
15875,0
15876,2
15877,1
15878,1
15879,1
15880,0
15881,2
15882,1
15883,0
15884,1
15885,1
15886,1
15887,1
15888,1
15889,1
15890,1
15891,2
15892,0
15893,0
15894,2
15895,1
15896,2
15897,1
15898,1
15899,1
15900,1
15901,1
15902,2
15903,1
15904,2
15905,1
15906,0
15907,1
15908,1
15909,1
15910,1
15911,2
15912,2
15913,1
15914,2
15915,1
15916,1
15917,0
15918,2
15919,0
15920,1
15921,2
15922,0
15923,1
15924,1
15925,0
15926,1
15927,1
15928,1
15929,1
15930,1
15931,1
15932,1
15933,1
15934,1
15935,0
15936,1
15937,1
15938,1
15939,1
15940,2
15941,0
15942,2
15943,1
15944,2
15945,1
15946,1
15947,1
15948,1
15949,1
15950,2
15951,0
15952,1
15953,1
15954,1
15955,1
15956,1
15957,0
15958,2
15959,2
15960,1
15961,2
15962,1
15963,0
15964,2
15965,2
15966,1
15967,0
15968,1
15969,1
15970,1
15971,2
15972,1
15973,1
15974,2
15975,2
15976,1
15977,1
15978,1
15979,1
15980,1
15981,1
15982,1
15983,1
15984,2
15985,1
15986,2
15987,1
15988,0
15989,0
15990,1
15991,0
15992,0
15993,0
15994,1
15995,2
15996,0
15997,1
15998,1
15999,1
16000,0
16001,1
16002,1
16003,1
16004,1
16005,2
16006,0
16007,2
16008,1
16009,1
16010,0
16011,0
16012,1
16013,1
16014,1
16015,1
16016,1
16017,1
16018,1
16019,1
16020,1
16021,1
16022,1
16023,1
16024,0
16025,2
16026,2
16027,1
16028,1
16029,1
16030,1
16031,1
16032,1
16033,1
16034,1
16035,1
16036,1
16037,1
16038,1
16039,1
16040,0
16041,1
16042,1
16043,1
16044,0
16045,2
16046,1
16047,1
16048,0
16049,1
16050,0
16051,1
16052,1
16053,1
16054,1
16055,1
16056,1
16057,1
16058,2
16059,1
16060,1
16061,1
16062,1
16063,1
16064,1
16065,0
16066,1
16067,0
16068,1
16069,0
16070,2
16071,1
16072,0
16073,1
16074,2
16075,1
16076,1
16077,0
16078,1
16079,1
16080,1
16081,1
16082,0
16083,1
16084,1
16085,2
16086,2
16087,0
16088,1
16089,2
16090,1
16091,1
16092,1
16093,0
16094,2
16095,0
16096,1
16097,1
16098,1
16099,1
16100,0
16101,1
16102,1
16103,1
16104,1
16105,1
16106,1
16107,2
16108,1
16109,1
16110,1
16111,1
16112,1
16113,1
16114,1
16115,0
16116,1
16117,1
16118,2
16119,1
16120,1
16121,1
16122,1
16123,2
16124,1
16125,1
16126,1
16127,0
16128,1
16129,1
16130,1
16131,2
16132,1
16133,2
16134,2
16135,0
16136,0
16137,1
16138,1
16139,1
16140,1
16141,1
16142,2
16143,2
16144,2
16145,2
16146,1
16147,2
16148,2
16149,1
16150,2
16151,1
16152,1
16153,0
16154,1
16155,1
16156,1
16157,1
16158,1
16159,1
16160,1
16161,1
16162,0
16163,2
16164,1
16165,1
16166,1
16167,1
16168,1
16169,1
16170,0
16171,2
16172,1
16173,0
16174,1
16175,2
16176,1
16177,1
16178,1
16179,1
16180,1
16181,2
16182,1
16183,2
16184,2
16185,1
16186,1
16187,2
16188,2
16189,2
16190,2
16191,2
16192,1
16193,1
16194,1
16195,1
16196,0
16197,1
16198,2
16199,1
16200,1
16201,1
16202,2
16203,1
16204,1
16205,2
16206,1
16207,2
16208,1
16209,1
16210,1
16211,2
16212,1
16213,2
16214,1
16215,1
16216,1
16217,1
16218,1
16219,2
16220,0
16221,0
16222,1
16223,1
16224,1
16225,1
16226,1
16227,1
16228,2
16229,0
16230,1
16231,1
16232,1
16233,0
16234,1
16235,1
16236,2
16237,1
16238,1
16239,1
16240,1
16241,1
16242,0
16243,1
16244,1
16245,1
16246,0
16247,1
16248,1
16249,1
16250,1
16251,1
16252,1
16253,1
16254,1
16255,0
16256,1
16257,0
16258,1
16259,1
16260,1
16261,1
16262,0
16263,2
16264,0
16265,0
16266,1
16267,1
16268,0
16269,1
16270,1
16271,1
16272,2
16273,2
16274,1
16275,2
16276,0
16277,1
16278,1
16279,1
16280,2
16281,2
16282,1
16283,1
16284,1
16285,1
16286,1
16287,1
16288,1
16289,2
16290,1
16291,1
16292,2
16293,2
16294,2
16295,2
16296,2
16297,2
16298,1
16299,1
16300,2
16301,1
16302,1
16303,1
16304,1
16305,1
16306,1
16307,1
16308,1
16309,2
16310,0
16311,0
16312,1
16313,1
16314,1
16315,2
16316,1
16317,1
16318,1
16319,0
16320,2
16321,1
16322,2
16323,1
16324,1
16325,1
16326,1
16327,0
16328,1
16329,1
16330,0
16331,1
16332,1
16333,1
16334,2
16335,2
16336,1
16337,2
16338,1
16339,2
16340,1
16341,1
16342,1
16343,1
16344,1
16345,0
16346,2
16347,1
16348,2
16349,1
16350,1
16351,1
16352,2
16353,1
16354,1
16355,2
16356,1
16357,2
16358,2
16359,1
16360,0
16361,2
16362,1
16363,2
16364,0
16365,1
16366,1
16367,1
16368,1
16369,1
16370,1
16371,1
16372,1
16373,1
16374,1
16375,1
16376,2
16377,2
16378,1
16379,1
16380,1
16381,2
16382,1
16383,1
16384,0
16385,1
16386,2
16387,2
16388,2
16389,0
16390,1
16391,1
16392,0
16393,1
16394,1
16395,0
16396,1
16397,2
16398,2
16399,1
16400,1
16401,0
16402,0
16403,1
16404,2
16405,0
16406,1
16407,0
16408,1
16409,0
16410,2
16411,1
16412,1
16413,1
16414,2
16415,1
16416,0
16417,1
16418,1
16419,1
16420,1
16421,0
16422,2
16423,2
16424,0
16425,1
16426,1
16427,0
16428,2
16429,2
16430,2
16431,1
16432,1
16433,0
16434,1
16435,1
16436,1
16437,1
16438,0
16439,2
16440,1
16441,1
16442,1
16443,1
16444,1
16445,2
16446,1
16447,1
16448,1
16449,1
16450,1
16451,1
16452,1
16453,1
16454,1
16455,1
16456,1
16457,0
16458,1
16459,1
16460,1
16461,2
16462,1
16463,0
16464,1
16465,2
16466,1
16467,1
16468,1
16469,2
16470,1
16471,1
16472,1
16473,0
16474,1
16475,0
16476,1
16477,0
16478,0
16479,1
16480,2
16481,2
16482,2
16483,1
16484,0
16485,0
16486,1
16487,0
16488,0
16489,1
16490,1
16491,1
16492,2
16493,1
16494,1
16495,1
16496,1
16497,1
16498,1
16499,1
16500,1
16501,2
16502,1
16503,1
16504,1
16505,2
16506,2
16507,1
16508,2
16509,1
16510,2
16511,2
16512,2
16513,1
16514,1
16515,0
16516,1
16517,1
16518,1
16519,1
16520,1
16521,1
16522,1
16523,2
16524,2
16525,0
16526,2
16527,2
16528,1
16529,0
16530,1
16531,0
16532,2
16533,2
16534,1
16535,1
16536,1
16537,1
16538,1
16539,1
16540,2
16541,1
16542,2
16543,1
16544,0
16545,2
16546,2
16547,1
16548,1
16549,1
16550,1
16551,1
16552,1
16553,1
16554,1
16555,2
16556,2
16557,0
16558,1
16559,1
16560,1
16561,1
16562,1
16563,1
16564,1
16565,2
16566,0
16567,0
16568,0
16569,1
16570,1
16571,2
16572,0
16573,1
16574,2
16575,1
16576,1
16577,1
16578,1
16579,0
16580,2
16581,1
16582,1
16583,1
16584,2
16585,1
16586,1
16587,1
16588,1
16589,1
16590,0
16591,0
16592,0
16593,2
16594,0
16595,1
16596,1
16597,1
16598,1
16599,1
16600,1
16601,2
16602,2
16603,2
16604,1
16605,1
16606,1
16607,1
16608,1
16609,1
16610,2
16611,2
16612,2
16613,2
16614,0
16615,0
16616,1
16617,1
16618,1
16619,1
16620,2
16621,1
16622,1
16623,1
16624,1
16625,0
16626,1
16627,1
16628,2
16629,1
16630,1
16631,2
16632,0
16633,1
16634,1
16635,1
16636,1
16637,1
16638,1
16639,2
16640,1
16641,1
16642,1
16643,2
16644,1
16645,1
16646,1
16647,1
16648,1
16649,0
16650,1
16651,1
16652,2
16653,1
16654,1
16655,1
16656,0
16657,1
16658,1
16659,0
16660,1
16661,0
16662,1
16663,0
16664,1
16665,1
16666,1
16667,1
16668,1
16669,1
16670,1
16671,1
16672,1
16673,0
16674,0
16675,0
16676,1
16677,1
16678,1
16679,1
16680,1
16681,1
16682,1
16683,1
16684,1
16685,1
16686,1
16687,1
16688,2
16689,0
16690,1
16691,1
16692,1
16693,1
16694,1
16695,1
16696,0
16697,1
16698,2
16699,1
16700,1
16701,1
16702,1
16703,1
16704,1
16705,1
16706,2
16707,1
16708,2
16709,1
16710,2
16711,1
16712,1
16713,1
16714,1
16715,1
16716,1
16717,1
16718,1
16719,1
16720,1
16721,0
16722,2
16723,0
16724,1
16725,1
16726,1
16727,1
16728,1
16729,1
16730,2
16731,2
16732,1
16733,2
16734,1
16735,1
16736,1
16737,1
16738,0
16739,1
16740,1
16741,2
16742,1
16743,1
16744,1
16745,1
16746,1
16747,1
16748,1
16749,1
16750,1
16751,2
16752,1
16753,2
16754,0
16755,1
16756,1
16757,1
16758,1
16759,1
16760,2
16761,1
16762,0
16763,1
16764,1
16765,2
16766,1
16767,1
16768,1
16769,1
16770,2
16771,1
16772,2
16773,1
16774,1
16775,1
16776,2
16777,1
16778,2
16779,0
16780,1
16781,1
16782,2
16783,1
16784,2
16785,1
16786,1
16787,1
16788,1
16789,1
16790,1
16791,1
16792,1
16793,2
16794,2
16795,2
16796,2
16797,1
16798,0
16799,1
16800,1
16801,1
16802,1
16803,1
16804,2
16805,1
16806,1
16807,1
16808,1
16809,0
16810,1
16811,1
16812,1
16813,1
16814,1
16815,2
16816,1
16817,1
16818,1
16819,1
16820,1
16821,1
16822,2
16823,1
16824,1
16825,1
16826,1
16827,2
16828,1
16829,1
16830,2
16831,2
16832,2
16833,1
16834,2
16835,0
16836,2
16837,2
16838,1
16839,1
16840,1
16841,2
16842,0
16843,1
16844,2
16845,2
16846,2
16847,1
16848,1
16849,1
16850,1
16851,2
16852,1
16853,1
16854,1
16855,1
16856,2
16857,1
16858,1
16859,1
16860,1
16861,1
16862,1
16863,1
16864,2
16865,2
16866,1
16867,1
16868,2
16869,1
16870,0
16871,1
16872,2
16873,1
16874,1
16875,1
16876,1
16877,2
16878,1
16879,1
16880,1
16881,2
16882,1
16883,1
16884,0
16885,1
16886,1
16887,1
16888,1
16889,1
16890,1
16891,1
16892,2
16893,1
16894,1
16895,2
16896,1
16897,1
16898,1
16899,1
16900,0
16901,2
16902,2
16903,0
16904,1
16905,0
16906,1
16907,1
16908,1
16909,1
16910,0
16911,1
16912,2
16913,2
16914,1
16915,1
16916,1
16917,1
16918,2
16919,2
16920,1
16921,1
16922,1
16923,1
16924,1
16925,1
16926,2
16927,1
16928,1
16929,1
16930,0
16931,1
16932,1
16933,1
16934,1
16935,1
16936,1
16937,1
16938,1
16939,1
16940,0
16941,2
16942,0
16943,2
16944,1
16945,2
16946,1
16947,1
16948,2
16949,2
16950,1
16951,1
16952,1
16953,1
16954,1
16955,1
16956,2
16957,2
16958,1
16959,1
16960,0
16961,2
16962,2
16963,1
16964,1
16965,1
16966,0
16967,1
16968,1
16969,1
16970,1
16971,1
16972,0
16973,1
16974,0
16975,1
16976,1
16977,1
16978,1
16979,2
16980,1
16981,1
16982,1
16983,0
16984,1
16985,2
16986,1
16987,1
16988,0
16989,0
16990,2
16991,2
16992,0
16993,1
16994,1
16995,1
16996,1
16997,0
16998,2
16999,1
17000,1
17001,1
17002,1
17003,1
17004,1
17005,2
17006,2
17007,1
17008,1
17009,2
17010,1
17011,0
17012,1
17013,1
17014,0
17015,2
17016,1
17017,1
17018,2
17019,1
17020,1
17021,2
17022,1
17023,1
17024,2
17025,1
17026,2
17027,2
17028,1
17029,1
17030,1
17031,1
17032,1
17033,1
17034,1
17035,1
17036,0
17037,1
17038,1
17039,1
17040,2
17041,0
17042,1
17043,1
17044,1
17045,1
17046,1
17047,2
17048,1
17049,1
17050,1
17051,1
17052,1
17053,2
17054,2
17055,2
17056,1
17057,2
17058,2
17059,1
17060,0
17061,1
17062,2
17063,1
17064,1
17065,2
17066,0
17067,2
17068,2
17069,0
17070,0
17071,1
17072,2
17073,2
17074,1
17075,0
17076,1
17077,0
17078,2
17079,1
17080,2
17081,1
17082,1
17083,1
17084,0
17085,1
17086,1
17087,1
17088,2
17089,1
17090,1
17091,1
17092,1
17093,2
17094,1
17095,0
17096,1
17097,1
17098,2
17099,1
17100,1
17101,2
17102,1
17103,2
17104,0
17105,1
17106,1
17107,1
17108,2
17109,1
17110,2
17111,0
17112,2
17113,1
17114,0
17115,1
17116,1
17117,1
17118,1
17119,1
17120,2
17121,1
17122,1
17123,0
17124,1
17125,0
17126,2
17127,0
17128,1
17129,1
17130,1
17131,1
17132,1
17133,2
17134,1
17135,2
17136,2
17137,2
17138,1
17139,2
17140,1
17141,1
17142,0
17143,1
17144,1
17145,1
17146,2
17147,0
17148,1
17149,1
17150,1
17151,1
17152,1
17153,2
17154,1
17155,1
17156,2
17157,2
17158,0
17159,1
17160,1
17161,0
17162,0
17163,2
17164,1
17165,1
17166,2
17167,1
17168,2
17169,2
17170,2
17171,2
17172,1
17173,1
17174,1
17175,2
17176,1
17177,1
17178,0
17179,1
17180,2
17181,1
17182,2
17183,1
17184,1
17185,1
17186,2
17187,2
17188,1
17189,0
17190,1
17191,0
17192,0
17193,1
17194,2
17195,1
17196,2
17197,1
17198,1
17199,1
17200,2
17201,1
17202,1
17203,1
17204,0
17205,0
17206,1
17207,1
17208,2
17209,1
17210,1
17211,1
17212,1
17213,1
17214,1
17215,1
17216,1
17217,1
17218,2
17219,2
17220,2
17221,0
17222,1
17223,1
17224,0
17225,0
17226,1
17227,1
17228,1
17229,1
17230,1
17231,2
17232,1
17233,1
17234,1
17235,2
17236,2
17237,0
17238,2
17239,0
17240,1
17241,2
17242,1
17243,2
17244,2
17245,2
17246,2
17247,1
17248,1
17249,1
17250,1
17251,2
17252,1
17253,1
17254,1
17255,2
17256,0
17257,1
17258,1
17259,1
17260,1
17261,1
17262,1
17263,2
17264,1
17265,1
17266,1
17267,1
17268,1
17269,2
17270,1
17271,0
17272,0
17273,2
17274,1
17275,0
17276,1
17277,2
17278,1
17279,1
17280,1
17281,1
17282,2
17283,1
17284,2
17285,1
17286,1
17287,1
17288,1
17289,1
17290,1
17291,1
17292,2
17293,1
17294,1
17295,1
17296,2
17297,1
17298,1
17299,2
17300,0
17301,1
17302,1
17303,1
17304,2
17305,1
17306,1
17307,1
17308,0
17309,1
17310,2
17311,0
17312,1
17313,1
17314,1
17315,2
17316,2
17317,1
17318,2
17319,2
17320,2
17321,1
17322,1
17323,1
17324,1
17325,1
17326,1
17327,1
17328,1
17329,2
17330,1
17331,2
17332,1
17333,1
17334,1
17335,1
17336,0
17337,0
17338,1
17339,1
17340,1
17341,1
17342,0
17343,1
17344,1
17345,1
17346,1
17347,1
17348,1
17349,1
17350,1
17351,1
17352,0
17353,0
17354,2
17355,1
17356,0
17357,1
17358,1
17359,1
17360,1
17361,1
17362,2
17363,1
17364,1
17365,1
17366,1
17367,2
17368,1
17369,1
17370,1
17371,1
17372,1
17373,1
17374,2
17375,1
17376,1
17377,1
17378,1
17379,2
17380,2
17381,1
17382,1
17383,1
17384,0
17385,1
17386,1
17387,2
17388,2
17389,1
17390,1
17391,2
17392,1
17393,1
17394,0
17395,2
17396,1
17397,2
17398,1
17399,2
17400,2
17401,1
17402,1
17403,1
17404,1
17405,1
17406,1
17407,1
17408,2
17409,1
17410,1
17411,0
17412,1
17413,1
17414,1
17415,1
17416,1
17417,0
17418,1
17419,0
17420,1
17421,1
17422,0
17423,1
17424,1
17425,1
17426,1
17427,1
17428,2
17429,2
17430,1
17431,1
17432,1
17433,2
17434,1
17435,0
17436,2
17437,1
17438,1
17439,1
17440,2
17441,1
17442,1
17443,2
17444,1
17445,0
17446,1
17447,1
17448,1
17449,1
17450,2
17451,1
17452,1
17453,1
17454,2
17455,1
17456,1
17457,1
17458,1
17459,1
17460,0
17461,1
17462,1
17463,2
17464,2
17465,1
17466,1
17467,1
17468,1
17469,1
17470,2
17471,2
17472,1
17473,1
17474,1
17475,1
17476,0
17477,1
17478,2
17479,0
17480,2
17481,0
17482,1
17483,1
17484,1
17485,1
17486,1
17487,1
17488,0
17489,1
17490,1
17491,1
17492,1
17493,2
17494,1
17495,1
17496,1
17497,1
17498,2
17499,2
17500,1
17501,1
17502,1
17503,1
17504,0
17505,2
17506,1
17507,2
17508,1
17509,1
17510,1
17511,1
17512,1
17513,1
17514,1
17515,2
17516,1
17517,1
17518,0
17519,2
17520,1
17521,2
17522,2
17523,1
17524,2
17525,1
17526,1
17527,2
17528,0
17529,1
17530,1
17531,1
17532,1
17533,2
17534,1
17535,1
17536,2
17537,1
17538,0
17539,1
17540,1
17541,2
17542,2
17543,2
17544,2
17545,1
17546,1
17547,0
17548,2
17549,1
17550,1
17551,1
17552,1
17553,0
17554,2
17555,1
17556,1
17557,2
17558,1
17559,1
17560,1
17561,1
17562,1
17563,1
17564,1
17565,1
17566,1
17567,1
17568,1
17569,1
17570,2
17571,1
17572,0
17573,2
17574,1
17575,1
17576,0
17577,2
17578,1
17579,2
17580,1
17581,1
17582,1
17583,1
17584,1
17585,1
17586,1
17587,2
17588,2
17589,1
17590,1
17591,0
17592,1
17593,1
17594,2
17595,1
17596,2
17597,1
17598,1
17599,1
17600,0
17601,1
17602,1
17603,1
17604,1
17605,2
17606,1
17607,1
17608,0
17609,0
17610,1
17611,2
17612,1
17613,2
17614,2
17615,1
17616,1
17617,0
17618,1
17619,1
17620,2
17621,1
17622,2
17623,1
17624,1
17625,2
17626,1
17627,1
17628,1
17629,1
17630,1
17631,1
17632,1
17633,2
17634,1
17635,1
17636,1
17637,1
17638,1
17639,1
17640,1
17641,1
17642,1
17643,1
17644,1
17645,1
17646,2
17647,2
17648,1
17649,1
17650,1
17651,1
17652,1
17653,1
17654,1
17655,1
17656,2
17657,2
17658,2
17659,1
17660,1
17661,1
17662,0
17663,1
17664,2
17665,1
17666,2
17667,1
17668,2
17669,1
17670,1
17671,1
17672,1
17673,1
17674,1
17675,1
17676,1
17677,2
17678,1
17679,1
17680,0
17681,2
17682,1
17683,2
17684,1
17685,2
17686,2
17687,2
17688,1
17689,1
17690,1
17691,1
17692,1
17693,1
17694,1
17695,2
17696,1
17697,1
17698,2
17699,1
17700,1
17701,0
17702,0
17703,0
17704,0
17705,1
17706,1
17707,1
17708,1
17709,1
17710,1
17711,2
17712,1
17713,1
17714,2
17715,1
17716,1
17717,1
17718,0
17719,1
17720,1
17721,1
17722,2
17723,1
17724,2
17725,1
17726,1
17727,1
17728,0
17729,1
17730,1
17731,1
17732,0
17733,1
17734,1
17735,2
17736,2
17737,0
17738,1
17739,1
17740,1
17741,2
17742,1
17743,1
17744,1
17745,1
17746,1
17747,2
17748,1
17749,2
17750,1
17751,0
17752,0
17753,1
17754,1
17755,1
17756,0
17757,2
17758,1
17759,1
17760,2
17761,1
17762,1
17763,1
17764,1
17765,1
17766,1
17767,1
17768,0
17769,1
17770,1
17771,1
17772,1
17773,2
17774,1
17775,2
17776,2
17777,1
17778,1
17779,2
17780,2
17781,2
17782,1
17783,1
17784,1
17785,1
17786,0
17787,1
17788,2
17789,1
17790,1
17791,1
17792,2
17793,1
17794,1
17795,1
17796,1
17797,1
17798,0
17799,1
17800,1
17801,0
17802,2
17803,1
17804,1
17805,1
17806,1
17807,1
17808,1
17809,1
17810,1
17811,2
17812,1
17813,1
17814,0
17815,1
17816,2
17817,1
17818,1
17819,1
17820,1
17821,0
17822,1
17823,1
17824,1
17825,1
17826,2
17827,1
17828,1
17829,1
17830,2
17831,1
17832,1
17833,0
17834,1
17835,1
17836,1
17837,1
17838,2
17839,1
17840,1
17841,1
17842,2
17843,1
17844,1
17845,1
17846,1
17847,1
17848,1
17849,1
17850,2
17851,1
17852,1
17853,0
17854,1
17855,1
17856,2
17857,1
17858,1
17859,0
17860,1
17861,0
17862,2
17863,1
17864,1
17865,1
17866,1
17867,1
17868,2
17869,1
17870,1
17871,2
17872,1
17873,2
17874,1
17875,1
17876,2
17877,1
17878,2
17879,0
17880,1
17881,2
17882,1
17883,1
17884,1
17885,1
17886,2
17887,1
17888,1
17889,1
17890,2
17891,1
17892,1
17893,1
17894,1
17895,1
17896,2
17897,1
17898,2
17899,0
17900,1
17901,1
17902,1
17903,1
17904,2
17905,1
17906,0
17907,1
17908,1
17909,1
17910,1
17911,1
17912,1
17913,1
17914,1
17915,2
17916,1
17917,1
17918,1
17919,2
17920,1
17921,1
17922,2
17923,1
17924,1
17925,2
17926,1
17927,1
17928,1
17929,2
17930,0
17931,1
17932,1
17933,1
17934,2
17935,1
17936,2
17937,1
17938,2
17939,1
17940,1
17941,1
17942,2
17943,0
17944,1
17945,0
17946,1
17947,2
17948,1
17949,1
17950,2
17951,2
17952,1
17953,1
17954,1
17955,1
17956,1
17957,0
17958,1
17959,1
17960,1
17961,1
17962,0
17963,1
17964,1
17965,1
17966,1
17967,2
17968,0
17969,1
17970,1
17971,0
17972,1
17973,0
17974,1
17975,1
17976,0
17977,2
17978,1
17979,0
17980,1
17981,1
17982,1
17983,1
17984,2
17985,1
17986,2
17987,1
17988,1
17989,1
17990,1
17991,1
17992,1
17993,1
17994,1
17995,2
17996,1
17997,1
17998,1
17999,1
18000,0
18001,1
18002,1
18003,1
18004,1
18005,1
18006,1
18007,1
18008,2
18009,1
18010,0
18011,1
18012,0
18013,1
18014,2
18015,1
18016,1
18017,1
18018,1
18019,1
18020,1
18021,1
18022,1
18023,1
18024,0
18025,1
18026,0
18027,2
18028,2
18029,1
18030,1
18031,1
18032,1
18033,2
18034,1
18035,1
18036,1
18037,2
18038,1
18039,1
18040,2
18041,1
18042,1
18043,2
18044,1
18045,1
18046,1
18047,1
18048,1
18049,1
18050,1
18051,1
18052,1
18053,0
18054,0
18055,0
18056,2
18057,2
18058,1
18059,1
18060,1
18061,2
18062,1
18063,1
18064,0
18065,1
18066,1
18067,1
18068,2
18069,2
18070,2
18071,0
18072,1
18073,1
18074,1
18075,1
18076,2
18077,1
18078,1
18079,1
18080,0
18081,1
18082,2
18083,1
18084,2
18085,2
18086,1
18087,2
18088,1
18089,0
18090,0
18091,2
18092,1
18093,1
18094,1
18095,0
18096,0
18097,1
18098,1
18099,0
18100,1
18101,2
18102,1
18103,1
18104,1
18105,0
18106,2
18107,1
18108,1
18109,0
18110,1
18111,2
18112,1
18113,1
18114,1
18115,1
18116,2
18117,0
18118,1
18119,1
18120,2
18121,0
18122,1
18123,1
18124,1
18125,2
18126,0
18127,2
18128,1
18129,1
18130,1
18131,1
18132,1
18133,1
18134,2
18135,0
18136,1
18137,1
18138,1
18139,2
18140,1
18141,1
18142,1
18143,1
18144,2
18145,1
18146,2
18147,1
18148,1
18149,1
18150,1
18151,2
18152,1
18153,1
18154,2
18155,1
18156,1
18157,1
18158,1
18159,1
18160,2
18161,1
18162,1
18163,2
18164,1
18165,1
18166,2
18167,2
18168,1
18169,2
18170,0
18171,1
18172,0
18173,0
18174,1
18175,0
18176,2
18177,2
18178,1
18179,1
18180,0
18181,1
18182,1
18183,2
18184,1
18185,1
18186,2
18187,1
18188,0
18189,1
18190,1
18191,1
18192,1
18193,1
18194,0
18195,1
18196,1
18197,1
18198,1
18199,2
18200,1
18201,1
18202,2
18203,1
18204,1
18205,2
18206,2
18207,1
18208,2
18209,1
18210,1
18211,1
18212,2
18213,1
18214,1
18215,1
18216,1
18217,1
18218,1
18219,1
18220,1
18221,1
18222,1
18223,1
18224,1
18225,1
18226,1
18227,1
18228,1
18229,1
18230,0
18231,1
18232,1
18233,2
18234,1
18235,2
18236,0
18237,1
18238,1
18239,1
18240,1
18241,1
18242,0
18243,1
18244,2
18245,1
18246,2
18247,2
18248,2
18249,2
18250,1
18251,1
18252,1
18253,1
18254,1
18255,1
18256,1
18257,1
18258,1
18259,1
18260,1
18261,1
18262,1
18263,2
18264,1
18265,1
18266,1
18267,1
18268,1
18269,0
18270,2
18271,0
18272,1
18273,1
18274,1
18275,1
18276,1
18277,1
18278,1
18279,1
18280,1
18281,1
18282,0
18283,1
18284,1
18285,1
18286,1
18287,2
18288,1
18289,1
18290,1
18291,1
18292,1
18293,1
18294,1
18295,1
18296,1
18297,2
18298,1
18299,1
18300,1
18301,1
18302,1
18303,2
18304,1
18305,2
18306,1
18307,1
18308,1
18309,1
18310,1
18311,1
18312,2
18313,1
18314,2
18315,1
18316,1
18317,1
18318,1
18319,1
18320,1
18321,1
18322,1
18323,1
18324,1
18325,1
18326,1
18327,2
18328,2
18329,2
18330,1
18331,1
18332,1
18333,1
18334,0
18335,1
18336,1
18337,1
18338,1
18339,1
18340,1
18341,1
18342,1
18343,1
18344,2
18345,1
18346,0
18347,1
18348,2
18349,2
18350,0
18351,1
18352,1
18353,1
18354,2
18355,1
18356,2
18357,1
18358,1
18359,2
18360,1
18361,1
18362,1
18363,1
18364,0
18365,1
18366,1
18367,2
18368,1
18369,1
18370,0
18371,1
18372,1
18373,1
18374,2
18375,2
18376,1
18377,2
18378,2
18379,1
18380,2
18381,1
18382,1
18383,1
18384,1
18385,1
18386,2
18387,1
18388,1
18389,1
18390,1
18391,0
18392,1
18393,1
18394,1
18395,1
18396,1
18397,0
18398,1
18399,2
18400,1
18401,1
18402,1
18403,1
18404,1
18405,1
18406,1
18407,2
18408,1
18409,2
18410,1
18411,2
18412,0
18413,1
18414,1
18415,2
18416,1
18417,1
18418,1
18419,1
18420,2
18421,2
18422,1
18423,1
18424,1
18425,1
18426,1
18427,1
18428,1
18429,2
18430,1
18431,1
18432,1
18433,2
18434,2
18435,1
18436,2
18437,1
18438,1
18439,0
18440,1
18441,0
18442,2
18443,1
18444,0
18445,1
18446,2
18447,1
18448,1
18449,1
18450,1
18451,1
18452,1
18453,1
18454,1
18455,1
18456,1
18457,2
18458,1
18459,2
18460,2
18461,0
18462,2
18463,0
18464,0
18465,1
18466,1
18467,2
18468,0
18469,1
18470,2
18471,1
18472,2
18473,2
18474,1
18475,0
18476,1
18477,1
18478,1
18479,0
18480,0
18481,2
18482,2
18483,1
18484,1
18485,1
18486,0
18487,1
18488,1
18489,1
18490,1
18491,1
18492,1
18493,1
18494,1
18495,1
18496,1
18497,1
18498,1
18499,1
18500,1
18501,1
18502,1
18503,1
18504,1
18505,2
18506,1
18507,1
18508,1
18509,1
18510,1
18511,1
18512,1
18513,1
18514,1
18515,1
18516,2
18517,1
18518,1
18519,1
18520,2
18521,1
18522,1
18523,1
18524,1
18525,1
18526,0
18527,1
18528,2
18529,1
18530,0
18531,1
18532,0
18533,1
18534,0
18535,1
18536,1
18537,1
18538,1
18539,2
18540,1
18541,2
18542,1
18543,0
18544,1
18545,1
18546,1
18547,2
18548,1
18549,2
18550,1
18551,2
18552,0
18553,1
18554,1
18555,1
18556,1
18557,2
18558,1
18559,1
18560,2
18561,0
18562,2
18563,1
18564,1
18565,1
18566,1
18567,2
18568,2
18569,1
18570,2
18571,1
18572,0
18573,1
18574,1
18575,0
18576,1
18577,1
18578,1
18579,1
18580,1
18581,2
18582,1
18583,1
18584,1
18585,1
18586,1
18587,1
18588,1
18589,2
18590,1
18591,1
18592,1
18593,1
18594,1
18595,0
18596,1
18597,0
18598,1
18599,1
18600,1
18601,1
18602,1
18603,2
18604,1
18605,1
18606,1
18607,1
18608,1
18609,0
18610,0
18611,1
18612,0
18613,0
18614,2
18615,0
18616,2
18617,1
18618,1
18619,1
18620,1
18621,2
18622,1
18623,1
18624,2
18625,0
18626,1
18627,2
18628,2
18629,0
18630,1
18631,1
18632,0
18633,1
18634,1
18635,1
18636,1
18637,2
18638,1
18639,2
18640,1
18641,2
18642,1
18643,2
18644,1
18645,1
18646,1
18647,0
18648,2
18649,1
18650,0
18651,1
18652,1
18653,1
18654,1
18655,0
18656,2
18657,1
18658,2
18659,2
18660,1
18661,1
18662,1
18663,1
18664,1
18665,1
18666,1
18667,1
18668,1
18669,1
18670,0
18671,1
18672,2
18673,1
18674,0
18675,1
18676,1
18677,1
18678,2
18679,1
18680,1
18681,1
18682,1
18683,1
18684,2
18685,1
18686,2
18687,2
18688,1
18689,1
18690,1
18691,1
18692,0
18693,2
18694,2
18695,1
18696,2
18697,1
18698,1
18699,1
18700,0
18701,1
18702,1
18703,1
18704,2
18705,1
18706,2
18707,1
18708,1
18709,1
18710,1
18711,1
18712,1
18713,1
18714,1
18715,2
18716,1
18717,1
18718,1
18719,2
18720,1
18721,2
18722,1
18723,2
18724,1
18725,1
18726,1
18727,1
18728,0
18729,1
18730,2
18731,1
18732,1
18733,1
18734,1
18735,2
18736,1
18737,2
18738,2
18739,1
18740,0
18741,1
18742,1
18743,1
18744,2
18745,1
18746,1
18747,1
18748,1
18749,0
18750,2
18751,0
18752,2
18753,1
18754,2
18755,2
18756,1
18757,1
18758,1
18759,0
18760,2
18761,1
18762,1
18763,1
18764,1
18765,2
18766,1
18767,1
18768,1
18769,1
18770,2
18771,1
18772,2
18773,1
18774,2
18775,2
18776,1
18777,1
18778,1
18779,1
18780,1
18781,2
18782,2
18783,1
18784,2
18785,2
18786,0
18787,1
18788,1
18789,1
18790,2
18791,1
18792,1
18793,1
18794,1
18795,2
18796,2
18797,1
18798,1
18799,1
18800,1
18801,1
18802,1
18803,2
18804,1
18805,1
18806,1
18807,1
18808,1
18809,1
18810,1
18811,1
18812,0
18813,1
18814,1
18815,2
18816,2
18817,2
18818,1
18819,1
18820,1
18821,1
18822,1
18823,1
18824,1
18825,1
18826,1
18827,1
18828,1
18829,0
18830,1
18831,1
18832,1
18833,0
18834,2
18835,1
18836,2
18837,1
18838,1
18839,0
18840,1
18841,1
18842,1
18843,1
18844,1
18845,1
18846,0
18847,1
18848,1
18849,1
18850,1
18851,2
18852,1
18853,1
18854,0
18855,1
18856,2
18857,1
18858,1
18859,1
18860,1
18861,1
18862,1
18863,2
18864,1
18865,1
18866,1
18867,1
18868,0
18869,1
18870,0
18871,0
18872,1
18873,1
18874,1
18875,1
18876,1
18877,1
18878,1
18879,1
18880,2
18881,1
18882,2
18883,1
18884,1
18885,0
18886,1
18887,1
18888,1
18889,2
18890,1
18891,2
18892,2
18893,0
18894,1
18895,1
18896,1
18897,2
18898,1
18899,1
18900,1
18901,0
18902,2
18903,2
18904,1
18905,2
18906,1
18907,1
18908,1
18909,1
18910,2
18911,1
18912,2
18913,1
18914,1
18915,1
18916,0
18917,1
18918,1
18919,1
18920,1
18921,1
18922,1
18923,0
18924,2
18925,2
18926,1
18927,1
18928,1
18929,2
18930,2
18931,1
18932,1
18933,0
18934,1
18935,1
18936,0
18937,1
18938,1
18939,1
18940,2
18941,2
18942,1
18943,0
18944,1
18945,2
18946,1
18947,1
18948,2
18949,2
18950,1
18951,1
18952,0
18953,1
18954,0
18955,1
18956,1
18957,0
18958,0
18959,1
18960,1
18961,1
18962,2
18963,2
18964,1
18965,1
18966,1
18967,1
18968,1
18969,1
18970,1
18971,1
18972,2
18973,1
18974,2
18975,0
18976,1
18977,0
18978,1
18979,1
18980,1
18981,1
18982,1
18983,1
18984,2
18985,1
18986,1
18987,1
18988,0
18989,2
18990,1
18991,1
18992,2
18993,2
18994,2
18995,1
18996,1
18997,1
18998,1
18999,1
19000,1
19001,2
19002,1
19003,0
19004,0
19005,1
19006,1
19007,1
19008,1
19009,2
19010,1
19011,0
19012,1
19013,2
19014,0
19015,2
19016,2
19017,1
19018,1
19019,2
19020,0
19021,1
19022,1
19023,1
19024,1
19025,1
19026,1
19027,1
19028,2
19029,1
19030,1
19031,2
19032,2
19033,1
19034,1
19035,0
19036,1
19037,1
19038,1
19039,1
19040,2
19041,1
19042,1
19043,1
19044,0
19045,1
19046,1
19047,1
19048,1
19049,1
19050,0
19051,1
19052,2
19053,2
19054,2
19055,1
19056,2
19057,1
19058,1
19059,2
19060,1
19061,1
19062,1
19063,2
19064,2
19065,1
19066,1
19067,1
19068,2
19069,0
19070,2
19071,1
19072,1
19073,1
19074,2
19075,1
19076,1
19077,2
19078,2
19079,1
19080,2
19081,1
19082,1
19083,0
19084,2
19085,1
19086,1
19087,1
19088,1
19089,1
19090,1
19091,2
19092,1
19093,1
19094,0
19095,2
19096,1
19097,0
19098,0
19099,1
19100,1
19101,2
19102,0
19103,1
19104,2
19105,1
19106,2
19107,2
19108,1
19109,1
19110,1
19111,1
19112,0
19113,2
19114,1
19115,0
19116,1
19117,2
19118,1
19119,1
19120,1
19121,1
19122,0
19123,1
19124,1
19125,1
19126,1
19127,1
19128,1
19129,1
19130,1
19131,2
19132,0
19133,0
19134,2
19135,1
19136,1
19137,0
19138,1
19139,1
19140,2
19141,1
19142,1
19143,2
19144,1
19145,1
19146,1
19147,2
19148,1
19149,0
19150,1
19151,1
19152,1
19153,1
19154,1
19155,1
19156,0
19157,1
19158,1
19159,1
19160,2
19161,1
19162,1
19163,0
19164,1
19165,1
19166,0
19167,1
19168,0
19169,1
19170,1
19171,0
19172,1
19173,0
19174,1
19175,2
19176,2
19177,1
19178,2
19179,1
19180,2
19181,1
19182,2
19183,2
19184,2
19185,1
19186,2
19187,2
19188,1
19189,1
19190,0
19191,1
19192,1
19193,1
19194,2
19195,0
19196,1
19197,1
19198,1
19199,1
19200,1
19201,1
19202,2
19203,1
19204,1
19205,1
19206,1
19207,1
19208,1
19209,2
19210,1
19211,1
19212,2
19213,1
19214,1
19215,1
19216,1
19217,1
19218,2
19219,1
19220,2
19221,0
19222,1
19223,1
19224,1
19225,2
19226,0
19227,0
19228,1
19229,1
19230,2
19231,1
19232,2
19233,1
19234,1
19235,1
19236,1
19237,1
19238,1
19239,1
19240,1
19241,1
19242,1
19243,2
19244,1
19245,0
19246,1
19247,2
19248,2
19249,1
19250,2
19251,1
19252,1
19253,1
19254,2
19255,2
19256,1
19257,1
19258,1
19259,1
19260,1
19261,0
19262,2
19263,0
19264,0
19265,2
19266,1
19267,1
19268,1
19269,1
19270,1
19271,1
19272,1
19273,2
19274,1
19275,1
19276,1
19277,1
19278,1
19279,1
19280,1
19281,1
19282,1
19283,1
19284,2
19285,1
19286,2
19287,1
19288,1
19289,1
19290,2
19291,2
19292,1
19293,1
19294,1
19295,1
19296,1
19297,1
19298,1
19299,1
19300,1
19301,1
19302,1
19303,1
19304,0
19305,1
19306,2
19307,2
19308,1
19309,1
19310,0
19311,1
19312,2
19313,0
19314,1
19315,1
19316,1
19317,2
19318,2
19319,1
19320,1
19321,1
19322,1
19323,2
19324,1
19325,2
19326,1
19327,2
19328,1
19329,0
19330,2
19331,1
19332,0
19333,2
19334,1
19335,1
19336,2
19337,1
19338,1
19339,1
19340,1
19341,2
19342,2
19343,1
19344,1
19345,1
19346,2
19347,1
19348,1
19349,2
19350,2
19351,1
19352,1
19353,1
19354,1
19355,0
19356,0
19357,2
19358,0
19359,1
19360,1
19361,2
19362,1
19363,2
19364,1
19365,2
19366,0
19367,0
19368,1
19369,1
19370,1
19371,1
19372,1
19373,1
19374,1
19375,1
19376,1
19377,1
19378,1
19379,1
19380,1
19381,1
19382,1
19383,2
19384,1
19385,1
19386,1
19387,1
19388,1
19389,1
19390,2
19391,1
19392,1
19393,1
19394,2
19395,1
19396,0
19397,0
19398,1
19399,1
19400,2
19401,0
19402,0
19403,2
19404,0
19405,2
19406,1
19407,1
19408,1
19409,1
19410,1
19411,1
19412,1
19413,1
19414,0
19415,2
19416,1
19417,0
19418,0
19419,1
19420,1
19421,1
19422,1
19423,1
19424,1
19425,1
19426,1
19427,1
19428,1
19429,2
19430,1
19431,1
19432,0
19433,1
19434,1
19435,1
19436,1
19437,0
19438,2
19439,0
19440,1
19441,1
19442,1
19443,1
19444,1
19445,1
19446,1
19447,1
19448,1
19449,1
19450,1
19451,1
19452,2
19453,1
19454,0
19455,1
19456,0
19457,2
19458,1
19459,2
19460,1
19461,1
19462,1
19463,1
19464,0
19465,1
19466,1
19467,1
19468,2
19469,1
19470,2
19471,1
19472,1
19473,1
19474,2
19475,2
19476,2
19477,1
19478,1
19479,1
19480,1
19481,2
19482,1
19483,2
19484,1
19485,2
19486,1
19487,0
19488,1
19489,1
19490,1
19491,1
19492,1
19493,2
19494,1
19495,1
19496,1
19497,1
19498,2
19499,1
19500,1
19501,1
19502,2
19503,1
19504,0
19505,1
19506,1
19507,0
19508,2
19509,0
19510,1
19511,2
19512,2
19513,1
19514,0
19515,2
19516,1
19517,1
19518,1
19519,1
19520,1
19521,2
19522,1
19523,1
19524,1
19525,1
19526,2
19527,1
19528,1
19529,2
19530,1
19531,1
19532,1
19533,2
19534,1
19535,1
19536,1
19537,1
19538,1
19539,1
19540,1
19541,1
19542,1
19543,1
19544,1
19545,1
19546,1
19547,1
19548,2
19549,1
19550,1
19551,1
19552,2
19553,1
19554,1
19555,1
19556,2
19557,2
19558,1
19559,1
19560,1
19561,2
19562,1
19563,1
19564,1
19565,1
19566,1
19567,1
19568,1
19569,1
19570,1
19571,1
19572,1
19573,1
19574,2
19575,1
19576,1
19577,1
19578,0
19579,1
19580,1
19581,1
19582,1
19583,1
19584,1
19585,1
19586,2
19587,1
19588,1
19589,1
19590,1
19591,1
19592,0
19593,2
19594,1
19595,2
19596,1
19597,1
19598,1
19599,1
19600,2
19601,1
19602,1
19603,1
19604,1
19605,1
19606,2
19607,0
19608,1
19609,1
19610,1
19611,1
19612,2
19613,0
19614,1
19615,1
19616,1
19617,1
19618,0
19619,1
19620,1
19621,1
19622,1
19623,2
19624,0
19625,1
19626,1
19627,2
19628,1
19629,1
19630,1
19631,1
19632,1
19633,1
19634,2
19635,1
19636,2
19637,1
19638,1
19639,1
19640,1
19641,2
19642,1
19643,1
19644,0
19645,1
19646,1
19647,1
19648,2
19649,1
19650,2
19651,1
19652,1
19653,2
19654,1
19655,1
19656,2
19657,1
19658,1
19659,2
19660,2
19661,1
19662,1
19663,1
19664,1
19665,1
19666,0
19667,1
19668,1
19669,2
19670,1
19671,1
19672,1
19673,1
19674,1
19675,1
19676,1
19677,1
19678,0
19679,1
19680,1
19681,1
19682,1
19683,1
19684,1
19685,1
19686,1
19687,1
19688,0
19689,1
19690,2
19691,2
19692,0
19693,2
19694,2
19695,1
19696,1
19697,1
19698,1
19699,1
19700,0
19701,1
19702,0
19703,2
19704,1
19705,2
19706,1
19707,2
19708,1
19709,1
19710,1
19711,1
19712,1
19713,1
19714,2
19715,2
19716,1
19717,1
19718,1
19719,1
19720,1
19721,1
19722,1
19723,0
19724,1
19725,2
19726,1
19727,1
19728,1
19729,1
19730,1
19731,1
19732,1
19733,1
19734,1
19735,0
19736,2
19737,1
19738,1
19739,2
19740,1
19741,0
19742,1
19743,2
19744,2
19745,1
19746,1
19747,0
19748,1
19749,1
19750,2
19751,1
19752,2
19753,1
19754,1
19755,2
19756,1
19757,2
19758,1
19759,1
19760,0
19761,2
19762,2
19763,1
19764,2
19765,1
19766,1
19767,0
19768,1
19769,1
19770,1
19771,0
19772,1
19773,1
19774,2
19775,1
19776,2
19777,2
19778,1
19779,0
19780,2
19781,2
19782,2
19783,1
19784,1
19785,1
19786,1
19787,0
19788,1
19789,1
19790,1
19791,1
19792,2
19793,1
19794,0
19795,1
19796,0
19797,1
19798,1
19799,1
19800,1
19801,2
19802,1
19803,2
19804,1
19805,1
19806,1
19807,1
19808,2
19809,1
19810,2
19811,1
19812,1
19813,1
19814,1
19815,2
19816,0
19817,0
19818,1
19819,1
19820,1
19821,1
19822,1
19823,1
19824,1
19825,1
19826,0
19827,1
19828,1
19829,1
19830,1
19831,1
19832,1
19833,2
19834,2
19835,1
19836,1
19837,1
19838,2
19839,1
19840,1
19841,1
19842,2
19843,2
19844,2
19845,1
19846,0
19847,2
19848,0
19849,0
19850,1
19851,2
19852,1
19853,0
19854,2
19855,2
19856,1
19857,1
19858,1
19859,2
19860,1
19861,1
19862,1
19863,2
19864,1
19865,1
19866,0
19867,1
19868,1
19869,2
19870,1
19871,1
19872,1
19873,1
19874,1
19875,1
19876,1
19877,2
19878,1
19879,1
19880,1
19881,2
19882,2
19883,1
19884,0
19885,2
19886,1
19887,0
19888,1
19889,1
19890,1
19891,1
19892,2
19893,2
19894,0
19895,1
19896,1
19897,1
19898,2
19899,1
19900,1
19901,1
19902,1
19903,1
19904,1
19905,1
19906,1
19907,1
19908,1
19909,1
19910,0
19911,2
19912,2
19913,1
19914,2
19915,1
19916,1
19917,2
19918,0
19919,1
19920,1
19921,1
19922,2
19923,2
19924,1
19925,1
19926,1
19927,2
19928,1
19929,2
19930,1
19931,0
19932,2
19933,1
19934,1
19935,1
19936,1
19937,1
19938,1
19939,1
19940,1
19941,1
19942,1
19943,2
19944,2
19945,1
19946,1
19947,2
19948,1
19949,1
19950,1
19951,2
19952,1
19953,0
19954,2
19955,1
19956,1
19957,1
19958,2
19959,1
19960,1
19961,2
19962,1
19963,1
19964,2
19965,1
19966,1
19967,1
19968,1
19969,1
19970,1
19971,1
19972,1
19973,2
19974,2
19975,2
19976,1
19977,1
19978,1
19979,2
19980,0
19981,1
19982,1
19983,0
19984,2
19985,1
19986,1
19987,2
19988,2
19989,1
19990,1
19991,0
19992,1
19993,1
19994,1
19995,2
19996,2
19997,1
19998,2
19999,2
20000,1
20001,1
20002,1
20003,2
20004,1
20005,1
20006,1
20007,1
20008,1
20009,1
20010,1
20011,2
20012,0
20013,1
20014,1
20015,1
20016,1
20017,1
20018,1
20019,1
20020,1
20021,1
20022,2
20023,0
20024,1
20025,0
20026,2
20027,1
20028,1
20029,1
20030,1
20031,2
20032,0
20033,1
20034,1
20035,1
20036,0
20037,1
20038,2
20039,1
20040,1
20041,1
20042,1
20043,1
20044,1
20045,1
20046,2
20047,2
20048,1
20049,2
20050,1
20051,1
20052,0
20053,2
20054,1
20055,2
20056,1
20057,1
20058,1
20059,1
20060,2
20061,1
20062,1
20063,1
20064,2
20065,1
20066,1
20067,1
20068,1
20069,1
20070,1
20071,1
20072,1
20073,1
20074,1
20075,1
20076,1
20077,1
20078,1
20079,1
20080,1
20081,1
20082,0
20083,2
20084,1
20085,2
20086,1
20087,2
20088,2
20089,1
20090,1
20091,1
20092,2
20093,0
20094,1
20095,1
20096,1
20097,1
20098,2
20099,1
20100,1
20101,1
20102,1
20103,2
20104,1
20105,0
20106,2
20107,1
20108,1
20109,1
20110,1
20111,2
20112,2
20113,2
20114,1
20115,1
20116,1
20117,0
20118,0
20119,2
20120,1
20121,1
20122,1
20123,1
20124,2
20125,1
20126,1
20127,1
20128,1
20129,2
20130,1
20131,0
20132,0
20133,1
20134,1
20135,1
20136,1
20137,2
20138,1
20139,1
20140,1
20141,1
20142,2
20143,1
20144,1
20145,1
20146,1
20147,2
20148,2
20149,1
20150,1
20151,0
20152,1
20153,1
20154,0
20155,1
20156,2
20157,2
20158,1
20159,1
20160,2
20161,2
20162,1
20163,1
20164,1
20165,2
20166,1
20167,0
20168,1
20169,1
20170,1
20171,1
20172,2
20173,1
20174,1
20175,1
20176,0
20177,1
20178,2
20179,0
20180,2
20181,1
20182,2
20183,1
20184,1
20185,1
20186,1
20187,0
20188,1
20189,1
20190,1
20191,1
20192,0
20193,1
20194,1
20195,1
20196,1
20197,1
20198,0
20199,1
20200,2
20201,2
20202,1
20203,0
20204,1
20205,1
20206,1
20207,1
20208,2
20209,1
20210,1
20211,1
20212,1
20213,1
20214,1
20215,1
20216,1
20217,1
20218,1
20219,2
20220,1
20221,1
20222,1
20223,2
20224,2
20225,1
20226,1
20227,1
20228,2
20229,1
20230,0
20231,1
20232,1
20233,1
20234,2
20235,2
20236,2
20237,2
20238,2
20239,1
20240,1
20241,2
20242,1
20243,1
20244,1
20245,1
20246,1
20247,1
20248,1
20249,0
20250,1
20251,1
20252,1
20253,1
20254,1
20255,1
20256,1
20257,1
20258,1
20259,1
20260,0
20261,1
20262,1
20263,2
20264,1
20265,2
20266,2
20267,2
20268,1
20269,2
20270,1
20271,1
20272,2
20273,1
20274,1
20275,1
20276,1
20277,1
20278,1
20279,1
20280,0
20281,0
20282,1
20283,1
20284,2
20285,1
20286,2
20287,1
20288,1
20289,2
20290,1
20291,0
20292,0
20293,0
20294,1
20295,2
20296,1
20297,2
20298,2
20299,1
20300,2
20301,1
20302,1
20303,1
20304,0
20305,1
20306,0
20307,1
20308,1
20309,2
20310,2
20311,1
20312,0
20313,0
20314,0
20315,2
20316,1
20317,0
20318,1
20319,1
20320,1
20321,0
20322,2
20323,1
20324,2
20325,1
20326,1
20327,0
20328,1
20329,1
20330,2
20331,1
20332,2
20333,1
20334,1
20335,1
20336,2
20337,1
20338,2
20339,1
20340,2
20341,0
20342,2
20343,0
20344,1
20345,1
20346,1
20347,2
20348,1
20349,1
20350,1
20351,0
20352,2
20353,1
20354,1
20355,1
20356,2
20357,1
20358,1
20359,2
20360,2
20361,1
20362,1
20363,1
20364,1
20365,1
20366,1
20367,1
20368,1
20369,1
20370,1
20371,1
20372,1
20373,2
20374,0
20375,1
20376,1
20377,1
20378,1
20379,1
20380,1
20381,1
20382,1
20383,1
20384,1
20385,1
20386,1
20387,0
20388,1
20389,1
20390,1
20391,0
20392,2
20393,1
20394,2
20395,1
20396,1
20397,0
20398,1
20399,1
20400,1
20401,2
20402,0
20403,1
20404,1
20405,1
20406,1
20407,2
20408,0
20409,1
20410,1
20411,1
20412,1
20413,1
20414,1
20415,2
20416,1
20417,2
20418,2
20419,2
20420,2
20421,2
20422,1
20423,1
20424,1
20425,1
20426,1
20427,2
20428,1
20429,1
20430,1
20431,2
20432,0
20433,1
20434,1
20435,0
20436,1
20437,0
20438,1
20439,1
20440,1
20441,1
20442,1
20443,0
20444,1
20445,2
20446,1
20447,1
20448,1
20449,1
20450,1
20451,2
20452,1
20453,1
20454,0
20455,1
20456,1
20457,1
20458,2
20459,1
20460,1
20461,1
20462,1
20463,1
20464,1
20465,1
20466,1
20467,0
20468,1
20469,1
20470,1
20471,0
20472,2
20473,2
20474,2
20475,1
20476,2
20477,1
20478,0
20479,2
20480,1
20481,1
20482,1
20483,1
20484,0
20485,1
20486,0
20487,1
20488,2
20489,2
20490,1
20491,1
20492,1
20493,2
20494,1
20495,1
20496,1
20497,1
20498,2
20499,2
20500,1
20501,1
20502,1
20503,2
20504,1
20505,0
20506,1
20507,1
20508,2
20509,1
20510,1
20511,1
20512,1
20513,0
20514,0
20515,0
20516,1
20517,0
20518,2
20519,2
20520,2
20521,1
20522,1
20523,1
20524,2
20525,1
20526,2
20527,1
20528,0
20529,1
20530,2
20531,1
20532,1
20533,1
20534,1
20535,1
20536,1
20537,1
20538,0
20539,1
20540,1
20541,1
20542,1
20543,2
20544,2
20545,1
20546,0
20547,1
20548,1
20549,0
20550,2
20551,1
20552,0
20553,1
20554,2
20555,1
20556,1
20557,1
20558,1
20559,1
20560,2
20561,0
20562,1
20563,2
20564,1
20565,2
20566,1
20567,2
20568,1
20569,2
20570,1
20571,1
20572,1
20573,1
20574,2
20575,0
20576,1
20577,1
20578,1
20579,1
20580,1
20581,1
20582,1
20583,1
20584,0
20585,1
20586,1
20587,1
20588,0
20589,1
20590,0
20591,1
20592,1
20593,2
20594,1
20595,1
20596,1
20597,1
20598,1
20599,1
20600,1
20601,2
20602,2
20603,2
20604,2
20605,2
20606,0
20607,1
20608,2
20609,1
20610,2
20611,1
20612,2
20613,2
20614,1
20615,1
20616,1
20617,1
20618,0
20619,1
20620,1
20621,0
20622,1
20623,1
20624,1
20625,1
20626,1
20627,1
20628,2
20629,2
20630,1
20631,0
20632,2
20633,1
20634,1
20635,1
20636,1
20637,2
20638,0
20639,1
20640,1
20641,2
20642,2
20643,1
20644,1
20645,1
20646,1
20647,1
20648,2
20649,1
20650,1
20651,1
20652,1
20653,1
20654,1
20655,1
20656,1
20657,1
20658,2
20659,2
20660,1
20661,1
20662,1
20663,1
20664,2
20665,2
20666,1
20667,1
20668,1
20669,1
20670,1
20671,2
20672,1
20673,2
20674,2
20675,1
20676,1
20677,1
20678,1
20679,1
20680,1
20681,2
20682,2
20683,2
20684,1
20685,1
20686,1
20687,1
20688,2
20689,2
20690,1
20691,2
20692,1
20693,1
20694,1
20695,1
20696,0
20697,1
20698,2
20699,1
20700,0
20701,1
20702,1
20703,1
20704,1
20705,1
20706,2
20707,1
20708,1
20709,1
20710,1
20711,1
20712,1
20713,1
20714,2
20715,1
20716,1
20717,1
20718,1
20719,1
20720,1
20721,1
20722,1
20723,1
20724,2
20725,2
20726,1
20727,1
20728,1
20729,1
20730,2
20731,1
20732,2
20733,1
20734,2
20735,1
20736,0
20737,2
20738,0
20739,0
20740,1
20741,1
20742,2
20743,0
20744,1
20745,0
20746,2
20747,2
20748,1
20749,1
20750,1
20751,1
20752,1
20753,1
20754,2
20755,1
20756,1
20757,0
20758,1
20759,2
20760,1
20761,1
20762,1
20763,1
20764,1
20765,1
20766,2
20767,1
20768,1
20769,1
20770,2
20771,2
20772,1
20773,2
20774,1
20775,1
20776,1
20777,1
20778,1
20779,1
20780,1
20781,1
20782,1
20783,1
20784,1
20785,0
20786,2
20787,1
20788,0
20789,2
20790,2
20791,1
20792,1
20793,2
20794,0
20795,1
20796,0
20797,1
20798,0
20799,1
20800,1
20801,1
20802,2
20803,1
20804,1
20805,1
20806,1
20807,1
20808,0
20809,1
20810,1
20811,1
20812,2
20813,2
20814,1
20815,1
20816,1
20817,0
20818,1
20819,2
20820,1
20821,2
20822,1
20823,2
20824,2
20825,1
20826,1
20827,1
20828,2
20829,1
20830,1
20831,1
20832,2
20833,1
20834,1
20835,2
20836,1
20837,0
20838,1
20839,0
20840,2
20841,1
20842,1
20843,1
20844,1
20845,2
20846,2
20847,1
20848,1
20849,1
20850,1
20851,1
20852,1
20853,1
20854,2
20855,1
20856,1
20857,2
20858,1
20859,1
20860,1
20861,1
20862,2
20863,1
20864,1
20865,2
20866,1
20867,2
20868,0
20869,1
20870,1
20871,1
20872,1
20873,1
20874,2
20875,1
20876,0
20877,1
20878,1
20879,1
20880,1
20881,1
20882,1
20883,1
20884,0
20885,1
20886,2
20887,1
20888,2
20889,1
20890,0
20891,1
20892,1
20893,2
20894,1
20895,2
20896,0
20897,1
20898,1
20899,1
20900,0
20901,1
20902,2
20903,1
20904,1
20905,0
20906,1
20907,1
20908,1
20909,1
20910,0
20911,0
20912,1
20913,1
20914,1
20915,1
20916,1
20917,1
20918,1
20919,1
20920,2
20921,1
20922,1
20923,0
20924,0
20925,1
20926,1
20927,1
20928,1
20929,1
20930,2
20931,1
20932,1
20933,1
20934,1
20935,1
20936,1
20937,0
20938,2
20939,1
20940,1
20941,1
20942,1
20943,1
20944,0
20945,1
20946,0
20947,1
20948,1
20949,2
20950,1
20951,1
20952,1
20953,1
20954,1
20955,1
20956,1
20957,1
20958,1
20959,1
20960,1
20961,2
20962,2
20963,1
20964,1
20965,1
20966,1
20967,2
20968,1
20969,1
20970,2
20971,2
20972,1
20973,1
20974,0
20975,1
20976,2
20977,2
20978,1
20979,1
20980,0
20981,1
20982,0
20983,2
20984,2
20985,1
20986,1
20987,2
20988,1
20989,1
20990,1
20991,2
20992,1
20993,1
20994,1
20995,2
20996,0
20997,1
20998,0
20999,1
21000,1
21001,1
21002,2
21003,1
21004,0
21005,2
21006,1
21007,2
21008,1
21009,2
21010,1
21011,2
21012,2
21013,2
21014,0
21015,2
21016,2
21017,2
21018,1
21019,1
21020,1
21021,1
21022,2
21023,1
21024,1
21025,0
21026,2
21027,1
21028,1
21029,1
21030,1
21031,0
21032,0
21033,1
21034,1
21035,2
21036,1
21037,2
21038,2
21039,1
21040,1
21041,2
21042,1
21043,2
21044,1
21045,1
21046,1
21047,1
21048,1
21049,2
21050,1
21051,1
21052,1
21053,2
21054,0
21055,2
21056,1
21057,1
21058,1
21059,1
21060,2
21061,2
21062,2
21063,1
21064,2
21065,1
21066,2
21067,1
21068,1
21069,1
21070,1
21071,1
21072,1
21073,2
21074,1
21075,1
21076,2
21077,0
21078,1
21079,1
21080,2
21081,1
21082,0
21083,1
21084,1
21085,2
21086,1
21087,1
21088,2
21089,0
21090,1
21091,0
21092,1
21093,1
21094,1
21095,2
21096,1
21097,1
21098,1
21099,2
21100,1
21101,1
21102,1
21103,1
21104,1
21105,2
21106,1
21107,2
21108,2
21109,1
21110,1
21111,1
21112,2
21113,1
21114,1
21115,1
21116,2
21117,1
21118,2
21119,1
21120,2
21121,0
21122,1
21123,2
21124,1
21125,2
21126,2
21127,1
21128,1
21129,1
21130,1
21131,1
21132,1
21133,1
21134,1
21135,2
21136,2
21137,0
21138,1
21139,0
21140,2
21141,1
21142,1
21143,0
21144,1
21145,2
21146,1
21147,1
21148,2
21149,1
21150,1
21151,2
21152,2
21153,1
21154,1
21155,1
21156,1
21157,2
21158,1
21159,1
21160,1
21161,1
21162,1
21163,0
21164,1
21165,1
21166,0
21167,2
21168,1
21169,0
21170,1
21171,1
21172,1
21173,2
21174,1
21175,0
21176,2
21177,2
21178,2
21179,1
21180,1
21181,1
21182,1
21183,1
21184,2
21185,1
21186,1
21187,1
21188,1
21189,1
21190,2
21191,1
21192,1
21193,1
21194,0
21195,1
21196,1
21197,1
21198,1
21199,2
21200,1
21201,1
21202,0
21203,1
21204,1
21205,0
21206,1
21207,1
21208,1
21209,0
21210,1
21211,2
21212,1
21213,0
21214,1
21215,1
21216,2
21217,1
21218,1
21219,0
21220,1
21221,1
21222,1
21223,2
21224,1
21225,1
21226,1
21227,2
21228,1
21229,1
21230,1
21231,1
21232,1
21233,0
21234,1
21235,1
21236,1
21237,1
21238,0
21239,1
21240,2
21241,2
21242,1
21243,1
21244,0
21245,1
21246,1
21247,0
21248,2
21249,1
21250,1
21251,1
21252,2
21253,1
21254,1
21255,2
21256,2
21257,0
21258,0
21259,0
21260,2
21261,2
21262,1
21263,1
21264,0
21265,1
21266,2
21267,1
21268,2
21269,1
21270,1
21271,1
21272,1
21273,1
21274,1
21275,0
21276,1
21277,1
21278,0
21279,1
21280,2
21281,1
21282,1
21283,1
21284,0
21285,2
21286,2
21287,1
21288,0
21289,1
21290,0
21291,1
21292,1
21293,2
21294,2
21295,1
21296,1
21297,1
21298,1
21299,1
21300,1
21301,1
21302,2
21303,0
21304,2
21305,1
21306,1
21307,2
21308,1
21309,1
21310,1
21311,1
21312,2
21313,1
21314,1
21315,1
21316,0
21317,1
21318,1
21319,1
21320,1
21321,2
21322,1
21323,1
21324,1
21325,1
21326,1
21327,2
21328,1
21329,1
21330,2
21331,1
21332,2
21333,1
21334,1
21335,2
21336,1
21337,0
21338,1
21339,1
21340,1
21341,1
21342,2
21343,1
21344,1
21345,1
21346,1
21347,2
21348,1
21349,1
21350,1
21351,0
21352,1
21353,1
21354,1
21355,1
21356,1
21357,1
21358,1
21359,1
21360,1
21361,1
21362,1
21363,2
21364,1
21365,1
21366,1
21367,2
21368,2
21369,1
21370,2
21371,1
21372,1
21373,2
21374,2
21375,1
21376,1
21377,2
21378,1
21379,1
21380,1
21381,1
21382,2
21383,1
21384,1
21385,1
21386,1
21387,1
21388,1
21389,1
21390,1
21391,1
21392,1
21393,2
21394,1
21395,1
21396,1
21397,1
21398,1
21399,1
21400,0
21401,1
21402,2
21403,1
21404,1
21405,0
21406,1
21407,1
21408,1
21409,1
21410,1
21411,2
21412,1
21413,1
21414,1
21415,2
21416,1
21417,1
21418,1
21419,1
21420,1
21421,2
21422,1
21423,1
21424,2
21425,1
21426,1
21427,1
21428,0
21429,1
21430,1
21431,1
21432,2
21433,2
21434,2
21435,1
21436,1
21437,0
21438,2
21439,1
21440,1
21441,2
21442,1
21443,1
21444,1
21445,1
21446,1
21447,1
21448,1
21449,1
21450,1
21451,2
21452,1
21453,2
21454,2
21455,1
21456,1
21457,2
21458,1
21459,1
21460,1
21461,0
21462,1
21463,2
21464,1
21465,1
21466,1
21467,1
21468,0
21469,0
21470,1
21471,2
21472,0
21473,1
21474,1
21475,2
21476,1
21477,0
21478,1
21479,2
21480,1
21481,2
21482,1
21483,1
21484,1
21485,1
21486,1
21487,1
21488,1
21489,1
21490,2
21491,1
21492,1
21493,1
21494,1
21495,1
21496,1
21497,2
21498,1
21499,0
21500,1
21501,2
21502,1
21503,2
21504,1
21505,1
21506,2
21507,1
21508,1
21509,1
21510,2
21511,0
21512,1
21513,1
21514,2
21515,2
21516,2
21517,0
21518,1
21519,1
21520,2
21521,1
21522,1
21523,1
21524,1
21525,1
21526,1
21527,1
21528,2
21529,2
21530,1
21531,1
21532,0
21533,1
21534,1
21535,0
21536,2
21537,0
21538,2
21539,1
21540,2
21541,2
21542,1
21543,1
21544,2
21545,1
21546,1
21547,2
21548,0
21549,0
21550,1
21551,0
21552,2
21553,1
21554,2
21555,0
21556,1
21557,1
21558,1
21559,1
21560,1
21561,1
21562,2
21563,1
21564,1
21565,1
21566,2
21567,1
21568,1
21569,1
21570,0
21571,2
21572,1
21573,2
21574,1
21575,1
21576,0
21577,1
21578,0
21579,1
21580,1
21581,1
21582,1
21583,1
21584,1
21585,1
21586,0
21587,2
21588,1
21589,1
21590,1
21591,2
21592,1
21593,2
21594,1
21595,1
21596,1
21597,2
21598,1
21599,1
21600,2
21601,1
21602,2
21603,1
21604,1
21605,2
21606,0
21607,0
21608,1
21609,1
21610,1
21611,2
21612,1
21613,1
21614,1
21615,2
21616,2
21617,0
21618,1
21619,2
21620,1
21621,1
21622,1
21623,1
21624,1
21625,1
21626,1
21627,1
21628,2
21629,1
21630,1
21631,1
21632,1
21633,1
21634,0
21635,1
21636,1
21637,1
21638,1
21639,1
21640,1
21641,1
21642,0
21643,1
21644,1
21645,1
21646,1
21647,1
21648,1
21649,1
21650,1
21651,1
21652,1
21653,1
21654,0
21655,2
21656,1
21657,1
21658,1
21659,1
21660,1
21661,1
21662,1
21663,1
21664,2
21665,0
21666,2
21667,1
21668,2
21669,1
21670,1
21671,0
21672,2
21673,1
21674,0
21675,1
21676,1
21677,0
21678,2
21679,2
21680,2
21681,1
21682,1
21683,2
21684,1
21685,1
21686,0
21687,1
21688,1
21689,1
21690,1
21691,2
21692,0
21693,1
21694,0
21695,1
21696,1
21697,2
21698,1
21699,1
21700,1
21701,1
21702,1
21703,1
21704,1
21705,0
21706,1
21707,1
21708,1
21709,1
21710,2
21711,2
21712,1
21713,1
21714,1
21715,1
21716,1
21717,2
21718,0
21719,1
21720,2
21721,0
21722,1
21723,1
21724,1
21725,0
21726,1
21727,0
21728,1
21729,1
21730,1
21731,1
21732,2
21733,1
21734,0
21735,1
21736,1
21737,1
21738,1
21739,0
21740,2
21741,2
21742,1
21743,1
21744,1
21745,1
21746,2
21747,1
21748,1
21749,0
21750,1
21751,2
21752,2
21753,1
21754,0
21755,1
21756,1
21757,0
21758,1
21759,1
21760,2
21761,0
21762,0
21763,1
21764,1
21765,2
21766,1
21767,0
21768,0
21769,0
21770,1
21771,1
21772,1
21773,1
21774,1
21775,1
21776,1
21777,2
21778,1
21779,2
21780,0
21781,2
21782,1
21783,1
21784,1
21785,0
21786,1
21787,1
21788,1
21789,2
21790,1
21791,1
21792,1
21793,2
21794,1
21795,2
21796,1
21797,1
21798,2
21799,2
21800,1
21801,1
21802,1
21803,2
21804,1
21805,0
21806,1
21807,1
21808,0
21809,1
21810,1
21811,1
21812,1
21813,1
21814,0
21815,2
21816,1
21817,1
21818,0
21819,1
21820,1
21821,0
21822,0
21823,2
21824,1
21825,0
21826,1
21827,0
21828,0
21829,1
21830,1
21831,1
21832,0
21833,1
21834,1
21835,1
21836,1
21837,2
21838,1
21839,1
21840,1
21841,1
21842,0
21843,1
21844,2
21845,1
21846,1
21847,1
21848,1
21849,1
21850,1
21851,1
21852,2
21853,0
21854,1
21855,1
21856,1
21857,1
21858,0
21859,1
21860,2
21861,1
21862,2
21863,2
21864,1
21865,1
21866,1
21867,2
21868,1
21869,0
21870,0
21871,1
21872,1
21873,1
21874,1
21875,1
21876,2
21877,1
21878,1
21879,2
21880,1
21881,1
21882,1
21883,1
21884,1
21885,0
21886,1
21887,1
21888,1
21889,1
21890,1
21891,1
21892,2
21893,1
21894,1
21895,0
21896,1
21897,1
21898,2
21899,2
21900,1
21901,1
21902,1
21903,0
21904,1
21905,1
21906,1
21907,1
21908,0
21909,1
21910,1
21911,1
21912,0
21913,1
21914,1
21915,1
21916,1
21917,2
21918,1
21919,0
21920,1
21921,1
21922,1
21923,1
21924,1
21925,1
21926,1
21927,1
21928,1
21929,1
21930,1
21931,1
21932,1
21933,1
21934,1
21935,0
21936,1
21937,1
21938,1
21939,0
21940,1
21941,1
21942,1
21943,1
21944,1
21945,1
21946,1
21947,1
21948,2
21949,1
21950,1
21951,1
21952,1
21953,1
21954,1
21955,1
21956,1
21957,2
21958,1
21959,1
21960,1
21961,2
21962,1
21963,2
21964,1
21965,1
21966,1
21967,1
21968,1
21969,1
21970,1
21971,1
21972,0
21973,1
21974,1
21975,1
21976,2
21977,2
21978,1
21979,1
21980,2
21981,1
21982,2
21983,0
21984,1
21985,1
21986,1
21987,0
21988,0
21989,1
21990,1
21991,1
21992,1
21993,1
21994,1
21995,1
21996,1
21997,2
21998,1
21999,1
22000,0
22001,1
22002,1
22003,1
22004,1
22005,1
22006,1
22007,2
22008,1
22009,1
22010,1
22011,1
22012,1
22013,1
22014,1
22015,1
22016,1
22017,1
22018,1
22019,1
22020,1
22021,1
22022,1
22023,0
22024,1
22025,1
22026,1
22027,1
22028,1
22029,1
22030,2
22031,1
22032,2
22033,1
22034,1
22035,1
22036,1
22037,1
22038,0
22039,2
22040,1
22041,1
22042,0
22043,2
22044,1
22045,0
22046,1
22047,1
22048,2
22049,1
22050,0
22051,1
22052,2
22053,1
22054,1
22055,2
22056,1
22057,2
22058,1
22059,2
22060,0
22061,0
22062,1
22063,1
22064,2
22065,1
22066,1
22067,1
22068,1
22069,1
22070,1
22071,1
22072,1
22073,1
22074,1
22075,0
22076,0
22077,1
22078,2
22079,1
22080,1
22081,2
22082,2
22083,2
22084,2
22085,1
22086,1
22087,0
22088,2
22089,1
22090,1
22091,1
22092,1
22093,0
22094,1
22095,2
22096,2
22097,1
22098,1
22099,1
22100,1
22101,2
22102,0
22103,1
22104,1
22105,1
22106,1
22107,1
22108,1
22109,2
22110,1
22111,2
22112,0
22113,1
22114,1
22115,0
22116,1
22117,1
22118,0
22119,1
22120,0
22121,1
22122,0
22123,1
22124,1
22125,1
22126,0
22127,2
22128,2
22129,1
22130,1
22131,1
22132,2
22133,1
22134,1
22135,1
22136,1
22137,0
22138,1
22139,1
22140,1
22141,2
22142,1
22143,0
22144,2
22145,1
22146,2
22147,1
22148,1
22149,1
22150,1
22151,1
22152,1
22153,1
22154,1
22155,0
22156,1
22157,1
22158,2
22159,1
22160,2
22161,2
22162,1
22163,1
22164,1
22165,1
22166,2
22167,0
22168,1
22169,1
22170,1
22171,1
22172,2
22173,1
22174,0
22175,1
22176,1
22177,2
22178,1
22179,1
22180,2
22181,1
22182,2
22183,0
22184,1
22185,1
22186,1
22187,1
22188,2
22189,1
22190,1
22191,1
22192,1
22193,1
22194,1
22195,1
22196,1
22197,1
22198,1
22199,1
22200,1
22201,2
22202,1
22203,1
22204,2
22205,1
22206,1
22207,1
22208,2
22209,1
22210,1
22211,1
22212,2
22213,2
22214,1
22215,1
22216,1
22217,2
22218,1
22219,1
22220,2
22221,0
22222,1
22223,1
22224,1
22225,0
22226,2
22227,1
22228,2
22229,1
22230,1
22231,0
22232,1
22233,2
22234,1
22235,1
22236,1
22237,1
22238,2
22239,1
22240,1
22241,1
22242,1
22243,0
22244,0
22245,1
22246,1
22247,2
22248,1
22249,1
22250,1
22251,1
22252,2
22253,1
22254,1
22255,2
22256,0
22257,2
22258,0
22259,1
22260,1
22261,1
22262,1
22263,1
22264,2
22265,2
22266,1
22267,2
22268,1
22269,1
22270,1
22271,1
22272,0
22273,0
22274,0
22275,1
22276,0
22277,1
22278,0
22279,1
22280,0
22281,1
22282,0
22283,0
22284,1
22285,1
22286,2
22287,1
22288,1
22289,2
22290,1
22291,2
22292,2
22293,1
22294,1
22295,2
22296,1
22297,2
22298,1
22299,1
22300,1
22301,2
22302,2
22303,2
22304,1
22305,1
22306,2
22307,1
22308,1
22309,2
22310,2
22311,1
22312,2
22313,0
22314,1
22315,1
22316,1
22317,0
22318,2
22319,2
22320,0
22321,0
22322,0
22323,1
22324,0
22325,1
22326,1
22327,1
22328,1
22329,2
22330,1
22331,2
22332,0
22333,2
22334,1
22335,1
22336,2
22337,1
22338,1
22339,1
22340,1
22341,1
22342,1
22343,1
22344,1
22345,2
22346,2
22347,1
22348,1
22349,1
22350,1
22351,2
22352,2
22353,2
22354,1
22355,2
22356,2
22357,1
22358,2
22359,1
22360,1
22361,1
22362,2
22363,1
22364,1
22365,1
22366,0
22367,1
22368,1
22369,1
22370,0
22371,1
22372,1
22373,2
22374,1
22375,0
22376,1
22377,2
22378,1
22379,1
22380,2
22381,1
22382,1
22383,0
22384,1
22385,1
22386,1
22387,1
22388,0
22389,1
22390,1
22391,1
22392,1
22393,1
22394,1
22395,2
22396,1
22397,2
22398,1
22399,1
22400,0
22401,0
22402,1
22403,1
22404,0
22405,0
22406,2
22407,0
22408,1
22409,1
22410,1
22411,1
22412,1
22413,1
22414,1
22415,1
22416,0
22417,0
22418,1
22419,2
22420,2
22421,1
22422,2
22423,0
22424,1
22425,1
22426,2
22427,1
22428,2
22429,1
22430,1
22431,1
22432,0
22433,1
22434,1
22435,1
22436,1
22437,0
22438,1
22439,1
22440,0
22441,1
22442,2
22443,2
22444,1
22445,1
22446,1
22447,2
22448,0
22449,1
22450,0
22451,1
22452,1
22453,1
22454,2
22455,1
22456,1
22457,2
22458,1
22459,1
22460,1
22461,1
22462,1
22463,0
22464,0
22465,2
22466,1
22467,1
22468,0
22469,1
22470,1
22471,1
22472,1
22473,1
22474,1
22475,0
22476,2
22477,1
22478,1
22479,1
22480,1
22481,0
22482,1
22483,1
22484,1
22485,1
22486,1
22487,1
22488,2
22489,1
22490,1
22491,1
22492,1
22493,0
22494,1
22495,1
22496,2
22497,0
22498,1
22499,1
22500,1
22501,1
22502,1
22503,0
22504,2
22505,1
22506,2
22507,2
22508,1
22509,1
22510,1
22511,1
22512,1
22513,0
22514,1
22515,2
22516,2
22517,1
22518,0
22519,0
22520,2
22521,2
22522,0
22523,1
22524,0
22525,0
22526,2
22527,2
22528,2
22529,1
22530,1
22531,0
22532,2
22533,0
22534,0
22535,1
22536,2
22537,1
22538,0
22539,0
22540,1
22541,2
22542,1
22543,1
22544,1
22545,1
22546,1
22547,1
22548,2
22549,1
22550,1
22551,1
22552,0
22553,2
22554,2
22555,1
22556,2
22557,1
22558,2
22559,2
22560,2
22561,2
22562,1
22563,2
22564,0
22565,1
22566,1
22567,1
22568,1
22569,1
22570,2
22571,1
22572,1
22573,2
22574,1
22575,1
22576,2
22577,1
22578,1
22579,2
22580,1
22581,0
22582,1
22583,1
22584,1
22585,2
22586,1
22587,1
22588,1
22589,1
22590,0
22591,0
22592,2
22593,1
22594,1
22595,2
22596,0
22597,1
22598,2
22599,2
22600,1
22601,1
22602,2
22603,2
22604,0
22605,1
22606,1
22607,2
22608,1
22609,1
22610,0
22611,2
22612,1
22613,0
22614,1
22615,2
22616,2
22617,2
22618,1
22619,1
22620,1
22621,1
22622,1
22623,1
22624,1
22625,0
22626,1
22627,1
22628,1
22629,2
22630,1
22631,1
22632,1
22633,2
22634,1
22635,1
22636,1
22637,1
22638,0
22639,1
22640,1
22641,1
22642,1
22643,1
22644,1
22645,1
22646,1
22647,1
22648,1
22649,1
22650,1
22651,1
22652,2
22653,1
22654,1
22655,0
22656,0
22657,1
22658,1
22659,1
22660,1
22661,2
22662,2
22663,1
22664,1
22665,2
22666,1
22667,1
22668,2
22669,1
22670,1
22671,2
22672,2
22673,1
22674,2
22675,0
22676,2
22677,2
22678,1
22679,1
22680,1
22681,0
22682,0
22683,2
22684,1
22685,1
22686,1
22687,1
22688,0
22689,2
22690,1
22691,1
22692,0
22693,2
22694,1
22695,1
22696,2
22697,1
22698,1
22699,1
22700,1
22701,1
22702,1
22703,1
22704,2
22705,1
22706,2
22707,1
22708,1
22709,1
22710,1
22711,1
22712,1
22713,2
22714,1
22715,1
22716,1
22717,1
22718,2
22719,1
22720,2
22721,1
22722,1
22723,1
22724,2
22725,1
22726,0
22727,1
22728,1
22729,1
22730,2
22731,1
22732,1
22733,1
22734,1
22735,0
22736,1
22737,1
22738,2
22739,1
22740,1
22741,2
22742,0
22743,1
22744,1
22745,1
22746,1
22747,1
22748,1
22749,1
22750,1
22751,1
22752,1
22753,1
22754,1
22755,1
22756,2
22757,1
22758,1
22759,2
22760,1
22761,1
22762,1
22763,1
22764,1
22765,1
22766,2
22767,1
22768,0
22769,2
22770,1
22771,1
22772,1
22773,1
22774,1
22775,1
22776,0
22777,1
22778,2
22779,1
22780,1
22781,0
22782,0
22783,1
22784,1
22785,1
22786,1
22787,1
22788,0
22789,2
22790,2
22791,1
22792,2
22793,1
22794,2
22795,1
22796,1
22797,1
22798,0
22799,1
22800,0
22801,0
22802,1
22803,1
22804,2
22805,1
22806,2
22807,2
22808,1
22809,0
22810,1
22811,2
22812,1
22813,2
22814,1
22815,2
22816,1
22817,1
22818,1
22819,1
22820,1
22821,1
22822,1
22823,2
22824,1
22825,2
22826,1
22827,1
22828,2
22829,2
22830,1
22831,2
22832,1
22833,1
22834,1
22835,1
22836,1
22837,2
22838,1
22839,1
22840,1
22841,1
22842,2
22843,1
22844,1
22845,1
22846,0
22847,1
22848,0
22849,1
22850,1
22851,1
22852,0
22853,1
22854,1
22855,1
22856,1
22857,1
22858,1
22859,2
22860,2
22861,2
22862,2
22863,1
22864,2
22865,0
22866,1
22867,1
22868,1
22869,1
22870,2
22871,1
22872,1
22873,1
22874,1
22875,1
22876,1
22877,2
22878,2
22879,2
22880,1
22881,1
22882,1
22883,1
22884,1
22885,1
22886,1
22887,1
22888,1
22889,1
22890,1
22891,1
22892,0
22893,2
22894,1
22895,0
22896,2
22897,1
22898,1
22899,2
22900,0
22901,0
22902,1
22903,1
22904,1
22905,1
22906,0
22907,0
22908,2
22909,1
22910,1
22911,1
22912,1
22913,2
22914,1
22915,1
22916,1
22917,1
22918,2
22919,1
22920,1
22921,1
22922,2
22923,1
22924,1
22925,2
22926,0
22927,1
22928,0
22929,1
22930,1
22931,2
22932,0
22933,1
22934,1
22935,1
22936,1
22937,1
22938,2
22939,1
22940,1
22941,2
22942,1
22943,1
22944,1
22945,1
22946,2
22947,1
22948,1
22949,1
22950,0
22951,2
22952,1
22953,1
22954,1
22955,0
22956,1
22957,1
22958,1
22959,1
22960,1
22961,0
22962,1
22963,0
22964,1
22965,1
22966,1
22967,1
22968,2
22969,2
22970,1
22971,1
22972,1
22973,1
22974,1
22975,0
22976,1
22977,1
22978,1
22979,0
22980,1
22981,1
22982,1
22983,2
22984,1
22985,1
22986,1
22987,1
22988,0
22989,1
22990,1
22991,1
22992,2
22993,0
22994,1
22995,1
22996,2
22997,1
22998,2
22999,2
23000,2
23001,1
23002,1
23003,2
23004,2
23005,1
23006,2
23007,1
23008,1
23009,0
23010,1
23011,1
23012,1
23013,1
23014,1
23015,1
23016,1
23017,2
23018,1
23019,0
23020,1
23021,2
23022,1
23023,1
23024,1
23025,1
23026,0
23027,1
23028,2
23029,1
23030,1
23031,1
23032,1
23033,1
23034,0
23035,1
23036,1
23037,1
23038,1
23039,0
23040,1
23041,1
23042,1
23043,1
23044,0
23045,2
23046,2
23047,1
23048,2
23049,2
23050,2
23051,1
23052,1
23053,0
23054,1
23055,2
23056,1
23057,0
23058,1
23059,1
23060,2
23061,1
23062,1
23063,1
23064,2
23065,1
23066,1
23067,0
23068,1
23069,2
23070,1
23071,2
23072,1
23073,2
23074,0
23075,0
23076,1
23077,0
23078,2
23079,1
23080,1
23081,1
23082,2
23083,1
23084,2
23085,0
23086,0
23087,0
23088,1
23089,1
23090,1
23091,1
23092,0
23093,1
23094,1
23095,1
23096,1
23097,1
23098,2
23099,1
23100,1
23101,1
23102,1
23103,2
23104,1
23105,1
23106,2
23107,2
23108,1
23109,1
23110,1
23111,1
23112,1
23113,1
23114,0
23115,1
23116,0
23117,1
23118,2
23119,1
23120,2
23121,2
23122,1
23123,1
23124,2
23125,2
23126,1
23127,1
23128,1
23129,0
23130,1
23131,1
23132,1
23133,1
23134,1
23135,0
23136,0
23137,1
23138,2
23139,2
23140,1
23141,1
23142,0
23143,1
23144,0
23145,1
23146,1
23147,1
23148,1
23149,2
23150,2
23151,2
23152,2
23153,2
23154,1
23155,1
23156,2
23157,1
23158,0
23159,1
23160,2
23161,1
23162,1
23163,2
23164,1
23165,1
23166,2
23167,2
23168,1
23169,1
23170,1
23171,2
23172,1
23173,1
23174,0
23175,2
23176,2
23177,1
23178,2
23179,2
23180,2
23181,0
23182,1
23183,1
23184,1
23185,1
23186,2
23187,1
23188,1
23189,1
23190,1
23191,1
23192,1
23193,1
23194,1
23195,2
23196,2
23197,1
23198,1
23199,1
23200,2
23201,1
23202,1
23203,1
23204,1
23205,1
23206,1
23207,2
23208,1
23209,1
23210,0
23211,1
23212,1
23213,0
23214,0
23215,1
23216,1
23217,1
23218,2
23219,2
23220,2
23221,1
23222,0
23223,1
23224,1
23225,0
23226,0
23227,1
23228,2
23229,2
23230,1
23231,1
23232,1
23233,1
23234,2
23235,1
23236,2
23237,1
23238,1
23239,1
23240,1
23241,1
23242,1
23243,1
23244,1
23245,2
23246,2
23247,1
23248,1
23249,2
23250,0
23251,1
23252,1
23253,1
23254,1
23255,1
23256,0
23257,1
23258,1
23259,1
23260,1
23261,1
23262,1
23263,0
23264,2
23265,1
23266,1
23267,1
23268,1
23269,1
23270,1
23271,1
23272,1
23273,1
23274,1
23275,0
23276,1
23277,1
23278,1
23279,1
23280,0
23281,1
23282,1
23283,1
23284,1
23285,1
23286,1
23287,1
23288,1
23289,1
23290,1
23291,1
23292,1
23293,1
23294,1
23295,1
23296,2
23297,2
23298,1
23299,1
23300,0
23301,1
23302,1
23303,1
23304,1
23305,1
23306,1
23307,0
23308,2
23309,2
23310,1
23311,2
23312,1
23313,1
23314,2
23315,1
23316,1
23317,2
23318,1
23319,1
23320,1
23321,1
23322,1
23323,1
23324,1
23325,1
23326,1
23327,1
23328,0
23329,1
23330,0
23331,2
23332,2
23333,0
23334,0
23335,1
23336,1
23337,1
23338,1
23339,0
23340,1
23341,2
23342,1
23343,1
23344,1
23345,1
23346,1
23347,1
23348,1
23349,1
23350,1
23351,1
23352,1
23353,1
23354,1
23355,2
23356,1
23357,1
23358,1
23359,1
23360,1
23361,1
23362,0
23363,1
23364,1
23365,1
23366,1
23367,1
23368,1
23369,1
23370,1
23371,2
23372,2
23373,1
23374,2
23375,0
23376,1
23377,2
23378,1
23379,1
23380,0
23381,1
23382,0
23383,1
23384,1
23385,0
23386,1
23387,1
23388,2
23389,0
23390,1
23391,0
23392,1
23393,1
23394,1
23395,2
23396,0
23397,1
23398,2
23399,2
23400,2
23401,2
23402,1
23403,2
23404,2
23405,2
23406,1
23407,1
23408,1
23409,2
23410,1
23411,1
23412,1
23413,1
23414,0
23415,0
23416,1
23417,2
23418,1
23419,1
23420,1
23421,1
23422,1
23423,2
23424,1
23425,2
23426,0
23427,1
23428,2
23429,1
23430,1
23431,2
23432,2
23433,1
23434,0
23435,1
23436,1
23437,1
23438,2
23439,1
23440,1
23441,2
23442,1
23443,1
23444,1
23445,1
23446,1
23447,1
23448,2
23449,0
23450,1
23451,1
23452,1
23453,1
23454,1
23455,2
23456,1
23457,1
23458,2
23459,1
23460,2
23461,0
23462,1
23463,0
23464,1
23465,1
23466,1
23467,1
23468,1
23469,1
23470,2
23471,0
23472,1
23473,2
23474,2
23475,1
23476,1
23477,1
23478,0
