index,cluster
0,1
1,1
2,0
3,0
4,1
5,1
6,0
7,0
8,2
9,0
10,0
11,0
12,1
13,1
14,1
15,1
16,0
17,0
18,0
19,1
20,0
21,1
22,1
23,0
24,1
25,2
26,1
27,1
28,0
29,1
30,0
31,1
32,1
33,0
34,0
35,0
36,0
37,1
38,0
39,1
40,0
41,0
42,0
43,0
44,0
45,1
46,1
47,1
48,0
49,0
50,0
51,0
52,1
53,1
54,1
55,0
56,1
57,1
58,0
59,0
60,0
61,0
62,1
63,1
64,1
65,1
66,0
67,2
68,1
69,0
70,0
71,0
72,1
73,1
74,0
75,0
76,0
77,0
78,1
79,0
80,1
81,1
82,0
83,1
84,0
85,1
86,0
87,0
88,0
89,1
90,0
91,1
92,2
93,1
94,0
95,1
96,0
97,1
98,1
99,0
100,2
101,0
102,0
103,1
104,1
105,0
106,1
107,0
108,1
109,0
110,0
111,0
112,1
113,0
114,0
115,0
116,1
117,1
118,0
119,1
120,0
121,1
122,0
123,0
124,0
125,1
126,1
127,0
128,0
129,1
130,1
131,0
132,1
133,0
134,0
135,0
136,1
137,2
138,0
139,0
140,1
141,0
142,0
143,1
144,1
145,1
146,0
147,2
148,0
149,2
150,1
151,1
152,1
153,0
154,0
155,1
156,0
157,0
158,0
159,0
160,1
161,1
162,2
163,0
164,0
165,0
166,2
167,0
168,0
169,0
170,2
171,0
172,0
173,1
174,1
175,0
176,2
177,0
178,1
179,1
180,0
181,1
182,0
183,1
184,1
185,0
186,0
187,0
188,1
189,0
190,1
191,1
192,1
193,0
194,0
195,0
196,1
197,0
198,2
199,1
200,0
201,0
202,1
203,1
204,1
205,0
206,0
207,0
208,1
209,0
210,1
211,0
212,2
213,0
214,0
215,0
216,1
217,1
218,0
219,0
220,0
221,1
222,1
223,0
224,0
225,1
226,0
227,1
228,1
229,0
230,1
231,1
232,0
233,0
234,0
235,0
236,1
237,0
238,0
239,0
240,0
241,0
242,1
243,1
244,1
245,1
246,0
247,0
248,1
249,0
250,1
251,0
252,0
253,1
254,2
255,1
256,1
257,0
258,1
259,0
260,1
261,1
262,1
263,1
264,0
265,0
266,1
267,0
268,1
269,0
270,1
271,0
272,0
273,1
274,0
275,1
276,1
277,0
278,0
279,0
280,1
281,0
282,1
283,1
284,0
285,0
286,1
287,0
288,0
289,1
290,0
291,0
292,1
293,0
294,0
295,0
296,1
297,1
298,0
299,1
300,1
301,1
302,0
303,0
304,0
305,1
306,0
307,0
308,0
309,0
310,0
311,0
312,1
313,0
314,0
315,0
316,1
317,0
318,0
319,0
320,0
321,0
322,1
323,0
324,0
325,1
326,1
327,0
328,1
329,0
330,0
331,1
332,0
333,1
334,0
335,0
336,2
337,0
338,0
339,1
340,0
341,0
342,1
343,0
344,0
345,1
346,0
347,1
348,0
349,0
350,0
351,0
352,1
353,0
354,1
355,1
356,0
357,1
358,1
359,0
360,1
361,1
362,1
363,0
364,1
365,1
366,0
367,1
368,0
369,1
370,1
371,1
372,0
373,1
374,0
375,1
376,0
377,1
378,0
379,1
380,0
381,0
382,0
383,1
384,1
385,0
386,0
387,1
388,0
389,0
390,0
391,1
392,1
393,1
394,0
395,0
396,0
397,1
398,1
399,1
400,1
401,1
402,0
403,0
404,1
405,0
406,0
407,1
408,1
409,1
410,0
411,1
412,2
413,0
414,0
415,0
416,1
417,2
418,1
419,0
420,1
421,0
422,1
423,1
424,1
425,0
426,2
427,0
428,0
429,2
430,0
431,0
432,0
433,1
434,1
435,0
436,0
437,0
438,1
439,1
440,1
441,1
442,0
443,1
444,1
445,0
446,1
447,0
448,0
449,0
450,1
451,1
452,0
453,1
454,0
455,0
456,1
457,0
458,0
459,1
460,1
461,0
462,0
463,1
464,1
465,1
466,0
467,1
468,0
469,0
470,0
471,0
472,1
473,2
474,1
475,0
476,1
477,1
478,1
479,1
480,1
481,1
482,0
483,0
484,0
485,2
486,0
487,1
488,0
489,1
490,1
491,1
492,1
493,2
494,1
495,0
496,0
497,0
498,0
499,0
500,1
501,2
502,1
503,1
504,1
505,1
506,0
507,1
508,0
509,0
510,1
511,1
512,1
513,1
514,1
515,0
516,1
517,1
518,1
519,0
520,0
521,1
522,0
523,0
524,1
525,1
526,0
527,0
528,1
529,0
530,2
531,1
532,0
533,0
534,1
535,0
536,1
537,0
538,0
539,2
540,1
541,0
542,1
543,1
544,0
545,0
546,1
547,0
548,0
549,1
550,1
551,0
552,1
553,1
554,1
555,1
556,0
557,0
558,1
559,1
560,2
561,0
562,1
563,0
564,0
565,1
566,1
567,0
568,0
569,0
570,0
571,1
572,0
573,0
574,0
575,1
576,1
577,1
578,1
579,0
580,0
581,0
582,1
583,1
584,0
585,1
586,1
587,1
588,0
589,0
590,1
591,1
592,0
593,0
594,1
595,1
596,1
597,0
598,1
599,1
600,0
601,0
602,1
603,1
604,1
605,1
606,1
607,2
608,1
609,0
610,2
611,0
612,0
613,1
614,1
615,0
616,1
617,0
618,0
619,0
620,0
621,1
622,0
623,0
624,1
625,1
626,2
627,1
628,1
629,1
630,1
631,0
632,2
633,0
634,1
635,1
636,1
637,1
638,1
639,1
640,0
641,1
642,1
643,1
644,1
645,1
646,0
647,1
648,1
649,2
650,1
651,0
652,1
653,1
654,1
655,1
656,0
657,2
658,1
659,1
660,1
661,0
662,0
663,0
664,1
665,1
666,1
667,1
668,1
669,1
670,0
671,0
672,0
673,0
674,1
675,0
676,1
677,0
678,1
679,1
680,1
681,1
682,1
683,0
684,0
685,0
686,1
687,1
688,1
689,0
690,1
691,0
692,1
693,1
694,0
695,0
696,2
697,2
698,1
699,0
700,1
701,1
702,1
703,1
704,0
705,0
706,1
707,0
708,1
709,0
710,2
711,0
712,1
713,0
714,1
715,0
716,1
717,0
718,0
719,1
720,2
721,1
722,1
723,1
724,1
725,1
726,0
727,0
728,0
729,1
730,1
731,1
732,0
733,1
734,0
735,0
736,0
737,1
738,0
739,1
740,0
741,1
742,0
743,0
744,0
745,0
746,2
747,1
748,1
749,1
750,0
751,0
752,1
753,0
754,2
755,1
756,1
757,0
758,0
759,2
760,0
761,0
762,0
763,0
764,1
765,0
766,0
767,0
768,0
769,0
770,0
771,1
772,1
773,1
774,1
775,0
776,0
777,0
778,0
779,1
780,0
781,1
782,0
783,1
784,0
785,1
786,0
787,1
788,0
789,0
790,1
791,1
792,0
793,0
794,1
795,1
796,0
797,1
798,0
799,0
800,1
801,1
802,2
803,0
804,1
805,1
806,0
807,1
808,0
809,1
810,0
811,0
812,1
813,0
814,0
815,0
816,0
817,1
818,1
819,0
820,0
821,1
822,1
823,0
824,2
825,0
826,0
827,1
828,1
829,1
830,0
831,1
832,0
833,1
834,0
835,0
836,2
837,0
838,1
839,1
840,1
841,0
842,0
843,0
844,0
845,0
846,1
847,0
848,0
849,1
850,1
851,0
852,1
853,0
854,2
855,0
856,1
857,2
858,1
859,0
860,0
861,1
862,0
863,1
864,1
865,0
866,0
867,0
868,0
869,0
870,1
871,1
872,0
873,0
874,1
875,0
876,0
877,0
878,1
879,1
880,2
881,1
882,1
883,0
884,0
885,1
886,1
887,0
888,0
889,0
890,0
891,1
892,1
893,1
894,2
895,0
896,1
897,0
898,1
899,0
900,0
901,1
902,0
903,0
904,1
905,0
906,1
907,1
908,1
909,0
910,1
911,0
912,1
913,1
914,0
915,1
916,0
917,0
918,0
919,0
920,0
921,0
922,1
923,1
924,1
925,0
926,0
927,1
928,0
929,0
930,2
931,1
932,1
933,0
934,0
935,0
936,0
937,1
938,2
939,2
940,1
941,1
942,0
943,1
944,1
945,0
946,0
947,1
948,0
949,0
950,1
951,1
952,1
953,0
954,1
955,1
956,0
957,0
958,1
959,1
960,0
961,0
962,2
963,0
964,0
965,0
966,0
967,1
968,0
969,0
970,1
971,0
972,0
973,1
974,1
975,0
976,0
977,0
978,1
979,0
980,0
981,1
982,0
983,1
984,0
985,1
986,1
987,1
988,0
989,2
990,1
991,0
992,1
993,1
994,0
995,0
996,0
997,1
998,1
999,2
1000,1
1001,0
1002,0
1003,0
1004,1
1005,0
1006,1
1007,0
1008,1
1009,1
1010,1
1011,0
1012,1
1013,1
1014,2
1015,0
1016,2
1017,0
1018,1
1019,1
1020,0
1021,0
1022,1
1023,1
1024,1
1025,1
1026,0
1027,2
1028,1
1029,0
1030,1
1031,0
1032,1
1033,1
1034,1
1035,1
1036,0
1037,1
1038,1
1039,0
1040,0
1041,0
1042,0
1043,0
1044,1
1045,1
1046,1
1047,0
1048,0
1049,0
1050,0
1051,0
1052,1
1053,1
1054,0
1055,1
1056,0
1057,0
1058,1
1059,0
1060,0
1061,1
1062,0
1063,0
1064,0
1065,1
1066,1
1067,1
1068,0
1069,0
1070,0
1071,1
1072,0
1073,1
1074,0
1075,0
1076,1
1077,1
1078,0
1079,0
1080,0
1081,0
1082,0
1083,1
1084,1
1085,1
1086,0
1087,1
1088,0
1089,0
1090,1
1091,0
1092,1
1093,0
1094,0
1095,1
1096,1
1097,1
1098,1
1099,1
1100,1
1101,0
1102,1
1103,1
1104,1
1105,1
1106,1
1107,0
1108,1
1109,1
1110,1
1111,0
1112,1
1113,1
1114,0
1115,1
1116,0
1117,0
1118,1
1119,1
1120,1
1121,1
1122,0
1123,0
1124,1
1125,1
1126,0
1127,1
1128,0
1129,1
1130,1
1131,1
1132,0
1133,0
1134,0
1135,0
1136,0
1137,1
1138,0
1139,0
1140,1
1141,1
1142,1
1143,0
1144,1
1145,1
1146,1
1147,0
1148,0
1149,0
1150,1
1151,0
1152,0
1153,1
1154,0
1155,1
1156,1
1157,1
1158,1
1159,1
1160,0
1161,1
1162,0
1163,1
1164,1
1165,0
1166,0
1167,1
1168,0
1169,1
1170,1
1171,1
1172,0
1173,2
1174,1
1175,0
1176,1
1177,2
1178,1
1179,0
1180,0
1181,0
1182,0
1183,0
1184,0
1185,2
1186,1
1187,0
1188,0
1189,0
1190,0
1191,0
1192,1
1193,1
1194,1
1195,1
1196,1
1197,1
1198,0
1199,1
1200,1
1201,1
1202,1
1203,1
1204,1
1205,1
1206,1
1207,0
1208,0
1209,1
1210,0
1211,1
1212,2
1213,0
1214,1
1215,0
1216,0
1217,1
1218,0
1219,0
1220,1
1221,0
1222,1
1223,0
1224,0
1225,0
1226,0
1227,0
1228,1
1229,1
1230,0
1231,0
1232,0
1233,0
1234,0
1235,0
1236,1
1237,1
1238,0
1239,1
1240,0
1241,0
1242,1
1243,0
1244,0
1245,0
1246,0
1247,1
1248,1
1249,0
1250,1
1251,0
1252,0
1253,1
1254,0
1255,0
1256,1
1257,0
1258,0
1259,0
1260,0
1261,0
1262,1
1263,1
1264,1
1265,2
1266,1
1267,0
1268,0
1269,0
1270,0
1271,1
1272,1
1273,1
1274,0
1275,1
1276,2
1277,0
1278,0
1279,0
1280,0
1281,0
1282,0
1283,1
1284,0
1285,1
1286,0
1287,0
1288,0
1289,1
1290,0
1291,0
1292,0
1293,0
1294,1
1295,1
1296,1
1297,0
1298,1
1299,1
1300,1
1301,1
1302,0
1303,0
1304,0
1305,1
1306,0
1307,2
1308,0
1309,0
1310,1
1311,0
1312,1
1313,1
1314,0
1315,0
1316,0
1317,1
1318,0
1319,0
1320,1
1321,1
1322,1
1323,0
1324,1
1325,1
1326,1
1327,1
1328,0
1329,1
1330,1
1331,1
1332,1
1333,0
1334,0
1335,1
1336,0
1337,0
1338,1
1339,0
1340,0
1341,0
1342,0
1343,1
1344,1
1345,0
1346,1
1347,2
1348,1
1349,1
1350,1
1351,1
1352,1
1353,1
1354,0
1355,0
1356,0
1357,0
1358,1
1359,1
1360,0
1361,0
1362,0
1363,1
1364,0
1365,2
1366,0
1367,1
1368,1
1369,1
1370,1
1371,0
1372,1
1373,0
1374,0
1375,1
1376,1
1377,0
1378,0
1379,0
1380,0
1381,1
1382,1
1383,1
1384,1
1385,1
1386,1
1387,1
1388,0
1389,0
1390,1
1391,1
1392,0
1393,0
1394,0
1395,0
1396,0
1397,0
1398,1
1399,0
1400,1
1401,0
1402,1
1403,1
1404,1
1405,1
1406,2
1407,2
1408,1
1409,0
1410,1
1411,1
1412,1
1413,0
1414,1
1415,0
1416,1
1417,0
1418,1
1419,0
1420,1
1421,0
1422,1
1423,1
1424,0
1425,0
1426,0
1427,1
1428,1
1429,0
1430,1
1431,1
1432,0
1433,1
1434,0
1435,0
1436,0
1437,1
1438,1
1439,0
1440,0
1441,0
1442,0
1443,0
1444,2
1445,0
1446,0
1447,1
1448,0
1449,0
1450,1
1451,1
1452,0
1453,0
1454,0
1455,1
1456,0
1457,0
1458,1
1459,0
1460,0
1461,1
1462,0
1463,0
1464,0
1465,0
1466,0
1467,0
1468,0
1469,1
1470,0
1471,0
1472,2
1473,0
1474,1
1475,0
1476,1
1477,1
1478,0
1479,1
1480,0
1481,0
1482,1
1483,1
1484,2
1485,1
1486,1
1487,2
1488,0
1489,0
1490,0
1491,1
1492,2
1493,0
1494,1
1495,1
1496,1
1497,1
1498,0
1499,0
1500,0
1501,0
1502,0
1503,1
1504,0
1505,0
1506,0
1507,0
1508,0
1509,1
1510,2
1511,0
1512,1
1513,0
1514,0
1515,0
1516,1
1517,1
1518,0
1519,2
1520,0
1521,1
1522,0
1523,0
1524,0
1525,2
1526,0
1527,1
1528,0
1529,0
1530,0
1531,0
1532,0
1533,0
1534,0
1535,0
1536,0
1537,0
1538,0
1539,0
1540,0
1541,1
1542,1
1543,0
1544,1
1545,0
1546,1
1547,0
1548,0
1549,1
1550,1
1551,1
1552,0
1553,0
1554,0
1555,1
1556,1
1557,0
1558,0
1559,0
1560,1
1561,0
1562,2
1563,0
1564,0
1565,0
1566,0
1567,0
1568,0
1569,2
1570,0
1571,0
1572,0
1573,1
1574,1
1575,1
1576,1
1577,0
1578,0
1579,0
1580,0
1581,0
1582,0
1583,0
1584,0
1585,0
1586,1
1587,0
1588,1
1589,0
1590,0
1591,0
1592,1
1593,0
1594,1
1595,0
1596,0
1597,2
1598,1
1599,0
1600,1
1601,1
1602,1
1603,1
1604,1
1605,0
1606,1
1607,0
1608,1
1609,0
1610,0
1611,1
1612,1
1613,1
1614,1
1615,0
1616,1
1617,1
1618,1
1619,1
1620,1
1621,1
1622,1
1623,0
1624,0
1625,1
1626,0
1627,0
1628,1
1629,0
1630,1
1631,1
1632,0
1633,0
1634,0
1635,0
1636,0
1637,1
1638,0
1639,1
1640,0
1641,0
1642,1
1643,0
1644,0
1645,0
1646,1
1647,1
1648,2
1649,1
1650,0
1651,1
1652,1
1653,0
1654,1
1655,1
1656,1
1657,0
1658,0
1659,1
1660,0
1661,0
1662,1
1663,1
1664,0
1665,0
1666,1
1667,0
1668,1
1669,1
1670,0
1671,1
1672,1
1673,0
1674,1
1675,0
1676,1
1677,1
1678,0
1679,1
1680,0
1681,0
1682,0
1683,1
1684,0
1685,1
1686,0
1687,0
1688,1
1689,1
1690,1
1691,0
1692,1
1693,0
1694,1
1695,0
1696,0
1697,0
1698,1
1699,0
1700,0
1701,1
1702,0
1703,0
1704,2
1705,0
1706,1
1707,1
1708,0
1709,1
1710,1
1711,1
1712,0
1713,0
1714,0
1715,1
1716,1
1717,1
1718,1
1719,0
1720,0
1721,0
1722,0
1723,1
1724,2
1725,1
1726,1
1727,1
1728,0
1729,1
1730,1
1731,0
1732,0
1733,0
1734,0
1735,1
1736,1
1737,0
1738,1
1739,1
1740,1
1741,0
1742,0
1743,1
1744,1
1745,0
1746,2
1747,0
1748,1
1749,1
1750,0
1751,0
1752,1
1753,1
1754,0
1755,1
1756,1
1757,0
1758,2
1759,1
1760,1
1761,0
1762,0
1763,1
1764,0
1765,0
1766,1
1767,2
1768,1
1769,1
1770,1
1771,1
1772,0
1773,1
1774,1
1775,0
1776,0
1777,1
1778,1
1779,1
1780,0
1781,0
1782,0
1783,1
1784,1
1785,0
1786,0
1787,2
1788,1
1789,0
1790,0
1791,0
1792,0
1793,1
1794,1
1795,1
1796,0
1797,0
1798,0
1799,1
1800,1
1801,0
1802,1
1803,1
1804,1
1805,1
1806,2
1807,0
1808,1
1809,1
1810,0
1811,0
1812,0
1813,0
1814,0
1815,0
1816,2
1817,1
1818,0
1819,1
1820,0
1821,1
1822,1
1823,2
1824,1
1825,0
1826,0
1827,0
1828,1
1829,1
1830,1
1831,0
1832,1
1833,2
1834,1
1835,0
1836,0
1837,0
1838,0
1839,1
1840,0
1841,1
1842,0
1843,1
1844,1
1845,1
1846,0
1847,0
1848,0
1849,2
1850,0
1851,1
1852,0
1853,0
1854,1
1855,1
1856,1
1857,0
1858,0
1859,1
1860,1
1861,1
1862,0
1863,0
1864,2
1865,1
1866,1
1867,1
1868,1
1869,1
1870,1
1871,2
1872,0
1873,0
1874,0
1875,0
1876,0
1877,2
1878,1
1879,1
1880,1
1881,0
1882,0
1883,0
1884,0
1885,0
1886,0
1887,1
1888,0
1889,1
1890,1
1891,0
1892,1
1893,0
1894,0
1895,1
1896,0
1897,1
1898,0
1899,1
1900,1
1901,1
1902,1
1903,0
1904,0
1905,1
1906,0
1907,0
1908,0
1909,1
1910,0
1911,0
1912,0
1913,2
1914,1
1915,1
1916,0
1917,2
1918,0
1919,1
1920,0
1921,0
1922,1
1923,0
1924,0
1925,1
1926,1
1927,1
1928,0
1929,1
1930,2
1931,1
1932,0
1933,0
1934,1
1935,0
1936,1
1937,0
1938,2
1939,0
1940,2
1941,1
1942,1
1943,1
1944,1
1945,0
1946,0
1947,0
1948,0
1949,0
1950,0
1951,1
1952,0
1953,0
1954,1
1955,0
1956,0
1957,0
1958,1
1959,0
1960,0
1961,1
1962,0
1963,1
1964,0
1965,0
1966,0
1967,0
1968,0
1969,1
1970,0
1971,0
1972,1
1973,1
1974,1
1975,1
1976,0
1977,1
1978,0
1979,1
1980,0
1981,1
1982,0
1983,1
1984,1
1985,0
1986,1
1987,0
1988,0
1989,1
1990,1
1991,0
1992,0
1993,0
1994,1
1995,1
1996,0
1997,0
1998,1
1999,0
2000,0
2001,1
2002,0
2003,2
2004,1
2005,0
2006,2
2007,1
2008,1
2009,0
2010,0
2011,0
2012,2
2013,1
2014,1
2015,1
2016,2
2017,1
2018,0
2019,1
2020,1
2021,2
2022,0
2023,0
2024,1
2025,1
2026,0
2027,1
2028,0
2029,1
2030,0
2031,1
2032,1
2033,0
2034,1
2035,0
2036,0
2037,0
2038,0
2039,1
2040,1
2041,0
2042,1
2043,1
2044,0
2045,1
2046,0
2047,2
2048,0
2049,0
2050,1
2051,0
2052,0
2053,1
2054,0
2055,0
2056,1
2057,1
2058,0
2059,2
2060,2
2061,0
2062,1
2063,0
2064,0
2065,0
2066,1
2067,0
2068,0
2069,1
2070,0
2071,1
2072,1
2073,0
2074,0
2075,1
2076,1
2077,0
2078,1
2079,1
2080,2
2081,0
2082,0
2083,1
2084,0
2085,2
2086,0
2087,1
2088,1
2089,0
2090,1
2091,0
2092,0
2093,1
2094,1
2095,1
2096,0
2097,0
2098,0
2099,1
2100,2
2101,1
2102,0
2103,1
2104,1
2105,0
2106,0
2107,0
2108,0
2109,0
2110,1
2111,1
2112,0
2113,2
2114,2
2115,1
2116,1
2117,1
2118,0
2119,0
2120,0
2121,0
2122,0
2123,0
2124,0
2125,0
2126,1
2127,1
2128,0
2129,0
2130,1
2131,0
2132,1
2133,2
2134,0
2135,1
2136,2
2137,1
2138,1
2139,1
2140,0
2141,1
2142,1
2143,1
2144,0
2145,0
2146,0
2147,1
2148,1
2149,0
2150,1
2151,1
2152,0
2153,0
2154,1
2155,1
2156,0
2157,1
2158,1
2159,1
2160,1
2161,0
2162,0
2163,1
2164,1
2165,0
2166,1
2167,0
2168,0
2169,0
2170,0
2171,1
2172,0
2173,0
2174,1
2175,1
2176,1
2177,1
2178,0
2179,0
2180,1
2181,1
2182,1
2183,0
2184,2
2185,0
2186,0
2187,0
2188,1
2189,0
2190,0
2191,1
2192,0
2193,0
2194,2
2195,1
2196,1
2197,0
2198,0
2199,0
2200,1
2201,0
2202,1
2203,1
2204,2
2205,0
2206,1
2207,0
2208,2
2209,1
2210,0
2211,1
2212,0
2213,0
2214,1
2215,1
2216,1
2217,0
2218,1
2219,1
2220,2
2221,0
2222,1
2223,0
2224,1
2225,2
2226,0
2227,0
2228,1
2229,0
2230,0
2231,2
2232,1
2233,1
2234,1
2235,0
2236,1
2237,0
2238,0
2239,0
2240,2
2241,1
2242,0
2243,0
2244,0
2245,1
2246,0
2247,0
2248,1
2249,0
2250,1
2251,1
2252,1
2253,1
2254,0
2255,1
2256,0
2257,1
2258,0
2259,0
2260,1
2261,0
2262,1
2263,0
2264,1
2265,0
2266,0
2267,1
2268,1
2269,2
2270,0
2271,1
2272,1
2273,2
2274,0
2275,1
2276,0
2277,0
2278,1
2279,1
2280,1
2281,0
2282,0
2283,0
2284,0
2285,0
2286,1
2287,1
2288,2
2289,1
2290,0
2291,0
2292,0
2293,1
2294,1
2295,0
2296,0
2297,1
2298,0
2299,1
2300,1
2301,1
2302,1
2303,1
2304,1
2305,0
2306,1
2307,0
2308,1
2309,0
2310,0
2311,1
2312,0
2313,1
2314,1
2315,1
2316,1
2317,1
2318,1
2319,1
2320,0
2321,0
2322,0
2323,1
2324,1
2325,1
2326,0
2327,1
2328,0
2329,0
2330,0
2331,1
2332,0
2333,1
2334,0
2335,1
2336,2
2337,0
2338,0
2339,1
2340,1
2341,0
2342,2
2343,1
2344,0
2345,1
2346,1
2347,1
2348,0
2349,1
2350,1
2351,1
2352,0
2353,0
2354,1
2355,1
2356,1
2357,1
2358,0
2359,0
2360,0
2361,1
2362,1
2363,0
2364,0
2365,1
2366,0
2367,1
2368,1
2369,1
2370,1
2371,0
2372,0
2373,1
2374,1
2375,1
2376,1
2377,0
2378,1
2379,1
2380,1
2381,1
2382,1
2383,0
2384,1
2385,1
2386,0
2387,0
2388,0
2389,0
2390,0
2391,2
2392,1
2393,1
2394,0
2395,1
2396,1
2397,1
2398,0
2399,0
2400,1
2401,1
2402,1
2403,0
2404,0
2405,0
2406,0
2407,0
2408,0
2409,0
2410,1
2411,1
2412,0
2413,0
2414,0
2415,1
2416,0
2417,1
2418,1
2419,0
2420,0
2421,1
2422,0
2423,0
2424,1
2425,0
2426,1
2427,0
2428,0
2429,0
2430,2
2431,0
2432,0
2433,0
2434,0
2435,0
2436,0
2437,1
2438,0
2439,0
2440,0
2441,1
2442,0
2443,0
2444,1
2445,1
2446,1
2447,1
2448,0
2449,0
2450,1
2451,0
2452,0
2453,1
2454,1
2455,1
2456,0
2457,0
2458,0
2459,1
2460,1
2461,0
2462,0
2463,1
2464,0
2465,1
2466,0
2467,1
2468,1
2469,0
2470,0
2471,1
2472,1
2473,0
2474,0
2475,1
2476,1
2477,0
2478,1
2479,0
2480,0
2481,1
2482,0
2483,0
2484,1
2485,0
2486,1
2487,1
2488,0
2489,1
2490,0
2491,1
2492,0
2493,0
2494,1
2495,2
2496,0
2497,0
2498,0
2499,0
2500,0
2501,0
2502,1
2503,0
2504,1
2505,0
2506,1
2507,0
2508,0
2509,0
2510,1
2511,0
2512,0
2513,0
2514,0
2515,0
2516,0
2517,1
2518,0
2519,0
2520,1
2521,1
2522,1
2523,0
2524,1
2525,1
2526,1
2527,0
2528,0
2529,2
2530,0
2531,1
2532,1
2533,1
2534,0
2535,0
2536,0
2537,1
2538,1
2539,1
2540,0
2541,0
2542,0
2543,0
2544,0
2545,0
2546,0
2547,0
2548,0
2549,1
2550,0
2551,1
2552,2
2553,1
2554,1
2555,1
2556,0
2557,0
2558,0
2559,1
2560,1
2561,0
2562,0
2563,0
2564,1
2565,1
2566,0
2567,0
2568,0
2569,0
2570,1
2571,0
2572,1
2573,1
2574,2
2575,0
2576,0
2577,1
2578,1
2579,1
2580,1
2581,0
2582,1
2583,1
2584,1
2585,0
2586,0
2587,1
2588,0
2589,1
2590,1
2591,1
2592,0
2593,1
2594,0
2595,0
2596,0
2597,0
2598,1
2599,1
2600,1
2601,2
2602,0
2603,0
2604,0
2605,1
2606,0
2607,1
2608,0
2609,0
2610,2
2611,0
2612,1
2613,0
2614,0
2615,1
2616,0
2617,0
2618,0
2619,0
2620,1
2621,1
2622,0
2623,0
2624,0
2625,0
2626,0
2627,0
2628,1
2629,0
2630,1
2631,2
2632,0
2633,1
2634,0
2635,0
2636,0
2637,1
2638,1
2639,1
2640,0
2641,0
2642,0
2643,0
2644,1
2645,0
2646,2
2647,1
2648,2
2649,0
2650,1
2651,1
2652,1
2653,1
2654,0
2655,1
2656,1
2657,1
2658,0
2659,0
2660,0
2661,1
2662,0
2663,0
2664,1
2665,1
2666,0
2667,0
2668,1
2669,0
2670,0
2671,0
2672,1
2673,1
2674,0
2675,0
2676,0
2677,1
2678,0
2679,0
2680,0
2681,0
2682,1
2683,0
2684,0
2685,0
2686,0
2687,1
2688,0
2689,0
2690,1
2691,1
2692,1
2693,1
2694,2
2695,1
2696,0
2697,1
2698,1
2699,2
2700,0
2701,1
2702,1
2703,0
2704,1
2705,0
2706,0
2707,0
2708,0
2709,0
2710,0
2711,0
2712,1
2713,0
2714,0
2715,0
2716,1
2717,2
2718,1
2719,1
2720,1
2721,1
2722,0
2723,0
2724,2
2725,1
2726,0
2727,1
2728,0
2729,0
2730,1
2731,1
2732,1
2733,0
2734,0
2735,0
2736,0
2737,0
2738,1
2739,0
2740,0
2741,1
2742,0
2743,1
2744,0
2745,1
2746,0
2747,0
2748,0
2749,0
2750,0
2751,1
2752,1
2753,0
2754,1
2755,0
2756,1
2757,0
2758,1
2759,1
2760,1
2761,1
2762,1
2763,0
2764,1
2765,1
2766,1
2767,0
2768,0
2769,1
2770,1
2771,1
2772,0
2773,1
2774,0
2775,2
2776,0
2777,0
2778,0
2779,1
2780,1
2781,0
2782,1
2783,0
2784,1
2785,0
2786,1
2787,0
2788,1
2789,0
2790,0
2791,0
2792,1
2793,1
2794,0
2795,0
2796,0
2797,1
2798,0
2799,0
2800,1
2801,1
2802,0
2803,0
2804,1
2805,0
2806,0
2807,0
2808,0
2809,0
2810,1
2811,0
2812,1
2813,0
2814,0
2815,1
2816,1
2817,1
2818,0
2819,1
2820,1
2821,0
2822,1
2823,0
2824,1
2825,1
2826,0
2827,0
2828,1
2829,1
2830,0
2831,1
2832,1
2833,1
2834,1
2835,1
2836,2
2837,0
2838,0
2839,0
2840,0
2841,0
2842,0
2843,1
2844,2
2845,1
2846,1
2847,1
2848,0
2849,0
2850,1
2851,2
2852,0
2853,0
2854,0
2855,0
2856,0
2857,0
2858,0
2859,0
2860,1
2861,1
2862,0
2863,1
2864,1
2865,0
2866,1
2867,0
2868,0
2869,1
2870,1
2871,1
2872,0
2873,1
2874,0
2875,0
2876,0
2877,0
2878,1
2879,0
2880,1
2881,0
2882,1
2883,0
2884,1
2885,1
2886,0
2887,0
2888,2
2889,1
2890,0
2891,0
2892,1
2893,0
2894,0
2895,0
2896,0
2897,1
2898,1
2899,2
2900,0
2901,1
2902,1
2903,0
2904,0
2905,0
2906,0
2907,1
2908,0
2909,0
2910,1
2911,0
2912,0
2913,0
2914,0
2915,0
2916,1
2917,1
2918,0
2919,1
2920,0
2921,1
2922,0
2923,1
2924,0
2925,0
2926,0
2927,1
2928,1
2929,1
2930,1
2931,1
2932,0
2933,0
2934,0
2935,0
2936,1
2937,1
2938,1
2939,1
2940,0
2941,1
2942,1
2943,0
2944,0
2945,1
2946,1
2947,0
2948,0
2949,0
2950,2
2951,0
2952,0
2953,1
2954,0
2955,1
2956,1
2957,0
2958,1
2959,0
2960,0
2961,0
2962,0
2963,1
2964,0
2965,0
2966,0
2967,1
2968,0
2969,0
2970,0
2971,0
2972,0
2973,0
2974,1
2975,0
2976,1
2977,1
2978,1
2979,0
2980,1
2981,0
2982,0
2983,1
2984,1
2985,1
2986,1
2987,0
2988,0
2989,0
2990,1
2991,0
2992,1
2993,1
2994,1
2995,1
2996,0
2997,1
2998,1
2999,0
3000,0
3001,1
3002,1
3003,1
3004,1
3005,1
3006,0
3007,0
3008,1
3009,0
3010,1
3011,0
3012,0
3013,1
3014,0
3015,0
3016,1
3017,1
3018,0
3019,1
3020,0
3021,0
3022,0
3023,1
3024,0
3025,2
3026,1
3027,0
3028,1
3029,0
3030,0
3031,1
3032,0
3033,0
3034,0
3035,1
3036,0
3037,0
3038,0
3039,0
3040,0
3041,0
3042,1
3043,0
3044,0
3045,0
3046,1
3047,1
3048,1
3049,0
3050,1
3051,1
3052,1
3053,1
3054,0
3055,1
3056,0
3057,1
3058,1
3059,0
3060,2
3061,1
3062,1
3063,1
3064,0
3065,1
3066,0
3067,1
3068,0
3069,1
3070,1
3071,0
3072,0
3073,0
3074,0
3075,1
3076,0
3077,0
3078,0
3079,0
3080,0
3081,0
3082,1
3083,1
3084,1
3085,0
3086,1
3087,0
3088,0
3089,0
3090,0
3091,1
3092,1
3093,1
3094,0
3095,1
3096,1
3097,1
3098,1
3099,2
3100,1
3101,0
3102,1
3103,0
3104,1
3105,0
3106,0
3107,1
3108,1
3109,1
3110,1
3111,0
3112,1
3113,0
3114,1
3115,0
3116,0
3117,0
3118,0
3119,1
3120,1
3121,0
3122,0
3123,1
3124,1
3125,0
3126,0
3127,1
3128,1
3129,0
3130,1
3131,0
3132,1
3133,0
3134,1
3135,0
3136,1
3137,0
3138,1
3139,0
3140,0
3141,0
3142,0
3143,0
3144,1
3145,1
3146,1
3147,2
3148,0
3149,0
3150,0
3151,2
3152,1
3153,0
3154,1
3155,1
3156,1
3157,1
3158,1
3159,1
3160,1
3161,0
3162,1
3163,0
3164,0
3165,2
3166,0
3167,0
3168,0
3169,0
3170,1
3171,0
3172,2
3173,1
3174,0
3175,0
3176,1
3177,0
3178,0
3179,2
3180,1
3181,1
3182,0
3183,0
3184,2
3185,0
3186,0
3187,0
3188,0
3189,1
3190,0
3191,1
3192,1
3193,0
3194,0
3195,0
3196,0
3197,0
3198,2
3199,0
3200,2
3201,1
3202,0
3203,0
3204,1
3205,1
3206,0
3207,1
3208,0
3209,1
3210,2
3211,0
3212,1
3213,0
3214,1
3215,0
3216,0
3217,1
3218,0
3219,1
3220,0
3221,0
3222,0
3223,0
3224,0
3225,0
3226,1
3227,1
3228,0
3229,0
3230,0
3231,1
3232,1
3233,0
3234,0
3235,1
3236,1
3237,1
3238,1
3239,1
3240,1
3241,0
3242,1
3243,0
3244,1
3245,2
3246,1
3247,1
3248,1
3249,1
3250,0
3251,1
3252,1
3253,1
3254,1
3255,0
3256,0
3257,0
3258,2
3259,0
3260,1
3261,0
3262,1
3263,0
3264,0
3265,1
3266,0
3267,1
3268,0
3269,0
3270,1
3271,1
3272,0
3273,0
3274,1
3275,0
3276,0
3277,0
3278,1
3279,1
3280,1
3281,0
3282,1
3283,0
3284,0
3285,1
3286,0
3287,1
3288,0
3289,1
3290,0
3291,1
3292,1
3293,2
3294,0
3295,0
3296,0
3297,0
3298,1
3299,1
3300,0
3301,1
3302,1
3303,0
3304,1
3305,0
3306,0
3307,1
3308,1
3309,0
3310,0
3311,0
3312,1
3313,0
3314,0
3315,0
3316,1
3317,0
3318,0
3319,0
3320,1
3321,0
3322,1
3323,1
3324,1
3325,1
3326,0
3327,1
3328,0
3329,0
3330,0
3331,0
3332,0
3333,0
3334,0
3335,1
3336,1
3337,0
3338,0
3339,1
3340,1
3341,0
3342,1
3343,0
3344,1
3345,0
3346,1
3347,1
3348,0
3349,0
3350,1
3351,1
3352,0
3353,1
3354,1
3355,1
3356,0
3357,2
3358,0
3359,2
3360,0
3361,1
3362,0
3363,1
3364,0
3365,0
3366,0
3367,1
3368,0
3369,0
3370,1
3371,1
3372,0
3373,1
3374,1
3375,1
3376,0
3377,0
3378,1
3379,1
3380,0
3381,1
3382,0
3383,1
3384,1
3385,0
3386,2
3387,1
3388,1
3389,0
3390,0
3391,1
3392,0
3393,1
3394,0
3395,0
3396,0
3397,1
3398,1
3399,1
3400,0
3401,0
3402,0
3403,1
3404,1
3405,0
3406,1
3407,0
3408,0
3409,0
3410,0
3411,0
3412,0
3413,1
3414,0
3415,0
3416,1
3417,1
3418,1
3419,0
3420,2
3421,0
3422,1
3423,1
3424,1
3425,1
3426,0
3427,0
3428,1
3429,0
3430,1
3431,0
3432,0
3433,1
3434,1
3435,0
3436,0
3437,0
3438,1
3439,1
3440,0
3441,1
3442,1
3443,0
3444,0
3445,0
3446,1
3447,1
3448,0
3449,1
3450,1
3451,1
3452,1
3453,0
3454,0
3455,0
3456,1
3457,0
3458,1
3459,0
3460,1
3461,1
3462,1
3463,0
3464,2
3465,0
3466,0
3467,0
3468,0
3469,2
3470,0
3471,0
3472,0
3473,1
3474,0
3475,0
3476,1
3477,1
3478,0
3479,1
3480,0
3481,1
3482,1
3483,1
3484,0
3485,0
3486,0
3487,1
3488,0
3489,1
3490,1
3491,1
3492,0
3493,1
3494,0
3495,0
3496,0
3497,0
3498,0
3499,1
3500,0
3501,1
3502,0
3503,0
3504,0
3505,0
3506,0
3507,0
3508,1
3509,1
3510,0
3511,0
3512,0
3513,0
3514,2
3515,1
3516,0
3517,1
3518,0
3519,0
3520,1
3521,1
3522,0
3523,0
3524,1
3525,2
3526,2
3527,1
3528,0
3529,0
3530,0
3531,0
3532,0
3533,0
3534,0
3535,1
3536,1
3537,0
3538,0
3539,1
3540,1
3541,0
3542,1
3543,0
3544,1
3545,0
3546,1
3547,1
3548,0
3549,0
3550,0
3551,0
3552,2
3553,1
3554,0
3555,0
3556,1
3557,1
3558,0
3559,1
3560,0
3561,0
3562,1
3563,1
3564,1
3565,1
3566,0
3567,0
3568,1
3569,1
3570,1
3571,1
3572,1
3573,1
3574,1
3575,0
3576,0
3577,1
3578,0
3579,1
3580,0
3581,0
3582,0
3583,0
3584,0
3585,1
3586,1
3587,0
3588,0
3589,0
3590,0
3591,0
3592,1
3593,0
3594,0
3595,1
3596,1
3597,1
3598,0
3599,0
3600,1
3601,1
3602,1
3603,1
3604,0
3605,1
3606,0
3607,1
3608,0
3609,1
3610,0
3611,0
3612,0
3613,0
3614,1
3615,1
3616,1
3617,0
3618,0
3619,1
3620,1
3621,1
3622,1
3623,1
3624,1
3625,0
3626,1
3627,1
3628,1
3629,0
3630,1
3631,1
3632,1
3633,0
3634,1
3635,1
3636,1
3637,1
3638,0
3639,2
3640,1
3641,0
3642,1
3643,0
3644,0
3645,1
3646,1
3647,1
3648,1
3649,1
3650,1
3651,0
3652,0
3653,0
3654,1
3655,0
3656,1
3657,0
3658,2
3659,1
3660,0
3661,1
3662,0
3663,1
3664,0
3665,2
3666,1
3667,1
3668,2
3669,0
3670,1
3671,1
3672,0
3673,1
3674,0
3675,0
3676,0
3677,0
3678,1
3679,1
3680,0
3681,0
3682,0
3683,1
3684,0
3685,1
3686,1
3687,0
3688,1
3689,1
3690,0
3691,0
3692,1
3693,1
3694,0
3695,0
3696,0
3697,1
3698,2
3699,1
3700,0
3701,0
3702,2
3703,0
3704,1
3705,1
3706,0
3707,0
3708,0
3709,0
3710,1
3711,0
3712,2
3713,1
3714,1
3715,0
3716,1
3717,0
3718,1
3719,1
3720,1
3721,1
3722,0
3723,0
3724,1
3725,0
3726,0
3727,1
3728,1
3729,1
3730,0
3731,1
3732,1
3733,0
3734,1
3735,1
3736,1
3737,1
3738,2
3739,0
3740,0
3741,0
3742,1
3743,0
3744,2
3745,0
3746,0
3747,0
3748,1
3749,0
3750,0
3751,0
3752,0
3753,0
3754,0
3755,1
3756,0
3757,0
3758,1
3759,1
3760,2
3761,1
3762,1
3763,1
3764,0
3765,0
3766,0
3767,0
3768,1
3769,0
3770,2
3771,1
3772,0
3773,0
3774,0
3775,0
3776,0
3777,0
3778,0
3779,0
3780,0
3781,0
3782,2
3783,0
3784,0
3785,1
3786,0
3787,0
3788,0
3789,1
3790,1
3791,0
3792,1
3793,1
3794,1
3795,0
3796,0
3797,1
3798,2
3799,1
3800,0
3801,0
3802,1
3803,1
3804,1
3805,0
3806,1
3807,1
3808,0
3809,1
3810,2
3811,1
3812,0
3813,1
3814,1
3815,1
3816,0
3817,0
3818,1
3819,1
3820,0
3821,0
3822,0
3823,0
3824,1
3825,0
3826,1
3827,1
3828,0
3829,0
3830,1
3831,1
3832,0
3833,1
3834,1
3835,0
3836,1
3837,1
3838,0
3839,0
3840,0
3841,1
3842,0
3843,1
3844,0
3845,1
3846,1
3847,0
3848,1
3849,0
3850,2
3851,1
3852,1
3853,1
3854,0
3855,0
3856,0
3857,1
3858,0
3859,0
3860,0
3861,0
3862,1
3863,1
3864,1
3865,0
3866,2
3867,1
3868,2
3869,1
3870,0
3871,1
3872,0
3873,1
3874,1
3875,1
3876,1
3877,1
3878,0
3879,0
3880,1
3881,0
3882,0
3883,1
3884,0
3885,0
3886,1
3887,0
3888,0
3889,1
3890,0
3891,1
3892,1
3893,0
3894,0
3895,0
3896,1
3897,1
3898,0
3899,1
3900,0
3901,0
3902,1
3903,0
3904,0
3905,1
3906,0
3907,1
3908,1
3909,1
3910,2
3911,1
3912,1
3913,0
3914,0
3915,0
3916,1
3917,0
3918,1
3919,1
3920,0
3921,0
3922,0
3923,0
3924,2
3925,1
3926,1
3927,1
3928,0
3929,0
3930,1
3931,0
3932,1
3933,0
3934,0
3935,0
3936,1
3937,0
3938,0
3939,0
3940,2
3941,0
3942,1
3943,1
3944,1
3945,0
3946,1
3947,1
3948,1
3949,2
3950,0
3951,1
3952,0
3953,0
3954,0
3955,0
3956,1
3957,0
3958,1
3959,1
3960,0
3961,0
3962,0
3963,1
3964,1
3965,0
3966,0
3967,0
3968,2
3969,0
3970,0
3971,1
3972,0
3973,2
3974,0
3975,0
3976,1
3977,1
3978,0
3979,1
3980,0
3981,1
3982,1
3983,1
3984,0
3985,1
3986,0
3987,0
3988,0
3989,0
3990,0
3991,0
3992,0
3993,0
3994,0
3995,1
3996,0
3997,1
3998,1
3999,1
4000,1
4001,0
4002,1
4003,1
4004,1
4005,0
4006,1
4007,0
4008,0
4009,0
4010,1
4011,0
4012,1
4013,0
4014,0
4015,1
4016,0
4017,0
4018,1
4019,0
4020,1
4021,0
4022,1
4023,0
4024,0
4025,0
4026,0
4027,0
4028,1
4029,1
4030,1
4031,1
4032,1
4033,0
4034,2
4035,0
4036,0
4037,0
4038,0
4039,1
4040,0
4041,1
4042,1
4043,1
4044,1
4045,0
4046,1
4047,0
4048,1
4049,1
4050,0
4051,0
4052,1
4053,0
4054,2
4055,0
4056,1
4057,1
4058,0
4059,1
4060,1
4061,1
4062,0
4063,1
4064,0
4065,0
4066,0
4067,0
4068,0
4069,0
4070,0
4071,2
4072,1
4073,1
4074,0
4075,1
4076,1
4077,0
4078,1
4079,1
4080,0
4081,0
4082,0
4083,1
4084,1
4085,1
4086,0
4087,1
4088,1
4089,0
4090,1
4091,1
4092,2
4093,0
4094,1
4095,0
4096,1
4097,1
4098,0
4099,1
4100,1
4101,0
4102,0
4103,0
4104,0
4105,1
4106,0
4107,1
4108,1
4109,1
4110,1
4111,1
4112,1
4113,0
4114,1
4115,0
4116,0
4117,1
4118,0
4119,1
4120,2
4121,0
4122,1
4123,2
4124,0
4125,1
4126,1
4127,0
4128,1
4129,2
4130,1
4131,1
4132,0
4133,1
4134,0
4135,1
4136,0
4137,0
4138,1
4139,0
4140,1
4141,0
4142,1
4143,0
4144,0
4145,0
4146,0
4147,1
4148,0
4149,1
4150,0
4151,2
4152,0
4153,1
4154,1
4155,1
4156,0
4157,1
4158,0
4159,1
4160,1
4161,0
4162,0
4163,1
4164,1
4165,1
4166,1
4167,2
4168,1
4169,0
4170,1
4171,2
4172,0
4173,0
4174,2
4175,1
4176,0
4177,0
4178,1
4179,1
4180,1
4181,0
4182,1
4183,2
4184,1
4185,0
4186,0
4187,1
4188,0
4189,0
4190,0
4191,0
4192,0
4193,0
4194,0
4195,0
4196,0
4197,1
4198,0
4199,0
4200,0
4201,0
4202,1
4203,1
4204,0
4205,0
4206,0
4207,0
4208,0
4209,0
4210,0
4211,1
4212,2
4213,1
4214,0
4215,1
4216,1
4217,1
4218,1
4219,1
4220,0
4221,1
4222,2
4223,1
4224,1
4225,1
4226,0
4227,1
4228,1
4229,0
4230,0
4231,0
4232,0
4233,1
4234,1
4235,0
4236,1
4237,0
4238,0
4239,0
4240,0
4241,0
4242,0
4243,0
4244,0
4245,1
4246,1
4247,1
4248,0
4249,2
4250,1
4251,0
4252,0
4253,1
4254,1
4255,1
4256,1
4257,0
4258,1
4259,1
4260,1
4261,0
4262,0
4263,1
4264,2
4265,1
4266,0
4267,1
4268,0
4269,1
4270,2
4271,1
4272,0
4273,0
4274,0
4275,1
4276,0
4277,1
4278,1
4279,0
4280,1
4281,1
4282,0
4283,1
4284,1
4285,1
4286,1
4287,1
4288,1
4289,0
4290,1
4291,1
4292,2
4293,0
4294,0
4295,1
4296,0
4297,1
4298,1
4299,0
4300,0
4301,1
4302,1
4303,0
4304,0
4305,1
4306,1
4307,0
4308,0
4309,1
4310,0
4311,0
4312,1
4313,1
4314,0
4315,0
4316,0
4317,1
4318,2
4319,0
4320,0
4321,0
4322,0
4323,0
4324,1
4325,0
4326,0
4327,0
4328,1
4329,0
4330,1
4331,0
4332,0
4333,0
4334,0
4335,0
4336,2
4337,0
4338,0
4339,1
4340,1
4341,0
4342,0
4343,2
4344,0
4345,1
4346,0
4347,1
4348,0
4349,0
4350,1
4351,1
4352,1
4353,0
4354,0
4355,1
4356,0
4357,1
4358,1
4359,0
4360,0
4361,1
4362,0
4363,1
4364,0
4365,0
4366,2
4367,1
4368,1
4369,1
4370,0
4371,0
4372,1
4373,0
4374,1
4375,1
4376,2
4377,1
4378,0
4379,1
4380,0
4381,0
4382,1
4383,0
4384,0
4385,0
4386,0
4387,0
4388,1
4389,1
4390,0
4391,0
4392,0
4393,1
4394,1
4395,0
4396,1
4397,2
4398,0
4399,0
4400,1
4401,0
4402,0
4403,0
4404,0
4405,1
4406,0
4407,1
4408,1
4409,0
4410,1
4411,0
4412,0
4413,1
4414,1
4415,2
4416,1
4417,0
4418,0
4419,1
4420,1
4421,1
4422,0
4423,1
4424,1
4425,0
4426,0
4427,0
4428,1
4429,0
4430,1
4431,2
4432,0
4433,1
4434,1
4435,1
4436,1
4437,0
4438,0
4439,1
4440,2
4441,0
4442,0
4443,0
4444,0
4445,1
4446,1
4447,1
4448,0
4449,2
4450,0
4451,1
4452,1
4453,1
4454,0
4455,0
4456,0
4457,1
4458,1
4459,0
4460,0
4461,1
4462,1
4463,0
4464,1
4465,0
4466,1
4467,1
4468,0
4469,0
4470,1
4471,0
4472,1
4473,0
4474,1
4475,2
4476,1
4477,0
4478,2
4479,0
4480,0
4481,0
4482,1
4483,0
4484,1
4485,0
4486,0
4487,0
4488,1
4489,0
4490,1
4491,2
4492,0
4493,0
4494,0
4495,1
4496,0
4497,0
4498,1
4499,1
4500,1
4501,0
4502,0
4503,2
4504,0
4505,0
4506,0
4507,0
4508,2
4509,0
4510,0
4511,0
4512,0
4513,0
4514,0
4515,0
4516,0
4517,1
4518,1
4519,1
4520,2
4521,0
4522,1
4523,1
4524,0
4525,0
4526,1
4527,0
4528,1
4529,1
4530,1
4531,1
4532,1
4533,1
4534,0
4535,0
4536,0
4537,0
4538,1
4539,0
4540,1
4541,0
4542,0
4543,0
4544,0
4545,0
4546,1
4547,0
4548,0
4549,1
4550,1
4551,0
4552,0
4553,1
4554,0
4555,1
4556,0
4557,1
4558,0
4559,1
4560,1
4561,1
4562,1
4563,0
4564,0
4565,2
4566,1
4567,1
4568,1
4569,1
4570,0
4571,1
4572,0
4573,1
4574,1
4575,1
4576,1
4577,0
4578,0
4579,0
4580,1
4581,1
4582,2
4583,1
4584,0
4585,1
4586,0
4587,0
4588,0
4589,0
4590,1
4591,1
4592,1
4593,0
4594,0
4595,0
4596,1
4597,1
4598,0
4599,1
4600,0
4601,0
4602,0
4603,0
4604,1
4605,1
4606,2
4607,1
4608,0
4609,0
4610,0
4611,0
4612,0
4613,1
4614,1
4615,1
4616,1
4617,1
4618,0
4619,1
4620,1
4621,0
4622,1
4623,1
4624,1
4625,1
4626,1
4627,1
4628,0
4629,0
4630,0
4631,0
4632,0
4633,0
4634,1
4635,0
4636,1
4637,0
4638,0
4639,0
4640,0
4641,1
4642,0
4643,1
4644,1
4645,0
4646,1
4647,1
4648,1
4649,1
4650,0
4651,0
4652,1
4653,1
4654,0
4655,1
4656,0
4657,1
4658,1
4659,1
4660,0
4661,0
4662,0
4663,1
4664,1
4665,1
4666,1
4667,1
4668,0
4669,0
4670,1
4671,0
4672,0
4673,0
4674,0
4675,1
4676,1
4677,1
4678,1
4679,1
4680,1
4681,0
4682,1
4683,0
4684,1
4685,1
4686,1
4687,0
4688,1
4689,2
4690,0
4691,0
4692,1
4693,0
4694,0
4695,0
4696,0
4697,0
4698,0
4699,1
4700,2
4701,0
4702,0
4703,0
4704,0
4705,1
4706,0
4707,0
4708,1
4709,0
4710,0
4711,0
4712,0
4713,1
4714,1
4715,2
4716,1
4717,2
4718,0
4719,0
4720,0
4721,0
4722,0
4723,1
4724,0
4725,1
4726,0
4727,1
4728,0
4729,1
4730,1
4731,0
4732,1
4733,0
4734,0
4735,1
4736,1
4737,1
4738,1
4739,1
4740,1
4741,0
4742,0
4743,0
4744,0
4745,2
4746,1
4747,1
4748,1
4749,0
4750,2
4751,0
4752,1
4753,0
4754,1
4755,0
4756,0
4757,0
4758,0
4759,0
4760,1
4761,1
4762,0
4763,0
4764,1
4765,1
4766,2
4767,1
4768,2
4769,1
4770,0
4771,1
4772,1
4773,0
4774,1
4775,0
4776,1
4777,1
4778,0
4779,1
4780,1
4781,0
4782,1
4783,1
4784,2
4785,0
4786,1
4787,0
4788,1
4789,0
4790,1
4791,0
4792,1
4793,1
4794,1
4795,1
4796,0
4797,1
4798,1
4799,0
4800,1
4801,2
4802,0
4803,0
4804,0
4805,0
4806,0
4807,0
4808,0
4809,1
4810,0
4811,1
4812,0
4813,0
4814,0
4815,1
4816,1
4817,1
4818,1
4819,1
4820,1
4821,0
4822,1
4823,0
4824,0
4825,0
4826,0
4827,0
4828,0
4829,1
4830,1
4831,0
4832,0
4833,0
4834,0
4835,0
4836,1
4837,0
4838,0
4839,0
4840,1
4841,1
4842,1
4843,0
4844,0
4845,1
4846,1
4847,1
4848,0
4849,1
4850,1
4851,0
4852,1
4853,0
4854,0
4855,1
4856,0
4857,1
4858,1
4859,1
4860,1
4861,1
4862,0
4863,1
4864,1
4865,0
4866,0
4867,1
4868,2
4869,1
4870,0
4871,0
4872,0
4873,0
4874,0
4875,0
4876,0
4877,0
4878,0
4879,1
4880,0
4881,0
4882,0
4883,0
4884,0
4885,1
4886,1
4887,1
4888,1
4889,1
4890,0
4891,1
4892,0
4893,1
4894,0
4895,1
4896,1
4897,2
4898,1
4899,0
4900,0
4901,0
4902,1
4903,1
4904,0
4905,0
4906,0
4907,1
4908,0
4909,0
4910,1
4911,1
4912,0
4913,1
4914,1
4915,1
4916,2
4917,0
4918,0
4919,0
4920,0
4921,0
4922,1
4923,2
4924,2
4925,1
4926,0
4927,0
4928,0
4929,0
4930,0
4931,0
4932,1
4933,2
4934,0
4935,1
4936,1
4937,1
4938,0
4939,2
4940,1
4941,0
4942,0
4943,0
4944,1
4945,0
4946,1
4947,1
4948,0
4949,0
4950,1
4951,0
4952,0
4953,1
4954,0
4955,1
4956,1
4957,0
4958,1
4959,0
4960,0
4961,0
4962,1
4963,1
4964,0
4965,1
4966,1
4967,1
4968,1
4969,1
4970,0
4971,0
4972,1
4973,1
4974,1
4975,1
4976,0
4977,1
4978,1
4979,0
4980,1
4981,0
4982,0
4983,0
4984,1
4985,0
4986,0
4987,1
4988,0
4989,1
4990,0
4991,0
4992,1
4993,0
4994,1
4995,0
4996,0
4997,0
4998,0
4999,1
5000,2
5001,1
5002,0
5003,1
5004,0
5005,2
5006,1
5007,1
5008,0
5009,0
5010,1
5011,0
5012,1
5013,0
5014,1
5015,1
5016,0
5017,0
5018,0
5019,0
5020,1
5021,1
5022,1
5023,0
5024,1
5025,1
5026,0
5027,1
5028,0
5029,1
5030,0
5031,0
5032,0
5033,1
5034,0
5035,1
5036,0
5037,1
5038,0
5039,1
5040,1
5041,0
5042,0
5043,0
5044,1
5045,0
5046,1
5047,0
5048,1
5049,0
5050,1
5051,1
5052,0
5053,1
5054,0
5055,1
5056,0
5057,0
5058,1
5059,1
5060,1
5061,0
5062,1
5063,0
5064,0
5065,1
5066,1
5067,0
5068,1
5069,1
5070,0
5071,0
5072,0
5073,1
5074,1
5075,0
5076,0
5077,0
5078,1
5079,1
5080,0
5081,1
5082,0
5083,0
5084,1
5085,2
5086,0
5087,1
5088,1
5089,0
5090,0
5091,1
5092,1
5093,1
5094,0
5095,0
5096,1
5097,0
5098,1
5099,1
5100,0
5101,0
5102,1
5103,0
5104,1
5105,0
5106,1
5107,0
5108,0
5109,2
5110,0
5111,1
5112,0
5113,1
5114,0
5115,1
5116,1
5117,0
5118,0
5119,1
5120,0
5121,1
5122,1
5123,0
5124,1
5125,0
5126,1
5127,0
5128,0
5129,0
5130,0
5131,1
5132,0
5133,0
5134,0
5135,0
5136,0
5137,0
5138,0
5139,1
5140,0
5141,1
5142,1
5143,1
5144,2
5145,1
5146,1
5147,1
5148,0
5149,1
5150,0
5151,0
5152,1
5153,0
5154,1
5155,0
5156,0
5157,0
5158,2
5159,1
5160,0
5161,2
5162,0
5163,0
5164,0
5165,0
5166,0
5167,0
5168,1
5169,0
5170,0
5171,1
5172,1
5173,0
5174,1
5175,1
5176,0
5177,1
5178,0
5179,1
5180,0
5181,2
5182,1
5183,1
5184,1
5185,1
5186,0
5187,1
5188,1
5189,0
5190,1
5191,0
5192,1
5193,0
5194,0
5195,1
5196,0
5197,0
5198,1
5199,0
5200,0
5201,0
5202,0
5203,1
5204,1
5205,0
5206,0
5207,1
5208,1
5209,0
5210,1
5211,0
5212,1
5213,0
5214,1
5215,0
5216,0
5217,0
5218,1
5219,0
5220,0
5221,1
5222,0
5223,0
5224,0
5225,0
5226,1
5227,1
5228,1
5229,1
5230,1
5231,0
5232,2
5233,1
5234,1
5235,0
5236,1
5237,0
5238,0
5239,0
5240,0
5241,1
5242,1
5243,1
5244,1
5245,0
5246,1
5247,1
5248,0
5249,1
5250,1
5251,0
5252,1
5253,0
5254,1
5255,0
5256,1
5257,0
5258,1
5259,0
5260,0
5261,1
5262,0
5263,0
5264,1
5265,0
5266,0
5267,0
5268,0
5269,1
5270,1
5271,0
5272,0
5273,1
5274,1
5275,1
5276,1
5277,1
5278,0
5279,0
5280,1
5281,1
5282,1
5283,1
5284,1
5285,0
5286,0
5287,0
5288,0
5289,0
5290,0
5291,1
5292,1
5293,0
5294,0
5295,1
5296,0
5297,1
5298,1
5299,0
5300,1
5301,1
5302,1
5303,0
5304,1
5305,0
5306,0
5307,1
5308,1
5309,1
5310,0
5311,1
5312,1
5313,0
5314,0
5315,1
5316,0
5317,0
5318,0
5319,1
5320,1
5321,0
5322,0
5323,1
5324,0
5325,0
5326,0
5327,1
5328,1
5329,0
5330,1
5331,1
5332,2
5333,0
5334,1
5335,1
5336,0
5337,1
5338,0
5339,0
5340,1
5341,0
5342,1
5343,1
5344,1
5345,1
5346,0
5347,0
5348,1
5349,0
5350,0
5351,1
5352,1
5353,1
5354,1
5355,1
5356,0
5357,1
5358,0
5359,1
5360,0
5361,0
5362,0
5363,0
5364,1
5365,1
5366,1
5367,0
5368,1
5369,0
5370,0
5371,1
5372,0
5373,2
5374,1
5375,1
5376,1
5377,1
5378,1
5379,1
5380,0
5381,0
5382,1
5383,0
5384,1
5385,0
5386,1
5387,1
5388,0
5389,1
5390,0
5391,1
5392,0
5393,1
5394,0
5395,0
5396,0
5397,0
5398,0
5399,0
5400,1
5401,1
5402,0
5403,1
5404,0
5405,0
5406,0
5407,1
5408,0
5409,0
5410,1
5411,1
5412,1
5413,0
5414,0
5415,1
5416,0
5417,0
5418,0
5419,0
5420,0
5421,1
5422,0
5423,1
5424,0
5425,1
5426,0
5427,1
5428,2
5429,1
5430,0
5431,1
5432,0
5433,0
5434,1
5435,0
5436,0
5437,0
5438,0
5439,0
5440,0
5441,1
5442,2
5443,1
5444,1
5445,1
5446,0
5447,0
5448,0
5449,0
5450,1
5451,1
5452,0
5453,2
5454,1
5455,1
5456,1
5457,0
5458,1
5459,0
5460,0
5461,0
5462,0
5463,0
5464,0
5465,1
5466,0
5467,1
5468,1
5469,0
5470,0
5471,0
5472,0
5473,1
5474,0
5475,1
5476,1
5477,0
5478,1
5479,1
5480,1
5481,1
5482,0
5483,0
5484,1
5485,0
5486,1
5487,1
5488,1
5489,1
5490,1
5491,0
5492,1
5493,2
5494,1
5495,0
5496,0
5497,0
5498,0
5499,0
5500,1
5501,0
5502,0
5503,1
5504,0
5505,1
5506,0
5507,0
5508,0
5509,0
5510,1
5511,1
5512,1
5513,1
5514,0
5515,1
5516,0
5517,0
5518,1
5519,1
5520,0
5521,0
5522,2
5523,0
5524,1
5525,1
5526,1
5527,0
5528,0
5529,1
5530,0
5531,1
5532,1
5533,2
5534,1
5535,0
5536,1
5537,1
5538,1
5539,0
5540,1
5541,0
5542,0
5543,1
5544,1
5545,1
5546,1
5547,1
5548,1
5549,1
5550,0
5551,0
5552,0
5553,2
5554,0
5555,1
5556,1
5557,1
5558,0
5559,0
5560,0
5561,0
5562,0
5563,0
5564,1
5565,1
5566,1
5567,0
5568,0
5569,1
5570,0
5571,1
5572,1
5573,2
5574,0
5575,0
5576,1
5577,1
5578,0
5579,0
5580,1
5581,0
5582,1
5583,1
5584,1
5585,1
5586,1
5587,0
5588,1
5589,2
5590,1
5591,0
5592,1
5593,0
5594,1
5595,0
5596,1
5597,2
5598,0
5599,1
5600,0
5601,1
5602,2
5603,0
5604,0
5605,1
5606,0
5607,1
5608,0
5609,1
5610,0
5611,0
5612,0
5613,1
5614,0
5615,0
5616,0
5617,2
5618,2
5619,0
5620,1
5621,1
5622,1
5623,1
5624,0
5625,0
5626,0
5627,0
5628,1
5629,0
5630,0
5631,0
5632,0
5633,1
5634,0
5635,0
5636,0
5637,1
5638,0
5639,0
5640,1
5641,1
5642,1
5643,1
5644,0
5645,1
5646,1
5647,0
5648,1
5649,0
5650,0
5651,1
5652,0
5653,0
5654,1
5655,1
5656,2
5657,0
5658,0
5659,1
5660,1
5661,1
5662,1
5663,0
5664,0
5665,1
5666,1
5667,0
5668,1
5669,1
5670,1
5671,1
5672,1
5673,1
5674,0
5675,0
5676,1
5677,1
5678,0
5679,1
5680,0
5681,1
5682,1
5683,0
5684,1
5685,0
5686,1
5687,0
5688,1
5689,0
5690,0
5691,1
5692,0
5693,1
5694,1
5695,0
5696,1
5697,0
5698,0
5699,0
5700,0
5701,1
5702,1
5703,1
5704,0
5705,2
5706,0
5707,1
5708,1
5709,1
5710,0
5711,1
5712,1
5713,0
5714,0
5715,1
5716,1
5717,1
5718,0
5719,0
5720,1
5721,0
5722,1
5723,1
5724,1
5725,0
5726,1
5727,0
5728,1
5729,1
5730,1
5731,0
5732,1
5733,0
5734,0
5735,0
5736,0
5737,0
5738,0
5739,0
5740,1
5741,0
5742,1
5743,0
5744,2
5745,0
5746,0
5747,0
5748,1
5749,0
5750,1
5751,0
5752,1
5753,0
5754,1
5755,0
5756,0
5757,1
5758,1
5759,0
5760,1
5761,0
5762,0
5763,0
5764,0
5765,0
5766,0
5767,0
5768,0
5769,1
5770,0
5771,1
5772,1
5773,0
5774,1
5775,1
5776,0
5777,0
5778,0
5779,0
5780,1
5781,0
5782,1
5783,1
5784,1
5785,0
5786,0
5787,0
5788,0
5789,0
5790,0
5791,1
5792,1
5793,0
5794,1
5795,2
5796,1
5797,1
5798,0
5799,0
5800,1
5801,2
5802,0
5803,0
5804,2
5805,1
5806,1
5807,1
5808,1
5809,1
5810,0
5811,0
5812,0
5813,0
5814,0
5815,0
5816,0
5817,1
5818,0
5819,1
5820,1
5821,1
5822,0
5823,0
5824,1
5825,2
5826,0
5827,1
5828,1
5829,1
5830,0
5831,1
5832,1
5833,0
5834,0
5835,0
5836,1
5837,0
5838,0
5839,0
5840,1
5841,1
5842,2
5843,2
5844,1
5845,1
5846,0
5847,1
5848,0
5849,1
5850,1
5851,1
5852,1
5853,0
5854,0
5855,0
5856,0
5857,0
5858,0
5859,0
5860,0
5861,1
5862,1
5863,0
5864,1
5865,1
5866,1
5867,0
5868,1
5869,0
5870,1
5871,0
5872,0
5873,2
5874,0
5875,0
5876,1
5877,1
5878,0
5879,0
5880,0
5881,0
5882,1
5883,1
5884,1
5885,0
5886,1
5887,1
5888,1
5889,1
5890,0
5891,0
5892,0
5893,1
5894,1
5895,1
5896,1
5897,0
5898,0
5899,0
5900,0
5901,0
5902,2
5903,0
5904,0
5905,0
5906,1
5907,1
5908,0
5909,1
5910,1
5911,1
5912,1
5913,1
5914,0
5915,1
5916,1
5917,1
5918,1
5919,1
5920,1
5921,0
5922,1
5923,0
5924,0
5925,0
5926,1
5927,0
5928,0
5929,1
5930,1
5931,1
5932,0
5933,1
5934,0
5935,0
5936,1
5937,1
5938,1
5939,0
5940,1
5941,0
5942,0
5943,0
5944,0
5945,1
5946,0
5947,1
5948,1
5949,1
5950,0
5951,0
5952,0
5953,0
5954,1
5955,2
5956,1
5957,1
5958,0
5959,1
5960,1
5961,1
5962,0
5963,0
5964,1
5965,0
5966,1
5967,1
5968,0
5969,0
5970,0
5971,1
5972,0
5973,1
5974,1
5975,0
5976,0
5977,0
5978,1
5979,0
5980,1
5981,1
5982,2
5983,0
5984,2
5985,1
5986,0
5987,1
5988,1
5989,0
5990,0
5991,0
5992,1
5993,0
5994,1
5995,1
5996,0
5997,1
5998,2
5999,1
6000,1
6001,0
6002,1
6003,0
6004,0
6005,2
6006,0
6007,1
6008,1
6009,1
6010,0
6011,0
6012,1
6013,0
6014,1
6015,0
6016,0
6017,0
6018,1
6019,0
6020,0
6021,0
6022,0
6023,1
6024,1
6025,1
6026,0
6027,1
6028,1
6029,0
6030,0
6031,0
6032,0
6033,1
6034,0
6035,0
6036,1
6037,1
6038,0
6039,1
6040,0
6041,1
6042,1
6043,1
6044,2
6045,1
6046,1
6047,0
6048,1
6049,0
6050,0
6051,0
6052,1
6053,0
6054,0
6055,1
6056,1
6057,1
6058,2
6059,1
6060,1
6061,2
6062,0
6063,1
6064,1
6065,0
6066,1
6067,0
6068,0
6069,1
6070,1
6071,0
6072,1
6073,1
6074,0
6075,0
6076,1
6077,1
6078,0
6079,0
6080,1
6081,1
6082,1
6083,0
6084,2
6085,2
6086,0
6087,0
6088,0
6089,1
6090,0
6091,0
6092,0
6093,0
6094,1
6095,1
6096,0
6097,1
6098,1
6099,0
6100,1
6101,0
6102,0
6103,1
6104,0
6105,1
6106,1
6107,0
6108,0
6109,1
6110,0
6111,1
6112,1
6113,0
6114,1
6115,1
6116,1
6117,0
6118,1
6119,0
6120,0
6121,2
6122,1
6123,0
6124,1
6125,1
6126,1
6127,0
6128,1
6129,0
6130,0
6131,0
6132,1
6133,1
6134,1
6135,0
6136,0
6137,1
6138,0
6139,0
6140,2
6141,1
6142,1
6143,0
6144,1
6145,1
6146,0
6147,1
6148,1
6149,0
6150,0
6151,2
6152,0
6153,0
6154,0
6155,1
6156,1
6157,2
6158,0
6159,0
6160,0
6161,0
6162,1
6163,1
6164,0
6165,1
6166,1
6167,1
6168,0
6169,0
6170,1
6171,0
6172,0
6173,0
6174,1
6175,0
6176,1
6177,0
6178,2
6179,0
6180,0
6181,1
6182,1
6183,0
6184,1
6185,2
6186,1
6187,2
6188,1
6189,0
6190,0
6191,1
6192,0
6193,1
6194,0
6195,2
6196,0
6197,2
6198,1
6199,0
6200,1
6201,1
6202,2
6203,0
6204,0
6205,1
6206,1
6207,1
6208,0
6209,1
6210,0
6211,1
6212,0
6213,0
6214,1
6215,0
6216,1
6217,1
6218,1
6219,1
6220,1
6221,1
6222,0
6223,1
6224,1
6225,1
6226,0
6227,1
6228,1
6229,0
6230,0
6231,0
6232,0
6233,1
6234,0
6235,1
6236,1
6237,1
6238,1
6239,0
6240,1
6241,1
6242,0
6243,1
6244,0
6245,0
6246,1
6247,0
6248,1
6249,0
6250,0
6251,0
6252,1
6253,1
6254,0
6255,1
6256,0
6257,1
6258,1
6259,2
6260,0
6261,1
6262,0
6263,1
6264,1
6265,1
6266,1
6267,0
6268,1
6269,0
6270,1
6271,1
6272,0
6273,0
6274,1
6275,1
6276,0
6277,0
6278,1
6279,1
6280,0
6281,2
6282,0
6283,1
6284,0
6285,1
6286,1
6287,1
6288,0
6289,0
6290,0
6291,1
6292,1
6293,1
6294,0
6295,1
6296,0
6297,1
6298,1
6299,0
6300,1
6301,0
6302,1
6303,1
6304,0
6305,1
6306,1
6307,1
6308,1
6309,0
6310,1
6311,0
6312,0
6313,0
6314,1
6315,0
6316,0
6317,0
6318,1
6319,2
6320,0
6321,1
6322,0
6323,0
6324,0
6325,0
6326,0
6327,0
6328,0
6329,1
6330,0
6331,1
6332,1
6333,1
6334,1
6335,1
6336,1
6337,0
6338,0
6339,0
6340,0
6341,1
6342,1
6343,0
6344,0
6345,1
6346,0
6347,0
6348,0
6349,1
6350,0
6351,0
6352,1
6353,1
6354,0
6355,2
6356,0
6357,0
6358,1
6359,0
6360,0
6361,1
6362,1
6363,0
6364,1
6365,1
6366,1
6367,1
6368,1
6369,0
6370,1
6371,0
6372,1
6373,1
6374,0
6375,0
6376,1
6377,0
6378,0
6379,0
6380,1
6381,2
6382,2
6383,1
6384,0
6385,1
6386,1
6387,0
6388,0
6389,0
6390,0
6391,1
6392,0
6393,1
6394,0
6395,0
6396,0
6397,0
6398,0
6399,1
6400,1
6401,0
6402,0
6403,1
6404,0
6405,1
6406,0
6407,0
6408,0
6409,0
6410,0
6411,0
6412,1
6413,0
6414,0
6415,1
6416,1
6417,1
6418,1
6419,2
6420,0
6421,0
6422,1
6423,1
6424,0
6425,1
6426,1
6427,0
6428,1
6429,2
6430,1
6431,1
6432,1
6433,0
6434,0
6435,0
6436,1
6437,1
6438,1
6439,1
6440,1
6441,0
6442,0
6443,1
6444,1
6445,0
6446,0
6447,0
6448,1
6449,0
6450,0
6451,1
6452,1
6453,1
6454,1
6455,1
6456,0
6457,0
6458,2
6459,0
6460,0
6461,1
6462,1
6463,0
6464,1
6465,1
6466,1
6467,1
6468,0
6469,0
6470,0
6471,2
6472,1
6473,1
6474,1
6475,2
6476,0
6477,1
6478,0
6479,0
6480,1
6481,0
6482,0
6483,0
6484,0
6485,0
6486,1
6487,1
6488,0
6489,1
6490,2
6491,0
6492,1
6493,1
6494,0
6495,1
6496,1
6497,0
6498,0
6499,1
6500,2
6501,1
6502,1
6503,0
6504,0
6505,1
6506,0
6507,0
6508,1
6509,1
6510,1
6511,1
6512,1
6513,2
6514,0
6515,0
6516,1
6517,0
6518,1
6519,1
6520,0
6521,1
6522,0
6523,1
6524,1
6525,1
6526,0
6527,1
6528,2
6529,1
6530,0
6531,2
6532,1
6533,0
6534,2
6535,0
6536,0
6537,0
6538,0
6539,1
6540,0
6541,0
6542,0
6543,0
6544,0
6545,1
6546,1
6547,1
6548,0
6549,0
6550,0
6551,0
6552,1
6553,0
6554,1
6555,1
6556,1
6557,0
6558,1
6559,1
6560,1
6561,1
6562,1
6563,0
6564,0
6565,1
6566,0
6567,0
6568,0
6569,0
6570,0
6571,1
6572,1
6573,1
6574,1
6575,1
6576,1
6577,0
6578,0
6579,0
6580,1
6581,1
6582,0
6583,0
6584,0
6585,0
6586,0
6587,0
6588,0
6589,1
6590,0
6591,0
6592,1
6593,0
6594,2
6595,1
6596,1
6597,0
6598,2
6599,0
6600,0
6601,0
6602,1
6603,1
6604,1
6605,0
6606,0
6607,0
6608,0
6609,1
6610,1
6611,1
6612,0
6613,0
6614,0
6615,0
6616,0
6617,0
6618,1
6619,1
6620,0
6621,1
6622,0
6623,0
6624,1
6625,0
6626,1
6627,0
6628,1
6629,0
6630,0
6631,0
6632,1
6633,1
6634,1
6635,1
6636,1
6637,0
6638,0
6639,1
6640,1
6641,1
6642,0
6643,1
6644,0
6645,1
6646,1
6647,1
6648,1
6649,0
6650,1
6651,0
6652,1
6653,1
6654,0
6655,0
6656,0
6657,1
6658,1
6659,1
6660,2
6661,0
6662,0
6663,1
6664,0
6665,2
6666,0
6667,0
6668,1
6669,0
6670,0
6671,0
6672,1
6673,1
6674,0
6675,1
6676,0
6677,2
6678,0
6679,1
6680,1
6681,1
6682,0
6683,1
6684,1
6685,0
6686,1
6687,1
6688,1
6689,1
6690,0
6691,1
6692,1
6693,0
6694,1
6695,0
6696,1
6697,1
6698,0
6699,0
6700,0
6701,0
6702,0
6703,0
6704,1
6705,1
6706,2
6707,1
6708,0
6709,1
6710,1
6711,0
6712,2
6713,1
6714,1
6715,0
6716,0
6717,0
6718,0
6719,0
6720,1
6721,0
6722,1
6723,1
6724,0
6725,1
6726,1
6727,1
6728,0
6729,0
6730,1
6731,0
6732,2
6733,0
6734,0
6735,1
6736,1
6737,0
6738,1
6739,1
6740,0
6741,0
6742,0
6743,0
6744,1
6745,0
6746,1
6747,1
6748,0
6749,1
6750,0
6751,1
6752,1
6753,0
6754,0
6755,0
6756,1
6757,1
6758,1
6759,1
6760,0
6761,1
6762,1
6763,0
6764,1
6765,0
6766,0
6767,0
6768,1
6769,0
6770,1
6771,1
6772,0
6773,1
6774,1
6775,1
6776,0
6777,0
6778,0
6779,0
6780,1
6781,1
6782,0
6783,1
6784,0
6785,0
6786,0
6787,1
6788,2
6789,1
6790,1
6791,0
6792,0
6793,0
6794,1
6795,0
6796,1
6797,0
6798,1
6799,1
6800,0
6801,1
6802,1
6803,0
6804,1
6805,1
6806,1
6807,1
6808,0
6809,1
6810,0
6811,1
6812,1
6813,1
6814,1
6815,1
6816,0
6817,0
6818,1
6819,0
6820,0
6821,0
6822,0
6823,0
6824,0
6825,1
6826,1
6827,1
6828,1
6829,0
6830,0
6831,0
6832,1
6833,0
6834,1
6835,1
6836,1
6837,1
6838,0
6839,1
6840,1
6841,0
6842,1
6843,0
6844,0
6845,0
6846,0
6847,1
6848,1
6849,0
6850,0
6851,0
6852,1
6853,0
6854,1
6855,0
6856,0
6857,1
6858,1
6859,1
6860,1
6861,0
6862,2
6863,0
6864,0
6865,1
6866,0
6867,1
6868,0
6869,1
6870,1
6871,1
6872,0
6873,0
6874,0
6875,0
6876,1
6877,1
6878,1
6879,1
6880,0
6881,1
6882,0
6883,0
6884,1
6885,0
6886,1
6887,1
6888,1
6889,1
6890,1
6891,0
6892,0
6893,1
6894,0
6895,1
6896,1
6897,0
6898,1
6899,0
6900,0
6901,1
6902,1
6903,0
6904,1
6905,0
6906,0
6907,0
6908,0
6909,0
6910,0
6911,0
6912,1
6913,1
6914,0
6915,0
6916,1
6917,0
6918,2
6919,1
6920,1
6921,0
6922,0
6923,1
6924,0
6925,1
6926,1
6927,0
6928,0
6929,1
6930,1
6931,2
6932,0
6933,0
6934,1
6935,1
6936,1
6937,1
6938,1
6939,1
6940,0
6941,1
6942,0
6943,1
6944,1
6945,0
6946,1
6947,1
6948,1
6949,0
6950,0
6951,0
6952,1
6953,0
6954,0
6955,0
6956,2
6957,1
6958,1
6959,0
6960,0
6961,1
6962,1
6963,0
6964,1
6965,1
6966,1
6967,0
6968,0
6969,2
6970,1
6971,1
6972,0
6973,1
6974,0
6975,1
6976,0
6977,0
6978,0
6979,0
6980,0
6981,1
6982,0
6983,1
6984,0
6985,0
6986,1
6987,0
6988,1
6989,0
6990,1
6991,0
6992,0
6993,1
6994,1
6995,2
6996,1
6997,1
6998,0
6999,1
7000,0
7001,1
7002,1
7003,1
7004,0
7005,0
7006,0
7007,0
7008,0
7009,0
7010,0
7011,0
7012,0
7013,1
7014,0
7015,0
7016,0
7017,0
7018,1
7019,0
7020,1
7021,0
7022,1
7023,1
7024,0
7025,1
7026,1
7027,0
7028,1
7029,1
7030,1
7031,1
7032,1
7033,0
7034,0
7035,0
7036,1
7037,0
7038,1
7039,0
7040,0
7041,1
7042,1
7043,0
7044,1
7045,0
7046,1
7047,1
7048,0
7049,1
7050,1
7051,0
7052,1
7053,0
7054,0
7055,1
7056,0
7057,1
7058,1
7059,0
7060,0
7061,0
7062,1
7063,1
7064,1
7065,1
7066,0
7067,1
7068,0
7069,1
7070,0
7071,1
7072,1
7073,1
7074,1
7075,0
7076,1
7077,0
7078,1
7079,1
7080,0
7081,0
7082,1
7083,1
7084,0
7085,1
7086,0
7087,1
7088,0
7089,1
7090,0
7091,0
7092,0
7093,0
7094,0
7095,0
7096,1
7097,0
7098,1
7099,0
7100,0
7101,0
7102,1
7103,1
7104,1
7105,0
7106,1
7107,0
7108,0
7109,1
7110,1
7111,1
7112,0
7113,1
7114,0
7115,0
7116,1
7117,1
7118,0
7119,1
7120,0
7121,2
7122,2
7123,1
7124,1
7125,0
7126,0
7127,0
7128,0
7129,0
7130,1
7131,0
7132,0
7133,0
7134,1
7135,0
7136,0
7137,1
7138,0
7139,0
7140,1
7141,1
7142,1
7143,0
7144,0
7145,0
7146,0
7147,0
7148,1
7149,1
7150,1
7151,1
7152,1
7153,1
7154,0
7155,0
7156,1
7157,2
7158,0
7159,0
7160,0
7161,0
7162,0
7163,0
7164,2
7165,0
7166,2
7167,0
7168,0
7169,0
7170,0
7171,0
7172,0
7173,1
7174,0
7175,2
7176,0
7177,0
7178,0
7179,0
7180,0
7181,1
7182,0
7183,1
7184,0
7185,0
7186,0
7187,0
7188,0
7189,1
7190,1
7191,0
7192,1
7193,0
7194,0
7195,0
7196,1
7197,1
7198,1
7199,0
7200,2
7201,0
7202,1
7203,0
7204,0
7205,0
7206,1
7207,0
7208,0
7209,1
7210,0
7211,0
7212,0
7213,0
7214,1
7215,0
7216,0
7217,1
7218,0
7219,1
7220,1
7221,2
7222,0
7223,1
7224,1
7225,1
7226,1
7227,0
7228,0
7229,0
7230,0
7231,1
7232,0
7233,1
7234,2
7235,0
7236,0
7237,0
7238,0
7239,0
7240,1
7241,0
7242,1
7243,1
7244,1
7245,0
7246,1
7247,1
7248,0
7249,0
7250,2
7251,0
7252,1
7253,0
7254,1
7255,1
7256,1
7257,0
7258,1
7259,1
7260,1
7261,1
7262,1
7263,0
7264,1
7265,1
7266,1
7267,1
7268,1
7269,1
7270,1
7271,1
7272,0
7273,0
7274,0
7275,0
7276,1
7277,1
7278,0
7279,0
7280,0
7281,0
7282,0
7283,0
7284,0
7285,1
7286,0
7287,1
7288,1
7289,1
7290,1
7291,1
7292,1
7293,1
7294,0
7295,2
7296,0
7297,1
7298,1
7299,0
7300,0
7301,0
7302,0
7303,0
7304,1
7305,0
7306,1
7307,1
7308,0
7309,0
7310,0
7311,0
7312,2
7313,1
7314,0
7315,1
7316,1
7317,0
7318,1
7319,1
7320,0
7321,1
7322,0
7323,0
7324,0
7325,1
7326,0
7327,0
7328,1
7329,1
7330,0
7331,1
7332,1
7333,0
7334,0
7335,1
7336,1
7337,2
7338,0
7339,0
7340,0
7341,0
7342,0
7343,0
7344,1
7345,0
7346,0
7347,0
7348,0
7349,0
7350,0
7351,1
7352,0
7353,0
7354,0
7355,1
7356,2
7357,1
7358,1
7359,1
7360,1
7361,0
7362,2
7363,0
7364,0
7365,1
7366,1
7367,1
7368,1
7369,1
7370,1
7371,1
7372,1
7373,1
7374,1
7375,0
7376,1
7377,1
7378,0
7379,0
7380,0
7381,1
7382,0
7383,2
7384,1
7385,0
7386,0
7387,1
7388,0
7389,0
7390,1
7391,1
7392,0
7393,2
7394,1
7395,0
7396,0
7397,0
7398,1
7399,0
7400,0
7401,1
7402,0
7403,1
7404,1
7405,1
7406,1
7407,0
7408,1
7409,0
7410,0
7411,0
7412,0
7413,0
7414,0
7415,1
7416,0
7417,0
7418,1
7419,1
7420,1
7421,1
7422,1
7423,0
7424,1
7425,1
7426,0
7427,1
7428,0
7429,0
7430,1
7431,2
7432,0
7433,1
7434,1
7435,1
7436,0
7437,0
7438,1
7439,1
7440,1
7441,0
7442,0
7443,1
7444,1
7445,1
7446,0
7447,1
7448,0
7449,0
7450,0
7451,1
7452,1
7453,1
7454,1
7455,2
7456,1
7457,0
7458,0
7459,0
7460,0
7461,0
7462,1
7463,0
7464,0
7465,0
7466,0
7467,1
7468,0
7469,0
7470,0
7471,1
7472,1
7473,1
7474,1
7475,0
7476,1
7477,0
7478,1
7479,0
7480,0
7481,0
7482,1
7483,1
7484,0
7485,1
7486,0
7487,1
7488,0
7489,0
7490,0
7491,0
7492,1
7493,1
7494,1
7495,1
7496,0
7497,0
7498,1
7499,0
7500,0
7501,1
7502,2
7503,1
7504,1
7505,0
7506,0
7507,1
7508,1
7509,2
7510,0
7511,1
7512,0
7513,1
7514,0
7515,0
7516,0
7517,0
7518,0
7519,0
7520,1
7521,1
7522,0
7523,1
7524,0
7525,1
7526,0
7527,0
7528,0
7529,0
7530,0
7531,1
7532,1
7533,1
7534,2
7535,1
7536,0
7537,1
7538,1
7539,0
7540,0
7541,0
7542,0
7543,0
7544,1
7545,0
7546,0
7547,1
7548,1
7549,0
7550,2
7551,0
7552,1
7553,0
7554,1
7555,1
7556,1
7557,1
7558,0
7559,0
7560,1
7561,0
7562,0
7563,0
7564,1
7565,0
7566,0
7567,0
7568,1
7569,1
7570,1
7571,0
7572,0
7573,0
7574,0
7575,0
7576,1
7577,0
7578,1
7579,1
7580,0
7581,0
7582,0
7583,1
7584,1
7585,1
7586,0
7587,0
7588,0
7589,0
7590,0
7591,0
7592,1
7593,1
7594,0
7595,0
7596,0
7597,0
7598,0
7599,0
7600,0
7601,0
7602,1
7603,0
7604,0
7605,0
7606,1
7607,1
7608,0
7609,1
7610,1
7611,1
7612,1
7613,1
7614,1
7615,0
7616,0
7617,0
7618,1
7619,1
7620,1
7621,1
7622,0
7623,0
7624,0
7625,0
7626,1
7627,0
7628,0
7629,1
7630,0
7631,0
7632,0
7633,1
7634,0
7635,1
7636,0
7637,1
7638,2
7639,0
7640,1
7641,2
7642,1
7643,1
7644,1
7645,0
7646,0
7647,1
7648,1
7649,1
7650,1
7651,0
7652,0
7653,0
7654,1
7655,1
7656,1
7657,1
7658,0
7659,0
7660,1
7661,1
7662,1
7663,0
7664,1
7665,0
7666,1
7667,1
7668,1
7669,0
7670,1
7671,1
7672,1
7673,1
7674,1
7675,0
7676,0
7677,0
7678,2
7679,0
7680,1
7681,0
7682,1
7683,1
7684,1
7685,0
7686,1
7687,2
7688,1
7689,1
7690,0
7691,1
7692,1
7693,0
7694,1
7695,1
7696,0
7697,0
7698,0
7699,0
7700,0
7701,1
7702,0
7703,0
7704,0
7705,1
7706,1
7707,0
7708,1
7709,0
7710,1
7711,1
7712,1
7713,2
7714,0
7715,0
7716,0
7717,0
7718,1
7719,1
7720,1
7721,0
7722,0
7723,1
7724,0
7725,2
7726,0
7727,1
7728,1
7729,2
7730,0
7731,0
7732,0
7733,1
7734,1
7735,0
7736,1
7737,1
7738,1
7739,1
7740,0
7741,0
7742,0
7743,0
7744,0
7745,1
7746,1
7747,0
7748,0
7749,1
7750,0
7751,2
7752,1
7753,1
7754,0
7755,2
7756,0
7757,2
7758,0
7759,1
7760,2
7761,0
7762,0
7763,1
7764,0
7765,1
7766,0
7767,1
7768,1
7769,0
7770,1
7771,0
7772,0
7773,0
7774,0
7775,0
7776,1
7777,0
7778,1
7779,1
7780,0
7781,1
7782,1
7783,0
7784,0
7785,0
7786,1
7787,0
7788,0
7789,1
7790,0
7791,0
7792,1
7793,2
7794,1
7795,0
7796,2
7797,1
7798,0
7799,0
7800,0
7801,1
7802,1
7803,0
7804,0
7805,1
7806,1
7807,0
7808,1
7809,1
7810,0
7811,1
7812,1
7813,0
7814,0
7815,0
7816,0
7817,0
7818,1
7819,0
7820,0
7821,0
7822,1
7823,0
7824,0
7825,1
7826,0
7827,0
7828,1
7829,1
7830,0
7831,0
7832,1
7833,0
7834,0
7835,1
7836,1
7837,2
7838,1
7839,0
7840,0
7841,0
7842,1
7843,0
7844,1
7845,1
7846,0
7847,0
7848,1
7849,1
7850,0
7851,0
7852,0
7853,1
7854,1
7855,1
7856,1
7857,2
7858,1
7859,0
7860,1
7861,0
7862,0
7863,1
7864,0
7865,1
7866,1
7867,0
7868,1
7869,0
7870,1
7871,0
7872,1
7873,1
7874,1
7875,0
7876,0
7877,1
7878,1
7879,0
7880,0
7881,1
7882,0
7883,0
7884,0
7885,1
7886,0
7887,0
7888,0
7889,0
7890,0
7891,1
7892,0
7893,1
7894,0
7895,0
7896,1
7897,0
7898,0
7899,0
7900,0
7901,1
7902,0
7903,1
7904,0
7905,1
7906,0
7907,1
7908,0
7909,1
7910,1
7911,1
7912,1
7913,0
7914,1
7915,1
7916,0
7917,1
7918,0
7919,0
7920,1
7921,1
7922,2
7923,0
7924,0
7925,0
7926,0
7927,0
7928,1
7929,1
7930,0
7931,1
7932,1
7933,1
7934,0
7935,0
7936,1
7937,0
7938,1
7939,2
7940,0
7941,0
7942,1
7943,0
7944,0
7945,1
7946,1
7947,0
7948,1
7949,0
7950,0
7951,0
7952,0
7953,0
7954,0
7955,1
7956,0
7957,1
7958,1
7959,1
7960,0
7961,1
7962,1
7963,1
7964,1
7965,1
7966,2
7967,1
7968,0
7969,0
7970,1
7971,0
7972,1
7973,1
7974,1
7975,0
7976,2
7977,0
7978,1
7979,0
7980,1
7981,0
7982,1
7983,1
7984,0
7985,0
7986,1
7987,1
7988,0
7989,1
7990,1
7991,0
7992,0
7993,1
7994,1
7995,0
7996,0
7997,1
7998,0
7999,0
8000,1
8001,0
8002,0
8003,1
8004,0
8005,1
8006,0
8007,1
8008,1
8009,0
8010,1
8011,1
8012,0
8013,0
8014,0
8015,0
8016,1
8017,0
8018,1
8019,1
8020,1
8021,1
8022,0
8023,1
8024,0
8025,1
8026,0
8027,1
8028,0
8029,0
8030,0
8031,2
8032,0
8033,2
8034,1
8035,0
8036,0
8037,0
8038,0
8039,0
8040,0
8041,0
8042,0
8043,1
8044,1
8045,2
8046,0
8047,1
8048,1
8049,1
8050,1
8051,0
8052,0
8053,1
8054,0
8055,1
8056,2
8057,1
8058,0
8059,0
8060,0
8061,1
8062,1
8063,1
8064,1
8065,0
8066,0
8067,0
8068,1
8069,1
8070,1
8071,1
8072,1
8073,1
8074,1
8075,0
8076,0
8077,1
8078,2
8079,1
8080,1
8081,1
8082,0
8083,1
8084,0
8085,0
8086,1
8087,1
8088,1
8089,1
8090,1
8091,1
8092,0
8093,1
8094,0
8095,0
8096,1
8097,2
8098,0
8099,1
8100,1
8101,0
8102,0
8103,1
8104,1
8105,1
8106,1
8107,0
8108,1
8109,2
8110,2
8111,1
8112,1
8113,0
8114,0
8115,0
8116,1
8117,0
8118,0
8119,0
8120,1
8121,0
8122,1
8123,0
8124,0
8125,1
8126,1
8127,0
8128,1
8129,1
8130,1
8131,1
8132,0
8133,1
8134,0
8135,0
8136,0
8137,1
8138,1
8139,2
8140,1
8141,1
8142,1
8143,1
8144,0
8145,0
8146,1
8147,1
8148,1
8149,1
8150,1
8151,0
8152,1
8153,0
8154,2
8155,0
8156,1
8157,0
8158,0
8159,0
8160,1
8161,0
8162,0
8163,2
8164,0
8165,0
8166,1
8167,0
8168,1
8169,0
8170,0
8171,1
8172,0
8173,0
8174,0
8175,1
8176,1
8177,1
8178,2
8179,0
8180,0
8181,2
8182,0
8183,1
8184,0
8185,1
8186,2
8187,1
8188,0
8189,1
8190,0
8191,0
8192,1
8193,1
8194,0
8195,0
8196,1
8197,0
8198,0
8199,1
8200,0
8201,0
8202,1
8203,0
8204,1
8205,0
8206,1
8207,0
8208,1
8209,1
8210,0
8211,0
8212,0
8213,0
8214,0
8215,0
8216,0
8217,1
8218,0
8219,1
8220,1
8221,0
8222,1
8223,1
8224,0
8225,0
8226,0
8227,1
8228,1
8229,1
8230,1
8231,1
8232,1
8233,1
8234,0
8235,1
8236,1
8237,0
8238,0
8239,1
8240,0
8241,0
8242,0
8243,0
8244,1
8245,0
8246,2
8247,0
8248,0
8249,1
8250,0
8251,0
8252,0
8253,2
8254,0
8255,0
8256,0
8257,0
8258,1
8259,0
8260,1
8261,1
8262,1
8263,1
8264,0
8265,0
8266,1
8267,2
8268,1
8269,0
8270,1
8271,1
8272,0
8273,1
8274,1
8275,0
8276,0
8277,0
8278,0
8279,0
8280,0
8281,1
8282,0
8283,1
8284,1
8285,0
8286,1
8287,1
8288,0
8289,0
8290,0
8291,1
8292,0
8293,0
8294,0
8295,2
8296,0
8297,1
8298,0
8299,0
8300,1
8301,1
8302,0
8303,0
8304,1
8305,1
8306,0
8307,0
8308,2
8309,1
8310,0
8311,2
8312,0
8313,1
8314,0
8315,1
8316,0
8317,1
8318,0
8319,0
8320,0
8321,0
8322,0
8323,1
8324,0
8325,1
8326,0
8327,1
8328,2
8329,0
8330,0
8331,1
8332,1
8333,0
8334,0
8335,1
8336,0
8337,2
8338,0
8339,1
8340,1
8341,0
8342,1
8343,1
8344,1
8345,1
8346,0
8347,0
8348,0
8349,0
8350,0
8351,1
8352,1
8353,0
8354,0
8355,1
8356,1
8357,1
8358,0
8359,0
8360,1
8361,1
8362,1
8363,1
8364,0
8365,1
8366,1
8367,0
8368,0
8369,1
8370,0
8371,0
8372,0
8373,0
8374,1
8375,0
8376,1
8377,1
8378,1
8379,1
8380,1
8381,1
8382,0
8383,0
8384,1
8385,0
8386,0
8387,0
8388,0
8389,0
8390,1
8391,1
8392,0
8393,0
8394,0
8395,0
8396,1
8397,0
8398,0
8399,1
8400,0
8401,1
8402,1
8403,0
8404,1
8405,0
8406,0
8407,0
8408,1
8409,1
8410,1
8411,0
8412,0
8413,0
8414,0
8415,0
8416,1
8417,1
8418,1
8419,1
8420,0
8421,0
8422,1
8423,1
8424,0
8425,1
8426,0
8427,1
8428,0
8429,0
8430,0
8431,1
8432,0
8433,0
8434,0
8435,0
8436,0
8437,1
8438,0
8439,1
8440,1
8441,0
8442,0
8443,0
8444,0
8445,1
8446,1
8447,0
8448,1
8449,1
8450,1
8451,2
8452,0
8453,1
8454,2
8455,0
8456,0
8457,0
8458,1
8459,1
8460,0
8461,0
8462,0
8463,1
8464,2
8465,0
8466,1
8467,1
8468,1
8469,1
8470,0
8471,0
8472,1
8473,0
8474,1
8475,1
8476,0
8477,1
8478,0
8479,0
8480,1
8481,0
8482,1
8483,1
8484,1
8485,1
8486,1
8487,1
8488,1
8489,0
8490,1
8491,1
8492,1
8493,1
8494,0
8495,0
8496,0
8497,1
8498,1
8499,1
8500,1
8501,0
8502,0
8503,1
8504,0
8505,1
8506,0
8507,1
8508,1
8509,0
8510,0
8511,0
8512,1
8513,2
8514,0
8515,0
8516,0
8517,0
8518,1
8519,2
8520,0
8521,0
8522,0
8523,0
8524,0
8525,1
8526,0
8527,0
8528,0
8529,0
8530,1
8531,1
8532,0
8533,1
8534,0
8535,1
8536,0
8537,1
8538,0
8539,1
8540,1
8541,0
8542,1
8543,1
8544,1
8545,1
8546,2
8547,0
8548,0
8549,2
8550,0
8551,1
8552,0
8553,1
8554,0
8555,0
8556,0
8557,1
8558,1
8559,0
8560,1
8561,0
8562,2
8563,0
8564,1
8565,0
8566,0
8567,2
8568,0
8569,0
8570,0
8571,0
8572,1
8573,0
8574,0
8575,1
8576,2
8577,0
8578,2
8579,1
8580,0
8581,0
8582,1
8583,0
8584,0
8585,0
8586,1
8587,0
8588,1
8589,0
8590,0
8591,1
8592,0
8593,0
8594,1
8595,1
8596,1
8597,0
8598,1
8599,1
8600,1
8601,1
8602,0
8603,0
8604,1
8605,0
8606,1
8607,0
8608,1
8609,0
8610,0
8611,1
8612,1
8613,0
8614,0
8615,1
8616,0
8617,0
8618,0
8619,1
8620,1
8621,0
8622,0
8623,0
8624,0
8625,1
8626,0
8627,1
8628,1
8629,2
8630,1
8631,0
8632,0
8633,1
8634,1
8635,0
8636,1
8637,0
8638,0
8639,1
8640,0
8641,0
8642,0
8643,0
8644,0
8645,0
8646,1
8647,0
8648,1
8649,0
8650,0
8651,0
8652,0
8653,1
8654,1
8655,0
8656,0
8657,2
8658,0
8659,1
8660,0
8661,1
8662,1
8663,0
8664,0
8665,1
8666,1
8667,0
8668,0
8669,0
8670,1
8671,0
8672,1
8673,1
8674,1
8675,0
8676,2
8677,1
8678,0
8679,0
8680,0
8681,1
8682,1
8683,1
8684,1
8685,1
8686,0
8687,1
8688,0
8689,1
8690,2
8691,1
8692,1
8693,1
8694,1
8695,0
8696,1
8697,1
8698,1
8699,0
8700,0
8701,0
8702,0
8703,2
8704,1
8705,0
8706,1
8707,1
8708,1
8709,0
8710,0
8711,1
8712,1
8713,0
8714,1
8715,1
8716,2
8717,0
8718,0
8719,1
8720,1
8721,1
8722,1
8723,1
8724,0
8725,1
8726,1
8727,1
8728,0
8729,1
8730,0
8731,0
8732,1
8733,0
8734,1
8735,1
8736,0
8737,1
8738,1
8739,0
8740,1
8741,1
8742,1
8743,1
8744,0
8745,1
8746,1
8747,1
8748,1
8749,0
8750,1
8751,0
8752,2
8753,2
8754,0
8755,1
8756,1
8757,0
8758,1
8759,0
8760,1
8761,1
8762,1
8763,0
8764,0
8765,1
8766,1
8767,0
8768,1
8769,1
8770,0
8771,1
8772,0
8773,1
8774,0
8775,0
8776,0
8777,0
8778,1
8779,1
8780,2
8781,0
8782,0
8783,0
8784,1
8785,0
8786,0
8787,1
8788,1
8789,1
8790,1
8791,1
8792,1
8793,0
8794,0
8795,1
8796,0
8797,0
8798,0
8799,2
8800,1
8801,0
8802,1
8803,1
8804,0
8805,1
8806,0
8807,0
8808,0
8809,1
8810,0
8811,0
8812,1
8813,2
8814,0
8815,0
8816,0
8817,0
8818,1
8819,0
8820,0
8821,0
8822,0
8823,1
8824,0
8825,2
8826,1
8827,0
8828,0
8829,0
8830,0
8831,0
8832,1
8833,0
8834,0
8835,0
8836,0
8837,1
8838,1
8839,0
8840,1
8841,1
8842,0
8843,0
8844,0
8845,0
8846,1
8847,1
8848,0
8849,0
8850,1
8851,0
8852,1
8853,0
8854,0
8855,0
8856,1
8857,1
8858,1
8859,0
8860,1
8861,1
8862,1
8863,1
8864,0
8865,1
8866,1
8867,1
8868,1
8869,0
8870,0
8871,0
8872,0
8873,0
8874,1
8875,1
8876,1
8877,1
8878,1
8879,0
8880,0
8881,0
8882,0
8883,1
8884,0
8885,0
8886,0
8887,0
8888,0
8889,1
8890,0
8891,1
8892,0
8893,1
8894,1
8895,0
8896,1
8897,0
8898,0
8899,0
8900,1
8901,1
8902,1
8903,1
8904,0
8905,1
8906,2
8907,0
8908,0
8909,0
8910,0
8911,1
8912,2
8913,0
8914,0
8915,1
8916,2
8917,0
8918,1
8919,0
8920,0
8921,1
8922,1
8923,1
8924,0
8925,0
8926,0
8927,0
8928,0
8929,1
8930,0
8931,0
8932,0
8933,0
8934,1
8935,0
8936,0
8937,0
8938,2
8939,0
8940,1
8941,0
8942,0
8943,1
8944,1
8945,1
8946,0
8947,0
8948,1
8949,0
8950,1
8951,0
8952,1
8953,1
8954,1
8955,0
8956,1
8957,1
8958,0
8959,0
8960,1
8961,1
8962,0
8963,1
8964,1
8965,0
8966,0
8967,0
8968,1
8969,1
8970,1
8971,0
8972,0
8973,0
8974,0
8975,1
8976,1
8977,1
8978,1
8979,0
8980,1
8981,0
8982,1
8983,1
8984,2
8985,1
8986,1
8987,0
8988,1
8989,0
8990,0
8991,1
8992,1
8993,1
8994,2
8995,0
8996,0
8997,0
8998,0
8999,0
9000,0
9001,1
9002,1
9003,1
9004,0
9005,1
9006,0
9007,1
9008,0
9009,0
9010,0
9011,1
9012,1
9013,1
9014,1
9015,0
9016,1
9017,0
9018,0
9019,1
9020,1
9021,0
9022,0
9023,0
9024,1
9025,0
9026,0
9027,0
9028,1
9029,1
9030,0
9031,2
9032,1
9033,0
9034,0
9035,1
9036,0
9037,1
9038,2
9039,1
9040,1
9041,1
9042,1
9043,0
9044,0
9045,1
9046,1
9047,0
9048,1
9049,1
9050,0
9051,1
9052,1
9053,0
9054,0
9055,1
9056,1
9057,1
9058,1
9059,1
9060,0
9061,1
9062,0
9063,0
9064,0
9065,0
9066,1
9067,0
9068,0
9069,2
9070,0
9071,1
9072,1
9073,0
9074,0
9075,1
9076,0
9077,2
9078,1
9079,0
9080,0
9081,0
9082,1
9083,1
9084,1
9085,0
9086,1
9087,0
9088,0
9089,0
9090,0
9091,0
9092,1
9093,1
9094,0
9095,0
9096,1
9097,2
9098,0
9099,0
9100,0
9101,1
9102,1
9103,0
9104,0
9105,0
9106,0
9107,0
9108,0
9109,0
9110,0
9111,0
9112,1
9113,0
9114,1
9115,0
9116,2
9117,0
9118,0
9119,0
9120,1
9121,1
9122,0
9123,1
9124,1
9125,1
9126,0
9127,0
9128,1
9129,1
9130,2
9131,0
9132,0
9133,1
9134,0
9135,0
9136,1
9137,1
9138,0
9139,0
9140,1
9141,1
9142,0
9143,0
9144,1
9145,1
9146,2
9147,0
9148,0
9149,0
9150,1
9151,0
9152,1
9153,1
9154,1
9155,1
9156,1
9157,0
9158,0
9159,1
9160,1
9161,0
9162,1
9163,0
9164,1
9165,0
9166,1
9167,1
9168,1
9169,1
9170,0
9171,1
9172,0
9173,0
9174,1
9175,1
9176,1
9177,1
9178,0
9179,1
9180,0
9181,1
9182,1
9183,0
9184,0
9185,0
9186,0
9187,1
9188,0
9189,1
9190,0
9191,0
9192,0
9193,0
9194,2
9195,0
9196,1
9197,1
9198,1
9199,0
9200,1
9201,0
9202,0
9203,1
9204,0
9205,1
9206,0
9207,1
9208,0
9209,0
9210,0
9211,1
9212,0
9213,0
9214,1
9215,1
9216,0
9217,0
9218,1
9219,1
9220,0
9221,1
9222,0
9223,1
9224,0
9225,1
9226,0
9227,0
9228,0
9229,0
9230,1
9231,0
9232,0
9233,0
9234,1
9235,0
9236,1
9237,1
9238,0
9239,1
9240,0
9241,1
9242,1
9243,0
9244,1
9245,1
9246,0
9247,1
9248,1
9249,1
9250,2
9251,0
9252,0
9253,1
9254,1
9255,1
9256,0
9257,1
9258,0
9259,2
9260,0
9261,1
9262,0
9263,0
9264,0
9265,0
9266,0
9267,0
9268,0
9269,0
9270,0
9271,0
9272,1
9273,1
9274,0
9275,1
9276,0
9277,1
9278,1
9279,0
9280,1
9281,0
9282,1
9283,0
9284,0
9285,0
9286,1
9287,1
9288,1
9289,0
9290,1
9291,2
9292,0
9293,1
9294,0
9295,1
9296,0
9297,1
9298,1
9299,0
9300,1
9301,1
9302,1
9303,0
9304,2
9305,0
9306,1
9307,2
9308,1
9309,0
9310,0
9311,0
9312,1
9313,1
9314,0
9315,1
9316,1
9317,1
9318,1
9319,0
9320,0
9321,0
9322,1
9323,0
9324,0
9325,0
9326,1
9327,1
9328,0
9329,1
9330,0
9331,0
9332,1
9333,0
9334,1
9335,1
9336,0
9337,1
9338,1
9339,1
9340,1
9341,0
9342,0
9343,0
9344,2
9345,0
9346,1
9347,1
9348,0
9349,0
9350,0
9351,0
9352,0
9353,1
9354,1
9355,0
9356,0
9357,0
9358,0
9359,0
9360,1
9361,1
9362,0
9363,0
9364,1
9365,1
9366,1
9367,1
9368,0
9369,0
9370,1
9371,1
9372,0
9373,0
9374,0
9375,1
9376,0
9377,1
9378,0
9379,1
9380,1
9381,0
9382,0
9383,0
9384,0
9385,1
9386,0
9387,0
9388,1
9389,1
9390,0
9391,0
9392,1
9393,0
9394,0
9395,1
9396,0
9397,0
9398,1
9399,0
9400,1
9401,0
9402,1
9403,1
9404,0
9405,0
9406,1
9407,1
9408,1
9409,0
9410,1
9411,1
9412,1
9413,1
9414,0
9415,0
9416,2
9417,1
9418,1
9419,0
9420,0
9421,1
9422,1
9423,1
9424,0
9425,2
9426,0
9427,0
9428,2
9429,1
9430,0
9431,0
9432,0
9433,0
9434,0
9435,0
9436,1
9437,1
9438,1
9439,0
9440,0
9441,1
9442,1
9443,0
9444,1
9445,1
9446,1
9447,0
9448,1
9449,2
9450,2
9451,1
9452,1
9453,1
9454,1
9455,0
9456,0
9457,1
9458,1
9459,0
9460,1
9461,0
9462,0
9463,0
9464,1
9465,1
9466,0
9467,0
9468,0
9469,1
9470,0
9471,0
9472,0
9473,1
9474,0
9475,1
9476,0
9477,0
9478,1
9479,0
9480,0
9481,0
9482,0
9483,1
9484,0
9485,1
9486,1
9487,0
9488,1
9489,0
9490,0
9491,1
9492,0
9493,1
9494,0
9495,0
9496,0
9497,0
9498,1
9499,0
9500,0
9501,0
9502,1
9503,0
9504,0
9505,0
9506,1
9507,0
9508,0
9509,1
9510,0
9511,0
9512,1
9513,0
9514,0
9515,0
9516,1
9517,0
9518,0
9519,0
9520,0
9521,1
9522,1
9523,0
9524,0
9525,1
9526,0
9527,0
9528,1
9529,0
9530,0
9531,0
9532,0
9533,0
9534,1
9535,0
9536,1
9537,1
9538,1
9539,0
9540,1
9541,1
9542,1
9543,1
9544,0
9545,0
9546,2
9547,0
9548,0
9549,0
9550,0
9551,0
9552,0
9553,0
9554,0
9555,2
9556,1
9557,1
9558,1
9559,0
9560,0
9561,1
9562,1
9563,0
9564,0
9565,0
9566,0
9567,1
9568,0
9569,0
9570,1
9571,1
9572,0
9573,1
9574,0
9575,0
9576,1
9577,1
9578,1
9579,0
9580,1
9581,1
9582,1
9583,0
9584,0
9585,0
9586,2
9587,1
9588,0
9589,0
9590,1
9591,1
9592,0
9593,0
9594,1
9595,0
9596,0
9597,0
9598,0
9599,0
9600,1
9601,1
9602,0
9603,0
9604,0
9605,2
9606,0
9607,0
9608,1
9609,0
9610,0
9611,0
9612,1
9613,1
9614,0
9615,0
9616,0
9617,1
9618,1
9619,0
9620,0
9621,0
9622,1
9623,0
9624,0
9625,1
9626,1
9627,2
9628,1
9629,0
9630,1
9631,2
9632,0
9633,0
9634,0
9635,0
9636,0
9637,1
9638,1
9639,0
9640,0
9641,1
9642,0
9643,0
9644,1
9645,1
9646,0
9647,0
9648,0
9649,0
9650,0
9651,1
9652,1
9653,1
9654,1
9655,1
9656,1
9657,0
9658,0
9659,0
9660,0
9661,1
9662,1
9663,1
9664,1
9665,1
9666,0
9667,0
9668,0
9669,0
9670,2
9671,0
9672,1
9673,1
9674,0
9675,1
9676,0
9677,0
9678,1
9679,2
9680,1
9681,0
9682,0
9683,1
9684,0
9685,0
9686,1
9687,0
9688,0
9689,1
9690,1
9691,0
9692,1
9693,0
9694,1
9695,0
9696,0
9697,1
9698,0
9699,0
9700,1
9701,0
9702,2
9703,0
9704,0
9705,0
9706,0
9707,0
9708,1
9709,0
9710,0
9711,0
9712,2
9713,1
9714,0
9715,1
9716,1
9717,2
9718,0
9719,1
9720,0
9721,0
9722,1
9723,0
9724,1
9725,0
9726,0
9727,0
9728,0
9729,1
9730,0
9731,0
9732,0
9733,1
9734,1
9735,1
9736,0
9737,0
9738,1
9739,0
9740,0
9741,0
9742,0
9743,1
9744,0
9745,0
9746,2
9747,0
9748,1
9749,0
9750,0
9751,1
9752,1
9753,0
9754,0
9755,0
9756,1
9757,1
9758,0
9759,0
9760,0
9761,1
9762,0
9763,1
9764,1
9765,0
9766,1
9767,1
9768,1
9769,1
9770,0
9771,1
9772,0
9773,1
9774,0
9775,0
9776,1
9777,1
9778,0
9779,1
9780,1
9781,2
9782,1
9783,0
9784,0
9785,1
9786,1
9787,0
9788,0
9789,0
9790,0
9791,1
9792,0
9793,1
9794,0
9795,0
9796,0
9797,0
9798,1
9799,1
9800,1
9801,1
9802,0
9803,1
9804,0
9805,0
9806,1
9807,1
9808,1
9809,0
9810,1
9811,0
9812,1
9813,1
9814,0
9815,1
9816,1
9817,0
9818,1
9819,1
9820,1
9821,1
9822,0
9823,1
9824,1
9825,0
9826,0
9827,0
9828,0
9829,1
9830,1
9831,1
9832,1
9833,1
9834,0
9835,0
9836,0
9837,1
9838,0
9839,1
9840,0
9841,0
9842,2
9843,0
9844,0
9845,1
9846,0
9847,1
9848,0
9849,0
9850,2
9851,0
9852,0
9853,0
9854,2
9855,0
9856,2
9857,1
9858,0
9859,0
9860,2
9861,1
9862,1
9863,0
9864,0
9865,0
9866,0
9867,0
9868,1
9869,1
9870,1
9871,0
9872,0
9873,1
9874,1
9875,0
9876,1
9877,0
9878,1
9879,1
9880,1
9881,1
9882,0
9883,1
9884,1
9885,1
9886,0
9887,0
9888,0
9889,1
9890,0
9891,1
9892,0
9893,1
9894,1
9895,1
9896,1
9897,2
9898,1
9899,1
9900,1
9901,1
9902,0
9903,1
9904,2
9905,1
9906,1
9907,0
9908,1
9909,0
9910,0
9911,1
9912,1
9913,1
9914,2
9915,0
9916,0
9917,1
9918,1
9919,0
9920,1
9921,0
9922,1
9923,0
9924,0
9925,0
9926,0
9927,1
9928,1
9929,0
9930,0
9931,0
9932,0
9933,0
9934,0
9935,0
9936,0
9937,1
9938,0
9939,1
9940,0
9941,0
9942,0
9943,1
9944,0
9945,1
9946,1
9947,1
9948,0
9949,0
9950,0
9951,0
9952,0
9953,0
9954,2
9955,0
9956,0
9957,0
9958,1
9959,1
9960,0
9961,1
9962,1
9963,0
9964,1
9965,1
9966,0
9967,0
9968,0
9969,0
9970,1
9971,2
9972,1
9973,0
9974,0
9975,0
9976,1
9977,0
9978,0
9979,1
9980,1
9981,0
9982,1
9983,0
9984,0
9985,1
9986,1
9987,0
9988,0
9989,2
9990,1
9991,1
9992,0
9993,0
9994,1
9995,0
9996,1
9997,1
9998,1
9999,1
10000,0
10001,0
10002,0
10003,0
10004,1
10005,0
10006,0
10007,1
10008,0
10009,0
10010,1
10011,1
10012,1
10013,0
10014,1
10015,1
10016,0
10017,0
10018,0
10019,1
10020,0
10021,1
10022,0
10023,0
10024,0
10025,0
10026,1
10027,1
10028,0
10029,1
10030,1
10031,0
10032,0
10033,1
10034,0
10035,1
10036,1
10037,1
10038,0
10039,0
10040,0
10041,0
10042,0
10043,2
10044,1
10045,0
10046,0
10047,1
10048,0
10049,0
10050,1
10051,0
10052,1
10053,0
10054,1
10055,1
10056,0
10057,0
10058,0
10059,1
10060,0
10061,0
10062,0
10063,0
10064,0
10065,2
10066,0
10067,0
10068,0
10069,1
10070,1
10071,0
10072,0
10073,1
10074,1
10075,1
10076,1
10077,1
10078,1
10079,0
10080,1
10081,1
10082,1
10083,0
10084,0
10085,1
10086,1
10087,0
10088,1
10089,0
10090,1
10091,1
10092,0
10093,0
10094,0
10095,1
10096,1
10097,1
10098,1
10099,0
10100,1
10101,0
10102,0
10103,1
10104,1
10105,0
10106,0
10107,0
10108,0
10109,1
10110,2
10111,2
10112,1
10113,1
10114,0
10115,1
10116,1
10117,0
10118,0
10119,0
10120,0
10121,1
10122,0
10123,1
10124,0
10125,1
10126,1
10127,1
10128,1
10129,0
10130,1
10131,1
10132,0
10133,0
10134,0
10135,0
10136,0
10137,0
10138,0
10139,1
10140,0
10141,2
10142,0
10143,2
10144,1
10145,0
10146,1
10147,1
10148,1
10149,0
10150,1
10151,0
10152,0
10153,0
10154,2
10155,0
10156,0
10157,1
10158,1
10159,1
10160,0
10161,1
10162,1
10163,0
10164,0
10165,1
10166,0
10167,1
10168,1
10169,1
10170,1
10171,1
10172,0
10173,1
10174,0
10175,1
10176,0
10177,0
10178,0
10179,0
10180,0
10181,1
10182,1
10183,1
10184,0
10185,0
10186,0
10187,2
10188,0
10189,1
10190,0
10191,1
10192,1
10193,1
10194,1
10195,1
10196,1
10197,0
10198,1
10199,0
10200,0
10201,1
10202,0
10203,1
10204,1
10205,1
10206,0
10207,0
10208,1
10209,1
10210,0
10211,0
10212,0
10213,1
10214,1
10215,1
10216,1
10217,1
10218,0
10219,1
10220,1
10221,0
10222,1
10223,0
10224,0
10225,0
10226,1
10227,0
10228,1
10229,1
10230,1
10231,0
10232,0
10233,0
10234,0
10235,1
10236,0
10237,1
10238,2
10239,0
10240,0
10241,2
10242,1
10243,0
10244,0
10245,0
10246,0
10247,1
10248,0
10249,0
10250,1
10251,0
10252,0
10253,1
10254,0
10255,0
10256,1
10257,0
10258,2
10259,0
10260,1
10261,0
10262,0
10263,0
10264,1
10265,1
10266,2
10267,1
10268,0
10269,1
10270,1
10271,1
10272,1
10273,1
10274,0
10275,1
10276,1
10277,0
10278,0
10279,1
10280,1
10281,1
10282,0
10283,0
10284,1
10285,1
10286,1
10287,1
10288,1
10289,0
10290,1
10291,2
10292,1
10293,0
10294,0
10295,0
10296,1
10297,1
10298,1
10299,1
10300,0
10301,0
10302,1
10303,1
10304,1
10305,0
10306,0
10307,1
10308,0
10309,0
10310,1
10311,0
10312,0
10313,1
10314,1
10315,0
10316,1
10317,0
10318,1
10319,1
10320,1
10321,1
10322,0
10323,0
10324,0
10325,2
10326,1
10327,0
10328,1
10329,2
10330,1
10331,2
10332,0
10333,1
10334,0
10335,0
10336,0
10337,0
10338,0
10339,0
10340,1
10341,0
10342,0
10343,0
10344,0
10345,0
10346,0
10347,2
10348,0
10349,1
10350,1
10351,1
10352,1
10353,0
10354,0
10355,0
10356,0
10357,1
10358,0
10359,1
10360,0
10361,0
10362,1
10363,0
10364,0
10365,2
10366,0
10367,1
10368,1
10369,0
10370,1
10371,2
10372,1
10373,0
10374,1
10375,1
10376,1
10377,1
10378,0
10379,1
10380,1
10381,0
10382,0
10383,0
10384,1
10385,0
10386,1
10387,2
10388,1
10389,0
10390,1
10391,0
10392,1
10393,1
10394,0
10395,0
10396,0
10397,0
10398,0
10399,0
10400,1
10401,2
10402,1
10403,0
10404,0
10405,1
10406,0
10407,0
10408,0
10409,0
10410,1
10411,1
10412,0
10413,1
10414,0
10415,2
10416,0
10417,0
10418,2
10419,0
10420,1
10421,1
10422,0
10423,0
10424,0
10425,0
10426,0
10427,0
10428,1
10429,0
10430,1
10431,0
10432,0
10433,0
10434,2
10435,1
10436,1
10437,1
10438,0
10439,0
10440,1
10441,0
10442,0
10443,0
10444,1
10445,0
10446,1
10447,1
10448,1
10449,0
10450,1
10451,1
10452,1
10453,0
10454,0
10455,0
10456,0
10457,0
10458,0
10459,1
10460,0
10461,0
10462,0
10463,0
10464,0
10465,0
10466,0
10467,1
10468,1
10469,2
10470,0
10471,0
10472,1
10473,0
10474,0
10475,0
10476,0
10477,0
10478,0
10479,0
10480,1
10481,0
10482,0
10483,1
10484,0
10485,1
10486,0
10487,0
10488,1
10489,1
10490,1
10491,1
10492,1
10493,1
10494,1
10495,1
10496,0
10497,0
10498,1
10499,2
10500,1
10501,0
10502,1
10503,1
10504,0
10505,0
10506,0
10507,2
10508,1
10509,0
10510,0
10511,0
10512,2
10513,0
10514,0
10515,1
10516,1
10517,0
10518,1
10519,1
10520,1
10521,0
10522,2
10523,0
10524,0
10525,0
10526,0
10527,0
10528,1
10529,0
10530,0
10531,1
10532,1
10533,1
10534,1
10535,1
10536,1
10537,0
10538,0
10539,1
10540,1
10541,1
10542,0
10543,1
10544,0
10545,1
10546,0
10547,1
10548,1
10549,0
10550,1
10551,1
10552,1
10553,0
10554,0
10555,1
10556,1
10557,1
10558,0
10559,1
10560,0
10561,1
10562,2
10563,0
10564,0
10565,0
10566,0
10567,0
10568,0
10569,1
10570,1
10571,2
10572,1
10573,2
10574,1
10575,0
10576,0
10577,1
10578,0
10579,0
10580,1
10581,1
10582,0
10583,0
10584,0
10585,2
10586,0
10587,1
10588,0
10589,1
10590,1
10591,2
10592,0
10593,1
10594,0
10595,0
10596,0
10597,0
10598,0
10599,1
10600,1
10601,0
10602,1
10603,0
10604,0
10605,1
10606,0
10607,0
10608,1
10609,0
10610,1
10611,1
10612,0
10613,1
10614,0
10615,1
10616,1
10617,0
10618,0
10619,1
10620,0
10621,0
10622,1
10623,0
10624,0
10625,1
10626,1
10627,2
10628,1
10629,1
10630,1
10631,0
10632,0
10633,1
10634,1
10635,0
10636,0
10637,0
10638,0
10639,1
10640,0
10641,2
10642,0
10643,0
10644,0
10645,0
10646,1
10647,1
10648,0
10649,0
10650,1
10651,1
10652,0
10653,1
10654,0
10655,1
10656,0
10657,0
10658,1
10659,1
10660,0
10661,2
10662,0
10663,1
10664,1
10665,1
10666,0
10667,0
10668,0
10669,1
10670,0
10671,0
10672,1
10673,1
10674,0
10675,1
10676,1
10677,0
10678,1
10679,1
10680,0
10681,0
10682,1
10683,0
10684,0
10685,0
10686,1
10687,1
10688,0
10689,0
10690,0
10691,0
10692,1
10693,1
10694,0
10695,1
10696,1
10697,0
10698,1
10699,1
10700,0
10701,1
10702,1
10703,1
10704,1
10705,0
10706,1
10707,0
10708,2
10709,0
10710,1
10711,0
10712,0
10713,0
10714,0
10715,1
10716,1
10717,0
10718,0
10719,0
10720,0
10721,1
10722,1
10723,0
10724,1
10725,0
10726,0
10727,0
10728,0
10729,2
10730,1
10731,1
10732,0
10733,1
10734,0
10735,1
10736,0
10737,1
10738,0
10739,0
10740,1
10741,1
10742,0
10743,0
10744,0
10745,0
10746,2
10747,0
10748,1
10749,1
10750,1
10751,1
10752,1
10753,0
10754,1
10755,0
10756,1
10757,1
10758,0
10759,0
10760,0
10761,0
10762,0
10763,0
10764,0
10765,1
10766,0
10767,0
10768,1
10769,1
10770,1
10771,1
10772,0
10773,0
10774,0
10775,0
10776,0
10777,1
10778,2
10779,0
10780,1
10781,0
10782,0
10783,1
10784,1
10785,0
10786,1
10787,0
10788,1
10789,0
10790,1
10791,0
10792,1
10793,1
10794,0
10795,1
10796,0
10797,1
10798,0
10799,1
10800,2
10801,1
10802,0
10803,1
10804,1
10805,0
10806,1
10807,0
10808,2
10809,1
10810,0
10811,1
10812,0
10813,1
10814,1
10815,1
10816,1
10817,0
10818,1
10819,0
10820,0
10821,1
10822,0
10823,0
10824,1
10825,0
10826,1
10827,1
10828,0
10829,1
10830,1
10831,0
10832,0
10833,0
10834,0
10835,1
10836,0
10837,0
10838,0
10839,0
10840,0
10841,0
10842,1
10843,1
10844,0
10845,0
10846,1
10847,0
10848,0
10849,0
10850,1
10851,1
10852,0
10853,0
10854,0
10855,1
10856,2
10857,0
10858,1
10859,0
10860,0
10861,1
10862,0
10863,0
10864,1
10865,0
10866,0
10867,1
10868,0
10869,0
10870,2
10871,0
10872,1
10873,1
10874,1
10875,2
10876,1
10877,0
10878,1
10879,0
10880,1
10881,0
10882,1
10883,2
10884,0
10885,1
10886,0
10887,1
10888,1
10889,0
10890,0
10891,0
10892,0
10893,0
10894,0
10895,1
10896,1
10897,0
10898,0
10899,1
10900,0
10901,1
10902,0
10903,0
10904,1
10905,0
10906,2
10907,0
10908,0
10909,1
10910,1
10911,0
10912,1
10913,0
10914,0
10915,1
10916,0
10917,1
10918,0
10919,1
10920,1
10921,0
10922,0
10923,1
10924,1
10925,1
10926,0
10927,0
10928,1
10929,1
10930,0
10931,1
10932,1
10933,0
10934,1
10935,0
10936,1
10937,0
10938,0
10939,1
10940,1
10941,0
10942,1
10943,0
10944,0
10945,1
10946,0
10947,0
10948,0
10949,1
10950,0
10951,1
10952,1
10953,1
10954,1
10955,0
10956,0
10957,0
10958,1
10959,0
10960,2
10961,0
10962,1
10963,0
10964,0
10965,0
10966,1
10967,2
10968,0
10969,1
10970,0
10971,0
10972,1
10973,0
10974,0
10975,0
10976,0
10977,0
10978,1
10979,0
10980,1
10981,1
10982,0
10983,0
10984,0
10985,2
10986,0
10987,1
10988,0
10989,0
10990,0
10991,1
10992,0
10993,1
10994,0
10995,1
10996,0
10997,1
10998,0
10999,0
11000,0
11001,0
11002,1
11003,0
11004,1
11005,0
11006,1
11007,0
11008,1
11009,2
11010,1
11011,2
11012,1
11013,0
11014,2
11015,0
11016,2
11017,1
11018,1
11019,1
11020,0
11021,1
11022,0
11023,0
11024,0
11025,1
11026,1
11027,0
11028,1
11029,1
11030,1
11031,0
11032,0
11033,0
11034,2
11035,2
11036,1
11037,2
11038,1
11039,0
11040,1
11041,0
11042,0
11043,0
11044,1
11045,0
11046,0
11047,1
11048,1
11049,0
11050,1
11051,0
11052,1
11053,1
11054,0
11055,1
11056,0
11057,0
11058,0
11059,1
11060,0
11061,1
11062,1
11063,1
11064,0
11065,1
11066,1
11067,0
11068,1
11069,1
11070,1
11071,0
11072,0
11073,0
11074,0
11075,0
11076,1
11077,2
11078,1
11079,1
11080,1
11081,1
11082,0
11083,0
11084,1
11085,1
11086,0
11087,0
11088,1
11089,1
11090,0
11091,1
11092,1
11093,1
11094,0
11095,1
11096,0
11097,0
11098,0
11099,0
11100,1
11101,0
11102,0
11103,0
11104,0
11105,0
11106,1
11107,0
11108,0
11109,0
11110,0
11111,1
11112,0
11113,1
11114,1
11115,0
11116,0
11117,1
11118,1
11119,1
11120,0
11121,2
11122,1
11123,1
11124,1
11125,1
11126,1
11127,1
11128,1
11129,1
11130,0
11131,2
11132,0
11133,1
11134,0
11135,0
11136,0
11137,1
11138,1
11139,0
11140,1
11141,1
11142,1
11143,0
11144,2
11145,0
11146,0
11147,0
11148,0
11149,0
11150,0
11151,1
11152,0
11153,1
11154,2
11155,1
11156,2
11157,0
11158,0
11159,1
11160,1
11161,1
11162,0
11163,1
11164,1
11165,1
11166,0
11167,1
11168,1
11169,0
11170,1
11171,1
11172,0
11173,2
11174,0
11175,1
11176,0
11177,1
11178,0
11179,1
11180,0
11181,0
11182,1
11183,1
11184,1
11185,0
11186,1
11187,0
11188,1
11189,1
11190,1
11191,1
11192,1
11193,0
11194,0
11195,0
11196,0
11197,0
11198,0
11199,0
11200,0
11201,0
11202,1
11203,0
11204,0
11205,2
11206,1
11207,1
11208,1
11209,0
11210,0
11211,0
11212,0
11213,0
11214,1
11215,1
11216,0
11217,1
11218,0
11219,1
11220,1
11221,1
11222,1
11223,1
11224,0
11225,1
11226,1
11227,1
11228,1
11229,0
11230,0
11231,1
11232,1
11233,0
11234,0
11235,0
11236,1
11237,0
11238,1
11239,0
11240,0
11241,0
11242,1
11243,0
11244,1
11245,0
11246,0
11247,1
11248,1
11249,0
11250,0
11251,2
11252,1
11253,1
11254,0
11255,0
11256,1
11257,0
11258,0
11259,1
11260,1
11261,1
11262,1
11263,0
11264,0
11265,0
11266,1
11267,1
11268,0
11269,1
11270,1
11271,2
11272,0
11273,1
11274,1
11275,0
11276,0
11277,0
11278,0
11279,0
11280,0
11281,0
11282,1
11283,0
11284,1
11285,2
11286,0
11287,0
11288,0
11289,0
11290,1
11291,1
11292,0
11293,0
11294,1
11295,1
11296,1
11297,1
11298,0
11299,0
11300,0
11301,1
11302,0
11303,1
11304,0
11305,1
11306,1
11307,0
11308,0
11309,0
11310,1
11311,0
11312,0
11313,0
11314,0
11315,1
11316,1
11317,1
11318,1
11319,0
11320,1
11321,1
11322,1
11323,1
11324,1
11325,0
11326,1
11327,1
11328,0
11329,0
11330,2
11331,0
11332,1
11333,0
11334,1
11335,0
11336,0
11337,1
11338,2
11339,1
11340,0
11341,0
11342,1
11343,1
11344,1
11345,0
11346,0
11347,0
11348,0
11349,1
11350,0
11351,0
11352,0
11353,2
11354,1
11355,1
11356,0
11357,0
11358,0
11359,1
11360,2
11361,1
11362,0
11363,0
11364,1
11365,1
11366,0
11367,0
11368,1
11369,0
11370,1
11371,1
11372,1
11373,1
11374,0
11375,0
11376,0
11377,0
11378,0
11379,0
11380,1
11381,0
11382,0
11383,1
11384,1
11385,0
11386,0
11387,0
11388,1
11389,1
11390,0
11391,1
11392,1
11393,0
11394,0
11395,1
11396,1
11397,0
11398,0
11399,0
11400,1
11401,0
11402,2
11403,1
11404,0
11405,1
11406,0
11407,1
11408,1
11409,0
11410,1
11411,0
11412,1
11413,1
11414,2
11415,0
11416,0
11417,0
11418,0
11419,0
11420,0
11421,1
11422,0
11423,0
11424,1
11425,0
11426,0
11427,0
11428,1
11429,0
11430,0
11431,1
11432,1
11433,1
11434,1
11435,2
11436,1
11437,1
11438,0
11439,1
11440,1
11441,0
11442,0
11443,1
11444,0
11445,0
11446,0
11447,0
11448,0
11449,1
11450,0
11451,1
11452,1
11453,0
11454,1
11455,1
11456,0
11457,0
11458,0
11459,0
11460,2
11461,1
11462,2
11463,0
11464,0
11465,0
11466,1
11467,0
11468,1
11469,1
11470,1
11471,1
11472,0
11473,0
11474,1
11475,1
11476,0
11477,0
11478,0
11479,0
11480,0
11481,1
11482,1
11483,0
11484,0
11485,1
11486,0
11487,0
11488,2
11489,0
11490,1
11491,0
11492,0
11493,1
11494,0
11495,0
11496,1
11497,1
11498,1
11499,0
11500,1
11501,1
11502,0
11503,0
11504,1
11505,0
11506,0
11507,1
11508,0
11509,0
11510,1
11511,0
11512,0
11513,0
11514,0
11515,0
11516,0
11517,1
11518,1
11519,0
11520,0
11521,1
11522,0
11523,0
11524,2
11525,1
11526,0
11527,0
11528,0
11529,0
11530,0
11531,0
11532,1
11533,2
11534,0
11535,1
11536,1
11537,1
11538,0
11539,0
11540,0
11541,1
11542,1
11543,1
11544,1
11545,0
11546,0
11547,0
11548,0
11549,0
11550,0
11551,1
11552,1
11553,1
11554,0
11555,0
11556,1
11557,1
11558,2
11559,0
11560,1
11561,1
11562,1
11563,1
11564,0
11565,1
11566,0
11567,0
11568,0
11569,0
11570,0
11571,2
11572,1
11573,0
11574,1
11575,0
11576,0
11577,1
11578,0
11579,0
11580,0
11581,1
11582,0
11583,1
11584,1
11585,0
11586,1
11587,0
11588,1
11589,1
11590,2
11591,0
11592,1
11593,0
11594,1
11595,0
11596,0
11597,0
11598,1
11599,0
11600,0
11601,1
11602,1
11603,1
11604,1
11605,1
11606,0
11607,2
11608,2
11609,1
11610,1
11611,1
11612,1
11613,2
11614,0
11615,0
11616,0
11617,1
11618,0
11619,1
11620,0
11621,0
11622,0
11623,1
11624,0
11625,1
11626,1
11627,0
11628,1
11629,0
11630,1
11631,1
11632,0
11633,0
11634,1
11635,1
11636,1
11637,0
11638,0
11639,1
11640,1
11641,1
11642,1
11643,0
11644,1
11645,1
11646,1
11647,0
11648,0
11649,0
11650,1
11651,0
11652,1
11653,1
11654,0
11655,1
11656,1
11657,1
11658,0
11659,0
11660,0
11661,0
11662,1
11663,1
11664,1
11665,1
11666,2
11667,1
11668,0
11669,2
11670,2
11671,0
11672,1
11673,0
11674,0
11675,0
11676,1
11677,0
11678,0
11679,0
11680,0
11681,0
11682,1
11683,0
11684,2
11685,0
11686,1
11687,0
11688,0
11689,1
11690,0
11691,0
11692,1
11693,0
11694,1
11695,0
11696,0
11697,0
11698,1
11699,0
11700,0
11701,1
11702,0
11703,0
11704,1
11705,0
11706,1
11707,0
11708,1
11709,0
11710,2
11711,1
11712,0
11713,0
11714,0
11715,1
11716,1
11717,1
11718,1
11719,0
11720,1
11721,1
11722,1
11723,1
11724,0
11725,1
11726,1
11727,0
11728,0
11729,0
11730,1
11731,1
11732,0
11733,1
11734,2
11735,0
11736,1
11737,0
11738,1
11739,2
11740,0
11741,1
11742,1
11743,1
11744,1
11745,0
11746,1
11747,1
11748,0
11749,0
11750,0
11751,0
11752,0
11753,1
11754,0
11755,1
11756,0
11757,1
11758,0
11759,0
11760,1
11761,0
11762,2
11763,0
11764,1
11765,1
11766,0
11767,1
11768,0
11769,0
11770,0
11771,0
11772,1
11773,1
11774,1
11775,1
11776,0
11777,1
11778,0
11779,1
11780,1
11781,0
11782,0
11783,0
11784,1
11785,1
11786,1
11787,1
11788,0
11789,0
11790,1
11791,1
11792,1
11793,1
11794,0
11795,1
11796,1
11797,1
11798,0
11799,1
11800,1
11801,0
11802,1
11803,0
11804,0
11805,1
11806,0
11807,1
11808,1
11809,2
11810,0
11811,0
11812,0
11813,1
11814,2
11815,0
11816,0
11817,1
11818,0
11819,1
11820,0
11821,1
11822,1
11823,0
11824,1
11825,0
11826,0
11827,0
11828,1
11829,0
11830,0
11831,0
11832,1
11833,0
11834,1
11835,0
11836,0
11837,0
11838,0
11839,1
11840,0
11841,0
11842,1
11843,0
11844,1
11845,0
11846,1
11847,1
11848,1
11849,0
11850,0
11851,1
11852,1
11853,0
11854,1
11855,0
11856,1
11857,0
11858,2
11859,2
11860,1
11861,1
11862,0
11863,0
11864,1
11865,0
11866,1
11867,2
11868,0
11869,0
11870,1
11871,1
11872,0
11873,2
11874,0
11875,0
11876,2
11877,0
11878,1
11879,0
11880,0
11881,0
11882,0
11883,0
11884,1
11885,1
11886,0
11887,0
11888,1
11889,0
11890,1
11891,0
11892,1
11893,0
11894,1
11895,1
11896,1
11897,1
11898,1
11899,1
11900,0
11901,0
11902,2
11903,0
11904,2
11905,0
11906,0
11907,0
11908,0
11909,1
11910,1
11911,1
11912,0
11913,0
11914,1
11915,0
11916,0
11917,0
11918,1
11919,1
11920,0
11921,0
11922,0
11923,1
11924,0
11925,1
11926,1
11927,1
11928,0
11929,1
11930,0
11931,1
11932,1
11933,0
11934,2
11935,1
11936,0
11937,2
11938,0
11939,0
11940,0
11941,1
11942,1
11943,0
11944,1
11945,0
11946,0
11947,1
11948,1
11949,1
11950,0
11951,1
11952,0
11953,1
11954,0
11955,1
11956,0
11957,0
11958,0
11959,0
11960,0
11961,0
11962,0
11963,0
11964,1
11965,0
11966,2
11967,0
11968,0
11969,1
11970,0
11971,1
11972,1
11973,0
11974,0
11975,1
11976,1
11977,1
11978,0
11979,0
11980,0
11981,1
11982,0
11983,0
11984,1
11985,0
11986,0
11987,1
11988,0
11989,0
11990,1
11991,1
11992,0
11993,0
11994,1
11995,0
11996,1
11997,0
11998,1
11999,1
12000,1
12001,0
12002,2
12003,0
12004,0
12005,1
12006,1
12007,0
12008,1
12009,0
12010,1
12011,2
12012,0
12013,0
12014,1
12015,1
12016,0
12017,0
12018,0
12019,0
12020,1
12021,0
12022,1
12023,1
12024,0
12025,2
12026,0
12027,0
12028,0
12029,0
12030,0
12031,1
12032,0
12033,1
12034,1
12035,1
12036,0
12037,0
12038,0
12039,0
12040,1
12041,0
12042,1
12043,1
12044,1
12045,1
12046,1
12047,0
12048,2
12049,0
12050,0
12051,1
12052,1
12053,0
12054,0
12055,1
12056,1
12057,0
12058,0
12059,1
12060,1
12061,0
12062,1
12063,0
12064,0
12065,0
12066,0
12067,1
12068,1
12069,0
12070,0
12071,2
12072,1
12073,0
12074,0
12075,0
12076,1
12077,0
12078,0
12079,0
12080,0
12081,1
12082,0
12083,0
12084,2
12085,1
12086,0
12087,1
12088,1
12089,1
12090,1
12091,2
12092,1
12093,0
12094,1
12095,1
12096,1
12097,1
12098,2
12099,1
12100,1
12101,0
12102,1
12103,1
12104,0
12105,0
12106,1
12107,0
12108,1
12109,0
12110,0
12111,1
12112,0
12113,0
12114,1
12115,1
12116,1
12117,0
12118,0
12119,1
12120,1
12121,1
12122,1
12123,1
12124,0
12125,1
12126,0
12127,0
12128,0
12129,0
12130,1
12131,1
12132,2
12133,1
12134,1
12135,1
12136,0
12137,0
12138,0
12139,0
12140,0
12141,0
12142,0
12143,0
12144,0
12145,0
12146,0
12147,0
12148,0
12149,0
12150,1
12151,0
12152,0
12153,1
12154,0
12155,1
12156,0
12157,0
12158,1
12159,1
12160,1
12161,0
12162,1
12163,0
12164,2
12165,1
12166,0
12167,0
12168,1
12169,1
12170,0
12171,1
12172,0
12173,0
12174,1
12175,0
12176,1
12177,0
12178,0
12179,0
12180,0
12181,0
12182,0
12183,0
12184,0
12185,0
12186,0
12187,1
12188,0
12189,0
12190,1
12191,1
12192,1
12193,0
12194,0
12195,1
12196,1
12197,1
12198,1
12199,1
12200,0
12201,0
12202,2
12203,2
12204,1
12205,0
12206,1
12207,0
12208,0
12209,1
12210,1
12211,1
12212,0
12213,1
12214,1
12215,0
12216,0
12217,0
12218,1
12219,1
12220,0
12221,1
12222,1
12223,0
12224,0
12225,1
12226,0
12227,0
12228,1
12229,2
12230,1
12231,1
12232,1
12233,1
12234,1
12235,0
12236,1
12237,1
12238,1
12239,2
12240,1
12241,2
12242,1
12243,1
12244,1
12245,1
12246,0
12247,0
12248,0
12249,0
12250,0
12251,1
12252,1
12253,0
12254,0
12255,0
12256,0
12257,1
12258,0
12259,1
12260,0
12261,0
12262,1
12263,0
12264,0
12265,0
12266,0
12267,1
12268,1
12269,1
12270,0
12271,0
12272,0
12273,0
12274,0
12275,1
12276,0
12277,1
12278,2
12279,0
12280,0
12281,1
12282,1
12283,0
12284,0
12285,1
12286,0
12287,1
12288,0
12289,0
12290,0
12291,2
12292,1
12293,0
12294,0
12295,1
12296,0
12297,1
12298,0
12299,0
12300,0
12301,0
12302,1
12303,0
12304,0
12305,0
12306,1
12307,0
12308,2
12309,0
12310,1
12311,0
12312,1
12313,1
12314,0
12315,0
12316,0
12317,0
12318,1
12319,1
12320,1
12321,1
12322,1
12323,1
12324,0
12325,1
12326,1
12327,0
12328,1
12329,1
12330,1
12331,1
12332,1
12333,1
12334,0
12335,1
12336,0
12337,1
12338,1
12339,0
12340,0
12341,1
12342,0
12343,1
12344,1
12345,0
12346,0
12347,1
12348,0
12349,1
12350,1
12351,0
12352,0
12353,0
12354,0
12355,0
12356,0
12357,1
12358,0
12359,1
12360,1
12361,2
12362,1
12363,0
12364,0
12365,0
12366,1
12367,1
12368,0
12369,0
12370,1
12371,0
12372,1
12373,0
12374,0
12375,0
12376,0
12377,1
12378,1
12379,1
12380,0
12381,1
12382,2
12383,1
12384,1
12385,2
12386,1
12387,0
12388,2
12389,0
12390,1
12391,0
12392,0
12393,1
12394,1
12395,0
12396,1
12397,0
12398,0
12399,0
12400,0
12401,1
12402,0
12403,0
12404,0
12405,0
12406,1
12407,0
12408,1
12409,0
12410,1
12411,0
12412,1
12413,0
12414,1
12415,0
12416,2
12417,0
12418,1
12419,1
12420,1
12421,1
12422,0
12423,0
12424,1
12425,0
12426,0
12427,0
12428,2
12429,1
12430,0
12431,0
12432,1
12433,1
12434,1
12435,1
12436,1
12437,0
12438,0
12439,0
12440,1
12441,1
12442,1
12443,0
12444,1
12445,1
12446,1
12447,1
12448,0
12449,0
12450,1
12451,0
12452,0
12453,0
12454,0
12455,1
12456,0
12457,0
12458,2
12459,2
12460,0
12461,1
12462,1
12463,0
12464,0
12465,0
12466,1
12467,0
12468,0
12469,1
12470,1
12471,1
12472,1
12473,0
12474,0
12475,0
12476,1
12477,1
12478,1
12479,0
12480,0
12481,1
12482,1
12483,1
12484,0
12485,0
12486,1
12487,1
12488,1
12489,1
12490,0
12491,0
12492,0
12493,1
12494,0
12495,1
12496,1
12497,2
12498,1
12499,0
12500,0
12501,2
12502,0
12503,0
12504,0
12505,1
12506,0
12507,0
12508,0
12509,1
12510,1
12511,1
12512,0
12513,0
12514,1
12515,0
12516,0
12517,0
12518,1
12519,0
12520,2
12521,0
12522,0
12523,1
12524,1
12525,0
12526,0
12527,0
12528,0
12529,0
12530,1
12531,1
12532,1
12533,0
12534,0
12535,0
12536,0
12537,0
12538,0
12539,2
12540,0
12541,1
12542,0
12543,0
12544,1
12545,0
12546,1
12547,1
12548,1
12549,1
12550,2
12551,1
12552,1
12553,0
12554,2
12555,1
12556,0
12557,0
12558,1
12559,1
12560,0
12561,0
12562,1
12563,0
12564,0
12565,2
12566,1
12567,1
12568,1
12569,1
12570,1
12571,0
12572,0
12573,0
12574,0
12575,0
12576,0
12577,0
12578,0
12579,0
12580,0
12581,2
12582,0
12583,0
12584,1
12585,1
12586,1
12587,0
12588,1
12589,0
12590,1
12591,0
12592,1
12593,1
12594,1
12595,0
12596,0
12597,0
12598,1
12599,0
12600,1
12601,1
12602,0
12603,1
12604,0
12605,0
12606,0
12607,0
12608,0
12609,0
12610,0
12611,2
12612,0
12613,0
12614,0
12615,0
12616,0
12617,1
12618,0
12619,0
12620,1
12621,1
12622,1
12623,0
12624,1
12625,0
12626,0
12627,0
12628,0
12629,0
12630,1
12631,0
12632,0
12633,0
12634,1
12635,1
12636,1
12637,0
12638,1
12639,1
12640,1
12641,0
12642,1
12643,1
12644,1
12645,1
12646,1
12647,1
12648,0
12649,2
12650,0
12651,1
12652,0
12653,0
12654,2
12655,1
12656,1
12657,0
12658,0
12659,1
12660,1
12661,0
12662,0
12663,0
12664,1
12665,0
12666,1
12667,1
12668,1
12669,2
12670,1
12671,1
12672,1
12673,0
12674,0
12675,0
12676,1
12677,1
12678,1
12679,0
12680,0
12681,0
12682,0
12683,0
12684,1
12685,0
12686,2
12687,1
12688,0
12689,1
12690,1
12691,1
12692,0
12693,1
12694,0
12695,1
12696,0
12697,1
12698,1
12699,1
12700,0
12701,1
12702,1
12703,0
12704,1
12705,0
12706,0
12707,0
12708,0
12709,1
12710,1
12711,0
12712,1
12713,0
12714,1
12715,1
12716,0
12717,0
12718,0
12719,1
12720,0
12721,0
12722,1
12723,2
12724,1
12725,1
12726,1
12727,0
12728,1
12729,0
12730,1
12731,0
12732,2
12733,0
12734,0
12735,0
12736,0
12737,0
12738,1
12739,0
12740,1
12741,1
12742,0
12743,0
12744,0
12745,1
12746,2
12747,1
12748,1
12749,2
12750,1
12751,1
12752,0
12753,0
12754,1
12755,0
12756,0
12757,1
12758,1
12759,1
12760,0
12761,1
12762,2
12763,1
12764,0
12765,1
12766,0
12767,1
12768,1
12769,1
12770,0
12771,0
12772,0
12773,0
12774,1
12775,1
12776,2
12777,0
12778,1
12779,0
12780,1
12781,2
12782,0
12783,0
12784,0
12785,1
12786,1
12787,1
12788,0
12789,0
12790,0
12791,0
12792,1
12793,0
12794,0
12795,1
12796,0
12797,1
12798,1
12799,0
12800,0
12801,1
12802,0
12803,0
12804,0
12805,2
12806,0
12807,0
12808,0
12809,1
12810,0
12811,0
12812,0
12813,1
12814,1
12815,1
12816,0
12817,0
12818,0
12819,0
12820,1
12821,1
12822,1
12823,0
12824,1
12825,0
12826,1
12827,1
12828,1
12829,1
12830,0
12831,1
12832,0
12833,0
12834,0
12835,1
12836,2
12837,0
12838,2
12839,1
12840,1
12841,1
12842,0
12843,1
12844,1
12845,1
12846,1
12847,1
12848,0
12849,1
12850,0
12851,0
12852,0
12853,1
12854,2
12855,0
12856,2
12857,1
12858,1
12859,0
12860,1
12861,0
12862,0
12863,0
12864,1
12865,1
12866,0
12867,0
12868,1
12869,0
12870,1
12871,1
12872,1
12873,1
12874,1
12875,0
12876,0
12877,0
12878,1
12879,1
12880,0
12881,2
12882,1
12883,0
12884,0
12885,1
12886,1
12887,1
12888,0
12889,1
12890,1
12891,2
12892,1
12893,1
12894,0
12895,1
12896,2
12897,1
12898,1
12899,0
12900,1
12901,1
12902,0
12903,2
12904,1
12905,0
12906,1
12907,1
12908,1
12909,0
12910,1
12911,0
12912,0
12913,1
12914,1
12915,0
12916,0
12917,1
12918,1
12919,1
12920,0
12921,0
12922,1
12923,0
12924,1
12925,1
12926,1
12927,1
12928,1
12929,1
12930,0
12931,0
12932,2
12933,0
12934,0
12935,0
12936,1
12937,0
12938,0
12939,1
12940,1
12941,0
12942,0
12943,0
12944,1
12945,1
12946,0
12947,0
12948,0
12949,1
12950,1
12951,1
12952,1
12953,0
12954,1
12955,0
12956,1
12957,1
12958,0
12959,1
12960,1
12961,1
12962,0
12963,1
12964,0
12965,0
12966,1
12967,1
12968,0
12969,0
12970,1
12971,0
12972,0
12973,1
12974,1
12975,1
12976,0
12977,1
12978,1
12979,1
12980,1
12981,2
12982,0
12983,1
12984,1
12985,0
12986,1
12987,0
12988,1
12989,0
12990,1
12991,1
12992,1
12993,1
12994,0
12995,1
12996,1
12997,1
12998,1
12999,2
13000,1
13001,1
13002,1
13003,1
13004,0
13005,1
13006,1
13007,0
13008,0
13009,0
13010,1
13011,1
13012,0
13013,0
13014,1
13015,1
13016,1
13017,2
13018,1
13019,1
13020,0
13021,1
13022,0
13023,0
13024,0
13025,0
13026,0
13027,0
13028,0
13029,1
13030,0
13031,1
13032,0
13033,1
13034,1
13035,2
13036,0
13037,0
13038,1
13039,1
13040,2
13041,1
13042,1
13043,2
13044,1
13045,0
13046,0
13047,1
13048,0
13049,1
13050,1
13051,1
13052,1
13053,2
13054,0
13055,1
13056,1
13057,0
13058,0
13059,1
13060,0
13061,0
13062,1
13063,2
13064,1
13065,0
13066,1
13067,1
13068,0
13069,0
13070,0
13071,0
13072,0
13073,0
13074,0
13075,2
13076,1
13077,1
13078,1
13079,0
13080,0
13081,2
13082,1
13083,0
13084,0
13085,0
13086,0
13087,2
13088,0
13089,1
13090,0
13091,0
13092,1
13093,1
13094,1
13095,0
13096,0
13097,0
13098,1
13099,0
13100,0
13101,1
13102,0
13103,1
13104,1
13105,0
13106,0
13107,0
13108,0
13109,1
13110,1
13111,2
13112,1
13113,0
13114,1
13115,0
13116,0
13117,0
13118,1
13119,0
13120,2
13121,1
13122,1
13123,0
13124,0
13125,1
13126,2
13127,0
13128,1
13129,1
13130,1
13131,1
13132,1
13133,1
13134,0
13135,0
13136,0
13137,0
13138,0
13139,1
13140,0
13141,0
13142,0
13143,0
13144,0
13145,0
13146,1
13147,0
13148,2
13149,0
13150,2
13151,0
13152,1
13153,2
13154,1
13155,0
13156,1
13157,1
13158,0
13159,0
13160,0
13161,1
13162,1
13163,2
13164,1
13165,0
13166,1
13167,2
13168,0
13169,1
13170,2
13171,1
13172,0
13173,0
13174,0
13175,0
13176,1
13177,1
13178,0
13179,0
13180,1
13181,2
13182,0
13183,0
13184,1
13185,1
13186,0
13187,1
13188,0
13189,1
13190,1
13191,0
13192,1
13193,1
13194,1
13195,1
13196,2
13197,0
13198,2
13199,0
13200,0
13201,1
13202,1
13203,1
13204,1
13205,1
13206,1
13207,0
13208,0
13209,1
13210,1
13211,0
13212,1
13213,0
13214,1
13215,1
13216,1
13217,1
13218,0
13219,1
13220,0
13221,1
13222,1
13223,1
13224,2
13225,1
13226,0
13227,0
13228,0
13229,0
13230,1
13231,0
13232,1
13233,1
13234,0
13235,1
13236,0
13237,0
13238,1
13239,1
13240,1
13241,0
13242,0
13243,0
13244,0
13245,0
13246,1
13247,0
13248,1
13249,1
13250,0
13251,0
13252,1
13253,0
13254,1
13255,0
13256,1
13257,1
13258,1
13259,0
13260,1
13261,0
13262,1
13263,1
13264,1
13265,0
13266,0
13267,0
13268,0
13269,0
13270,1
13271,0
13272,0
13273,1
13274,1
13275,0
13276,0
13277,1
13278,1
13279,0
13280,0
13281,1
13282,1
13283,1
13284,1
13285,1
13286,1
13287,0
13288,2
13289,0
13290,0
13291,1
13292,1
13293,1
13294,0
13295,1
13296,1
13297,1
13298,1
13299,2
13300,0
13301,1
13302,0
13303,0
13304,1
13305,0
13306,1
13307,2
13308,1
13309,0
13310,1
13311,1
13312,1
13313,0
13314,2
13315,1
13316,2
13317,0
13318,0
13319,1
13320,0
13321,1
13322,0
13323,1
13324,0
13325,0
13326,1
13327,0
13328,0
13329,1
13330,2
13331,1
13332,0
13333,0
13334,1
13335,1
13336,1
13337,2
13338,0
13339,1
13340,0
13341,1
13342,1
13343,1
13344,0
13345,1
13346,1
13347,1
13348,1
13349,0
13350,0
13351,1
13352,0
13353,2
13354,1
13355,1
13356,1
13357,1
13358,0
13359,1
13360,0
13361,1
13362,1
13363,1
13364,1
13365,0
13366,1
13367,0
13368,1
13369,0
13370,1
13371,1
13372,1
13373,0
13374,1
13375,0
13376,0
13377,1
13378,0
13379,0
13380,1
13381,0
13382,1
13383,0
13384,1
13385,0
13386,0
13387,0
13388,0
13389,1
13390,1
13391,1
13392,1
13393,0
13394,0
13395,0
13396,1
13397,0
13398,0
13399,1
13400,1
13401,2
13402,0
13403,1
13404,1
13405,1
13406,0
13407,0
13408,1
13409,0
13410,0
13411,0
13412,0
13413,0
13414,1
13415,1
13416,1
13417,1
13418,1
13419,0
13420,0
13421,1
13422,0
13423,0
13424,0
13425,1
13426,1
13427,1
13428,2
13429,0
13430,0
13431,0
13432,1
13433,0
13434,1
13435,0
13436,1
13437,0
13438,0
13439,0
13440,0
13441,1
13442,1
13443,1
13444,0
13445,2
13446,0
13447,1
13448,1
13449,1
13450,1
13451,0
13452,1
13453,1
13454,0
13455,1
13456,1
13457,1
13458,1
13459,0
13460,0
13461,0
13462,0
13463,0
13464,0
13465,0
13466,0
13467,0
13468,1
13469,0
13470,0
13471,0
13472,1
13473,0
13474,2
13475,1
13476,0
13477,1
13478,1
13479,0
13480,1
13481,1
13482,1
13483,0
13484,0
13485,1
13486,1
13487,0
13488,0
13489,1
13490,0
13491,0
13492,0
13493,0
13494,2
13495,2
13496,0
13497,0
13498,1
13499,1
13500,1
13501,1
13502,1
13503,1
13504,1
13505,1
13506,0
13507,0
13508,0
13509,0
13510,0
13511,1
13512,0
13513,1
13514,1
13515,0
13516,0
13517,1
13518,0
13519,0
13520,1
13521,1
13522,0
13523,1
13524,1
13525,1
13526,1
13527,1
13528,0
13529,1
13530,0
13531,0
13532,1
13533,0
13534,0
13535,0
13536,0
13537,1
13538,2
13539,0
13540,1
13541,1
13542,0
13543,0
13544,2
13545,1
13546,1
13547,0
13548,1
13549,1
13550,1
13551,1
13552,0
13553,0
13554,1
13555,0
13556,0
13557,0
13558,0
13559,0
13560,0
13561,0
13562,1
13563,1
13564,1
13565,0
13566,0
13567,0
13568,1
13569,1
13570,1
13571,1
13572,1
13573,1
13574,0
13575,1
13576,0
13577,0
13578,0
13579,0
13580,1
13581,1
13582,0
13583,1
13584,0
13585,2
13586,1
13587,1
13588,0
13589,1
13590,1
13591,1
13592,2
13593,2
13594,0
13595,0
13596,0
13597,1
13598,0
13599,2
13600,1
13601,1
13602,0
13603,0
13604,1
13605,1
13606,1
13607,0
13608,1
13609,0
13610,0
13611,1
13612,0
13613,0
13614,0
13615,1
13616,1
13617,1
13618,0
13619,1
13620,0
13621,1
13622,1
13623,1
13624,0
13625,0
13626,1
13627,2
13628,0
13629,1
13630,0
13631,0
13632,0
13633,1
13634,0
13635,0
13636,0
13637,1
13638,1
13639,0
13640,2
13641,1
13642,0
13643,0
13644,0
13645,1
13646,0
13647,1
13648,1
13649,0
13650,1
13651,0
13652,0
13653,0
13654,1
13655,0
13656,0
13657,1
13658,0
13659,0
13660,0
13661,1
13662,1
13663,1
13664,0
13665,0
13666,1
13667,1
13668,1
13669,0
13670,1
13671,0
13672,0
13673,1
13674,0
13675,1
13676,0
13677,1
13678,1
13679,1
13680,0
13681,0
13682,0
13683,2
13684,0
13685,1
13686,1
13687,0
13688,0
13689,1
13690,0
13691,0
13692,1
13693,1
13694,2
13695,1
13696,1
13697,0
13698,1
13699,1
13700,1
13701,1
13702,1
13703,1
13704,1
13705,1
13706,1
13707,1
13708,0
13709,0
13710,0
13711,2
13712,1
13713,1
13714,1
13715,1
13716,0
13717,1
13718,1
13719,0
13720,1
13721,0
13722,0
13723,1
13724,0
13725,0
13726,1
13727,1
13728,0
13729,0
13730,0
13731,1
13732,0
13733,0
13734,1
13735,1
13736,0
13737,0
13738,1
13739,1
13740,0
13741,0
13742,1
13743,1
13744,0
13745,1
13746,0
13747,0
13748,0
13749,0
13750,1
13751,0
13752,1
13753,0
13754,0
13755,0
13756,1
13757,0
13758,0
13759,0
13760,1
13761,0
13762,0
13763,0
13764,1
13765,0
13766,0
13767,1
13768,0
13769,0
13770,2
13771,1
13772,1
13773,1
13774,1
13775,0
13776,0
13777,1
13778,0
13779,1
13780,0
13781,1
13782,0
13783,0
13784,0
13785,0
13786,1
13787,0
13788,1
13789,1
13790,0
13791,0
13792,1
13793,1
13794,0
13795,0
13796,0
13797,0
13798,0
13799,1
13800,1
13801,0
13802,0
13803,1
13804,1
13805,1
13806,1
13807,0
13808,1
13809,0
13810,0
13811,0
13812,0
13813,1
13814,0
13815,0
13816,1
13817,0
13818,1
13819,1
13820,0
13821,1
13822,1
13823,0
13824,0
13825,0
13826,0
13827,1
13828,1
13829,1
13830,1
13831,0
13832,0
13833,0
13834,1
13835,1
13836,1
13837,1
13838,1
13839,1
13840,0
13841,0
13842,1
13843,1
13844,0
13845,0
13846,0
13847,0
13848,1
13849,1
13850,0
13851,1
13852,1
13853,1
13854,1
13855,1
13856,1
13857,1
13858,2
13859,1
13860,1
13861,0
13862,1
13863,1
13864,0
13865,0
13866,1
13867,1
13868,1
13869,0
13870,0
13871,1
13872,0
13873,1
13874,1
13875,1
13876,1
13877,0
13878,0
13879,1
13880,1
13881,0
13882,0
13883,0
13884,1
13885,0
13886,2
13887,2
13888,0
13889,1
13890,0
13891,1
13892,1
13893,1
13894,0
13895,1
13896,1
13897,2
13898,1
13899,0
13900,1
13901,0
13902,0
13903,1
13904,0
13905,0
13906,2
13907,0
13908,0
13909,1
13910,1
13911,0
13912,1
13913,0
13914,1
13915,0
13916,1
13917,0
13918,0
13919,2
13920,1
13921,0
13922,1
13923,1
13924,0
13925,1
13926,1
13927,0
13928,1
13929,0
13930,0
13931,0
13932,0
13933,0
13934,2
13935,0
13936,1
13937,0
13938,0
13939,0
13940,0
13941,1
13942,1
13943,0
13944,0
13945,0
13946,1
13947,1
13948,1
13949,1
13950,0
13951,1
13952,2
13953,1
13954,1
13955,1
13956,1
13957,1
13958,0
13959,1
13960,1
13961,1
13962,0
13963,2
13964,0
13965,1
13966,0
13967,1
13968,0
13969,0
13970,1
13971,1
13972,0
13973,0
13974,1
13975,1
13976,0
13977,1
13978,1
13979,1
13980,1
13981,0
13982,0
13983,0
13984,2
13985,0
13986,0
13987,2
13988,1
13989,0
13990,0
13991,0
13992,2
13993,0
13994,0
13995,2
13996,0
13997,2
13998,0
13999,0
14000,0
14001,1
14002,1
14003,0
14004,0
14005,1
14006,0
14007,2
14008,0
14009,0
14010,0
14011,0
14012,0
14013,1
14014,1
14015,1
14016,2
14017,0
14018,1
14019,0
14020,1
14021,1
14022,1
14023,1
14024,0
14025,0
14026,0
14027,1
14028,1
14029,2
14030,1
14031,1
14032,0
14033,0
14034,0
14035,0
14036,0
14037,0
14038,1
14039,2
14040,0
14041,0
14042,0
14043,1
14044,0
14045,1
14046,1
14047,0
14048,1
14049,1
14050,0
14051,0
14052,2
14053,1
14054,1
14055,1
14056,0
14057,0
14058,0
14059,1
14060,1
14061,0
14062,2
14063,0
14064,0
14065,0
14066,0
14067,1
14068,0
14069,0
14070,0
14071,0
14072,1
14073,0
14074,0
14075,0
14076,0
14077,0
14078,2
14079,0
14080,0
14081,0
14082,0
14083,1
14084,1
14085,0
14086,0
14087,0
14088,0
14089,1
14090,0
14091,1
14092,1
14093,0
14094,0
14095,1
14096,0
14097,1
14098,1
14099,1
14100,1
14101,1
14102,1
14103,0
14104,1
14105,1
14106,1
14107,1
14108,0
14109,0
14110,0
14111,1
14112,1
14113,1
14114,1
14115,0
14116,0
14117,1
14118,1
14119,1
14120,1
14121,0
14122,0
14123,0
14124,0
14125,0
14126,1
14127,1
14128,0
14129,1
14130,0
14131,0
14132,1
14133,0
14134,0
14135,1
14136,0
14137,0
14138,0
14139,0
14140,0
14141,0
14142,0
14143,1
14144,0
14145,0
14146,1
14147,1
14148,0
14149,1
14150,0
14151,0
14152,0
14153,1
14154,0
14155,0
14156,0
14157,1
14158,2
14159,1
14160,0
14161,1
14162,0
14163,2
14164,1
14165,1
14166,0
14167,1
14168,0
14169,1
14170,1
14171,0
14172,0
14173,0
14174,0
14175,1
14176,0
14177,1
14178,0
14179,0
14180,0
14181,0
14182,1
14183,0
14184,1
14185,0
14186,0
14187,1
14188,0
14189,0
14190,1
14191,0
14192,1
14193,2
14194,1
14195,1
14196,0
14197,1
14198,1
14199,2
14200,0
14201,1
14202,0
14203,0
14204,1
14205,1
14206,0
14207,0
14208,1
14209,1
14210,1
14211,0
14212,1
14213,0
14214,0
14215,1
14216,1
14217,1
14218,1
14219,1
14220,1
14221,1
14222,1
14223,1
14224,1
14225,1
14226,0
14227,1
14228,1
14229,0
14230,1
14231,1
14232,0
14233,0
14234,0
14235,1
14236,2
14237,1
14238,0
14239,1
14240,2
14241,1
14242,1
14243,0
14244,1
14245,1
14246,0
14247,1
14248,0
14249,2
14250,0
14251,1
14252,1
14253,1
14254,0
14255,2
14256,0
14257,1
14258,0
14259,0
14260,1
14261,0
14262,1
14263,1
14264,0
14265,1
14266,1
14267,0
14268,1
14269,0
14270,0
14271,1
14272,0
14273,0
14274,0
14275,0
14276,0
14277,1
14278,0
14279,0
14280,1
14281,0
14282,0
14283,1
14284,1
14285,1
14286,1
14287,0
14288,0
14289,1
14290,0
14291,1
14292,0
14293,2
14294,2
14295,0
14296,1
14297,1
14298,0
14299,0
14300,1
14301,0
14302,1
14303,1
14304,0
14305,1
14306,0
14307,0
14308,0
14309,0
14310,0
14311,1
14312,1
14313,1
14314,1
14315,2
14316,0
14317,1
14318,1
14319,0
14320,0
14321,1
14322,0
14323,1
14324,0
14325,1
14326,0
14327,1
14328,0
14329,0
14330,0
14331,1
14332,0
14333,1
14334,1
14335,0
14336,1
14337,0
14338,0
14339,0
14340,1
14341,0
14342,1
14343,0
14344,0
14345,0
14346,0
14347,1
14348,1
14349,1
14350,0
14351,1
14352,1
14353,0
14354,0
14355,1
14356,1
14357,0
14358,2
14359,0
14360,0
14361,0
14362,0
14363,1
14364,0
14365,0
14366,1
14367,1
14368,0
14369,1
14370,1
14371,0
14372,1
14373,1
14374,0
14375,0
14376,0
14377,1
14378,0
14379,1
14380,1
14381,1
14382,2
14383,0
14384,1
14385,0
14386,0
14387,0
14388,0
14389,1
14390,1
14391,0
14392,0
14393,1
14394,0
14395,0
14396,1
14397,0
14398,1
14399,0
14400,1
14401,0
14402,1
14403,1
14404,0
14405,0
14406,1
14407,0
14408,0
14409,0
14410,1
14411,0
14412,0
14413,1
14414,1
14415,0
14416,1
14417,0
14418,0
14419,1
14420,1
14421,1
14422,0
14423,1
14424,1
14425,2
14426,2
14427,1
14428,1
14429,0
14430,0
14431,1
14432,0
14433,0
14434,2
14435,1
14436,0
14437,0
14438,0
14439,1
14440,1
14441,0
14442,1
14443,1
14444,1
14445,1
14446,1
14447,0
14448,0
14449,1
14450,0
14451,0
14452,0
14453,0
14454,1
14455,0
14456,0
14457,1
14458,1
14459,2
14460,1
14461,0
14462,0
14463,0
14464,1
14465,1
14466,0
14467,2
14468,1
14469,0
14470,0
14471,1
14472,1
14473,0
14474,0
14475,1
14476,1
14477,0
14478,1
14479,0
14480,1
14481,1
14482,0
14483,1
14484,0
14485,0
14486,0
14487,0
14488,2
14489,0
14490,0
14491,1
14492,1
14493,0
14494,0
14495,0
14496,0
14497,0
14498,0
14499,0
14500,0
14501,0
14502,0
14503,0
14504,1
14505,1
14506,1
14507,1
14508,0
14509,1
14510,0
14511,1
14512,1
14513,0
14514,1
14515,0
14516,1
14517,1
14518,1
14519,0
14520,0
14521,1
14522,0
14523,0
14524,0
14525,0
14526,1
14527,1
14528,0
14529,1
14530,1
14531,1
14532,1
14533,0
14534,1
14535,0
14536,0
14537,1
14538,1
14539,0
14540,0
14541,1
14542,1
14543,1
14544,0
14545,0
14546,1
14547,1
14548,1
14549,1
14550,0
14551,0
14552,0
14553,0
14554,0
14555,0
14556,0
14557,1
14558,1
14559,0
14560,0
14561,0
14562,1
14563,1
14564,0
14565,1
14566,0
14567,0
14568,0
14569,0
14570,1
14571,0
14572,1
14573,0
14574,1
14575,0
14576,1
14577,0
14578,0
14579,2
14580,1
14581,0
14582,1
14583,0
14584,2
14585,0
14586,0
14587,1
14588,1
14589,1
14590,0
14591,0
14592,1
14593,1
14594,0
14595,0
14596,2
14597,0
14598,0
14599,0
14600,1
14601,1
14602,1
14603,0
14604,0
14605,0
14606,0
14607,1
14608,1
14609,0
14610,1
14611,0
14612,1
14613,1
14614,1
14615,1
14616,0
14617,0
14618,0
14619,0
14620,1
14621,1
14622,1
14623,0
14624,1
14625,1
14626,1
14627,1
14628,1
14629,1
14630,1
14631,2
14632,1
14633,0
14634,1
14635,1
14636,1
14637,0
14638,1
14639,1
14640,1
14641,0
14642,1
14643,0
14644,1
14645,0
14646,0
14647,1
14648,1
14649,0
14650,0
14651,2
14652,1
14653,0
14654,0
14655,0
14656,1
14657,1
14658,1
14659,1
14660,0
14661,1
14662,1
14663,1
14664,1
14665,1
14666,1
14667,0
14668,0
14669,1
14670,0
14671,1
14672,1
14673,1
14674,0
14675,0
14676,2
14677,2
14678,0
14679,0
14680,1
14681,1
14682,1
14683,1
14684,1
14685,1
14686,0
14687,1
14688,0
14689,0
14690,0
14691,0
14692,1
14693,1
14694,1
14695,0
14696,1
14697,0
14698,0
14699,1
14700,1
14701,0
14702,0
14703,0
14704,0
14705,0
14706,0
14707,0
14708,1
14709,2
14710,1
14711,0
14712,0
14713,1
14714,0
14715,1
14716,0
14717,2
14718,0
14719,1
14720,0
14721,0
14722,0
14723,0
14724,1
14725,0
14726,0
14727,1
14728,1
14729,0
14730,0
14731,1
14732,1
14733,1
14734,1
14735,1
14736,0
14737,1
14738,0
14739,0
14740,0
14741,1
14742,0
14743,1
14744,0
14745,2
14746,0
14747,0
14748,2
14749,0
14750,0
14751,0
14752,1
14753,1
14754,1
14755,0
14756,0
14757,1
14758,0
14759,1
14760,0
14761,0
14762,1
14763,0
14764,0
14765,1
14766,0
14767,0
14768,0
14769,1
14770,1
14771,2
14772,1
14773,0
14774,0
14775,1
14776,0
14777,1
14778,1
14779,1
14780,1
14781,0
14782,0
14783,0
14784,1
14785,1
14786,0
14787,1
14788,2
14789,0
14790,1
14791,0
14792,0
14793,0
14794,1
14795,0
14796,0
14797,0
14798,0
14799,1
14800,0
14801,1
14802,1
14803,0
14804,1
14805,0
14806,1
14807,1
14808,1
14809,0
14810,0
14811,0
14812,0
14813,1
14814,0
14815,0
14816,0
14817,1
14818,1
14819,1
14820,0
14821,2
14822,0
14823,0
14824,0
14825,0
14826,0
14827,0
14828,0
14829,0
14830,0
14831,0
14832,0
14833,1
14834,1
14835,1
14836,1
14837,1
14838,1
14839,1
14840,1
14841,2
14842,1
14843,1
14844,1
14845,1
14846,1
14847,0
14848,1
14849,1
14850,1
14851,1
14852,1
14853,0
14854,1
14855,1
14856,0
14857,0
14858,2
14859,0
14860,0
14861,0
14862,1
14863,1
14864,0
14865,1
14866,0
14867,0
14868,0
14869,0
14870,1
14871,0
14872,1
14873,0
14874,1
14875,0
14876,1
14877,1
14878,0
14879,0
14880,0
14881,1
14882,0
14883,0
14884,0
14885,0
14886,0
14887,1
14888,0
14889,2
14890,1
14891,2
14892,0
14893,0
14894,1
14895,0
14896,0
14897,0
14898,0
14899,1
14900,0
14901,0
14902,0
14903,0
14904,1
14905,2
14906,1
14907,1
14908,0
14909,0
14910,0
14911,2
14912,0
14913,2
14914,0
14915,2
14916,0
14917,1
14918,0
14919,1
14920,0
14921,0
14922,1
14923,1
14924,0
14925,0
14926,1
14927,0
14928,1
14929,0
14930,0
14931,0
14932,1
14933,0
14934,0
14935,0
14936,0
14937,1
14938,1
14939,1
14940,0
14941,1
14942,1
14943,0
14944,0
14945,0
14946,0
14947,0
14948,0
14949,2
14950,0
14951,1
14952,0
14953,0
14954,1
14955,0
14956,1
14957,2
14958,1
14959,0
14960,0
14961,0
14962,0
14963,1
14964,1
14965,1
14966,0
14967,1
14968,0
14969,0
14970,0
14971,1
14972,1
14973,1
14974,1
14975,0
14976,1
14977,1
14978,1
14979,1
14980,1
14981,1
14982,1
14983,0
14984,1
14985,0
14986,0
14987,0
14988,1
14989,0
14990,0
14991,1
14992,0
14993,1
14994,0
14995,1
14996,0
14997,0
14998,1
14999,1
15000,0
15001,0
15002,0
15003,0
15004,1
15005,0
15006,0
15007,1
15008,2
15009,0
15010,0
15011,0
15012,1
15013,0
15014,1
15015,0
15016,2
15017,0
15018,1
15019,1
15020,0
15021,0
15022,1
15023,1
15024,0
15025,1
15026,0
15027,0
15028,0
15029,0
15030,0
15031,0
15032,0
15033,1
15034,0
15035,1
15036,0
15037,0
15038,0
15039,0
15040,1
15041,1
15042,1
15043,1
15044,1
15045,1
15046,1
15047,1
15048,0
15049,1
15050,1
15051,1
15052,1
15053,0
15054,1
15055,1
15056,0
15057,0
15058,1
15059,0
15060,1
15061,0
15062,0
15063,1
15064,0
15065,0
15066,1
15067,0
15068,1
15069,0
15070,1
15071,0
15072,0
15073,1
15074,1
15075,0
15076,1
15077,1
15078,0
15079,1
15080,0
15081,0
15082,0
15083,2
15084,0
15085,1
15086,0
15087,1
15088,1
15089,1
15090,0
15091,1
15092,0
15093,0
15094,1
15095,1
15096,1
15097,0
15098,0
15099,0
15100,0
15101,1
15102,1
15103,1
15104,2
15105,1
15106,1
15107,0
15108,0
15109,0
15110,1
15111,0
15112,1
15113,0
15114,0
15115,1
15116,0
15117,1
15118,1
15119,1
15120,1
15121,0
15122,0
15123,0
15124,0
15125,0
15126,1
15127,0
15128,1
15129,0
15130,1
15131,0
15132,0
15133,1
15134,1
15135,1
15136,1
15137,0
15138,0
15139,1
15140,0
15141,0
15142,0
15143,0
15144,1
15145,1
15146,0
15147,0
15148,0
15149,2
15150,1
15151,1
15152,0
15153,0
15154,1
15155,0
15156,2
15157,1
15158,0
15159,1
15160,1
15161,1
15162,0
15163,1
15164,1
15165,1
15166,2
15167,1
15168,1
15169,0
15170,1
15171,0
15172,0
15173,1
15174,1
15175,0
15176,0
15177,0
15178,0
15179,0
15180,0
15181,0
15182,0
15183,1
15184,1
15185,0
15186,1
15187,1
15188,0
15189,0
15190,0
15191,1
15192,0
15193,0
15194,0
15195,0
15196,1
15197,0
15198,0
15199,0
15200,1
15201,0
15202,1
15203,1
15204,0
15205,0
15206,1
15207,1
15208,0
15209,1
15210,0
15211,1
15212,0
15213,1
15214,1
15215,1
15216,0
15217,0
15218,1
15219,0
15220,0
15221,1
15222,2
15223,0
15224,1
15225,2
15226,0
15227,1
15228,1
15229,1
15230,0
15231,1
15232,0
15233,0
15234,0
15235,1
15236,0
15237,0
15238,1
15239,0
15240,1
15241,0
15242,0
15243,0
15244,2
15245,1
15246,0
15247,1
15248,1
15249,0
15250,1
15251,0
15252,1
15253,1
15254,1
15255,0
15256,0
15257,1
15258,1
15259,0
15260,1
15261,0
15262,0
15263,1
15264,0
15265,1
15266,0
15267,1
15268,0
15269,1
15270,0
15271,1
15272,1
15273,1
15274,1
15275,0
15276,0
15277,0
15278,0
15279,1
15280,1
15281,0
15282,0
15283,1
15284,1
15285,0
15286,1
15287,0
15288,0
15289,1
15290,0
15291,0
15292,1
15293,0
15294,0
15295,0
15296,0
15297,0
15298,1
15299,1
15300,0
15301,0
15302,0
15303,0
15304,1
15305,0
15306,0
15307,0
15308,0
15309,1
15310,1
15311,0
15312,0
15313,0
15314,1
15315,0
15316,0
15317,0
15318,0
15319,2
15320,1
15321,1
15322,0
15323,0
15324,1
15325,0
15326,0
15327,1
15328,1
15329,0
15330,0
15331,1
15332,0
15333,0
15334,1
15335,0
15336,0
15337,0
15338,0
15339,0
15340,0
15341,0
15342,1
15343,0
15344,1
15345,1
15346,1
15347,1
15348,0
15349,1
15350,0
15351,1
15352,1
15353,1
15354,0
15355,1
15356,1
15357,0
15358,1
15359,0
15360,0
15361,1
15362,0
15363,1
15364,1
15365,0
15366,0
15367,0
15368,0
15369,0
15370,0
15371,1
15372,0
15373,2
15374,1
15375,0
15376,1
15377,1
15378,0
15379,1
15380,1
15381,0
15382,2
15383,1
15384,1
15385,2
15386,1
15387,1
15388,1
15389,1
15390,0
15391,2
15392,1
15393,0
15394,1
15395,0
15396,0
15397,1
15398,1
15399,0
15400,1
15401,0
15402,0
15403,1
15404,0
15405,0
15406,1
15407,0
15408,1
15409,1
15410,1
15411,0
15412,0
15413,0
15414,1
15415,0
15416,1
15417,0
15418,1
15419,1
15420,0
15421,0
15422,1
15423,1
15424,0
15425,1
15426,0
15427,0
15428,0
15429,0
15430,0
15431,0
15432,0
15433,0
15434,0
15435,0
15436,0
15437,0
15438,1
15439,0
15440,0
15441,1
15442,2
15443,0
15444,0
15445,0
15446,1
15447,1
15448,1
15449,1
15450,0
15451,1
15452,2
15453,1
15454,0
15455,1
15456,1
15457,1
15458,1
15459,0
15460,1
15461,1
15462,1
15463,0
15464,0
15465,0
15466,1
15467,1
15468,1
15469,0
15470,1
15471,1
15472,0
15473,1
15474,1
15475,0
15476,0
15477,0
15478,1
15479,1
15480,0
15481,2
15482,1
15483,0
15484,2
15485,1
15486,1
15487,1
15488,1
15489,1
15490,0
15491,0
15492,1
15493,0
15494,0
15495,1
15496,1
15497,0
15498,0
15499,0
15500,1
15501,1
15502,1
15503,0
15504,0
15505,0
15506,1
15507,1
15508,0
15509,0
15510,1
15511,1
15512,1
15513,1
15514,0
15515,1
15516,1
15517,0
15518,0
15519,0
15520,1
15521,0
15522,0
15523,1
15524,1
15525,2
15526,0
15527,1
15528,2
15529,0
15530,0
15531,0
15532,0
15533,1
15534,0
15535,0
15536,1
15537,0
15538,0
15539,1
15540,1
15541,0
15542,1
15543,0
15544,2
15545,2
15546,1
15547,2
15548,1
15549,1
15550,0
15551,1
15552,0
15553,0
15554,0
15555,1
15556,0
15557,1
15558,0
15559,1
15560,1
15561,0
15562,0
15563,0
15564,0
15565,0
15566,1
15567,0
15568,1
15569,0
15570,2
15571,0
15572,0
15573,1
15574,0
15575,1
15576,1
15577,1
15578,1
15579,1
15580,2
15581,1
15582,0
15583,1
15584,1
15585,0
15586,1
15587,0
15588,1
15589,0
15590,0
15591,1
15592,0
15593,0
15594,1
15595,0
15596,0
15597,0
15598,1
15599,1
15600,0
15601,0
15602,1
15603,2
15604,0
15605,1
15606,1
15607,0
15608,0
15609,0
15610,1
15611,1
15612,0
15613,1
15614,1
15615,1
15616,1
15617,0
15618,0
15619,0
15620,2
15621,0
15622,0
15623,0
15624,0
15625,0
15626,0
15627,1
15628,1
15629,0
15630,0
15631,0
15632,0
15633,0
15634,1
15635,1
15636,0
15637,0
15638,0
15639,0
15640,0
15641,1
15642,1
15643,0
15644,1
15645,0
15646,0
15647,1
15648,1
15649,0
15650,1
15651,0
15652,1
15653,1
15654,1
15655,0
15656,0
15657,1
15658,1
15659,0
15660,1
15661,0
15662,0
15663,1
15664,0
15665,0
15666,0
15667,1
15668,0
15669,1
15670,0
15671,1
15672,0
15673,0
15674,0
15675,1
15676,1
15677,0
15678,0
15679,1
15680,0
15681,2
15682,0
15683,0
15684,1
15685,0
15686,0
15687,0
15688,0
15689,0
15690,0
15691,0
15692,1
15693,1
15694,1
15695,1
15696,1
15697,1
15698,1
15699,1
15700,0
15701,1
15702,1
15703,1
15704,2
15705,0
15706,0
15707,0
15708,1
15709,0
15710,1
15711,1
15712,1
15713,1
15714,0
15715,0
15716,0
15717,0
15718,0
15719,1
15720,0
15721,0
15722,1
15723,0
15724,0
15725,0
15726,1
15727,0
15728,0
15729,0
15730,1
15731,0
15732,0
15733,0
15734,1
15735,1
15736,2
15737,1
15738,1
15739,1
15740,0
15741,0
15742,2
15743,1
15744,0
15745,0
15746,0
15747,1
15748,0
15749,1
15750,0
15751,0
15752,1
15753,0
15754,1
15755,1
15756,1
15757,1
15758,1
15759,2
15760,0
15761,1
15762,2
15763,0
15764,1
15765,1
15766,1
15767,1
15768,1
15769,0
15770,1
15771,0
15772,0
15773,0
15774,0
15775,1
15776,1
15777,1
15778,1
15779,0
15780,0
15781,0
15782,0
15783,1
15784,0
15785,0
15786,0
15787,1
15788,0
15789,1
15790,0
15791,0
15792,0
15793,0
15794,0
15795,0
15796,1
15797,0
15798,1
15799,1
15800,0
15801,0
15802,0
15803,0
15804,0
15805,0
15806,0
15807,1
15808,0
15809,0
15810,0
15811,1
15812,1
15813,1
15814,1
15815,1
15816,1
15817,0
15818,1
15819,0
15820,0
15821,1
15822,0
15823,1
15824,0
15825,0
15826,0
15827,1
15828,0
15829,1
15830,0
15831,0
15832,1
15833,2
15834,1
15835,0
15836,2
15837,0
15838,0
15839,0
15840,1
15841,0
15842,0
15843,1
15844,1
15845,0
15846,0
15847,0
15848,1
15849,0
15850,0
15851,1
15852,1
15853,1
15854,1
15855,0
15856,0
15857,1
15858,1
15859,0
15860,0
15861,1
15862,0
15863,2
15864,0
15865,1
15866,1
15867,1
15868,0
15869,0
15870,1
15871,1
15872,1
15873,0
15874,1
15875,0
15876,2
15877,0
15878,1
15879,2
15880,0
15881,0
15882,1
15883,0
15884,0
15885,0
15886,0
15887,1
15888,1
15889,1
15890,1
15891,0
15892,1
15893,1
15894,0
15895,1
15896,0
15897,0
15898,1
15899,1
15900,1
15901,1
15902,0
15903,0
15904,0
15905,0
15906,2
15907,1
15908,1
15909,1
15910,0
15911,1
15912,2
15913,1
15914,0
15915,1
15916,0
15917,1
15918,0
15919,0
15920,1
15921,0
15922,0
15923,1
15924,1
15925,0
15926,0
15927,1
15928,1
15929,0
15930,1
15931,1
15932,1
15933,0
15934,1
15935,0
15936,0
15937,0
15938,0
15939,1
15940,0
15941,0
15942,0
15943,1
15944,0
15945,1
15946,1
15947,1
15948,1
15949,1
15950,0
15951,0
15952,1
15953,0
15954,0
15955,1
15956,0
15957,0
15958,0
15959,0
15960,1
15961,0
15962,0
15963,1
15964,0
15965,0
15966,0
15967,0
15968,0
15969,1
15970,0
15971,0
15972,0
15973,1
15974,0
15975,1
15976,1
15977,0
15978,1
15979,0
15980,1
15981,0
15982,1
15983,0
15984,2
15985,1
15986,2
15987,1
15988,0
15989,2
15990,1
15991,0
15992,2
15993,2
15994,1
15995,0
15996,0
15997,1
15998,0
15999,0
16000,0
16001,0
16002,0
16003,1
16004,1
16005,0
16006,0
16007,0
16008,0
16009,1
16010,1
16011,0
16012,0
16013,1
16014,1
16015,1
16016,1
16017,0
16018,1
16019,1
16020,1
16021,1
16022,1
16023,0
16024,0
16025,2
16026,1
16027,0
16028,1
16029,1
16030,1
16031,1
16032,0
16033,1
16034,0
16035,0
16036,0
16037,0
16038,0
16039,0
16040,0
16041,0
16042,0
16043,0
16044,2
16045,0
16046,0
16047,1
16048,1
16049,1
16050,2
16051,0
16052,1
16053,0
16054,0
16055,1
16056,0
16057,1
16058,0
16059,1
16060,0
16061,1
16062,1
16063,1
16064,1
16065,1
16066,0
16067,0
16068,0
16069,0
16070,2
16071,0
16072,0
16073,1
16074,0
16075,0
16076,0
16077,0
16078,0
16079,1
16080,1
16081,1
16082,0
16083,0
16084,0
16085,0
16086,1
16087,0
16088,1
16089,0
16090,1
16091,0
16092,1
16093,0
16094,0
16095,0
16096,0
16097,1
16098,0
16099,1
16100,0
16101,0
16102,0
16103,1
16104,1
16105,0
16106,0
16107,0
16108,1
16109,1
16110,1
16111,1
16112,0
16113,1
16114,1
16115,0
16116,0
16117,1
16118,0
16119,0
16120,0
16121,1
16122,0
16123,0
16124,1
16125,0
16126,1
16127,0
16128,1
16129,1
16130,0
16131,0
16132,1
16133,1
16134,1
16135,0
16136,0
16137,0
16138,0
16139,1
16140,1
16141,1
16142,0
16143,2
16144,0
16145,0
16146,0
16147,2
16148,0
16149,0
16150,0
16151,0
16152,0
16153,0
16154,1
16155,1
16156,1
16157,1
16158,1
16159,0
16160,0
16161,1
16162,1
16163,0
16164,0
16165,1
16166,0
16167,1
16168,0
16169,0
16170,0
16171,2
16172,0
16173,0
16174,1
16175,0
16176,0
16177,0
16178,1
16179,1
16180,1
16181,1
16182,0
16183,0
16184,2
16185,0
16186,0
16187,0
16188,0
16189,0
16190,0
16191,2
16192,1
16193,0
16194,0
16195,1
16196,0
16197,1
16198,1
16199,0
16200,1
16201,1
16202,2
16203,0
16204,0
16205,2
16206,1
16207,0
16208,0
16209,0
16210,1
16211,0
16212,1
16213,0
16214,1
16215,1
16216,0
16217,0
16218,0
16219,0
16220,0
16221,0
16222,1
16223,1
16224,1
16225,0
16226,0
16227,1
16228,0
16229,0
16230,1
16231,1
16232,1
16233,0
16234,1
16235,1
16236,0
16237,1
16238,1
16239,1
16240,1
16241,1
16242,0
16243,0
16244,0
16245,1
16246,0
16247,1
16248,1
16249,1
16250,0
16251,0
16252,0
16253,0
16254,0
16255,0
16256,1
16257,0
16258,1
16259,1
16260,1
16261,1
16262,0
16263,2
16264,0
16265,0
16266,1
16267,0
16268,0
16269,1
16270,1
16271,1
16272,1
16273,2
16274,0
16275,0
16276,0
16277,1
16278,1
16279,1
16280,1
16281,0
16282,1
16283,0
16284,0
16285,0
16286,1
16287,1
16288,1
16289,0
16290,1
16291,0
16292,2
16293,2
16294,0
16295,1
16296,0
16297,0
16298,1
16299,1
16300,0
16301,0
16302,1
16303,1
16304,0
16305,1
16306,0
16307,0
16308,1
16309,1
16310,0
16311,1
16312,1
16313,1
16314,0
16315,0
16316,1
16317,1
16318,1
16319,0
16320,0
16321,1
16322,2
16323,1
16324,1
16325,1
16326,1
16327,0
16328,1
16329,1
16330,0
16331,2
16332,1
16333,1
16334,0
16335,1
16336,0
16337,0
16338,1
16339,2
16340,0
16341,1
16342,0
16343,1
16344,1
16345,0
16346,1
16347,0
16348,1
16349,1
16350,0
16351,1
16352,2
16353,1
16354,1
16355,0
16356,1
16357,0
16358,0
16359,0
16360,0
16361,0
16362,1
16363,0
16364,0
16365,0
16366,1
16367,1
16368,1
16369,0
16370,0
16371,0
16372,1
16373,1
16374,0
16375,0
16376,0
16377,1
16378,1
16379,1
16380,0
16381,0
16382,0
16383,0
16384,0
16385,0
16386,0
16387,0
16388,0
16389,0
16390,1
16391,1
16392,0
16393,1
16394,1
16395,0
16396,0
16397,1
16398,0
16399,1
16400,0
16401,0
16402,0
16403,1
16404,0
16405,0
16406,1
16407,0
16408,1
16409,0
16410,0
16411,1
16412,1
16413,0
16414,0
16415,1
16416,0
16417,1
16418,1
16419,1
16420,1
16421,0
16422,0
16423,0
16424,1
16425,0
16426,1
16427,0
16428,0
16429,1
16430,0
16431,1
16432,0
16433,0
16434,1
16435,1
16436,1
16437,0
16438,2
16439,0
16440,1
16441,1
16442,1
16443,1
16444,0
16445,0
16446,1
16447,1
16448,0
16449,1
16450,1
16451,1
16452,0
16453,1
16454,0
16455,1
16456,0
16457,0
16458,0
16459,1
16460,1
16461,2
16462,1
16463,0
16464,1
16465,0
16466,0
16467,0
16468,0
16469,0
16470,1
16471,0
16472,1
16473,1
16474,1
16475,0
16476,0
16477,2
16478,1
16479,1
16480,0
16481,0
16482,0
16483,0
16484,0
16485,0
16486,1
16487,0
16488,0
16489,1
16490,0
16491,1
16492,0
16493,1
16494,0
16495,1
16496,1
16497,0
16498,1
16499,1
16500,0
16501,2
16502,1
16503,1
16504,0
16505,1
16506,0
16507,1
16508,0
16509,1
16510,0
16511,1
16512,2
16513,1
16514,1
16515,2
16516,0
16517,1
16518,0
16519,0
16520,1
16521,0
16522,1
16523,2
16524,0
16525,1
16526,0
16527,1
16528,0
16529,1
16530,0
16531,2
16532,0
16533,0
16534,0
16535,0
16536,0
16537,1
16538,1
16539,1
16540,0
16541,0
16542,2
16543,0
16544,2
16545,0
16546,1
16547,1
16548,1
16549,0
16550,1
16551,1
16552,0
16553,0
16554,0
16555,0
16556,2
16557,0
16558,0
16559,0
16560,1
16561,1
16562,1
16563,0
16564,1
16565,0
16566,0
16567,0
16568,0
16569,0
16570,1
16571,0
16572,0
16573,0
16574,1
16575,0
16576,1
16577,1
16578,1
16579,0
16580,0
16581,1
16582,0
16583,0
16584,0
16585,1
16586,1
16587,1
16588,1
16589,1
16590,0
16591,0
16592,2
16593,2
16594,0
16595,1
16596,1
16597,0
16598,1
16599,0
16600,1
16601,0
16602,1
16603,1
16604,0
16605,0
16606,0
16607,0
16608,1
16609,0
16610,0
16611,0
16612,0
16613,0
16614,0
16615,0
16616,0
16617,1
16618,0
16619,0
16620,2
16621,0
16622,1
16623,0
16624,0
16625,2
16626,0
16627,1
16628,1
16629,0
16630,0
16631,0
16632,0
16633,0
16634,1
16635,1
16636,0
16637,1
16638,0
16639,2
16640,0
16641,1
16642,1
16643,0
16644,1
16645,1
16646,0
16647,0
16648,0
16649,0
16650,0
16651,0
16652,1
16653,1
16654,1
16655,1
16656,0
16657,0
16658,0
16659,0
16660,0
16661,0
16662,1
16663,0
16664,0
16665,1
16666,0
16667,0
16668,0
16669,1
16670,1
16671,1
16672,0
16673,0
16674,0
16675,0
16676,1
16677,0
16678,0
16679,1
16680,1
16681,1
16682,1
16683,0
16684,1
16685,1
16686,1
16687,1
16688,0
16689,0
16690,1
16691,1
16692,1
16693,1
16694,1
16695,0
16696,0
16697,1
16698,1
16699,1
16700,0
16701,1
16702,1
16703,0
16704,1
16705,1
16706,0
16707,1
16708,2
16709,1
16710,0
16711,1
16712,0
16713,1
16714,0
16715,0
16716,1
16717,1
16718,0
16719,1
16720,1
16721,1
16722,0
16723,0
16724,0
16725,1
16726,1
16727,1
16728,1
16729,1
16730,2
16731,1
16732,0
16733,1
16734,1
16735,0
16736,0
16737,1
16738,0
16739,1
16740,1
16741,0
16742,0
16743,1
16744,0
16745,1
16746,0
16747,1
16748,1
16749,1
16750,0
16751,0
16752,1
16753,1
16754,0
16755,0
16756,1
16757,1
16758,1
16759,0
16760,2
16761,1
16762,2
16763,0
16764,1
16765,1
16766,1
16767,1
16768,1
16769,0
16770,1
16771,1
16772,0
16773,1
16774,1
16775,1
16776,0
16777,1
16778,1
16779,0
16780,1
16781,1
16782,0
16783,0
16784,0
16785,0
16786,0
16787,0
16788,0
16789,1
16790,1
16791,2
16792,1
16793,1
16794,0
16795,2
16796,0
16797,0
16798,0
16799,1
16800,1
16801,1
16802,1
16803,0
16804,0
16805,1
16806,0
16807,0
16808,0
16809,0
16810,0
16811,1
16812,1
16813,1
16814,1
16815,0
16816,1
16817,1
16818,1
16819,1
16820,1
16821,1
16822,0
16823,1
16824,1
16825,1
16826,1
16827,2
16828,1
16829,1
16830,2
16831,2
16832,0
16833,0
16834,1
16835,1
16836,1
16837,0
16838,0
16839,0
16840,1
16841,0
16842,0
16843,1
16844,0
16845,1
16846,2
16847,0
16848,1
16849,1
16850,1
16851,0
16852,1
16853,1
16854,1
16855,0
16856,0
16857,1
16858,1
16859,1
16860,0
16861,0
16862,0
16863,1
16864,2
16865,1
16866,1
16867,0
16868,0
16869,1
16870,0
16871,1
16872,1
16873,0
16874,0
16875,1
16876,0
16877,0
16878,0
16879,0
16880,1
16881,2
16882,1
16883,0
16884,0
16885,1
16886,0
16887,0
16888,0
16889,0
16890,1
16891,0
16892,0
16893,1
16894,1
16895,0
16896,1
16897,1
16898,1
16899,1
16900,0
16901,1
16902,2
16903,0
16904,0
16905,2
16906,1
16907,0
16908,0
16909,0
16910,0
16911,1
16912,2
16913,0
16914,0
16915,0
16916,1
16917,1
16918,0
16919,0
16920,1
16921,1
16922,1
16923,1
16924,1
16925,1
16926,0
16927,0
16928,1
16929,1
16930,0
16931,1
16932,0
16933,1
16934,1
16935,1
16936,1
16937,1
16938,2
16939,0
16940,0
16941,1
16942,0
16943,0
16944,1
16945,0
16946,1
16947,0
16948,0
16949,0
16950,0
16951,0
16952,1
16953,2
16954,0
16955,0
16956,0
16957,0
16958,1
16959,1
16960,0
16961,2
16962,0
16963,1
16964,0
16965,0
16966,2
16967,1
16968,0
16969,1
16970,1
16971,1
16972,0
16973,1
16974,0
16975,0
16976,0
16977,0
16978,1
16979,1
16980,1
16981,1
16982,1
16983,0
16984,1
16985,0
16986,1
16987,1
16988,0
16989,0
16990,2
16991,0
16992,0
16993,0
16994,1
16995,0
16996,1
16997,0
16998,0
16999,1
17000,0
17001,1
17002,0
17003,1
17004,0
17005,0
17006,0
17007,1
17008,0
17009,1
17010,0
17011,0
17012,1
17013,0
17014,0
17015,0
17016,1
17017,1
17018,1
17019,0
17020,0
17021,1
17022,1
17023,1
17024,0
17025,1
17026,0
17027,0
17028,1
17029,1
17030,1
17031,0
17032,1
17033,1
17034,0
17035,0
17036,0
17037,1
17038,1
17039,0
17040,0
17041,0
17042,1
17043,1
17044,0
17045,0
17046,1
17047,0
17048,0
17049,1
17050,1
17051,0
17052,0
17053,2
17054,0
17055,0
17056,0
17057,2
17058,1
17059,0
17060,0
17061,1
17062,0
17063,1
17064,0
17065,0
17066,0
17067,0
17068,0
17069,1
17070,0
17071,1
17072,2
17073,0
17074,1
17075,0
17076,1
17077,0
17078,0
17079,0
17080,2
17081,1
17082,1
17083,1
17084,0
17085,0
17086,1
17087,0
17088,0
17089,1
17090,0
17091,0
17092,0
17093,0
17094,0
17095,0
17096,0
17097,0
17098,1
17099,1
17100,1
17101,0
17102,1
17103,2
17104,0
17105,1
17106,1
17107,1
17108,0
17109,1
17110,0
17111,0
17112,0
17113,1
17114,0
17115,1
17116,1
17117,1
17118,1
17119,1
17120,1
17121,0
17122,0
17123,0
17124,0
17125,0
17126,0
17127,0
17128,1
17129,1
17130,0
17131,1
17132,0
17133,0
17134,0
17135,0
17136,0
17137,0
17138,1
17139,0
17140,1
17141,1
17142,0
17143,0
17144,1
17145,1
17146,0
17147,0
17148,0
17149,1
17150,0
17151,2
17152,0
17153,1
17154,1
17155,1
17156,0
17157,1
17158,0
17159,1
17160,0
17161,1
17162,0
17163,0
17164,1
17165,1
17166,2
17167,0
17168,0
17169,2
17170,0
17171,1
17172,1
17173,1
17174,0
17175,0
17176,1
17177,0
17178,0
17179,1
17180,2
17181,1
17182,0
17183,1
17184,0
17185,1
17186,0
17187,1
17188,0
17189,2
17190,1
17191,0
17192,0
17193,0
17194,1
17195,1
17196,1
17197,1
17198,1
17199,1
17200,0
17201,0
17202,0
17203,1
17204,0
17205,0
17206,1
17207,0
17208,0
17209,1
17210,0
17211,1
17212,1
17213,1
17214,1
17215,1
17216,0
17217,1
17218,0
17219,0
17220,0
17221,0
17222,0
17223,1
17224,0
17225,0
17226,0
17227,1
17228,0
17229,0
17230,1
17231,0
17232,0
17233,1
17234,1
17235,1
17236,0
17237,0
17238,0
17239,0
17240,1
17241,0
17242,0
17243,1
17244,0
17245,2
17246,0
17247,1
17248,0
17249,1
17250,1
17251,0
17252,0
17253,0
17254,0
17255,0
17256,0
17257,1
17258,1
17259,0
17260,0
17261,1
17262,1
17263,0
17264,1
17265,0
17266,0
17267,1
17268,1
17269,0
17270,0
17271,0
17272,2
17273,0
17274,1
17275,0
17276,1
17277,0
17278,1
17279,1
17280,1
17281,0
17282,1
17283,0
17284,0
17285,0
17286,0
17287,0
17288,1
17289,0
17290,0
17291,0
17292,2
17293,1
17294,0
17295,0
17296,0
17297,0
17298,1
17299,1
17300,0
17301,1
17302,0
17303,0
17304,0
17305,1
17306,0
17307,1
17308,0
17309,0
17310,2
17311,0
17312,0
17313,1
17314,1
17315,0
17316,0
17317,1
17318,1
17319,0
17320,0
17321,0
17322,1
17323,1
17324,0
17325,1
17326,1
17327,1
17328,0
17329,1
17330,1
17331,1
17332,1
17333,0
17334,1
17335,1
17336,1
17337,0
17338,1
17339,0
17340,1
17341,1
17342,0
17343,1
17344,1
17345,1
17346,0
17347,0
17348,1
17349,0
17350,1
17351,0
17352,0
17353,0
17354,2
17355,1
17356,0
17357,1
17358,0
17359,1
17360,0
17361,1
17362,1
17363,1
17364,0
17365,1
17366,1
17367,1
17368,1
17369,0
17370,1
17371,0
17372,1
17373,0
17374,0
17375,1
17376,1
17377,0
17378,1
17379,0
17380,0
17381,1
17382,1
17383,0
17384,0
17385,0
17386,0
17387,0
17388,0
17389,1
17390,1
17391,1
17392,0
17393,1
17394,0
17395,0
17396,1
17397,0
17398,1
17399,0
17400,2
17401,0
17402,0
17403,1
17404,1
17405,1
17406,1
17407,0
17408,0
17409,0
17410,1
17411,0
17412,1
17413,1
17414,1
17415,0
17416,0
17417,0
17418,1
17419,0
17420,1
17421,0
17422,0
17423,0
17424,1
17425,1
17426,0
17427,1
17428,0
17429,0
17430,1
17431,1
17432,1
17433,0
17434,1
17435,0
17436,0
17437,0
17438,0
17439,0
17440,0
17441,1
17442,1
17443,0
17444,1
17445,0
17446,1
17447,1
17448,1
17449,0
17450,2
17451,0
17452,1
17453,0
17454,0
17455,1
17456,0
17457,0
17458,0
17459,0
17460,2
17461,0
17462,0
17463,0
17464,1
17465,1
17466,0
17467,0
17468,0
17469,1
17470,0
17471,1
17472,0
17473,1
17474,0
17475,1
17476,2
17477,0
17478,0
17479,0
17480,1
17481,0
17482,1
17483,1
17484,1
17485,1
17486,1
17487,1
17488,0
17489,0
17490,0
17491,0
17492,1
17493,1
17494,1
17495,1
17496,0
17497,0
17498,0
17499,0
17500,0
17501,1
17502,1
17503,1
17504,0
17505,0
17506,0
17507,0
17508,0
17509,0
17510,0
17511,1
17512,1
17513,1
17514,1
17515,0
17516,0
17517,1
17518,0
17519,0
17520,0
17521,0
17522,0
17523,1
17524,1
17525,0
17526,1
17527,1
17528,1
17529,0
17530,1
17531,0
17532,1
17533,0
17534,0
17535,1
17536,2
17537,0
17538,0
17539,1
17540,0
17541,0
17542,0
17543,0
17544,0
17545,1
17546,1
17547,0
17548,0
17549,1
17550,1
17551,1
17552,0
17553,0
17554,0
17555,1
17556,0
17557,2
17558,1
17559,0
17560,1
17561,0
17562,0
17563,0
17564,1
17565,1
17566,0
17567,1
17568,1
17569,0
17570,1
17571,1
17572,0
17573,1
17574,0
17575,1
17576,1
17577,1
17578,1
17579,0
17580,1
17581,0
17582,0
17583,1
17584,1
17585,1
17586,1
17587,1
17588,0
17589,0
17590,1
17591,0
17592,1
17593,1
17594,2
17595,0
17596,0
17597,0
17598,0
17599,1
17600,0
17601,0
17602,0
17603,1
17604,1
17605,0
17606,0
17607,1
17608,0
17609,0
17610,1
17611,0
17612,0
17613,1
17614,0
17615,1
17616,1
17617,0
17618,0
17619,1
17620,1
17621,1
17622,0
17623,1
17624,1
17625,0
17626,0
17627,1
17628,1
17629,1
17630,1
17631,0
17632,1
17633,0
17634,1
17635,1
17636,1
17637,2
17638,0
17639,1
17640,1
17641,1
17642,2
17643,1
17644,1
17645,0
17646,0
17647,0
17648,1
17649,1
17650,0
17651,1
17652,0
17653,0
17654,1
17655,1
17656,0
17657,1
17658,0
17659,0
17660,0
17661,0
17662,0
17663,1
17664,2
17665,1
17666,0
17667,1
17668,0
17669,0
17670,0
17671,1
17672,1
17673,0
17674,1
17675,1
17676,1
17677,0
17678,0
17679,0
17680,2
17681,0
17682,0
17683,2
17684,1
17685,0
17686,0
17687,1
17688,1
17689,1
17690,1
17691,1
17692,0
17693,0
17694,0
17695,0
17696,1
17697,1
17698,2
17699,0
17700,1
17701,0
17702,0
17703,0
17704,0
17705,0
17706,1
17707,2
17708,0
17709,1
17710,0
17711,0
17712,0
17713,1
17714,0
17715,2
17716,1
17717,1
17718,0
17719,0
17720,1
17721,0
17722,0
17723,1
17724,0
17725,0
17726,1
17727,1
17728,0
17729,0
17730,1
17731,1
17732,0
17733,1
17734,1
17735,2
17736,1
17737,0
17738,1
17739,1
17740,0
17741,0
17742,1
17743,0
17744,0
17745,1
17746,1
17747,0
17748,1
17749,1
17750,1
17751,1
17752,1
17753,1
17754,0
17755,0
17756,0
17757,0
17758,0
17759,1
17760,1
17761,0
17762,1
17763,0
17764,0
17765,0
17766,1
17767,1
17768,0
17769,1
17770,1
17771,1
17772,1
17773,1
17774,1
17775,0
17776,0
17777,1
17778,0
17779,0
17780,1
17781,0
17782,1
17783,1
17784,0
17785,1
17786,0
17787,0
17788,0
17789,0
17790,0
17791,0
17792,0
17793,1
17794,0
17795,1
17796,0
17797,1
17798,2
17799,1
17800,1
17801,0
17802,0
17803,1
17804,0
17805,0
17806,0
17807,1
17808,1
17809,2
17810,0
17811,1
17812,1
17813,0
17814,0
17815,0
17816,0
17817,1
17818,1
17819,0
17820,1
17821,0
17822,1
17823,1
17824,1
17825,1
17826,1
17827,0
17828,0
17829,1
17830,0
17831,0
17832,0
17833,0
17834,1
17835,0
17836,1
17837,1
17838,0
17839,1
17840,0
17841,0
17842,0
17843,1
17844,1
17845,1
17846,1
17847,0
17848,0
17849,0
17850,2
17851,1
17852,1
17853,0
17854,1
17855,0
17856,0
17857,1
17858,1
17859,0
17860,0
17861,0
17862,0
17863,1
17864,1
17865,0
17866,0
17867,1
17868,0
17869,1
17870,1
17871,2
17872,0
17873,0
17874,1
17875,1
17876,2
17877,0
17878,0
17879,0
17880,1
17881,0
17882,2
17883,1
17884,1
17885,1
17886,0
17887,0
17888,1
17889,0
17890,1
17891,1
17892,0
17893,1
17894,1
17895,1
17896,0
17897,0
17898,0
17899,1
17900,0
17901,0
17902,0
17903,1
17904,0
17905,1
17906,0
17907,1
17908,1
17909,1
17910,1
17911,0
17912,0
17913,1
17914,0
17915,0
17916,1
17917,1
17918,1
17919,0
17920,1
17921,1
17922,1
17923,1
17924,1
17925,0
17926,1
17927,0
17928,0
17929,0
17930,0
17931,1
17932,0
17933,0
17934,0
17935,0
17936,0
17937,1
17938,0
17939,0
17940,0
17941,1
17942,0
17943,0
17944,1
17945,0
17946,0
17947,0
17948,1
17949,1
17950,0
17951,0
17952,0
17953,2
17954,0
17955,1
17956,1
17957,0
17958,1
17959,1
17960,1
17961,0
17962,0
17963,1
17964,0
17965,1
17966,1
17967,0
17968,0
17969,0
17970,1
17971,0
17972,1
17973,0
17974,0
17975,1
17976,0
17977,2
17978,1
17979,0
17980,0
17981,0
17982,0
17983,1
17984,0
17985,1
17986,0
17987,1
17988,0
17989,1
17990,1
17991,1
17992,0
17993,0
17994,1
17995,2
17996,0
17997,0
17998,0
17999,1
18000,1
18001,0
18002,1
18003,1
18004,1
18005,1
18006,0
18007,0
18008,0
18009,1
18010,0
18011,0
18012,0
18013,0
18014,0
18015,1
18016,1
18017,1
18018,0
18019,1
18020,1
18021,1
18022,1
18023,1
18024,1
18025,1
18026,0
18027,0
18028,0
18029,0
18030,1
18031,1
18032,0
18033,0
18034,1
18035,0
18036,1
18037,0
18038,1
18039,1
18040,0
18041,1
18042,0
18043,0
18044,1
18045,0
18046,0
18047,0
18048,0
18049,1
18050,0
18051,0
18052,0
18053,2
18054,0
18055,0
18056,0
18057,0
18058,1
18059,0
18060,0
18061,0
18062,1
18063,0
18064,0
18065,1
18066,0
18067,1
18068,2
18069,0
18070,0
18071,0
18072,1
18073,0
18074,0
18075,1
18076,0
18077,1
18078,1
18079,1
18080,0
18081,1
18082,1
18083,0
18084,2
18085,0
18086,1
18087,2
18088,0
18089,2
18090,0
18091,2
18092,0
18093,1
18094,0
18095,0
18096,0
18097,0
18098,0
18099,0
18100,0
18101,0
18102,0
18103,1
18104,1
18105,0
18106,2
18107,1
18108,0
18109,0
18110,1
18111,0
18112,0
18113,1
18114,0
18115,0
18116,2
18117,0
18118,1
18119,0
18120,0
18121,0
18122,0
18123,0
18124,0
18125,1
18126,0
18127,0
18128,1
18129,1
18130,0
18131,1
18132,1
18133,1
18134,1
18135,0
18136,1
18137,0
18138,0
18139,0
18140,1
18141,0
18142,0
18143,1
18144,1
18145,0
18146,2
18147,1
18148,1
18149,0
18150,0
18151,0
18152,0
18153,0
18154,2
18155,1
18156,0
18157,1
18158,1
18159,0
18160,0
18161,1
18162,1
18163,0
18164,1
18165,0
18166,0
18167,0
18168,0
18169,2
18170,0
18171,1
18172,0
18173,0
18174,1
18175,0
18176,0
18177,0
18178,0
18179,1
18180,0
18181,1
18182,0
18183,1
18184,1
18185,1
18186,0
18187,1
18188,2
18189,1
18190,0
18191,1
18192,1
18193,1
18194,0
18195,1
18196,0
18197,1
18198,1
18199,0
18200,1
18201,1
18202,0
18203,1
18204,1
18205,2
18206,0
18207,0
18208,1
18209,0
18210,0
18211,0
18212,0
18213,1
18214,1
18215,0
18216,1
18217,0
18218,1
18219,1
18220,1
18221,0
18222,0
18223,1
18224,1
18225,0
18226,1
18227,1
18228,0
18229,1
18230,1
18231,1
18232,1
18233,0
18234,1
18235,0
18236,0
18237,0
18238,0
18239,1
18240,1
18241,1
18242,0
18243,0
18244,0
18245,0
18246,0
18247,0
18248,0
18249,0
18250,1
18251,0
18252,2
18253,1
18254,1
18255,1
18256,0
18257,0
18258,0
18259,1
18260,0
18261,1
18262,1
18263,0
18264,1
18265,0
18266,1
18267,1
18268,1
18269,0
18270,2
18271,2
18272,1
18273,1
18274,0
18275,0
18276,1
18277,0
18278,1
18279,1
18280,1
18281,1
18282,0
18283,1
18284,1
18285,1
18286,0
18287,0
18288,1
18289,0
18290,1
18291,0
18292,1
18293,1
18294,0
18295,0
18296,0
18297,1
18298,0
18299,2
18300,1
18301,1
18302,1
18303,0
18304,0
18305,2
18306,1
18307,1
18308,0
18309,0
18310,1
18311,1
18312,1
18313,0
18314,0
18315,1
18316,1
18317,1
18318,1
18319,1
18320,1
18321,0
18322,0
18323,1
18324,0
18325,1
18326,0
18327,0
18328,0
18329,0
18330,1
18331,0
18332,1
18333,1
18334,1
18335,1
18336,1
18337,0
18338,1
18339,1
18340,0
18341,1
18342,1
18343,0
18344,0
18345,1
18346,0
18347,1
18348,0
18349,0
18350,0
18351,0
18352,1
18353,0
18354,0
18355,1
18356,0
18357,0
18358,0
18359,1
18360,0
18361,1
18362,1
18363,0
18364,0
18365,1
18366,0
18367,2
18368,1
18369,0
18370,0
18371,1
18372,1
18373,0
18374,2
18375,0
18376,0
18377,0
18378,1
18379,0
18380,0
18381,0
18382,0
18383,1
18384,1
18385,1
18386,0
18387,0
18388,1
18389,1
18390,0
18391,1
18392,1
18393,1
18394,0
18395,0
18396,0
18397,0
18398,1
18399,0
18400,1
18401,1
18402,1
18403,1
18404,1
18405,1
18406,0
18407,0
18408,1
18409,0
18410,0
18411,0
18412,0
18413,1
18414,1
18415,0
18416,1
18417,1
18418,1
18419,0
18420,0
18421,0
18422,1
18423,0
18424,1
18425,1
18426,1
18427,1
18428,1
18429,0
18430,0
18431,1
18432,0
18433,0
18434,0
18435,0
18436,0
18437,0
18438,1
18439,0
18440,1
18441,0
18442,0
18443,1
18444,0
18445,1
18446,0
18447,1
18448,0
18449,0
18450,0
18451,0
18452,1
18453,1
18454,0
18455,1
18456,1
18457,0
18458,1
18459,0
18460,0
18461,2
18462,0
18463,0
18464,0
18465,1
18466,1
18467,2
18468,0
18469,0
18470,1
18471,1
18472,1
18473,2
18474,1
18475,0
18476,0
18477,0
18478,0
18479,2
18480,0
18481,0
18482,0
18483,0
18484,1
18485,1
18486,0
18487,1
18488,1
18489,1
18490,0
18491,0
18492,0
18493,1
18494,1
18495,0
18496,1
18497,0
18498,1
18499,1
18500,1
18501,1
18502,1
18503,1
18504,1
18505,0
18506,0
18507,1
18508,0
18509,1
18510,1
18511,1
18512,0
18513,0
18514,1
18515,0
18516,0
18517,1
18518,1
18519,0
18520,1
18521,0
18522,1
18523,1
18524,1
18525,1
18526,2
18527,1
18528,0
18529,1
18530,0
18531,1
18532,0
18533,0
18534,0
18535,1
18536,0
18537,0
18538,1
18539,0
18540,0
18541,1
18542,0
18543,0
18544,1
18545,0
18546,0
18547,1
18548,1
18549,1
18550,0
18551,1
18552,0
18553,0
18554,1
18555,1
18556,0
18557,0
18558,1
18559,1
18560,0
18561,0
18562,0
18563,0
18564,1
18565,1
18566,1
18567,0
18568,2
18569,1
18570,1
18571,0
18572,0
18573,1
18574,0
18575,0
18576,0
18577,1
18578,1
18579,1
18580,0
18581,0
18582,1
18583,1
18584,1
18585,1
18586,0
18587,1
18588,1
18589,1
18590,1
18591,0
18592,1
18593,1
18594,1
18595,0
18596,1
18597,0
18598,1
18599,1
18600,0
18601,1
18602,1
18603,2
18604,1
18605,0
18606,0
18607,0
18608,1
18609,0
18610,0
18611,0
18612,0
18613,0
18614,1
18615,1
18616,0
18617,1
18618,1
18619,0
18620,1
18621,0
18622,1
18623,1
18624,0
18625,0
18626,1
18627,0
18628,2
18629,0
18630,1
18631,0
18632,0
18633,1
18634,1
18635,1
18636,1
18637,0
18638,0
18639,1
18640,1
18641,0
18642,1
18643,1
18644,1
18645,0
18646,1
18647,0
18648,0
18649,1
18650,0
18651,0
18652,0
18653,1
18654,1
18655,1
18656,1
18657,1
18658,0
18659,1
18660,0
18661,1
18662,1
18663,1
18664,1
18665,0
18666,1
18667,0
18668,1
18669,1
18670,2
18671,1
18672,1
18673,1
18674,0
18675,0
18676,0
18677,0
18678,1
18679,1
18680,0
18681,1
18682,1
18683,1
18684,0
18685,1
18686,0
18687,2
18688,0
18689,0
18690,1
18691,1
18692,0
18693,0
18694,0
18695,1
18696,0
18697,1
18698,1
18699,1
18700,2
18701,0
18702,1
18703,1
18704,1
18705,1
18706,1
18707,1
18708,0
18709,1
18710,0
18711,1
18712,0
18713,1
18714,1
18715,1
18716,0
18717,0
18718,0
18719,1
18720,0
18721,2
18722,1
18723,0
18724,0
18725,1
18726,1
18727,1
18728,0
18729,1
18730,0
18731,0
18732,1
18733,0
18734,1
18735,2
18736,0
18737,2
18738,0
18739,1
18740,0
18741,1
18742,1
18743,1
18744,0
18745,0
18746,0
18747,1
18748,1
18749,1
18750,0
18751,0
18752,2
18753,0
18754,0
18755,1
18756,1
18757,1
18758,1
18759,0
18760,0
18761,0
18762,1
18763,1
18764,0
18765,0
18766,0
18767,0
18768,1
18769,1
18770,0
18771,1
18772,0
18773,0
18774,0
18775,0
18776,1
18777,1
18778,0
18779,1
18780,1
18781,0
18782,0
18783,0
18784,0
18785,2
18786,0
18787,1
18788,0
18789,0
18790,0
18791,0
18792,0
18793,0
18794,0
18795,2
18796,1
18797,1
18798,1
18799,0
18800,0
18801,0
18802,1
18803,0
18804,1
18805,1
18806,1
18807,1
18808,1
18809,0
18810,1
18811,0
18812,0
18813,0
18814,0
18815,1
18816,0
18817,0
18818,0
18819,1
18820,1
18821,1
18822,0
18823,1
18824,1
18825,1
18826,1
18827,1
18828,0
18829,1
18830,1
18831,1
18832,1
18833,0
18834,0
18835,1
18836,2
18837,0
18838,1
18839,1
18840,1
18841,0
18842,1
18843,1
18844,0
18845,0
18846,0
18847,1
18848,1
18849,1
18850,0
18851,1
18852,1
18853,1
18854,1
18855,0
18856,0
18857,0
18858,1
18859,0
18860,1
18861,0
18862,1
18863,2
18864,0
18865,0
18866,0
18867,0
18868,0
18869,1
18870,0
18871,0
18872,0
18873,0
18874,1
18875,0
18876,0
18877,0
18878,0
18879,1
18880,0
18881,0
18882,1
18883,1
18884,1
18885,2
18886,0
18887,1
18888,1
18889,0
18890,0
18891,0
18892,1
18893,0
18894,1
18895,1
18896,1
18897,0
18898,1
18899,1
18900,1
18901,1
18902,0
18903,0
18904,0
18905,0
18906,1
18907,1
18908,1
18909,0
18910,0
18911,0
18912,1
18913,0
18914,0
18915,1
18916,1
18917,0
18918,1
18919,1
18920,0
18921,0
18922,0
18923,1
18924,0
18925,1
18926,1
18927,1
18928,0
18929,0
18930,2
18931,0
18932,1
18933,0
18934,0
18935,0
18936,0
18937,1
18938,1
18939,1
18940,0
18941,0
18942,1
18943,0
18944,1
18945,1
18946,1
18947,1
18948,0
18949,0
18950,0
18951,0
18952,0
18953,0
18954,0
18955,1
18956,1
18957,0
18958,0
18959,0
18960,0
18961,0
18962,0
18963,1
18964,0
18965,1
18966,0
18967,0
18968,1
18969,1
18970,0
18971,0
18972,0
18973,0
18974,2
18975,2
18976,0
18977,0
18978,0
18979,1
18980,0
18981,1
18982,1
18983,1
18984,2
18985,1
18986,0
18987,0
18988,1
18989,0
18990,1
18991,1
18992,2
18993,1
18994,0
18995,1
18996,0
18997,0
18998,0
18999,0
19000,0
19001,2
19002,0
19003,1
19004,0
19005,0
19006,1
19007,0
19008,1
19009,0
19010,1
19011,2
19012,1
19013,0
19014,0
19015,2
19016,2
19017,1
19018,1
19019,0
19020,0
19021,0
19022,1
19023,0
19024,0
19025,0
19026,0
19027,1
19028,2
19029,1
19030,1
19031,0
19032,0
19033,1
19034,0
19035,0
19036,0
19037,0
19038,0
19039,0
19040,0
19041,0
19042,1
19043,0
19044,0
19045,1
19046,1
19047,1
19048,1
19049,0
19050,0
19051,1
19052,0
19053,0
19054,0
19055,1
19056,1
19057,0
19058,1
19059,1
19060,0
19061,0
19062,0
19063,2
19064,0
19065,0
19066,0
19067,0
19068,0
19069,2
19070,1
19071,0
19072,1
19073,0
19074,2
19075,1
19076,1
19077,2
19078,0
19079,1
19080,1
19081,0
19082,1
19083,1
19084,0
19085,0
19086,0
19087,0
19088,0
19089,0
19090,1
19091,0
19092,1
19093,0
19094,0
19095,1
19096,1
19097,0
19098,0
19099,0
19100,0
19101,0
19102,0
19103,0
19104,0
19105,1
19106,0
19107,0
19108,1
19109,1
19110,1
19111,1
19112,2
19113,0
19114,0
19115,0
19116,1
19117,0
19118,1
19119,0
19120,0
19121,0
19122,0
19123,1
19124,1
19125,1
19126,0
19127,1
19128,1
19129,1
19130,0
19131,2
19132,0
19133,0
19134,0
19135,1
19136,0
19137,0
19138,1
19139,1
19140,1
19141,0
19142,0
19143,2
19144,0
19145,1
19146,1
19147,1
19148,1
19149,2
19150,0
19151,0
19152,0
19153,0
19154,1
19155,0
19156,0
19157,1
19158,1
19159,0
19160,0
19161,1
19162,0
19163,2
19164,1
19165,1
19166,2
19167,1
19168,0
19169,0
19170,1
19171,1
19172,1
19173,0
19174,1
19175,2
19176,0
19177,1
19178,0
19179,1
19180,0
19181,1
19182,0
19183,0
19184,2
19185,1
19186,1
19187,0
19188,1
19189,0
19190,0
19191,1
19192,0
19193,1
19194,0
19195,0
19196,1
19197,0
19198,0
19199,1
19200,1
19201,1
19202,0
19203,0
19204,1
19205,1
19206,0
19207,0
19208,0
19209,1
19210,1
19211,0
19212,0
19213,1
19214,1
19215,1
19216,0
19217,0
19218,0
19219,1
19220,1
19221,0
19222,1
19223,1
19224,2
19225,0
19226,0
19227,0
19228,0
19229,1
19230,2
19231,1
19232,0
19233,0
19234,1
19235,0
19236,1
19237,0
19238,0
19239,1
19240,0
19241,1
19242,1
19243,0
19244,0
19245,0
19246,0
19247,2
19248,2
19249,0
19250,1
19251,1
19252,1
19253,1
19254,0
19255,0
19256,1
19257,0
19258,1
19259,0
19260,1
19261,0
19262,0
19263,0
19264,0
19265,0
19266,0
19267,0
19268,1
19269,0
19270,1
19271,1
19272,1
19273,2
19274,1
19275,1
19276,0
19277,0
19278,1
19279,1
19280,0
19281,1
19282,0
19283,1
19284,0
19285,1
19286,2
19287,0
19288,1
19289,1
19290,0
19291,0
19292,1
19293,1
19294,0
19295,1
19296,0
19297,0
19298,2
19299,1
19300,1
19301,1
19302,1
19303,1
19304,0
19305,1
19306,0
19307,1
19308,1
19309,1
19310,0
19311,0
19312,0
19313,0
19314,0
19315,0
19316,1
19317,0
19318,2
19319,0
19320,1
19321,1
19322,0
19323,0
19324,0
19325,2
19326,0
19327,2
19328,0
19329,0
19330,0
19331,1
19332,0
19333,2
19334,2
19335,0
19336,2
19337,1
19338,1
19339,1
19340,0
19341,0
19342,0
19343,1
19344,1
19345,1
19346,2
19347,1
19348,1
19349,0
19350,1
19351,1
19352,1
19353,1
19354,0
19355,0
19356,0
19357,0
19358,1
19359,1
19360,1
19361,0
19362,2
19363,1
19364,1
19365,0
19366,0
19367,2
19368,1
19369,1
19370,1
19371,1
19372,1
19373,0
19374,1
19375,1
19376,1
19377,0
19378,0
19379,0
19380,1
19381,1
19382,1
19383,0
19384,0
19385,0
19386,1
19387,1
19388,1
19389,1
19390,0
19391,1
19392,1
19393,1
19394,0
19395,0
19396,0
19397,0
19398,1
19399,0
19400,0
19401,0
19402,2
19403,0
19404,0
19405,0
19406,0
19407,1
19408,1
19409,0
19410,0
19411,1
19412,1
19413,1
19414,0
19415,0
19416,0
19417,0
19418,0
19419,0
19420,1
19421,0
19422,1
19423,1
19424,1
19425,2
19426,1
19427,1
19428,0
19429,0
19430,1
19431,1
19432,1
19433,0
19434,0
19435,1
19436,1
19437,0
19438,2
19439,1
19440,0
19441,0
19442,1
19443,1
19444,1
19445,0
19446,1
19447,1
19448,0
19449,1
19450,0
19451,1
19452,0
19453,1
19454,0
19455,1
19456,0
19457,0
19458,1
19459,1
19460,1
19461,1
19462,1
19463,1
19464,0
19465,1
19466,1
19467,1
19468,2
19469,0
19470,0
19471,0
19472,1
19473,1
19474,1
19475,0
19476,2
19477,1
19478,1
19479,0
19480,1
19481,2
19482,1
19483,0
19484,1
19485,0
19486,0
19487,1
19488,0
19489,1
19490,1
19491,1
19492,1
19493,1
19494,1
19495,1
19496,1
19497,1
19498,1
19499,0
19500,1
19501,0
19502,0
19503,0
19504,0
19505,1
19506,0
19507,2
19508,0
19509,0
19510,0
19511,2
19512,1
19513,1
19514,0
19515,2
19516,1
19517,0
19518,1
19519,1
19520,0
19521,2
19522,1
19523,1
19524,1
19525,0
19526,2
19527,0
19528,1
19529,0
19530,1
19531,0
19532,0
19533,0
19534,0
19535,1
19536,0
19537,1
19538,1
19539,1
19540,0
19541,1
19542,1
19543,1
19544,0
19545,0
19546,1
19547,1
19548,0
19549,0
19550,1
19551,0
19552,0
19553,1
19554,0
19555,1
19556,1
19557,0
19558,1
19559,0
19560,1
19561,0
19562,1
19563,1
19564,0
19565,1
19566,0
19567,1
19568,1
19569,0
19570,0
19571,1
19572,0
19573,1
19574,2
19575,1
19576,1
19577,0
19578,0
19579,0
19580,1
19581,0
19582,1
19583,0
19584,1
19585,1
19586,0
19587,1
19588,1
19589,1
19590,0
19591,0
19592,0
19593,1
19594,1
19595,1
19596,0
19597,0
19598,1
19599,0
19600,0
19601,0
19602,1
19603,1
19604,1
19605,1
19606,2
19607,0
19608,1
19609,1
19610,0
19611,1
19612,0
19613,0
19614,0
19615,0
19616,1
19617,0
19618,1
19619,1
19620,1
19621,1
19622,1
19623,0
19624,0
19625,1
19626,0
19627,0
19628,1
19629,0
19630,1
19631,1
19632,1
19633,1
19634,1
19635,1
19636,0
19637,1
19638,1
19639,1
19640,1
19641,0
19642,1
19643,1
19644,2
19645,1
19646,0
19647,1
19648,2
19649,1
19650,1
19651,1
19652,1
19653,0
19654,0
19655,1
19656,0
19657,1
19658,1
19659,2
19660,1
19661,1
19662,1
19663,1
19664,1
19665,0
19666,0
19667,1
19668,1
19669,1
19670,1
19671,1
19672,0
19673,0
19674,1
19675,0
19676,0
19677,0
19678,0
19679,1
19680,0
19681,1
19682,0
19683,0
19684,1
19685,1
19686,0
19687,1
19688,0
19689,0
19690,1
19691,2
19692,0
19693,2
19694,0
19695,1
19696,1
19697,0
19698,1
19699,1
19700,0
19701,1
19702,0
19703,0
19704,1
19705,0
19706,0
19707,0
19708,0
19709,0
19710,0
19711,1
19712,1
19713,0
19714,0
19715,2
19716,1
19717,0
19718,1
19719,1
19720,0
19721,0
19722,2
19723,1
19724,0
19725,0
19726,0
19727,0
19728,0
19729,0
19730,1
19731,1
19732,1
19733,0
19734,0
19735,0
19736,0
19737,1
19738,1
19739,0
19740,0
19741,0
19742,1
19743,0
19744,1
19745,1
19746,1
19747,0
19748,1
19749,0
19750,0
19751,0
19752,2
19753,1
19754,0
19755,0
19756,1
19757,0
19758,0
19759,1
19760,0
19761,0
19762,1
19763,0
19764,2
19765,0
19766,1
19767,0
19768,1
19769,0
19770,1
19771,0
19772,1
19773,2
19774,0
19775,0
19776,0
19777,2
19778,1
19779,0
19780,0
19781,0
19782,0
19783,0
19784,0
19785,0
19786,0
19787,0
19788,1
19789,0
19790,0
19791,0
19792,0
19793,0
19794,0
19795,1
19796,1
19797,1
19798,2
19799,1
19800,1
19801,1
19802,1
19803,0
19804,1
19805,0
19806,0
19807,0
19808,0
19809,0
19810,0
19811,0
19812,0
19813,1
19814,0
19815,2
19816,2
19817,0
19818,1
19819,0
19820,0
19821,1
19822,0
19823,1
19824,1
19825,1
19826,0
19827,0
19828,0
19829,1
19830,1
19831,1
19832,1
19833,2
19834,0
19835,1
19836,0
19837,1
19838,0
19839,0
19840,1
19841,1
19842,0
19843,0
19844,0
19845,1
19846,2
19847,1
19848,0
19849,0
19850,1
19851,1
19852,0
19853,0
19854,0
19855,0
19856,1
19857,0
19858,1
19859,1
19860,0
19861,0
19862,1
19863,0
19864,0
19865,1
19866,0
19867,0
19868,1
19869,1
19870,1
19871,1
19872,1
19873,0
19874,1
19875,1
19876,1
19877,0
19878,0
19879,1
19880,0
19881,1
19882,1
19883,0
19884,1
19885,0
19886,1
19887,0
19888,0
19889,0
19890,1
19891,1
19892,0
19893,0
19894,0
19895,0
19896,1
19897,0
19898,0
19899,0
19900,1
19901,1
19902,1
19903,1
19904,0
19905,1
19906,1
19907,0
19908,1
19909,0
19910,0
19911,2
19912,0
19913,1
19914,0
19915,0
19916,1
19917,1
19918,1
19919,1
19920,0
19921,0
19922,0
19923,2
19924,1
19925,1
19926,1
19927,0
19928,0
19929,2
19930,1
19931,0
19932,0
19933,0
19934,0
19935,1
19936,1
19937,0
19938,1
19939,0
19940,1
19941,2
19942,0
19943,0
19944,0
19945,0
19946,1
19947,0
19948,0
19949,1
19950,1
19951,0
19952,0
19953,0
19954,0
19955,1
19956,1
19957,1
19958,0
19959,1
19960,0
19961,0
19962,1
19963,1
19964,1
19965,0
19966,1
19967,1
19968,1
19969,1
19970,0
19971,0
19972,1
19973,0
19974,0
19975,0
19976,1
19977,0
19978,0
19979,1
19980,0
19981,1
19982,1
19983,0
19984,0
19985,1
19986,1
19987,2
19988,2
19989,0
19990,0
19991,0
19992,0
19993,1
19994,0
19995,0
19996,0
19997,0
19998,2
19999,0
20000,1
20001,0
20002,1
20003,1
20004,0
20005,1
20006,1
20007,0
20008,0
20009,1
20010,1
20011,0
20012,0
20013,0
20014,0
20015,0
20016,1
20017,1
20018,0
20019,1
20020,1
20021,1
20022,0
20023,0
20024,0
20025,1
20026,0
20027,1
20028,0
20029,0
20030,0
20031,0
20032,0
20033,1
20034,1
20035,0
20036,0
20037,0
20038,1
20039,1
20040,0
20041,0
20042,0
20043,1
20044,1
20045,0
20046,1
20047,0
20048,0
20049,0
20050,0
20051,1
20052,0
20053,0
20054,0
20055,0
20056,0
20057,0
20058,1
20059,0
20060,1
20061,0
20062,1
20063,1
20064,2
20065,1
20066,0
20067,1
20068,2
20069,1
20070,1
20071,0
20072,1
20073,1
20074,1
20075,1
20076,1
20077,1
20078,0
20079,0
20080,1
20081,1
20082,0
20083,0
20084,0
20085,1
20086,1
20087,0
20088,0
20089,1
20090,1
20091,1
20092,0
20093,1
20094,1
20095,1
20096,1
20097,1
20098,0
20099,1
20100,1
20101,1
20102,1
20103,2
20104,2
20105,0
20106,0
20107,1
20108,0
20109,1
20110,0
20111,0
20112,0
20113,1
20114,1
20115,1
20116,1
20117,0
20118,0
20119,0
20120,0
20121,1
20122,0
20123,1
20124,1
20125,1
20126,0
20127,1
20128,1
20129,0
20130,0
20131,0
20132,0
20133,1
20134,0
20135,1
20136,1
20137,0
20138,1
20139,0
20140,1
20141,0
20142,0
20143,0
20144,1
20145,1
20146,0
20147,1
20148,2
20149,1
20150,0
20151,1
20152,1
20153,1
20154,0
20155,1
20156,0
20157,1
20158,1
20159,1
20160,1
20161,0
20162,1
20163,0
20164,1
20165,0
20166,1
20167,0
20168,1
20169,0
20170,1
20171,1
20172,2
20173,0
20174,1
20175,0
20176,0
20177,1
20178,2
20179,0
20180,0
20181,1
20182,0
20183,1
20184,1
20185,0
20186,0
20187,0
20188,0
20189,0
20190,0
20191,1
20192,0
20193,1
20194,1
20195,1
20196,1
20197,0
20198,0
20199,0
20200,0
20201,0
20202,1
20203,0
20204,0
20205,0
20206,1
20207,0
20208,0
20209,0
20210,0
20211,0
20212,1
20213,1
20214,1
20215,1
20216,0
20217,1
20218,0
20219,0
20220,0
20221,1
20222,0
20223,2
20224,0
20225,0
20226,1
20227,0
20228,2
20229,1
20230,1
20231,1
20232,0
20233,0
20234,2
20235,0
20236,1
20237,0
20238,2
20239,1
20240,1
20241,1
20242,0
20243,0
20244,1
20245,0
20246,1
20247,1
20248,1
20249,0
20250,0
20251,0
20252,1
20253,1
20254,1
20255,0
20256,1
20257,1
20258,0
20259,1
20260,1
20261,0
20262,1
20263,2
20264,1
20265,0
20266,0
20267,0
20268,0
20269,0
20270,1
20271,0
20272,0
20273,1
20274,0
20275,1
20276,0
20277,1
20278,0
20279,0
20280,0
20281,0
20282,1
20283,0
20284,0
20285,0
20286,0
20287,1
20288,1
20289,0
20290,0
20291,0
20292,2
20293,0
20294,1
20295,0
20296,0
20297,1
20298,1
20299,0
20300,0
20301,0
20302,1
20303,1
20304,0
20305,1
20306,0
20307,1
20308,1
20309,0
20310,1
20311,1
20312,0
20313,0
20314,1
20315,2
20316,2
20317,0
20318,0
20319,0
20320,0
20321,1
20322,0
20323,0
20324,0
20325,0
20326,1
20327,0
20328,0
20329,1
20330,0
20331,1
20332,0
20333,0
20334,1
20335,1
20336,0
20337,1
20338,0
20339,1
20340,2
20341,0
20342,0
20343,0
20344,0
20345,0
20346,0
20347,0
20348,1
20349,1
20350,1
20351,0
20352,0
20353,0
20354,1
20355,1
20356,1
20357,1
20358,1
20359,0
20360,1
20361,0
20362,0
20363,0
20364,1
20365,1
20366,1
20367,1
20368,1
20369,1
20370,1
20371,1
20372,0
20373,2
20374,0
20375,2
20376,1
20377,1
20378,1
20379,1
20380,0
20381,1
20382,1
20383,0
20384,1
20385,1
20386,0
20387,0
20388,1
20389,0
20390,1
20391,0
20392,2
20393,1
20394,0
20395,1
20396,1
20397,0
20398,1
20399,1
20400,0
20401,0
20402,0
20403,0
20404,1
20405,1
20406,0
20407,1
20408,0
20409,0
20410,1
20411,0
20412,0
20413,0
20414,1
20415,0
20416,0
20417,0
20418,0
20419,0
20420,0
20421,0
20422,0
20423,1
20424,1
20425,1
20426,1
20427,1
20428,1
20429,1
20430,1
20431,1
20432,0
20433,0
20434,1
20435,0
20436,0
20437,0
20438,1
20439,0
20440,0
20441,1
20442,1
20443,1
20444,1
20445,0
20446,1
20447,1
20448,1
20449,1
20450,0
20451,0
20452,1
20453,1
20454,0
20455,0
20456,1
20457,1
20458,0
20459,1
20460,2
20461,1
20462,1
20463,1
20464,1
20465,1
20466,0
20467,0
20468,0
20469,1
20470,1
20471,0
20472,2
20473,2
20474,1
20475,1
20476,1
20477,1
20478,0
20479,2
20480,1
20481,0
20482,0
20483,1
20484,0
20485,1
20486,0
20487,0
20488,1
20489,2
20490,0
20491,1
20492,0
20493,0
20494,1
20495,1
20496,1
20497,1
20498,0
20499,0
20500,1
20501,1
20502,1
20503,1
20504,1
20505,0
20506,1
20507,1
20508,0
20509,1
20510,0
20511,1
20512,1
20513,0
20514,0
20515,0
20516,1
20517,0
20518,1
20519,1
20520,0
20521,1
20522,0
20523,1
20524,0
20525,0
20526,0
20527,0
20528,0
20529,0
20530,0
20531,0
20532,1
20533,0
20534,1
20535,1
20536,0
20537,1
20538,1
20539,0
20540,1
20541,1
20542,1
20543,2
20544,2
20545,0
20546,1
20547,0
20548,0
20549,0
20550,0
20551,0
20552,0
20553,1
20554,1
20555,1
20556,1
20557,0
20558,0
20559,1
20560,2
20561,0
20562,0
20563,2
20564,1
20565,2
20566,1
20567,0
20568,0
20569,0
20570,1
20571,1
20572,1
20573,0
20574,0
20575,0
20576,0
20577,0
20578,1
20579,1
20580,0
20581,1
20582,0
20583,1
20584,2
20585,1
20586,0
20587,0
20588,1
20589,0
20590,0
20591,0
20592,1
20593,0
20594,1
20595,0
20596,1
20597,1
20598,1
20599,0
20600,1
20601,1
20602,0
20603,0
20604,2
20605,0
20606,0
20607,0
20608,0
20609,1
20610,1
20611,0
20612,1
20613,0
20614,1
20615,1
20616,0
20617,1
20618,2
20619,0
20620,1
20621,0
20622,1
20623,0
20624,0
20625,0
20626,1
20627,0
20628,0
20629,1
20630,0
20631,0
20632,0
20633,0
20634,1
20635,0
20636,0
20637,0
20638,0
20639,1
20640,0
20641,1
20642,0
20643,0
20644,1
20645,0
20646,0
20647,0
20648,0
20649,0
20650,1
20651,1
20652,1
20653,0
20654,1
20655,0
20656,1
20657,0
20658,1
20659,0
20660,1
20661,1
20662,0
20663,1
20664,1
20665,1
20666,1
20667,1
20668,1
20669,1
20670,1
20671,0
20672,1
20673,0
20674,0
20675,0
20676,1
20677,0
20678,1
20679,0
20680,1
20681,0
20682,0
20683,0
20684,0
20685,0
20686,1
20687,1
20688,0
20689,1
20690,2
20691,0
20692,0
20693,1
20694,1
20695,0
20696,0
20697,0
20698,0
20699,0
20700,0
20701,0
20702,1
20703,0
20704,1
20705,1
20706,0
20707,0
20708,0
20709,0
20710,1
20711,1
20712,0
20713,1
20714,0
20715,1
20716,1
20717,1
20718,1
20719,1
20720,1
20721,0
20722,0
20723,1
20724,2
20725,1
20726,0
20727,0
20728,0
20729,0
20730,0
20731,1
20732,1
20733,1
20734,0
20735,1
20736,0
20737,0
20738,0
20739,0
20740,1
20741,1
20742,0
20743,0
20744,0
20745,0
20746,0
20747,1
20748,1
20749,0
20750,0
20751,1
20752,1
20753,0
20754,0
20755,0
20756,1
20757,0
20758,0
20759,0
20760,1
20761,1
20762,1
20763,0
20764,1
20765,0
20766,1
20767,1
20768,0
20769,1
20770,0
20771,0
20772,1
20773,1
20774,0
20775,0
20776,1
20777,1
20778,0
20779,1
20780,1
20781,1
20782,1
20783,1
20784,1
20785,0
20786,1
20787,0
20788,1
20789,0
20790,2
20791,0
20792,1
20793,1
20794,0
20795,0
20796,0
20797,0
20798,0
20799,1
20800,0
20801,1
20802,0
20803,1
20804,1
20805,0
20806,0
20807,1
20808,0
20809,0
20810,1
20811,1
20812,1
20813,0
20814,1
20815,0
20816,0
20817,0
20818,1
20819,0
20820,1
20821,1
20822,1
20823,0
20824,0
20825,1
20826,0
20827,0
20828,2
20829,0
20830,1
20831,1
20832,2
20833,1
20834,0
20835,1
20836,1
20837,0
20838,0
20839,0
20840,1
20841,1
20842,1
20843,1
20844,0
20845,0
20846,0
20847,1
20848,0
20849,1
20850,1
20851,1
20852,1
20853,1
20854,0
20855,0
20856,0
20857,0
20858,1
20859,1
20860,1
20861,2
20862,0
20863,1
20864,1
20865,0
20866,0
20867,2
20868,0
20869,0
20870,2
20871,1
20872,0
20873,0
20874,0
20875,1
20876,0
20877,1
20878,1
20879,1
20880,0
20881,1
20882,1
20883,1
20884,0
20885,1
20886,0
20887,1
20888,1
20889,1
20890,1
20891,1
20892,1
20893,2
20894,0
20895,0
20896,1
20897,1
20898,2
20899,1
20900,0
20901,0
20902,2
20903,0
20904,1
20905,0
20906,0
20907,0
20908,0
20909,1
20910,0
20911,0
20912,1
20913,1
20914,1
20915,1
20916,1
20917,0
20918,0
20919,1
20920,1
20921,1
20922,1
20923,0
20924,1
20925,1
20926,1
20927,1
20928,1
20929,1
20930,0
20931,1
20932,1
20933,0
20934,1
20935,0
20936,1
20937,0
20938,0
20939,1
20940,0
20941,1
20942,1
20943,1
20944,0
20945,1
20946,0
20947,1
20948,1
20949,0
20950,1
20951,1
20952,1
20953,0
20954,0
20955,0
20956,1
20957,1
20958,0
20959,1
20960,1
20961,2
20962,0
20963,1
20964,1
20965,0
20966,0
20967,0
20968,1
20969,1
20970,1
20971,0
20972,1
20973,0
20974,0
20975,1
20976,1
20977,1
20978,1
20979,0
20980,0
20981,0
20982,0
20983,0
20984,2
20985,1
20986,1
20987,2
20988,1
20989,1
20990,1
20991,0
20992,0
20993,1
20994,1
20995,0
20996,2
20997,1
20998,0
20999,1
21000,0
21001,1
21002,0
21003,1
21004,0
21005,0
21006,1
21007,0
21008,1
21009,0
21010,1
21011,0
21012,1
21013,1
21014,0
21015,0
21016,0
21017,2
21018,1
21019,0
21020,0
21021,1
21022,0
21023,1
21024,1
21025,1
21026,1
21027,0
21028,0
21029,1
21030,1
21031,0
21032,0
21033,1
21034,1
21035,0
21036,1
21037,0
21038,2
21039,1
21040,0
21041,0
21042,1
21043,2
21044,1
21045,0
21046,2
21047,1
21048,1
21049,1
21050,1
21051,1
21052,1
21053,0
21054,0
21055,0
21056,0
21057,0
21058,1
21059,1
21060,1
21061,0
21062,2
21063,1
21064,0
21065,0
21066,0
21067,1
21068,1
21069,0
21070,0
21071,0
21072,0
21073,0
21074,0
21075,1
21076,0
21077,2
21078,0
21079,1
21080,0
21081,0
21082,0
21083,1
21084,1
21085,2
21086,0
21087,1
21088,0
21089,0
21090,1
21091,0
21092,1
21093,1
21094,1
21095,0
21096,1
21097,0
21098,1
21099,1
21100,1
21101,1
21102,0
21103,1
21104,0
21105,2
21106,0
21107,2
21108,0
21109,1
21110,0
21111,0
21112,0
21113,0
21114,1
21115,1
21116,0
21117,1
21118,0
21119,0
21120,0
21121,0
21122,1
21123,1
21124,1
21125,0
21126,0
21127,0
21128,0
21129,1
21130,1
21131,1
21132,1
21133,0
21134,0
21135,0
21136,2
21137,0
21138,1
21139,0
21140,0
21141,0
21142,0
21143,0
21144,0
21145,0
21146,0
21147,1
21148,0
21149,1
21150,1
21151,2
21152,0
21153,1
21154,1
21155,0
21156,1
21157,0
21158,0
21159,0
21160,0
21161,1
21162,1
21163,0
21164,1
21165,1
21166,0
21167,1
21168,1
21169,0
21170,1
21171,1
21172,0
21173,0
21174,1
21175,0
21176,2
21177,0
21178,1
21179,1
21180,0
21181,1
21182,1
21183,0
21184,1
21185,1
21186,1
21187,1
21188,0
21189,1
21190,2
21191,1
21192,1
21193,0
21194,0
21195,1
21196,1
21197,1
21198,1
21199,0
21200,1
21201,1
21202,0
21203,0
21204,1
21205,0
21206,0
21207,1
21208,1
21209,0
21210,0
21211,2
21212,1
21213,2
21214,1
21215,0
21216,0
21217,1
21218,1
21219,0
21220,0
21221,0
21222,1
21223,0
21224,0
21225,0
21226,1
21227,0
21228,1
21229,1
21230,1
21231,0
21232,1
21233,0
21234,0
21235,0
21236,0
21237,1
21238,0
21239,1
21240,0
21241,1
21242,1
21243,1
21244,0
21245,1
21246,1
21247,2
21248,2
21249,1
21250,1
21251,1
21252,0
21253,0
21254,0
21255,0
21256,1
21257,0
21258,0
21259,0
21260,0
21261,0
21262,1
21263,1
21264,0
21265,1
21266,0
21267,1
21268,2
21269,1
21270,1
21271,1
21272,1
21273,1
21274,1
21275,1
21276,0
21277,1
21278,0
21279,1
21280,0
21281,0
21282,1
21283,0
21284,0
21285,0
21286,0
21287,0
21288,0
21289,1
21290,0
21291,1
21292,1
21293,2
21294,1
21295,1
21296,0
21297,1
21298,0
21299,1
21300,1
21301,1
21302,0
21303,0
21304,0
21305,0
21306,1
21307,0
21308,0
21309,0
21310,1
21311,1
21312,0
21313,1
21314,0
21315,1
21316,0
21317,0
21318,1
21319,0
21320,1
21321,0
21322,0
21323,1
21324,1
21325,1
21326,1
21327,1
21328,1
21329,0
21330,0
21331,1
21332,2
21333,0
21334,0
21335,0
21336,0
21337,0
21338,0
21339,0
21340,1
21341,0
21342,0
21343,0
21344,0
21345,0
21346,0
21347,0
21348,1
21349,0
21350,1
21351,0
21352,1
21353,1
21354,1
21355,1
21356,1
21357,0
21358,0
21359,1
21360,1
21361,1
21362,0
21363,0
21364,1
21365,0
21366,1
21367,0
21368,0
21369,0
21370,0
21371,1
21372,0
21373,0
21374,0
21375,1
21376,1
21377,0
21378,0
21379,0
21380,1
21381,1
21382,0
21383,0
21384,0
21385,1
21386,0
21387,1
21388,1
21389,1
21390,1
21391,1
21392,0
21393,2
21394,0
21395,1
21396,0
21397,1
21398,1
21399,0
21400,2
21401,0
21402,1
21403,2
21404,0
21405,0
21406,0
21407,0
21408,1
21409,1
21410,1
21411,0
21412,0
21413,0
21414,1
21415,0
21416,0
21417,0
21418,0
21419,1
21420,0
21421,2
21422,1
21423,1
21424,2
21425,1
21426,1
21427,1
21428,2
21429,1
21430,0
21431,1
21432,0
21433,0
21434,0
21435,1
21436,0
21437,1
21438,0
21439,0
21440,1
21441,0
21442,1
21443,1
21444,0
21445,0
21446,0
21447,1
21448,0
21449,1
21450,0
21451,0
21452,1
21453,2
21454,0
21455,0
21456,1
21457,2
21458,1
21459,0
21460,1
21461,0
21462,1
21463,0
21464,1
21465,1
21466,1
21467,1
21468,1
21469,0
21470,0
21471,0
21472,0
21473,1
21474,0
21475,0
21476,1
21477,0
21478,0
21479,1
21480,0
21481,0
21482,1
21483,0
21484,1
21485,1
21486,1
21487,0
21488,0
21489,0
21490,2
21491,0
21492,1
21493,1
21494,1
21495,1
21496,1
21497,0
21498,1
21499,0
21500,1
21501,0
21502,2
21503,2
21504,0
21505,1
21506,0
21507,0
21508,1
21509,1
21510,2
21511,0
21512,1
21513,1
21514,1
21515,0
21516,0
21517,2
21518,0
21519,0
21520,1
21521,0
21522,1
21523,0
21524,1
21525,1
21526,1
21527,0
21528,2
21529,0
21530,0
21531,1
21532,0
21533,1
21534,1
21535,0
21536,0
21537,0
21538,0
21539,0
21540,2
21541,0
21542,1
21543,0
21544,0
21545,1
21546,1
21547,0
21548,0
21549,0
21550,1
21551,0
21552,0
21553,1
21554,2
21555,0
21556,1
21557,1
21558,1
21559,0
21560,0
21561,1
21562,0
21563,1
21564,1
21565,1
21566,0
21567,1
21568,0
21569,0
21570,0
21571,0
21572,1
21573,0
21574,0
21575,0
21576,0
21577,1
21578,0
21579,1
21580,0
21581,1
21582,1
21583,0
21584,1
21585,1
21586,0
21587,1
21588,1
21589,0
21590,1
21591,0
21592,1
21593,0
21594,0
21595,0
21596,0
21597,0
21598,1
21599,1
21600,0
21601,1
21602,2
21603,0
21604,1
21605,2
21606,2
21607,0
21608,1
21609,1
21610,1
21611,0
21612,1
21613,1
21614,0
21615,0
21616,2
21617,0
21618,1
21619,1
21620,1
21621,0
21622,1
21623,0
21624,1
21625,1
21626,0
21627,0
21628,0
21629,1
21630,1
21631,0
21632,1
21633,0
21634,0
21635,1
21636,0
21637,1
21638,1
21639,1
21640,0
21641,0
21642,0
21643,1
21644,1
21645,0
21646,0
21647,1
21648,0
21649,0
21650,1
21651,1
21652,1
21653,0
21654,0
21655,0
21656,1
21657,0
21658,0
21659,1
21660,0
21661,1
21662,0
21663,1
21664,0
21665,0
21666,0
21667,1
21668,2
21669,0
21670,1
21671,1
21672,0
21673,0
21674,0
21675,1
21676,0
21677,0
21678,0
21679,0
21680,0
21681,1
21682,0
21683,0
21684,0
21685,1
21686,0
21687,1
21688,1
21689,1
21690,1
21691,0
21692,0
21693,1
21694,0
21695,1
21696,0
21697,2
21698,1
21699,1
21700,1
21701,1
21702,0
21703,0
21704,1
21705,0
21706,0
21707,1
21708,0
21709,1
21710,0
21711,1
21712,0
21713,0
21714,1
21715,0
21716,1
21717,0
21718,0
21719,0
21720,0
21721,0
21722,1
21723,0
21724,0
21725,0
21726,1
21727,0
21728,0
21729,0
21730,0
21731,1
21732,1
21733,1
21734,0
21735,1
21736,0
21737,1
21738,1
21739,0
21740,0
21741,0
21742,1
21743,0
21744,0
21745,1
21746,1
21747,0
21748,1
21749,0
21750,1
21751,0
21752,1
21753,0
21754,0
21755,1
21756,1
21757,1
21758,0
21759,0
21760,0
21761,0
21762,0
21763,1
21764,0
21765,1
21766,1
21767,0
21768,0
21769,1
21770,1
21771,1
21772,1
21773,1
21774,0
21775,0
21776,1
21777,0
21778,1
21779,1
21780,0
21781,1
21782,1
21783,0
21784,1
21785,0
21786,0
21787,1
21788,1
21789,2
21790,1
21791,0
21792,1
21793,2
21794,1
21795,0
21796,0
21797,1
21798,0
21799,0
21800,0
21801,1
21802,1
21803,1
21804,1
21805,0
21806,0
21807,0
21808,0
21809,1
21810,1
21811,1
21812,0
21813,1
21814,0
21815,2
21816,1
21817,1
21818,0
21819,0
21820,0
21821,0
21822,1
21823,2
21824,0
21825,0
21826,0
21827,0
21828,0
21829,0
21830,1
21831,1
21832,0
21833,0
21834,0
21835,0
21836,0
21837,1
21838,1
21839,0
21840,1
21841,1
21842,0
21843,1
21844,0
21845,0
21846,1
21847,1
21848,1
21849,1
21850,1
21851,1
21852,2
21853,2
21854,1
21855,1
21856,1
21857,1
21858,2
21859,1
21860,0
21861,0
21862,0
21863,0
21864,1
21865,1
21866,0
21867,1
21868,1
21869,0
21870,0
21871,1
21872,1
21873,1
21874,0
21875,1
21876,1
21877,1
21878,0
21879,0
21880,1
21881,0
21882,1
21883,1
21884,1
21885,2
21886,1
21887,1
21888,0
21889,1
21890,1
21891,1
21892,1
21893,0
21894,0
21895,0
21896,0
21897,0
21898,0
21899,1
21900,1
21901,1
21902,1
21903,0
21904,0
21905,1
21906,0
21907,1
21908,0
21909,1
21910,1
21911,1
21912,0
21913,1
21914,1
21915,1
21916,0
21917,0
21918,1
21919,1
21920,0
21921,0
21922,1
21923,0
21924,0
21925,1
21926,0
21927,1
21928,1
21929,0
21930,0
21931,1
21932,0
21933,1
21934,0
21935,0
21936,0
21937,0
21938,0
21939,0
21940,0
21941,0
21942,0
21943,0
21944,0
21945,1
21946,1
21947,0
21948,0
21949,0
21950,1
21951,0
21952,1
21953,1
21954,1
21955,1
21956,1
21957,2
21958,0
21959,1
21960,0
21961,0
21962,0
21963,1
21964,1
21965,1
21966,1
21967,1
21968,1
21969,0
21970,1
21971,1
21972,0
21973,1
21974,1
21975,1
21976,0
21977,0
21978,0
21979,1
21980,0
21981,1
21982,0
21983,0
21984,1
21985,0
21986,0
21987,0
21988,2
21989,1
21990,1
21991,1
21992,0
21993,0
21994,0
21995,1
21996,1
21997,0
21998,1
21999,0
22000,0
22001,1
22002,0
22003,0
22004,1
22005,0
22006,1
22007,0
22008,0
22009,0
22010,0
22011,0
22012,1
22013,0
22014,1
22015,1
22016,1
22017,1
22018,1
22019,0
22020,0
22021,1
22022,1
22023,0
22024,1
22025,1
22026,1
22027,1
22028,1
22029,0
22030,0
22031,1
22032,1
22033,1
22034,1
22035,1
22036,1
22037,0
22038,0
22039,0
22040,0
22041,1
22042,0
22043,0
22044,0
22045,0
22046,0
22047,1
22048,1
22049,1
22050,0
22051,1
22052,0
22053,0
22054,1
22055,1
22056,1
22057,0
22058,0
22059,0
22060,0
22061,0
22062,2
22063,1
22064,2
22065,1
22066,1
22067,0
22068,1
22069,1
22070,0
22071,1
22072,1
22073,1
22074,1
22075,0
22076,0
22077,1
22078,0
22079,1
22080,0
22081,0
22082,2
22083,0
22084,2
22085,1
22086,1
22087,0
22088,0
22089,1
22090,0
22091,1
22092,1
22093,2
22094,1
22095,0
22096,0
22097,0
22098,1
22099,1
22100,0
22101,0
22102,0
22103,0
22104,1
22105,1
22106,0
22107,1
22108,1
22109,2
22110,1
22111,2
22112,0
22113,0
22114,1
22115,0
22116,0
22117,1
22118,0
22119,1
22120,0
22121,0
22122,0
22123,1
22124,0
22125,0
22126,2
22127,1
22128,1
22129,0
22130,1
22131,1
22132,2
22133,1
22134,0
22135,1
22136,1
22137,0
22138,1
22139,1
22140,1
22141,0
22142,0
22143,0
22144,0
22145,1
22146,0
22147,1
22148,0
22149,1
22150,1
22151,1
22152,0
22153,1
22154,0
22155,0
22156,0
22157,1
22158,0
22159,0
22160,0
22161,0
22162,1
22163,0
22164,0
22165,0
22166,0
22167,0
22168,1
22169,0
22170,0
22171,1
22172,0
22173,1
22174,0
22175,0
22176,1
22177,1
22178,0
22179,0
22180,0
22181,0
22182,0
22183,0
22184,0
22185,1
22186,0
22187,1
22188,0
22189,0
22190,0
22191,1
22192,1
22193,1
22194,1
22195,1
22196,1
22197,1
22198,0
22199,1
22200,0
22201,0
22202,0
22203,1
22204,0
22205,1
22206,0
22207,0
22208,0
22209,1
22210,1
22211,0
22212,2
22213,0
22214,0
22215,0
22216,0
22217,2
22218,1
22219,1
22220,0
22221,0
22222,1
22223,1
22224,1
22225,0
22226,0
22227,0
22228,1
22229,1
22230,0
22231,0
22232,1
22233,1
22234,0
22235,0
22236,0
22237,1
22238,0
22239,0
22240,0
22241,0
22242,0
22243,0
22244,0
22245,1
22246,0
22247,0
22248,1
22249,1
22250,0
22251,1
22252,0
22253,1
22254,1
22255,1
22256,2
22257,0
22258,0
22259,1
22260,1
22261,0
22262,0
22263,1
22264,0
22265,0
22266,0
22267,0
22268,1
22269,0
22270,1
22271,0
22272,0
22273,0
22274,0
22275,0
22276,0
22277,0
22278,0
22279,1
22280,0
22281,1
22282,1
22283,2
22284,1
22285,1
22286,0
22287,1
22288,0
22289,0
22290,1
22291,2
22292,0
22293,0
22294,0
22295,1
22296,0
22297,2
22298,0
22299,1
22300,0
22301,1
22302,2
22303,1
22304,2
22305,0
22306,0
22307,0
22308,0
22309,1
22310,0
22311,0
22312,0
22313,0
22314,0
22315,1
22316,1
22317,0
22318,0
22319,0
22320,0
22321,1
22322,0
22323,1
22324,1
22325,0
22326,0
22327,1
22328,1
22329,2
22330,1
22331,0
22332,0
22333,0
22334,1
22335,0
22336,0
22337,1
22338,0
22339,0
22340,0
22341,1
22342,0
22343,1
22344,0
22345,0
22346,0
22347,0
22348,1
22349,0
22350,0
22351,0
22352,0
22353,0
22354,1
22355,1
22356,1
22357,1
22358,0
22359,1
22360,0
22361,0
22362,2
22363,1
22364,1
22365,1
22366,0
22367,0
22368,0
22369,1
22370,0
22371,0
22372,1
22373,0
22374,0
22375,0
22376,1
22377,2
22378,1
22379,1
22380,0
22381,1
22382,1
22383,0
22384,1
22385,0
22386,0
22387,1
22388,0
22389,0
22390,0
22391,1
22392,1
22393,0
22394,2
22395,0
22396,0
22397,1
22398,0
22399,1
22400,0
22401,0
22402,0
22403,1
22404,0
22405,1
22406,2
22407,0
22408,1
22409,1
22410,1
22411,1
22412,0
22413,1
22414,1
22415,1
22416,0
22417,0
22418,0
22419,1
22420,0
22421,1
22422,0
22423,0
22424,1
22425,0
22426,0
22427,1
22428,0
22429,1
22430,0
22431,1
22432,0
22433,1
22434,0
22435,0
22436,1
22437,0
22438,1
22439,1
22440,0
22441,0
22442,1
22443,1
22444,1
22445,0
22446,0
22447,1
22448,0
22449,0
22450,0
22451,1
22452,0
22453,0
22454,1
22455,0
22456,1
22457,2
22458,0
22459,1
22460,0
22461,0
22462,1
22463,1
22464,0
22465,2
22466,1
22467,1
22468,0
22469,1
22470,1
22471,1
22472,0
22473,0
22474,0
22475,0
22476,1
22477,1
22478,0
22479,0
22480,0
22481,0
22482,1
22483,1
22484,0
22485,1
22486,1
22487,1
22488,1
22489,0
22490,1
22491,1
22492,0
22493,0
22494,1
22495,0
22496,0
22497,0
22498,1
22499,0
22500,0
22501,0
22502,1
22503,0
22504,1
22505,1
22506,0
22507,0
22508,1
22509,1
22510,0
22511,1
22512,0
22513,0
22514,1
22515,0
22516,0
22517,1
22518,0
22519,0
22520,0
22521,0
22522,1
22523,0
22524,0
22525,1
22526,0
22527,0
22528,0
22529,1
22530,1
22531,0
22532,1
22533,0
22534,0
22535,1
22536,1
22537,0
22538,0
22539,1
22540,1
22541,0
22542,1
22543,0
22544,1
22545,0
22546,1
22547,1
22548,1
22549,0
22550,0
22551,1
22552,0
22553,0
22554,1
22555,1
22556,1
22557,0
22558,0
22559,0
22560,0
22561,0
22562,0
22563,0
22564,0
22565,0
22566,1
22567,1
22568,1
22569,1
22570,0
22571,1
22572,0
22573,0
22574,0
22575,1
22576,0
22577,1
22578,0
22579,0
22580,0
22581,0
22582,1
22583,1
22584,1
22585,0
22586,1
22587,1
22588,1
22589,1
22590,0
22591,0
22592,0
22593,1
22594,1
22595,2
22596,2
22597,0
22598,0
22599,2
22600,1
22601,0
22602,2
22603,0
22604,1
22605,0
22606,1
22607,0
22608,0
22609,1
22610,1
22611,1
22612,0
22613,0
22614,0
22615,0
22616,1
22617,1
22618,0
22619,0
22620,0
22621,1
22622,1
22623,1
22624,1
22625,0
22626,0
22627,0
22628,0
22629,0
22630,1
22631,1
22632,0
22633,1
22634,0
22635,1
22636,0
22637,0
22638,0
22639,1
22640,1
22641,1
22642,1
22643,1
22644,1
22645,0
22646,1
22647,1
22648,1
22649,1
22650,0
22651,0
22652,0
22653,1
22654,1
22655,0
22656,0
22657,1
22658,1
22659,0
22660,0
22661,0
22662,0
22663,0
22664,0
22665,0
22666,0
22667,0
22668,0
22669,0
22670,1
22671,0
22672,0
22673,1
22674,0
22675,0
22676,0
22677,0
22678,0
22679,0
22680,1
22681,0
22682,0
22683,2
22684,1
22685,1
22686,0
22687,1
22688,0
22689,2
22690,1
22691,1
22692,0
22693,1
22694,1
22695,0
22696,0
22697,0
22698,1
22699,1
22700,1
22701,0
22702,0
22703,1
22704,1
22705,0
22706,0
22707,0
22708,0
22709,1
22710,1
22711,1
22712,0
22713,1
22714,0
22715,1
22716,1
22717,1
22718,0
22719,0
22720,0
22721,1
22722,0
22723,1
22724,0
22725,1
22726,0
22727,1
22728,0
22729,1
22730,0
22731,1
22732,0
22733,0
22734,1
22735,0
22736,1
22737,1
22738,2
22739,1
22740,1
22741,0
22742,1
22743,1
22744,1
22745,1
22746,1
22747,1
22748,0
22749,1
22750,0
22751,1
22752,0
22753,1
22754,1
22755,1
22756,2
22757,0
22758,1
22759,0
22760,1
22761,0
22762,0
22763,0
22764,0
22765,0
22766,0
22767,0
22768,0
22769,0
22770,1
22771,1
22772,0
22773,0
22774,1
22775,1
22776,0
22777,0
22778,0
22779,1
22780,0
22781,1
22782,0
22783,1
22784,0
22785,1
22786,1
22787,1
22788,0
22789,0
22790,2
22791,1
22792,1
22793,1
22794,2
22795,0
22796,1
22797,0
22798,2
22799,0
22800,0
22801,2
22802,1
22803,1
22804,0
22805,1
22806,0
22807,0
22808,1
22809,0
22810,1
22811,1
22812,1
22813,1
22814,1
22815,1
22816,1
22817,0
22818,1
22819,0
22820,0
22821,0
22822,0
22823,1
22824,1
22825,0
22826,0
22827,1
22828,1
22829,1
22830,0
22831,0
22832,1
22833,0
22834,1
22835,0
22836,1
22837,0
22838,1
22839,0
22840,1
22841,1
22842,0
22843,0
22844,1
22845,1
22846,1
22847,0
22848,0
22849,1
22850,1
22851,0
22852,1
22853,0
22854,1
22855,1
22856,0
22857,0
22858,0
22859,0
22860,0
22861,0
22862,2
22863,1
22864,0
22865,0
22866,0
22867,1
22868,0
22869,0
22870,0
22871,0
22872,1
22873,0
22874,1
22875,1
22876,0
22877,0
22878,1
22879,1
22880,1
22881,1
22882,0
22883,1
22884,0
22885,0
22886,1
22887,0
22888,1
22889,1
22890,1
22891,1
22892,0
22893,0
22894,1
22895,0
22896,1
22897,1
22898,1
22899,0
22900,2
22901,0
22902,0
22903,0
22904,0
22905,1
22906,1
22907,0
22908,2
22909,0
22910,0
22911,1
22912,1
22913,1
22914,0
22915,1
22916,1
22917,0
22918,0
22919,0
22920,0
22921,1
22922,0
22923,1
22924,1
22925,0
22926,1
22927,0
22928,0
22929,1
22930,1
22931,0
22932,0
22933,2
22934,0
22935,1
22936,1
22937,1
22938,2
22939,1
22940,1
22941,0
22942,0
22943,0
22944,1
22945,1
22946,0
22947,1
22948,1
22949,1
22950,0
22951,0
22952,0
22953,0
22954,1
22955,0
22956,0
22957,1
22958,0
22959,0
22960,0
22961,0
22962,1
22963,0
22964,0
22965,1
22966,1
22967,1
22968,0
22969,1
22970,0
22971,1
22972,0
22973,0
22974,0
22975,1
22976,1
22977,0
22978,0
22979,0
22980,0
22981,0
22982,1
22983,0
22984,1
22985,0
22986,0
22987,1
22988,0
22989,1
22990,1
22991,0
22992,0
22993,2
22994,1
22995,1
22996,2
22997,0
22998,1
22999,0
23000,2
23001,1
23002,1
23003,0
23004,2
23005,1
23006,0
23007,1
23008,1
23009,0
23010,1
23011,1
23012,0
23013,1
23014,1
23015,0
23016,1
23017,1
23018,2
23019,0
23020,1
23021,0
23022,0
23023,1
23024,1
23025,1
23026,0
23027,0
23028,1
23029,0
23030,1
23031,0
23032,1
23033,1
23034,0
23035,1
23036,1
23037,0
23038,1
23039,0
23040,1
23041,1
23042,1
23043,0
23044,0
23045,0
23046,1
23047,1
23048,1
23049,0
23050,0
23051,1
23052,0
23053,0
23054,1
23055,1
23056,1
23057,0
23058,1
23059,1
23060,0
23061,1
23062,1
23063,1
23064,1
23065,0
23066,0
23067,0
23068,0
23069,0
23070,0
23071,1
23072,1
23073,0
23074,0
23075,0
23076,1
23077,0
23078,1
23079,1
23080,0
23081,2
23082,0
23083,0
23084,1
23085,0
23086,0
23087,0
23088,0
23089,2
23090,0
23091,1
23092,0
23093,0
23094,0
23095,0
23096,1
23097,1
23098,0
23099,0
23100,0
23101,1
23102,1
23103,0
23104,1
23105,1
23106,0
23107,0
23108,1
23109,0
23110,0
23111,0
23112,0
23113,1
23114,0
23115,1
23116,0
23117,0
23118,0
23119,1
23120,0
23121,0
23122,1
23123,1
23124,2
23125,0
23126,1
23127,0
23128,1
23129,0
23130,0
23131,0
23132,1
23133,0
23134,0
23135,2
23136,0
23137,0
23138,0
23139,0
23140,1
23141,0
23142,0
23143,0
23144,0
23145,1
23146,0
23147,1
23148,0
23149,0
23150,0
23151,2
23152,1
23153,0
23154,0
23155,0
23156,0
23157,0
23158,0
23159,1
23160,1
23161,0
23162,0
23163,0
23164,1
23165,1
23166,0
23167,1
23168,1
23169,0
23170,0
23171,1
23172,0
23173,0
23174,0
23175,2
23176,0
23177,1
23178,0
23179,2
23180,2
23181,0
23182,1
23183,1
23184,0
23185,0
23186,1
23187,0
23188,1
23189,0
23190,1
23191,1
23192,0
23193,1
23194,1
23195,1
23196,2
23197,1
23198,1
23199,0
23200,0
23201,0
23202,1
23203,1
23204,1
23205,0
23206,0
23207,0
23208,1
23209,0
23210,0
23211,0
23212,1
23213,1
23214,0
23215,0
23216,0
23217,1
23218,2
23219,1
23220,0
23221,0
23222,1
23223,1
23224,1
23225,0
23226,2
23227,0
23228,0
23229,0
23230,1
23231,1
23232,0
23233,1
23234,0
23235,1
23236,0
23237,1
23238,0
23239,1
23240,0
23241,1
23242,1
23243,0
23244,1
23245,1
23246,0
23247,1
23248,1
23249,0
23250,0
23251,1
23252,1
23253,1
23254,0
23255,1
23256,0
23257,0
23258,0
23259,0
23260,1
23261,1
23262,1
23263,0
23264,0
23265,0
23266,0
23267,0
23268,1
23269,1
23270,1
23271,0
23272,1
23273,1
23274,1
23275,0
23276,1
23277,1
23278,1
23279,1
23280,0
23281,0
23282,0
23283,0
23284,0
23285,1
23286,1
23287,0
23288,1
23289,0
23290,1
23291,1
23292,1
23293,1
23294,1
23295,1
23296,2
23297,2
23298,0
23299,1
23300,0
23301,0
23302,0
23303,0
23304,0
23305,0
23306,0
23307,0
23308,0
23309,0
23310,1
23311,0
23312,1
23313,1
23314,0
23315,0
23316,1
23317,0
23318,1
23319,1
23320,0
23321,1
23322,0
23323,1
23324,1
23325,1
23326,0
23327,0
23328,0
23329,0
23330,2
23331,2
23332,2
23333,0
23334,0
23335,0
23336,1
23337,0
23338,1
23339,0
23340,0
23341,0
23342,0
23343,1
23344,0
23345,1
23346,1
23347,1
23348,1
23349,1
23350,0
23351,1
23352,1
23353,0
23354,1
23355,2
23356,1
23357,1
23358,1
23359,1
23360,1
23361,0
23362,0
23363,0
23364,1
23365,0
23366,1
23367,1
23368,0
23369,1
23370,1
23371,0
23372,0
23373,1
23374,1
23375,0
23376,0
23377,0
23378,0
23379,1
23380,0
23381,1
23382,0
23383,0
23384,0
23385,0
23386,1
23387,0
23388,0
23389,0
23390,0
23391,2
23392,1
23393,1
23394,1
23395,0
23396,0
23397,1
23398,0
23399,0
23400,1
23401,0
23402,1
23403,1
23404,0
23405,0
23406,1
23407,1
23408,1
23409,0
23410,1
23411,0
23412,0
23413,0
23414,2
23415,0
23416,0
23417,2
23418,1
23419,0
23420,1
23421,0
23422,1
23423,0
23424,1
23425,2
23426,0
23427,0
23428,0
23429,1
23430,0
23431,1
23432,0
23433,1
23434,0
23435,0
23436,0
23437,0
23438,1
23439,1
23440,1
23441,0
23442,0
23443,1
23444,1
23445,0
23446,1
23447,0
23448,0
23449,0
23450,1
23451,0
23452,1
23453,1
23454,1
23455,1
23456,1
23457,0
23458,0
23459,1
23460,0
23461,0
23462,1
23463,0
23464,1
23465,1
23466,1
23467,1
23468,1
23469,1
23470,0
23471,2
23472,0
23473,0
23474,0
23475,1
23476,1
23477,1
23478,0
