index,cluster
0,1
1,0
2,1
3,1
4,0
5,0
6,0
7,1
8,0
9,0
10,0
11,1
12,0
13,0
14,0
15,1
16,0
17,1
18,0
19,0
20,1
21,0
22,0
23,1
24,1
25,1
26,1
27,0
28,1
29,1
30,0
31,1
32,1
33,1
34,1
35,0
36,1
37,1
38,0
39,0
40,1
41,0
42,0
43,1
44,0
45,0
46,0
47,1
48,1
49,0
50,0
51,0
52,0
53,0
54,0
55,0
56,0
57,0
58,0
59,1
60,0
61,1
62,0
63,0
64,0
65,0
66,1
67,1
68,1
69,0
70,0
71,0
72,0
73,0
74,0
75,0
76,0
77,1
78,0
79,0
80,0
81,0
82,1
83,1
84,0
85,0
86,1
87,1
88,1
89,0
90,1
91,1
92,0
93,0
94,0
95,0
96,1
97,1
98,0
99,1
100,1
101,1
102,1
103,0
104,1
105,1
106,1
107,1
108,1
109,1
110,1
111,1
112,1
113,0
114,1
115,0
116,0
117,0
118,0
119,0
120,0
121,0
122,0
123,0
124,0
125,0
126,1
127,1
128,0
129,1
130,0
131,1
132,1
133,1
134,1
135,0
136,1
137,0
138,0
139,1
140,0
141,0
142,0
143,1
144,0
145,0
146,1
147,1
148,1
149,1
150,0
151,0
152,1
153,1
154,0
155,0
156,0
157,0
158,1
159,0
160,0
161,1
162,1
163,0
164,1
165,0
166,1
167,0
168,1
169,1
170,1
171,0
172,1
173,1
174,0
175,0
176,1
177,1
178,0
179,1
180,0
181,0
182,1
183,1
184,0
185,1
186,1
187,0
188,0
189,1
190,0
191,0
192,0
193,1
194,0
195,1
196,1
197,0
198,0
199,1
200,1
201,0
202,0
203,0
204,0
205,1
206,1
207,0
208,1
209,1
210,0
211,0
212,0
213,0
214,0
215,0
216,0
217,0
218,1
219,0
220,1
221,0
222,0
223,1
224,0
225,1
226,0
227,1
228,1
229,1
230,0
231,0
232,1
233,1
234,0
235,0
236,0
237,1
238,0
239,0
240,0
241,1
242,1
243,0
244,1
245,1
246,0
247,0
248,0
249,0
250,0
251,1
252,1
253,1
254,0
255,0
256,0
257,1
258,0
259,1
260,0
261,1
262,0
263,0
264,1
265,1
266,0
267,0
268,0
269,0
270,0
271,1
272,1
273,1
274,0
275,0
276,1
277,0
278,0
279,0
280,0
281,0
282,0
283,0
284,1
285,1
286,0
287,1
288,0
289,0
290,1
291,0
292,0
293,0
294,0
295,1
296,1
297,0
298,0
299,1
300,0
301,0
302,0
303,0
304,0
305,1
306,0
307,0
308,1
309,0
310,0
311,1
312,0
313,1
314,1
315,1
316,0
317,1
318,0
319,0
320,0
321,0
322,1
323,1
324,1
325,1
326,0
327,0
328,0
329,0
330,0
331,1
332,0
333,1
334,0
335,0
336,1
337,0
338,1
339,0
340,1
341,0
342,1
343,0
344,0
345,0
346,1
347,0
348,1
349,0
350,1
351,1
352,1
353,0
354,1
355,0
356,0
357,1
358,1
359,0
360,0
361,1
362,0
363,0
364,1
365,0
366,1
367,0
368,1
369,0
370,0
371,0
372,1
373,0
374,0
375,0
376,1
377,0
378,0
379,0
380,0
381,0
382,0
383,0
384,0
385,0
386,1
387,0
388,1
389,0
390,0
391,0
392,0
393,1
394,0
395,1
396,0
397,0
398,0
399,0
400,0
401,1
402,1
403,0
404,1
405,0
406,1
407,0
408,0
409,1
410,1
411,1
412,0
413,1
414,1
415,1
416,0
417,0
418,0
419,0
420,0
421,1
422,1
423,0
424,0
425,0
426,1
427,1
428,1
429,0
430,1
431,1
432,0
433,0
434,1
435,0
436,1
437,0
438,0
439,1
440,0
441,0
442,1
443,0
444,0
445,0
446,0
447,0
448,0
449,0
450,0
451,0
452,1
453,1
454,0
455,0
456,1
457,1
458,1
459,0
460,1
461,1
462,0
463,1
464,0
465,0
466,1
467,1
468,1
469,1
470,1
471,0
472,1
473,0
474,1
475,1
476,0
477,1
478,0
479,1
480,0
481,0
482,0
483,1
484,0
485,1
486,0
487,1
488,0
489,1
490,1
491,0
492,0
493,1
494,1
495,1
496,1
497,1
498,0
499,0
500,1
501,0
502,1
503,0
504,0
505,0
506,0
507,0
508,0
509,0
510,1
511,1
512,1
513,1
514,0
515,0
516,1
517,0
518,1
519,0
520,0
521,1
522,0
523,0
524,0
525,0
526,0
527,0
528,1
529,0
530,0
531,0
532,0
533,0
534,0
535,1
536,1
537,0
538,0
539,1
540,1
541,0
542,1
543,0
544,1
545,0
546,0
547,1
548,0
549,1
550,1
551,1
552,1
553,0
554,0
555,1
556,1
557,1
558,1
559,0
560,1
561,1
562,0
563,1
564,1
565,0
566,0
567,1
568,0
569,1
570,1
571,1
572,0
573,1
574,1
575,1
576,0
577,0
578,0
579,1
580,0
581,0
582,0
583,1
584,1
585,0
586,0
587,0
588,0
589,0
590,0
591,1
592,0
593,1
594,1
595,0
596,0
597,1
598,0
599,0
600,1
601,1
602,1
603,1
604,0
605,0
606,1
607,1
608,0
609,0
610,1
611,0
612,0
613,1
614,0
615,0
616,0
617,1
618,0
619,1
620,1
621,0
622,1
623,1
624,1
625,1
626,0
627,0
628,0
629,0
630,1
631,1
632,1
633,0
634,1
635,1
636,0
637,1
638,1
639,0
640,0
641,1
642,0
643,0
644,0
645,1
646,0
647,0
648,0
649,1
650,1
651,1
652,0
653,1
654,0
655,1
656,0
657,1
658,0
659,1
660,1
661,1
662,0
663,1
664,0
665,0
666,0
667,1
668,0
669,0
670,1
671,1
672,1
673,0
674,0
675,1
676,1
677,0
678,1
679,1
680,1
681,0
682,1
683,1
684,1
685,1
686,0
687,0
688,0
689,0
690,0
691,0
692,0
693,1
694,1
695,0
696,0
697,1
698,0
699,1
700,1
701,1
702,1
703,0
704,1
705,1
706,0
707,1
708,1
709,1
710,1
711,1
712,0
713,0
714,1
715,0
716,1
717,0
718,0
719,1
720,0
721,0
722,0
723,1
724,0
725,0
726,0
727,1
728,0
729,0
730,0
731,1
732,1
733,1
734,1
735,1
736,0
737,0
738,1
739,0
740,1
741,0
742,1
743,0
744,1
745,0
746,1
747,0
748,1
749,1
750,0
751,1
752,1
753,1
754,0
755,0
756,1
757,0
758,0
759,0
760,0
761,0
762,0
763,0
764,1
765,1
766,1
767,0
768,1
769,1
770,1
771,0
772,0
773,0
774,0
775,1
776,1
777,1
778,0
779,0
780,1
781,0
782,0
783,0
784,0
785,1
786,0
787,1
788,1
789,1
790,0
791,1
792,1
793,0
794,0
795,0
796,1
797,0
798,0
799,0
800,0
801,0
802,0
803,1
804,0
805,0
806,0
807,0
808,0
809,0
810,1
811,0
812,1
813,1
814,1
815,0
816,0
817,1
818,0
819,1
820,0
821,1
822,0
823,0
824,1
825,1
826,0
827,0
828,0
829,0
830,1
831,0
832,1
833,0
834,0
835,1
836,0
837,0
838,0
839,0
840,0
841,1
842,1
843,0
844,0
845,0
846,1
847,0
848,1
849,1
850,1
851,0
852,0
853,0
854,1
855,1
856,0
857,1
858,0
859,1
860,1
861,1
862,0
863,0
864,1
865,1
866,1
867,1
868,1
869,1
870,1
871,0
872,0
873,1
874,1
875,0
876,0
877,1
878,0
879,1
880,0
881,0
882,0
883,0
884,0
885,0
886,0
887,0
888,0
889,0
890,1
891,0
892,0
893,0
894,0
895,0
896,0
897,0
898,0
899,0
900,0
901,0
902,0
903,1
904,0
905,0
906,0
907,1
908,0
909,1
910,1
911,1
912,1
913,1
914,1
915,1
916,1
917,1
918,0
919,1
920,1
921,0
922,0
923,1
924,1
925,0
926,0
927,1
928,1
929,0
930,1
931,0
932,0
933,1
934,1
935,0
936,0
937,1
938,0
939,1
940,0
941,1
942,1
943,1
944,0
945,0
946,0
947,0
948,1
949,0
950,0
951,1
952,0
953,1
954,0
955,0
956,0
957,1
958,0
959,0
960,1
961,0
962,1
963,0
964,0
965,1
966,0
967,1
968,0
969,0
970,0
971,1
972,1
973,1
974,0
975,0
976,0
977,1
978,0
979,0
980,0
981,0
982,1
983,1
984,0
985,1
986,0
987,1
988,1
989,1
990,0
991,0
992,1
993,0
994,1
995,0
996,1
997,0
998,1
999,1
1000,1
1001,0
1002,0
1003,1
1004,0
1005,0
1006,1
1007,0
1008,1
1009,0
1010,0
1011,0
1012,1
1013,0
1014,0
1015,1
1016,1
1017,1
1018,0
1019,0
1020,0
1021,1
1022,1
1023,1
1024,1
1025,0
1026,1
1027,1
1028,1
1029,0
1030,1
1031,0
1032,0
1033,0
1034,0
1035,0
1036,0
1037,0
1038,0
1039,0
1040,0
1041,1
1042,0
1043,1
1044,0
1045,0
1046,1
1047,0
1048,1
1049,0
1050,0
1051,0
1052,0
1053,1
1054,0
1055,0
1056,1
1057,0
1058,0
1059,1
1060,1
1061,0
1062,0
1063,1
1064,0
1065,0
1066,0
1067,0
1068,1
1069,1
1070,0
1071,0
1072,1
1073,0
1074,1
1075,1
1076,1
1077,0
1078,1
1079,1
1080,1
1081,1
1082,1
1083,0
1084,1
1085,0
1086,0
1087,1
1088,0
1089,0
1090,1
1091,1
1092,0
1093,0
1094,1
1095,1
1096,1
1097,1
1098,1
1099,1
1100,0
1101,1
1102,1
1103,0
1104,0
1105,1
1106,0
1107,0
1108,0
1109,0
1110,0
1111,1
1112,1
1113,0
1114,1
1115,1
1116,0
1117,1
1118,0
1119,0
1120,0
1121,1
1122,1
1123,0
1124,0
1125,0
1126,1
1127,0
1128,1
1129,0
1130,0
1131,1
1132,0
1133,1
1134,1
1135,0
1136,0
1137,0
1138,0
1139,1
1140,1
1141,0
1142,1
1143,0
1144,1
1145,0
1146,0
1147,1
1148,0
1149,1
1150,0
1151,1
1152,1
1153,0
1154,1
1155,0
1156,0
1157,0
1158,0
1159,1
1160,0
1161,1
1162,0
1163,1
1164,1
1165,1
1166,0
1167,1
1168,1
1169,1
1170,1
1171,1
1172,1
1173,1
1174,1
1175,1
1176,1
1177,0
1178,0
1179,1
1180,0
1181,0
1182,1
1183,1
1184,0
1185,0
1186,1
1187,1
1188,1
1189,1
1190,0
1191,0
1192,0
1193,0
1194,1
1195,0
1196,0
1197,0
1198,0
1199,1
1200,1
1201,0
1202,0
1203,0
1204,0
1205,0
1206,0
1207,1
1208,1
1209,1
1210,1
1211,0
1212,1
1213,0
1214,0
1215,1
1216,1
1217,1
1218,0
1219,1
1220,1
1221,1
1222,1
1223,1
1224,1
1225,0
1226,1
1227,1
1228,0
1229,1
1230,1
1231,0
1232,0
1233,0
1234,0
1235,1
1236,0
1237,0
1238,0
1239,1
1240,1
1241,1
1242,0
1243,1
1244,1
1245,0
1246,0
1247,0
1248,0
1249,1
1250,0
1251,1
1252,0
1253,0
1254,1
1255,0
1256,1
1257,0
1258,1
1259,1
1260,1
1261,1
1262,0
1263,0
1264,0
1265,0
1266,0
1267,1
1268,0
1269,0
1270,1
1271,1
1272,1
1273,1
1274,1
1275,0
1276,0
1277,0
1278,0
1279,0
1280,0
1281,1
1282,1
1283,0
1284,0
1285,1
1286,1
1287,1
1288,0
1289,0
1290,1
1291,0
1292,1
1293,0
1294,0
1295,0
1296,0
1297,1
1298,1
1299,0
1300,0
1301,0
1302,1
1303,1
1304,1
1305,0
1306,1
1307,0
1308,1
1309,1
1310,0
1311,1
1312,0
1313,0
1314,0
1315,0
1316,1
1317,1
1318,1
1319,1
1320,1
1321,0
1322,0
1323,1
1324,1
1325,1
1326,1
1327,0
1328,0
1329,1
1330,1
1331,0
1332,0
1333,0
1334,1
1335,0
1336,1
1337,0
1338,0
1339,1
1340,1
1341,1
1342,0
1343,0
1344,1
1345,1
1346,0
1347,0
1348,1
1349,0
1350,0
1351,0
1352,0
1353,0
1354,0
1355,1
1356,0
1357,0
1358,0
1359,1
1360,1
1361,1
1362,1
1363,0
1364,0
1365,1
1366,0
1367,1
1368,1
1369,0
1370,0
1371,0
1372,1
1373,0
1374,0
1375,0
1376,1
1377,1
1378,0
1379,0
1380,0
1381,0
1382,1
1383,0
1384,0
1385,1
1386,0
1387,0
1388,0
1389,1
1390,0
1391,0
1392,1
1393,1
1394,1
1395,1
1396,1
1397,0
1398,0
1399,0
1400,1
1401,1
1402,0
1403,0
1404,0
1405,0
1406,0
1407,1
1408,0
1409,1
1410,1
1411,0
1412,1
1413,0
1414,0
1415,1
1416,0
1417,1
1418,0
1419,1
1420,1
1421,1
1422,1
1423,1
1424,0
1425,0
1426,0
1427,1
1428,1
1429,1
1430,1
1431,0
1432,1
1433,0
1434,1
1435,1
1436,1
1437,0
1438,1
1439,1
1440,1
1441,0
1442,1
1443,1
1444,1
1445,1
1446,1
1447,1
1448,1
1449,1
1450,0
1451,0
1452,1
1453,1
1454,1
1455,1
1456,1
1457,1
1458,0
1459,0
1460,0
1461,1
1462,0
1463,1
1464,1
1465,1
1466,0
1467,1
1468,0
1469,0
1470,1
1471,1
1472,1
1473,0
1474,1
1475,1
1476,0
1477,0
1478,1
1479,1
1480,0
1481,1
1482,0
1483,0
1484,1
1485,0
1486,0
1487,0
1488,1
1489,0
1490,1
1491,1
1492,0
1493,0
1494,0
1495,0
1496,1
1497,1
1498,1
1499,0
1500,1
1501,0
1502,1
1503,1
1504,1
1505,0
1506,0
1507,1
1508,1
1509,0
1510,1
1511,1
1512,0
1513,1
1514,0
1515,0
1516,1
1517,0
1518,0
1519,1
1520,0
1521,1
1522,0
1523,0
1524,0
1525,0
1526,1
1527,0
1528,0
1529,0
1530,1
1531,1
1532,1
1533,0
1534,0
1535,1
1536,0
1537,1
1538,1
1539,1
1540,0
1541,0
1542,0
1543,0
1544,0
1545,1
1546,1
1547,0
1548,1
1549,0
1550,0
1551,0
1552,0
1553,0
1554,1
1555,0
1556,1
1557,0
1558,1
1559,0
1560,0
1561,1
1562,0
1563,0
1564,1
1565,1
1566,0
1567,1
1568,1
1569,1
1570,1
1571,1
1572,0
1573,1
1574,0
1575,1
1576,0
1577,0
1578,1
1579,1
1580,0
1581,1
1582,0
1583,0
1584,1
1585,0
1586,1
1587,1
1588,1
1589,0
1590,1
1591,1
1592,0
1593,1
1594,1
1595,1
1596,1
1597,1
1598,0
1599,0
1600,0
1601,0
1602,0
1603,1
1604,0
1605,0
1606,1
1607,0
1608,0
1609,1
1610,1
1611,0
1612,0
1613,0
1614,0
1615,1
1616,0
1617,1
1618,0
1619,0
1620,1
1621,1
1622,0
1623,0
1624,0
1625,1
1626,0
1627,1
1628,0
1629,0
1630,0
1631,0
1632,0
1633,1
1634,0
1635,1
1636,0
1637,0
1638,0
1639,1
1640,1
1641,1
1642,0
1643,1
1644,0
1645,1
1646,0
1647,0
1648,1
1649,0
1650,1
1651,0
1652,1
1653,0
1654,0
1655,1
1656,1
1657,1
1658,1
1659,1
1660,0
1661,1
1662,0
1663,1
1664,1
1665,0
1666,0
1667,1
1668,0
1669,0
1670,0
1671,1
1672,0
1673,1
1674,0
1675,1
1676,0
1677,0
1678,1
1679,0
1680,1
1681,1
1682,0
1683,0
1684,0
1685,1
1686,1
1687,0
1688,0
1689,1
1690,0
1691,1
1692,0
1693,1
1694,0
1695,1
1696,1
1697,0
1698,0
1699,1
1700,1
1701,0
1702,1
1703,1
1704,1
1705,0
1706,0
1707,0
1708,1
1709,0
1710,1
1711,1
1712,1
1713,1
1714,0
1715,0
1716,1
1717,0
1718,1
1719,0
1720,0
1721,0
1722,1
1723,1
1724,0
1725,1
1726,1
1727,0
1728,0
1729,0
1730,0
1731,0
1732,1
1733,1
1734,0
1735,1
1736,0
1737,1
1738,0
1739,0
1740,1
1741,1
1742,1
1743,0
1744,0
1745,0
1746,0
1747,0
1748,1
1749,1
1750,1
1751,0
1752,1
1753,1
1754,1
1755,0
1756,0
1757,1
1758,0
1759,1
1760,0
1761,0
1762,1
1763,1
1764,0
1765,1
1766,1
1767,0
1768,0
1769,1
1770,0
1771,0
1772,1
1773,0
1774,0
1775,1
1776,1
1777,0
1778,0
1779,0
1780,1
1781,0
1782,1
1783,0
1784,1
1785,0
1786,0
1787,1
1788,0
1789,0
1790,1
1791,1
1792,0
1793,1
1794,0
1795,0
1796,0
1797,1
1798,1
1799,0
1800,1
1801,1
1802,1
1803,1
1804,1
1805,1
1806,1
1807,1
1808,0
1809,0
1810,0
1811,1
1812,0
1813,1
1814,1
1815,1
1816,1
1817,0
1818,0
1819,1
1820,1
1821,0
1822,1
1823,1
1824,0
1825,0
1826,0
1827,1
1828,1
1829,0
1830,0
1831,1
1832,0
1833,1
1834,0
1835,1
1836,1
1837,0
1838,0
1839,0
1840,0
1841,0
1842,1
1843,1
1844,1
1845,1
1846,1
1847,0
1848,0
1849,0
1850,1
1851,0
1852,1
1853,1
1854,0
1855,0
1856,1
1857,1
1858,1
1859,0
1860,0
1861,0
1862,1
1863,0
1864,1
1865,0
1866,1
1867,1
1868,0
1869,0
1870,0
1871,0
1872,1
1873,1
1874,0
1875,0
1876,1
1877,1
1878,1
1879,1
1880,1
1881,0
1882,0
1883,1
1884,0
1885,0
1886,1
1887,0
1888,1
1889,1
1890,0
1891,0
1892,0
1893,1
1894,1
1895,0
1896,0
1897,0
1898,1
1899,0
1900,0
1901,0
1902,1
1903,1
1904,0
1905,0
1906,1
1907,1
1908,0
1909,1
1910,0
1911,1
1912,1
1913,0
1914,0
1915,0
1916,1
1917,1
1918,0
1919,1
1920,1
1921,0
1922,0
1923,1
1924,0
1925,1
1926,0
1927,0
1928,0
1929,0
1930,1
1931,1
1932,1
1933,1
1934,0
1935,0
1936,1
1937,1
1938,0
1939,1
1940,0
1941,1
1942,0
1943,1
1944,1
1945,0
1946,0
1947,1
1948,0
1949,1
1950,0
1951,0
1952,1
1953,1
1954,1
1955,1
1956,0
1957,1
1958,1
1959,0
1960,1
1961,0
1962,0
1963,0
1964,1
1965,1
1966,0
1967,1
1968,1
1969,0
1970,0
1971,0
1972,1
1973,1
1974,0
1975,0
1976,1
1977,0
1978,0
1979,1
1980,1
1981,0
1982,0
1983,0
1984,1
1985,0
1986,0
1987,0
1988,1
1989,0
1990,0
1991,1
1992,1
1993,1
1994,0
1995,1
1996,1
1997,1
1998,0
1999,1
2000,0
2001,0
2002,1
2003,1
2004,0
2005,0
2006,1
2007,0
2008,1
2009,1
2010,1
2011,1
2012,0
2013,0
2014,1
2015,0
2016,0
2017,0
2018,1
2019,0
2020,1
2021,1
2022,0
2023,1
2024,0
2025,0
2026,1
2027,0
2028,1
2029,1
2030,0
2031,0
2032,0
2033,1
2034,1
2035,1
2036,1
2037,1
2038,0
2039,0
2040,0
2041,0
2042,0
2043,0
2044,0
2045,1
2046,0
2047,1
2048,1
2049,0
2050,1
2051,1
2052,1
2053,0
2054,1
2055,0
2056,1
2057,0
2058,0
2059,1
2060,0
2061,0
2062,1
2063,0
2064,0
2065,1
2066,0
2067,1
2068,0
2069,0
2070,1
2071,1
2072,0
2073,1
2074,1
2075,1
2076,1
2077,0
2078,1
2079,0
2080,1
2081,1
2082,1
2083,0
2084,1
2085,1
2086,1
2087,1
2088,1
2089,1
2090,1
2091,0
2092,0
2093,0
2094,1
2095,0
2096,1
2097,0
2098,1
2099,0
2100,1
2101,1
2102,0
2103,1
2104,1
2105,0
2106,0
2107,0
2108,0
2109,1
2110,1
2111,0
2112,1
2113,0
2114,0
2115,1
2116,0
2117,0
2118,0
2119,0
2120,1
2121,1
2122,1
2123,1
2124,1
2125,1
2126,0
2127,0
2128,1
2129,1
2130,0
2131,0
2132,1
2133,1
2134,1
2135,0
2136,1
2137,0
2138,1
2139,0
2140,0
2141,1
2142,0
2143,0
2144,1
2145,0
2146,0
2147,0
2148,0
2149,0
2150,1
2151,1
2152,1
2153,0
2154,0
2155,0
2156,0
2157,0
2158,0
2159,0
2160,0
2161,0
2162,1
2163,0
2164,0
2165,1
2166,0
2167,1
2168,1
2169,0
2170,1
2171,1
2172,1
2173,0
2174,1
2175,1
2176,1
2177,0
2178,1
2179,1
2180,0
2181,0
2182,1
2183,1
2184,0
2185,0
2186,0
2187,0
2188,0
2189,0
2190,1
2191,1
2192,0
2193,0
2194,1
2195,1
2196,1
2197,1
2198,0
2199,0
2200,1
2201,1
2202,1
2203,0
2204,1
2205,0
2206,1
2207,1
2208,1
2209,0
2210,1
2211,1
2212,1
2213,1
2214,0
2215,0
2216,1
2217,1
2218,0
2219,0
2220,0
2221,1
2222,0
2223,0
2224,1
2225,0
2226,1
2227,1
2228,1
2229,0
2230,1
2231,1
2232,0
2233,0
2234,0
2235,1
2236,0
2237,0
2238,0
2239,0
2240,0
2241,0
2242,1
2243,1
2244,1
2245,0
2246,1
2247,1
2248,0
2249,1
2250,1
2251,0
2252,0
2253,0
2254,1
2255,1
2256,1
2257,0
2258,0
2259,0
2260,0
2261,1
2262,0
2263,0
2264,1
2265,1
2266,1
2267,0
2268,0
2269,0
2270,1
2271,0
2272,1
2273,1
2274,0
2275,0
2276,0
2277,1
2278,0
2279,0
2280,1
2281,0
2282,0
2283,0
2284,1
2285,1
2286,0
2287,0
2288,1
2289,1
2290,1
2291,0
2292,1
2293,1
2294,0
2295,1
2296,0
2297,1
2298,1
2299,0
2300,0
2301,1
2302,0
2303,0
2304,0
2305,1
2306,0
2307,0
2308,0
2309,1
2310,0
2311,1
2312,0
2313,0
2314,0
2315,1
2316,1
2317,1
2318,1
2319,0
2320,1
2321,0
2322,1
2323,0
2324,0
2325,0
2326,1
2327,0
2328,1
2329,1
2330,1
2331,1
2332,1
2333,0
2334,1
2335,0
2336,1
2337,1
2338,1
2339,0
2340,1
2341,1
2342,1
2343,0
2344,0
2345,0
2346,1
2347,0
2348,0
2349,1
2350,0
2351,0
2352,0
2353,0
2354,1
2355,0
2356,0
2357,1
2358,1
2359,1
2360,0
2361,1
2362,0
2363,1
2364,0
2365,0
2366,0
2367,0
2368,0
2369,1
2370,0
2371,0
2372,1
2373,0
2374,0
2375,0
2376,1
2377,1
2378,0
2379,0
2380,1
2381,0
2382,0
2383,0
2384,0
2385,0
2386,1
2387,1
2388,1
2389,1
2390,1
2391,0
2392,0
2393,1
2394,1
2395,1
2396,1
2397,0
2398,0
2399,1
2400,1
2401,0
2402,1
2403,0
2404,0
2405,0
2406,1
2407,0
2408,1
2409,1
2410,0
2411,0
2412,1
2413,0
2414,0
2415,0
2416,1
2417,0
2418,0
2419,1
2420,0
2421,0
2422,1
2423,1
2424,0
2425,1
2426,0
2427,1
2428,1
2429,0
2430,0
2431,1
2432,1
2433,1
2434,1
2435,1
2436,0
2437,0
2438,0
2439,1
2440,0
2441,0
2442,1
2443,0
2444,0
2445,0
2446,1
2447,0
2448,1
2449,0
2450,1
2451,0
2452,0
2453,0
2454,0
2455,0
2456,1
2457,0
2458,1
2459,0
2460,0
2461,1
2462,0
2463,0
2464,0
2465,0
2466,1
2467,0
2468,0
2469,1
2470,1
2471,0
2472,0
2473,1
2474,1
2475,0
2476,0
2477,1
2478,1
2479,0
2480,0
2481,1
2482,0
2483,0
2484,0
2485,1
2486,1
2487,1
2488,1
2489,1
2490,1
2491,0
2492,0
2493,0
2494,0
2495,1
2496,0
2497,1
2498,0
2499,1
2500,0
2501,1
2502,1
2503,0
2504,0
2505,0
2506,0
2507,1
2508,1
2509,0
2510,0
2511,0
2512,0
2513,1
2514,1
2515,0
2516,1
2517,0
2518,1
2519,0
2520,0
2521,1
2522,0
2523,1
2524,0
2525,0
2526,0
2527,0
2528,1
2529,0
2530,1
2531,0
2532,0
2533,0
2534,0
2535,1
2536,1
2537,0
2538,1
2539,0
2540,0
2541,0
2542,1
2543,1
2544,1
2545,1
2546,0
2547,0
2548,0
2549,0
2550,1
2551,1
2552,0
2553,0
2554,0
2555,0
2556,1
2557,1
2558,0
2559,0
2560,1
2561,1
2562,1
2563,1
2564,1
2565,1
2566,0
2567,1
2568,0
2569,1
2570,0
2571,1
2572,0
2573,0
2574,1
2575,1
2576,1
2577,0
2578,0
2579,1
2580,1
2581,1
2582,0
2583,0
2584,1
2585,1
2586,0
2587,0
2588,1
2589,0
2590,1
2591,0
2592,1
2593,0
2594,0
2595,1
2596,0
2597,0
2598,0
2599,0
2600,1
2601,0
2602,0
2603,0
2604,0
2605,1
2606,1
2607,1
2608,1
2609,0
2610,1
2611,1
2612,1
2613,1
2614,1
2615,0
2616,0
2617,1
2618,1
2619,0
2620,0
2621,0
2622,1
2623,1
2624,0
2625,0
2626,0
2627,1
2628,0
2629,0
2630,0
2631,1
2632,0
2633,0
2634,1
2635,1
2636,0
2637,0
2638,1
2639,0
2640,0
2641,1
2642,1
2643,1
2644,0
2645,0
2646,1
2647,0
2648,1
2649,1
2650,0
2651,1
2652,0
2653,0
2654,1
2655,0
2656,0
2657,1
2658,0
2659,1
2660,0
2661,0
2662,0
2663,0
2664,0
2665,1
2666,0
2667,0
2668,1
2669,1
2670,1
2671,0
2672,0
2673,0
2674,1
2675,0
2676,1
2677,0
2678,1
2679,1
2680,1
2681,1
2682,0
2683,1
2684,0
2685,1
2686,1
2687,0
2688,0
2689,0
2690,0
2691,0
2692,0
2693,0
2694,1
2695,1
2696,1
2697,1
2698,0
2699,0
2700,0
2701,1
2702,1
2703,1
2704,1
2705,1
2706,1
2707,1
2708,0
2709,1
2710,0
2711,1
2712,0
2713,0
2714,0
2715,0
2716,0
2717,0
2718,0
2719,0
2720,0
2721,0
2722,1
2723,1
2724,0
2725,0
2726,0
2727,0
2728,1
2729,0
2730,0
2731,0
2732,0
2733,0
2734,1
2735,0
2736,1
2737,0
2738,0
2739,1
2740,0
2741,1
2742,0
2743,1
2744,1
2745,1
2746,0
2747,0
2748,0
2749,1
2750,0
2751,1
2752,0
2753,0
2754,0
2755,0
2756,0
2757,0
2758,0
2759,0
2760,0
2761,0
2762,0
2763,1
2764,0
2765,0
2766,1
2767,0
2768,0
2769,0
2770,0
2771,1
2772,1
2773,1
2774,1
2775,1
2776,0
2777,1
2778,1
2779,1
2780,1
2781,0
2782,1
2783,1
2784,0
2785,1
2786,0
2787,0
2788,0
2789,1
2790,0
2791,0
2792,1
2793,0
2794,1
2795,1
2796,1
2797,0
2798,1
2799,1
2800,0
2801,0
2802,1
2803,1
2804,0
2805,1
2806,0
2807,0
2808,1
2809,1
2810,0
2811,1
2812,0
2813,1
2814,0
2815,1
2816,1
2817,1
2818,0
2819,0
2820,1
2821,0
2822,1
2823,0
2824,1
2825,1
2826,0
2827,0
2828,0
2829,0
2830,1
2831,0
2832,1
2833,0
2834,0
2835,0
2836,0
2837,1
2838,1
2839,1
2840,0
2841,1
2842,1
2843,0
2844,0
2845,0
2846,1
2847,1
2848,1
2849,1
2850,0
2851,1
2852,1
2853,1
2854,1
2855,1
2856,1
2857,1
2858,1
2859,1
2860,0
2861,0
2862,0
2863,0
2864,1
2865,0
2866,0
2867,0
2868,0
2869,0
2870,1
2871,0
2872,1
2873,0
2874,0
2875,1
2876,1
2877,0
2878,0
2879,1
2880,1
2881,0
2882,1
2883,0
2884,0
2885,0
2886,0
2887,1
2888,1
2889,0
2890,0
2891,0
2892,0
2893,1
2894,0
2895,0
2896,0
2897,0
2898,0
2899,1
2900,1
2901,1
2902,1
2903,1
2904,0
2905,1
2906,0
2907,0
2908,0
2909,0
2910,0
2911,1
2912,0
2913,1
2914,0
2915,0
2916,0
2917,1
2918,1
2919,1
2920,1
2921,0
2922,0
2923,1
2924,1
2925,0
2926,1
2927,0
2928,0
2929,0
2930,1
2931,0
2932,1
2933,1
2934,1
2935,1
2936,0
2937,0
2938,0
2939,0
2940,1
2941,1
2942,0
2943,1
2944,0
2945,1
2946,0
2947,1
2948,1
2949,1
2950,1
2951,0
2952,1
2953,1
2954,0
2955,0
2956,1
2957,0
2958,1
2959,0
2960,1
2961,0
2962,0
2963,0
2964,1
2965,1
2966,0
2967,1
2968,0
2969,0
2970,0
2971,1
2972,1
2973,0
2974,1
2975,0
2976,0
2977,0
2978,0
2979,0
2980,0
2981,1
2982,1
2983,0
2984,1
2985,1
2986,0
2987,1
2988,0
2989,1
2990,0
2991,1
2992,1
2993,0
2994,1
2995,0
2996,0
2997,1
2998,0
2999,0
3000,1
3001,1
3002,1
3003,0
3004,1
3005,0
3006,0
3007,1
3008,0
3009,1
3010,1
3011,1
3012,0
3013,1
3014,1
3015,1
3016,0
3017,0
3018,1
3019,0
3020,0
3021,1
3022,1
3023,0
3024,1
3025,1
3026,1
3027,1
3028,0
3029,0
3030,0
3031,0
3032,0
3033,1
3034,0
3035,0
3036,0
3037,1
3038,0
3039,1
3040,0
3041,1
3042,0
3043,0
3044,0
3045,0
3046,0
3047,1
3048,0
3049,1
3050,0
3051,1
3052,0
3053,0
3054,0
3055,0
3056,0
3057,0
3058,0
3059,1
3060,1
3061,0
3062,0
3063,0
3064,1
3065,1
3066,1
3067,1
3068,1
3069,1
3070,0
3071,1
3072,1
3073,0
3074,1
3075,0
3076,1
3077,0
3078,1
3079,0
3080,1
3081,0
3082,0
3083,1
3084,1
3085,0
3086,0
3087,1
3088,0
3089,1
3090,0
3091,1
3092,1
3093,1
3094,1
3095,1
3096,0
3097,0
3098,1
3099,0
3100,0
3101,1
3102,0
3103,1
3104,0
3105,0
3106,0
3107,0
3108,1
3109,0
3110,0
3111,1
3112,0
3113,1
3114,0
3115,1
3116,0
3117,0
3118,1
3119,1
3120,0
3121,1
3122,0
3123,0
3124,0
3125,1
3126,0
3127,0
3128,1
3129,1
3130,0
3131,0
3132,0
3133,0
3134,0
3135,0
3136,1
3137,0
3138,0
3139,1
3140,0
3141,0
3142,1
3143,0
3144,0
3145,0
3146,0
3147,1
3148,0
3149,1
3150,0
3151,0
3152,0
3153,1
3154,0
3155,1
3156,0
3157,1
3158,0
3159,1
3160,0
3161,0
3162,1
3163,0
3164,1
3165,0
3166,1
3167,0
3168,0
3169,0
3170,0
3171,1
3172,0
3173,0
3174,0
3175,0
3176,1
3177,0
3178,0
3179,1
3180,0
3181,1
3182,1
3183,1
3184,0
3185,0
3186,0
3187,0
3188,1
3189,1
3190,1
3191,0
3192,0
3193,0
3194,0
3195,1
3196,1
3197,1
3198,0
3199,1
3200,0
3201,0
3202,1
3203,0
3204,0
3205,0
3206,1
3207,1
3208,0
3209,0
3210,1
3211,0
3212,0
3213,1
3214,1
3215,0
3216,0
3217,0
3218,1
3219,1
3220,1
3221,1
3222,1
3223,1
3224,1
3225,0
3226,0
3227,0
3228,0
3229,0
3230,1
3231,0
3232,0
3233,1
3234,1
3235,1
3236,0
3237,0
3238,1
3239,0
3240,0
3241,1
3242,0
3243,0
3244,0
3245,1
3246,0
3247,0
3248,0
3249,1
3250,0
3251,0
3252,0
3253,0
3254,0
3255,0
3256,0
3257,0
3258,1
3259,1
3260,0
3261,0
3262,1
3263,1
3264,0
3265,0
3266,1
3267,0
3268,0
3269,0
3270,0
3271,0
3272,0
3273,1
3274,1
3275,0
3276,1
3277,1
3278,1
3279,0
3280,1
3281,1
3282,0
3283,1
3284,0
3285,0
3286,0
3287,1
3288,1
3289,1
3290,0
3291,0
3292,0
3293,1
3294,1
3295,0
3296,1
3297,1
3298,0
3299,0
3300,0
3301,1
3302,1
3303,1
3304,0
3305,1
3306,0
3307,0
3308,1
3309,1
3310,0
3311,1
3312,0
3313,0
3314,1
3315,1
3316,0
3317,0
3318,1
3319,1
3320,0
3321,0
3322,1
3323,0
3324,0
3325,1
3326,1
3327,0
3328,1
3329,0
3330,0
3331,0
3332,1
3333,0
3334,1
3335,0
3336,1
3337,1
3338,0
3339,1
3340,0
3341,0
3342,0
3343,0
3344,0
3345,0
3346,0
3347,0
3348,1
3349,1
3350,1
3351,0
3352,1
3353,1
3354,0
3355,1
3356,1
3357,0
3358,1
3359,0
3360,0
3361,0
3362,0
3363,0
3364,1
3365,1
3366,1
3367,0
3368,0
3369,0
3370,1
3371,1
3372,1
3373,0
3374,0
3375,0
3376,1
3377,1
3378,1
3379,1
3380,1
3381,0
3382,0
3383,0
3384,0
3385,0
3386,0
3387,1
3388,1
3389,0
3390,1
3391,1
3392,0
3393,1
3394,0
3395,0
3396,1
3397,0
3398,0
3399,0
3400,0
3401,1
3402,0
3403,1
3404,1
3405,1
3406,0
3407,0
3408,1
3409,1
3410,1
3411,1
3412,1
3413,0
3414,1
3415,1
3416,0
3417,0
3418,0
3419,1
3420,0
3421,1
3422,0
3423,1
3424,1
3425,0
3426,1
3427,0
3428,1
3429,0
3430,1
3431,1
3432,1
3433,0
3434,0
3435,0
3436,0
3437,0
3438,1
3439,0
3440,0
3441,0
3442,0
3443,1
3444,1
3445,0
3446,0
3447,0
3448,0
3449,0
3450,0
3451,0
3452,0
3453,1
3454,0
3455,1
3456,1
3457,0
3458,0
3459,0
3460,0
3461,0
3462,1
3463,1
3464,1
3465,1
3466,0
3467,1
3468,0
3469,1
3470,0
3471,0
3472,0
3473,0
3474,0
3475,1
3476,1
3477,0
3478,0
3479,0
3480,1
3481,0
3482,0
3483,0
3484,1
3485,0
3486,0
3487,0
3488,1
3489,1
3490,0
3491,0
3492,0
3493,0
3494,0
3495,1
3496,1
3497,0
3498,0
3499,0
3500,1
3501,0
3502,0
3503,1
3504,1
3505,1
3506,1
3507,0
3508,1
3509,0
3510,1
3511,1
3512,1
3513,1
3514,1
3515,0
3516,1
3517,0
3518,0
3519,0
3520,0
3521,1
3522,1
3523,0
3524,0
3525,1
3526,0
3527,0
3528,1
3529,1
3530,1
3531,1
3532,1
3533,0
3534,0
3535,0
3536,0
3537,1
3538,0
3539,1
3540,1
3541,1
3542,0
3543,0
3544,1
3545,0
3546,0
3547,0
3548,0
3549,1
3550,1
3551,1
3552,1
3553,0
3554,0
3555,0
3556,0
3557,0
3558,0
3559,0
3560,1
3561,1
3562,1
3563,0
3564,1
3565,0
3566,0
3567,0
3568,1
3569,0
3570,1
3571,1
3572,1
3573,1
3574,0
3575,0
3576,1
3577,0
3578,0
3579,1
3580,1
3581,1
3582,1
3583,1
3584,0
3585,0
3586,0
3587,1
3588,1
3589,1
3590,1
3591,0
3592,0
3593,1
3594,0
3595,1
3596,0
3597,0
3598,1
3599,1
3600,0
3601,0
3602,1
3603,1
3604,1
3605,0
3606,0
3607,0
3608,0
3609,0
3610,1
3611,1
3612,1
3613,0
3614,0
3615,0
3616,0
3617,0
3618,1
3619,0
3620,0
3621,1
3622,0
3623,0
3624,0
3625,1
3626,1
3627,0
3628,0
3629,1
3630,0
3631,1
3632,1
3633,0
3634,1
3635,1
3636,1
3637,0
3638,0
3639,0
3640,0
3641,1
3642,0
3643,1
3644,1
3645,0
3646,0
3647,0
3648,0
3649,1
3650,0
3651,1
3652,1
3653,0
3654,1
3655,0
3656,0
3657,0
3658,1
3659,0
3660,0
3661,0
3662,1
3663,0
3664,0
3665,1
3666,1
3667,0
3668,0
3669,1
3670,0
3671,0
3672,1
3673,0
3674,1
3675,1
3676,1
3677,1
3678,0
3679,0
3680,0
3681,1
3682,1
3683,0
3684,1
3685,1
3686,1
3687,0
3688,1
3689,1
3690,0
3691,0
3692,0
3693,1
3694,0
3695,1
3696,1
3697,1
3698,0
3699,1
3700,1
3701,1
3702,1
3703,0
3704,0
3705,0
3706,1
3707,0
3708,1
3709,0
3710,0
3711,0
3712,0
3713,0
3714,1
3715,1
3716,1
3717,0
3718,0
3719,1
3720,0
3721,0
3722,1
3723,1
3724,1
3725,0
3726,0
3727,1
3728,0
3729,0
3730,1
3731,0
3732,0
3733,1
3734,1
3735,0
3736,1
3737,0
3738,1
3739,0
3740,1
3741,1
3742,0
3743,1
3744,1
3745,0
3746,1
3747,1
3748,1
3749,0
3750,0
3751,0
3752,1
3753,1
3754,1
3755,0
3756,0
3757,0
3758,0
3759,0
3760,1
3761,1
3762,1
3763,0
3764,1
3765,0
3766,0
3767,1
3768,1
3769,1
3770,1
3771,0
3772,0
3773,0
3774,1
3775,1
3776,0
3777,1
3778,1
3779,1
3780,1
3781,0
3782,0
3783,0
3784,1
3785,1
3786,0
3787,1
3788,1
3789,0
3790,0
3791,1
3792,0
3793,0
3794,0
3795,0
3796,0
3797,0
3798,1
3799,1
3800,0
3801,0
3802,1
3803,0
3804,0
3805,1
3806,0
3807,1
3808,1
3809,0
3810,1
3811,1
3812,0
3813,0
3814,0
3815,0
3816,0
3817,0
3818,0
3819,0
3820,0
3821,0
3822,1
3823,0
3824,1
3825,0
3826,0
3827,0
3828,0
3829,1
3830,0
3831,0
3832,0
3833,0
3834,0
3835,0
3836,0
3837,0
3838,1
3839,0
3840,0
3841,0
3842,1
3843,1
3844,1
3845,0
3846,0
3847,0
3848,0
3849,1
3850,1
3851,0
3852,1
3853,1
3854,1
3855,0
3856,1
3857,1
3858,1
3859,0
3860,0
3861,0
3862,1
3863,1
3864,1
3865,0
3866,0
3867,0
3868,0
3869,0
3870,0
3871,0
3872,0
3873,0
3874,1
3875,0
3876,0
3877,0
3878,1
3879,0
3880,0
3881,1
3882,1
3883,1
3884,1
3885,1
3886,0
3887,0
3888,0
3889,0
3890,0
3891,0
3892,0
3893,1
3894,0
3895,0
3896,0
3897,1
3898,0
3899,1
3900,0
3901,0
3902,0
3903,1
3904,0
3905,0
3906,1
3907,0
3908,0
3909,0
3910,0
3911,1
3912,0
3913,1
3914,1
3915,0
3916,1
3917,0
3918,0
3919,0
3920,0
3921,1
3922,0
3923,1
3924,1
3925,1
3926,1
3927,1
3928,1
3929,1
3930,1
3931,0
3932,0
3933,1
3934,1
3935,1
3936,1
3937,1
3938,0
3939,1
3940,0
3941,1
3942,1
3943,0
3944,1
3945,0
3946,1
3947,0
3948,0
3949,1
3950,1
3951,0
3952,1
3953,1
3954,0
3955,1
3956,0
3957,0
3958,0
3959,0
3960,0
3961,0
3962,1
3963,0
3964,0
3965,0
3966,0
3967,0
3968,0
3969,0
3970,0
3971,0
3972,0
3973,1
3974,0
3975,0
3976,0
3977,1
3978,1
3979,0
3980,1
3981,0
3982,1
3983,0
3984,0
3985,0
3986,0
3987,0
3988,0
3989,0
3990,1
3991,1
3992,1
3993,1
3994,1
3995,0
3996,0
3997,0
3998,0
3999,0
4000,0
4001,1
4002,0
4003,0
4004,0
4005,1
4006,0
4007,1
4008,1
4009,1
4010,0
4011,1
4012,0
4013,1
4014,0
4015,0
4016,1
4017,0
4018,1
4019,1
4020,0
4021,0
4022,1
4023,0
4024,0
4025,1
4026,0
4027,1
4028,0
4029,1
4030,1
4031,0
4032,1
4033,1
4034,1
4035,1
4036,1
4037,1
4038,0
4039,1
4040,0
4041,0
4042,0
4043,0
4044,1
4045,0
4046,0
4047,0
4048,1
4049,1
4050,0
4051,1
4052,1
4053,0
4054,0
4055,0
4056,0
4057,0
4058,0
4059,0
4060,1
4061,1
4062,0
4063,0
4064,1
4065,0
4066,0
4067,1
4068,1
4069,0
4070,1
4071,0
4072,1
4073,0
4074,0
4075,0
4076,0
4077,1
4078,1
4079,1
4080,0
4081,0
4082,0
4083,1
4084,1
4085,1
4086,0
4087,1
4088,0
4089,1
4090,0
4091,0
4092,1
4093,1
4094,1
4095,0
4096,0
4097,0
4098,0
4099,0
4100,0
4101,1
4102,1
4103,0
4104,0
4105,0
4106,1
4107,0
4108,1
4109,0
4110,1
4111,0
4112,1
4113,0
4114,0
4115,0
4116,1
4117,0
4118,1
4119,1
4120,1
4121,1
4122,0
4123,1
4124,1
4125,0
4126,1
4127,0
4128,1
4129,0
4130,1
4131,0
4132,0
4133,1
4134,1
4135,0
4136,1
4137,1
4138,0
4139,1
4140,0
4141,1
4142,1
4143,0
4144,0
4145,0
4146,0
4147,1
4148,1
4149,1
4150,0
4151,1
4152,1
4153,0
4154,1
4155,0
4156,1
4157,0
4158,0
4159,0
4160,0
4161,1
4162,0
4163,1
4164,0
4165,0
4166,0
4167,1
4168,0
4169,1
4170,0
4171,1
4172,0
4173,0
4174,1
4175,1
4176,1
4177,0
4178,1
4179,1
4180,1
4181,1
4182,0
4183,0
4184,1
4185,1
4186,1
4187,0
4188,1
4189,0
4190,0
4191,1
4192,0
4193,1
4194,0
4195,1
4196,0
4197,0
4198,1
4199,1
4200,1
4201,0
4202,0
4203,0
4204,1
4205,0
4206,1
4207,0
4208,0
4209,1
4210,0
4211,1
4212,1
4213,0
4214,1
4215,0
4216,0
4217,0
4218,1
4219,0
4220,1
4221,0
4222,1
4223,0
4224,0
4225,0
4226,1
4227,1
4228,1
4229,0
4230,1
4231,1
4232,1
4233,1
4234,0
4235,0
4236,0
4237,1
4238,0
4239,0
4240,0
4241,0
4242,0
4243,0
4244,1
4245,1
4246,0
4247,0
4248,0
4249,1
4250,1
4251,1
4252,0
4253,1
4254,1
4255,0
4256,0
4257,0
4258,1
4259,0
4260,0
4261,0
4262,0
4263,1
4264,0
4265,1
4266,0
4267,0
4268,1
4269,0
4270,0
4271,0
4272,1
4273,0
4274,0
4275,1
4276,1
4277,0
4278,0
4279,0
4280,0
4281,1
4282,0
4283,0
4284,0
4285,1
4286,0
4287,0
4288,1
4289,1
4290,1
4291,1
4292,0
4293,0
4294,0
4295,0
4296,0
4297,0
4298,0
4299,0
4300,1
4301,0
4302,1
4303,0
4304,1
4305,1
4306,0
4307,0
4308,1
4309,0
4310,0
4311,1
4312,0
4313,0
4314,0
4315,1
4316,1
4317,0
4318,1
4319,0
4320,1
4321,1
4322,0
4323,1
4324,0
4325,1
4326,0
4327,1
4328,0
4329,1
4330,0
4331,1
4332,1
4333,1
4334,1
4335,1
4336,1
4337,0
4338,1
4339,1
4340,0
4341,0
4342,1
4343,0
4344,1
4345,0
4346,1
4347,0
4348,0
4349,0
4350,1
4351,0
4352,1
4353,0
4354,0
4355,0
4356,0
4357,0
4358,0
4359,0
4360,1
4361,0
4362,1
4363,0
4364,1
4365,1
4366,1
4367,1
4368,0
4369,0
4370,0
4371,1
4372,1
4373,1
4374,0
4375,1
4376,1
4377,0
4378,0
4379,0
4380,0
4381,1
4382,0
4383,0
4384,1
4385,0
4386,0
4387,1
4388,0
4389,0
4390,1
4391,1
4392,1
4393,0
4394,0
4395,0
4396,0
4397,1
4398,0
4399,0
4400,0
4401,1
4402,0
4403,1
4404,0
4405,1
4406,0
4407,0
4408,0
4409,1
4410,0
4411,0
4412,0
4413,0
4414,0
4415,0
4416,0
4417,0
4418,1
4419,0
4420,0
4421,1
4422,0
4423,0
4424,0
4425,0
4426,0
4427,0
4428,1
4429,0
4430,1
4431,1
4432,1
4433,0
4434,1
4435,0
4436,0
4437,1
4438,0
4439,0
4440,1
4441,1
4442,1
4443,0
4444,1
4445,0
4446,0
4447,0
4448,1
4449,0
4450,0
4451,1
4452,0
4453,0
4454,0
4455,1
4456,1
4457,0
4458,0
4459,0
4460,1
4461,0
4462,1
4463,1
4464,0
4465,1
4466,0
4467,0
4468,0
4469,0
4470,0
4471,1
4472,1
4473,1
4474,1
4475,1
4476,1
4477,0
4478,0
4479,1
4480,1
4481,1
4482,0
4483,1
4484,0
4485,1
4486,1
4487,1
4488,0
4489,1
4490,0
4491,1
4492,0
4493,1
4494,0
4495,1
4496,1
4497,1
4498,0
4499,0
4500,0
4501,1
4502,0
4503,0
4504,1
4505,0
4506,0
4507,1
4508,0
4509,1
4510,0
4511,0
4512,0
4513,1
4514,1
4515,0
4516,0
4517,1
4518,0
4519,1
4520,1
4521,1
4522,1
4523,0
4524,0
4525,0
4526,0
4527,0
4528,0
4529,0
4530,0
4531,0
4532,1
4533,1
4534,1
4535,0
4536,1
4537,0
4538,0
4539,1
4540,0
4541,1
4542,1
4543,1
4544,1
4545,0
4546,1
4547,1
4548,0
4549,0
4550,0
4551,1
4552,0
4553,0
4554,0
4555,0
4556,1
4557,0
4558,1
4559,1
4560,1
4561,0
4562,0
4563,0
4564,1
4565,0
4566,0
4567,1
4568,1
4569,1
4570,1
4571,1
4572,0
4573,1
4574,1
4575,1
4576,0
4577,1
4578,1
4579,0
4580,1
4581,0
4582,1
4583,1
4584,1
4585,1
4586,0
4587,0
4588,1
4589,0
4590,1
4591,0
4592,0
4593,1
4594,1
4595,1
4596,0
4597,0
4598,1
4599,1
4600,1
4601,0
4602,1
4603,0
4604,0
4605,1
4606,1
4607,1
4608,1
4609,0
4610,1
4611,1
4612,0
4613,0
4614,0
4615,1
4616,1
4617,0
4618,0
4619,1
4620,0
4621,0
4622,1
4623,0
4624,1
4625,0
4626,0
4627,0
4628,1
4629,1
4630,0
4631,1
4632,0
4633,1
4634,0
4635,1
4636,0
4637,0
4638,1
4639,1
4640,1
4641,0
4642,0
4643,1
4644,0
4645,1
4646,0
4647,0
4648,1
4649,0
4650,0
4651,0
4652,0
4653,0
4654,1
4655,0
4656,0
4657,1
4658,0
4659,0
4660,1
4661,0
4662,0
4663,0
4664,1
4665,0
4666,0
4667,1
4668,1
4669,1
4670,0
4671,1
4672,0
4673,0
4674,1
4675,1
4676,0
4677,1
4678,1
4679,1
4680,1
4681,1
4682,0
4683,0
4684,0
4685,1
4686,1
4687,1
4688,0
4689,0
4690,0
4691,0
4692,1
4693,1
4694,1
4695,0
4696,1
4697,0
4698,0
4699,0
4700,1
4701,1
4702,1
4703,0
4704,0
4705,1
4706,0
4707,1
4708,0
4709,1
4710,1
4711,1
4712,0
4713,0
4714,0
4715,0
4716,0
4717,1
4718,0
4719,1
4720,0
4721,0
4722,1
4723,1
4724,1
4725,0
4726,0
4727,0
4728,0
4729,1
4730,1
4731,0
4732,1
4733,0
4734,0
4735,1
4736,1
4737,0
4738,0
4739,0
4740,1
4741,1
4742,0
4743,1
4744,0
4745,0
4746,0
4747,0
4748,0
4749,0
4750,0
4751,0
4752,0
4753,1
4754,0
4755,1
4756,0
4757,1
4758,1
4759,0
4760,1
4761,0
4762,1
4763,1
4764,1
4765,1
4766,0
4767,1
4768,0
4769,0
4770,1
4771,0
4772,1
4773,1
4774,0
4775,0
4776,0
4777,0
4778,1
4779,1
4780,0
4781,0
4782,0
4783,0
4784,0
4785,0
4786,0
4787,0
4788,0
4789,1
4790,1
4791,1
4792,0
4793,1
4794,1
4795,1
4796,1
4797,0
4798,0
4799,0
4800,0
4801,1
4802,0
4803,1
4804,1
4805,1
4806,0
4807,1
4808,1
4809,1
4810,0
4811,0
4812,0
4813,1
4814,1
4815,0
4816,0
4817,1
4818,0
4819,1
4820,0
4821,1
4822,0
4823,1
4824,1
4825,0
4826,0
4827,0
4828,0
4829,0
4830,1
4831,1
4832,1
4833,1
4834,1
4835,0
4836,0
4837,1
4838,1
4839,1
4840,1
4841,0
4842,0
4843,1
4844,1
4845,1
4846,0
4847,1
4848,0
4849,0
4850,0
4851,0
4852,0
4853,1
4854,1
4855,0
4856,0
4857,1
4858,1
4859,0
4860,0
4861,1
4862,0
4863,1
4864,0
4865,1
4866,1
4867,0
4868,1
4869,0
4870,1
4871,1
4872,0
4873,1
4874,0
4875,1
4876,0
4877,1
4878,0
4879,0
4880,1
4881,0
4882,0
4883,1
4884,1
4885,1
4886,0
4887,0
4888,0
4889,1
4890,1
4891,1
4892,1
4893,1
4894,0
4895,1
4896,1
4897,0
4898,0
4899,1
4900,0
4901,0
4902,0
4903,0
4904,1
4905,1
4906,1
4907,1
4908,1
4909,0
4910,0
4911,0
4912,1
4913,0
4914,0
4915,0
4916,1
4917,0
4918,0
4919,0
4920,1
4921,1
4922,0
4923,1
4924,0
4925,0
4926,0
4927,0
4928,1
4929,0
4930,1
4931,0
4932,0
4933,1
4934,1
4935,0
4936,0
4937,0
4938,0
4939,0
4940,0
4941,1
4942,1
4943,0
4944,0
4945,0
4946,0
4947,1
4948,0
4949,1
4950,1
4951,0
4952,0
4953,0
4954,0
4955,0
4956,1
4957,0
4958,0
4959,0
4960,0
4961,1
4962,0
4963,0
4964,0
4965,0
4966,0
4967,0
4968,1
4969,1
4970,0
4971,1
4972,0
4973,0
4974,0
4975,1
4976,0
4977,0
4978,0
4979,0
4980,0
4981,1
4982,1
4983,0
4984,1
4985,1
4986,0
4987,0
4988,0
4989,1
4990,0
4991,0
4992,0
4993,0
4994,0
4995,1
4996,0
4997,0
4998,0
4999,0
5000,1
5001,0
5002,0
5003,0
5004,0
5005,0
5006,0
5007,0
5008,1
5009,0
5010,0
5011,0
5012,1
5013,0
5014,1
5015,0
5016,0
5017,1
5018,0
5019,0
5020,0
5021,0
5022,1
5023,1
5024,0
5025,1
5026,1
5027,1
5028,0
5029,1
5030,1
5031,1
5032,0
5033,0
5034,1
5035,0
5036,1
5037,0
5038,0
5039,1
5040,0
5041,0
5042,1
5043,1
5044,0
5045,1
5046,1
5047,1
5048,1
5049,0
5050,0
5051,0
5052,0
5053,0
5054,1
5055,0
5056,0
5057,0
5058,0
5059,1
5060,1
5061,1
5062,0
5063,0
5064,0
5065,0
5066,0
5067,0
5068,0
5069,0
5070,0
5071,1
5072,0
5073,0
5074,0
5075,1
5076,0
5077,0
5078,1
5079,0
5080,1
5081,0
5082,1
5083,1
5084,0
5085,1
5086,0
5087,0
5088,0
5089,1
5090,0
5091,0
5092,0
5093,1
5094,0
5095,0
5096,0
5097,0
5098,0
5099,0
5100,0
5101,1
5102,0
5103,1
5104,1
5105,1
5106,0
5107,1
5108,1
5109,0
5110,0
5111,0
5112,1
5113,1
5114,0
5115,0
5116,1
5117,1
5118,0
5119,1
5120,1
5121,1
5122,0
5123,1
5124,0
5125,0
5126,1
5127,0
5128,1
5129,1
5130,1
5131,1
5132,1
5133,0
5134,0
5135,1
5136,0
5137,1
5138,1
5139,0
5140,0
5141,0
5142,1
5143,0
5144,0
5145,1
5146,0
5147,0
5148,0
5149,1
5150,1
5151,0
5152,0
5153,0
5154,1
5155,0
5156,0
5157,1
5158,1
5159,0
5160,0
5161,0
5162,1
5163,1
5164,1
5165,0
5166,1
5167,0
5168,0
5169,0
5170,1
5171,1
5172,0
5173,1
5174,0
5175,1
5176,1
5177,0
5178,0
5179,0
5180,1
5181,1
5182,1
5183,0
5184,1
5185,0
5186,0
5187,0
5188,0
5189,0
5190,0
5191,0
5192,0
5193,0
5194,0
5195,0
5196,0
5197,1
5198,0
5199,0
5200,0
5201,0
5202,0
5203,1
5204,0
5205,0
5206,1
5207,0
5208,1
5209,0
5210,0
5211,1
5212,1
5213,0
5214,0
5215,1
5216,1
5217,1
5218,0
5219,1
5220,1
5221,1
5222,0
5223,0
5224,1
5225,1
5226,0
5227,1
5228,0
5229,0
5230,0
5231,1
5232,0
5233,1
5234,0
5235,1
5236,1
5237,1
5238,1
5239,1
5240,1
5241,1
5242,0
5243,1
5244,0
5245,1
5246,0
5247,1
5248,0
5249,0
5250,0
5251,0
5252,0
5253,1
5254,1
5255,1
5256,1
5257,1
5258,1
5259,0
5260,1
5261,1
5262,1
5263,0
5264,1
5265,0
5266,0
5267,1
5268,1
5269,0
5270,0
5271,0
5272,1
5273,1
5274,1
5275,0
5276,0
5277,1
5278,1
5279,0
5280,1
5281,1
5282,0
5283,0
5284,0
5285,1
5286,1
5287,1
5288,0
5289,1
5290,1
5291,0
5292,0
5293,1
5294,1
5295,0
5296,1
5297,1
5298,0
5299,0
5300,0
5301,1
5302,1
5303,1
5304,0
5305,1
5306,0
5307,0
5308,0
5309,0
5310,1
5311,1
5312,1
5313,1
5314,0
5315,1
5316,0
5317,1
5318,0
5319,1
5320,1
5321,1
5322,1
5323,0
5324,0
5325,1
5326,1
5327,0
5328,0
5329,1
5330,0
5331,0
5332,0
5333,0
5334,0
5335,0
5336,0
5337,1
5338,1
5339,1
5340,0
5341,1
5342,0
5343,0
5344,1
5345,0
5346,0
5347,0
5348,0
5349,1
5350,1
5351,0
5352,1
5353,0
5354,0
5355,0
5356,0
5357,1
5358,1
5359,0
5360,1
5361,1
5362,1
5363,0
5364,1
5365,0
5366,0
5367,0
5368,0
5369,1
5370,1
5371,0
5372,0
5373,1
5374,1
5375,1
5376,1
5377,1
5378,1
5379,0
5380,0
5381,0
5382,0
5383,0
5384,0
5385,0
5386,1
5387,1
5388,1
5389,0
5390,0
5391,0
5392,0
5393,0
5394,1
5395,1
5396,1
5397,0
5398,0
5399,1
5400,0
5401,0
5402,1
5403,0
5404,0
5405,1
5406,0
5407,0
5408,1
5409,1
5410,1
5411,0
5412,0
5413,1
5414,0
5415,0
5416,1
5417,1
5418,0
5419,1
5420,1
5421,1
5422,1
5423,0
5424,1
5425,0
5426,0
5427,1
5428,1
5429,1
5430,0
5431,0
5432,0
5433,1
5434,1
5435,0
5436,1
5437,1
5438,0
5439,0
5440,0
5441,0
5442,0
5443,0
5444,0
5445,1
5446,0
5447,0
5448,0
5449,1
5450,1
5451,0
5452,1
5453,0
5454,0
5455,1
5456,1
5457,0
5458,1
5459,0
5460,0
5461,0
5462,1
5463,0
5464,0
5465,0
5466,1
5467,1
5468,0
5469,0
5470,1
5471,1
5472,1
5473,0
5474,0
5475,0
5476,1
5477,0
5478,1
5479,0
5480,0
5481,0
5482,0
5483,1
5484,0
5485,1
5486,0
5487,0
5488,0
5489,0
5490,0
5491,1
5492,1
5493,0
5494,1
5495,1
5496,1
5497,1
5498,0
5499,1
5500,0
5501,1
5502,1
5503,1
5504,1
5505,0
5506,1
5507,1
5508,1
5509,0
5510,0
5511,1
5512,0
5513,0
5514,1
5515,0
5516,1
5517,0
5518,0
5519,1
5520,1
5521,0
5522,0
5523,0
5524,0
5525,0
5526,0
5527,1
5528,0
5529,1
5530,1
5531,1
5532,0
5533,1
5534,0
5535,1
5536,1
5537,0
5538,0
5539,0
5540,1
5541,1
5542,0
5543,0
5544,0
5545,0
5546,0
5547,0
5548,0
5549,0
5550,0
5551,1
5552,0
5553,1
5554,1
5555,0
5556,0
5557,0
5558,1
5559,0
5560,0
5561,0
5562,1
5563,1
5564,0
5565,0
5566,0
5567,1
5568,0
5569,0
5570,0
5571,1
5572,1
5573,1
5574,1
5575,0
5576,1
5577,1
5578,0
5579,1
5580,0
5581,0
5582,1
5583,0
5584,0
5585,1
5586,0
5587,1
5588,0
5589,1
5590,0
5591,0
5592,1
5593,1
5594,0
5595,1
5596,0
5597,0
5598,1
5599,0
5600,0
5601,0
5602,1
5603,1
5604,1
5605,0
5606,1
5607,0
5608,0
5609,0
5610,1
5611,0
5612,0
5613,1
5614,1
5615,1
5616,0
5617,0
5618,0
5619,1
5620,1
5621,0
5622,1
5623,1
5624,1
5625,0
5626,1
5627,1
5628,1
5629,0
5630,0
5631,1
5632,1
5633,0
5634,1
5635,0
5636,0
5637,0
5638,0
5639,1
5640,0
5641,1
5642,0
5643,0
5644,1
5645,0
5646,0
5647,1
5648,1
5649,1
5650,1
5651,1
5652,1
5653,0
5654,0
5655,1
5656,0
5657,1
5658,0
5659,1
5660,0
5661,0
5662,1
5663,1
5664,1
5665,1
5666,0
5667,1
5668,1
5669,0
5670,1
5671,0
5672,1
5673,0
5674,1
5675,1
5676,0
5677,0
5678,1
5679,1
5680,1
5681,1
5682,0
5683,1
5684,0
5685,0
5686,0
5687,1
5688,1
5689,1
5690,1
5691,0
5692,1
5693,0
5694,0
5695,1
5696,0
5697,0
5698,1
5699,0
5700,1
5701,1
5702,0
5703,1
5704,0
5705,0
5706,1
5707,0
5708,1
5709,0
5710,1
5711,0
5712,0
5713,0
5714,0
5715,0
5716,0
5717,0
5718,0
5719,0
5720,0
5721,0
5722,0
5723,1
5724,1
5725,1
5726,1
5727,1
5728,0
5729,0
5730,0
5731,1
5732,0
5733,0
5734,0
5735,0
5736,1
5737,1
5738,1
5739,1
5740,0
5741,1
5742,0
5743,1
5744,1
5745,0
5746,1
5747,0
5748,1
5749,1
5750,0
5751,1
5752,1
5753,0
5754,1
5755,0
5756,0
5757,1
5758,0
5759,1
5760,1
5761,0
5762,1
5763,1
5764,1
5765,0
5766,1
5767,1
5768,1
5769,0
5770,1
5771,0
5772,0
5773,0
5774,1
5775,0
5776,0
5777,0
5778,0
5779,1
5780,1
5781,1
5782,1
5783,0
5784,0
5785,1
5786,1
5787,1
5788,1
5789,1
5790,1
5791,0
5792,0
5793,1
5794,1
5795,0
5796,0
5797,1
5798,1
5799,1
5800,0
5801,0
5802,0
5803,0
5804,1
5805,0
5806,0
5807,0
5808,0
5809,1
5810,0
5811,1
5812,1
5813,1
5814,0
5815,0
5816,0
5817,1
5818,1
5819,0
5820,0
5821,1
5822,1
5823,0
5824,0
5825,0
5826,1
5827,0
5828,1
5829,1
5830,0
5831,0
5832,1
5833,1
5834,1
5835,1
5836,1
5837,0
5838,0
5839,0
5840,0
5841,1
5842,0
5843,0
5844,0
5845,0
5846,0
5847,0
5848,0
5849,0
5850,1
5851,0
5852,0
5853,0
5854,0
5855,0
5856,1
5857,0
5858,0
5859,0
5860,0
5861,0
5862,1
5863,0
5864,0
5865,1
5866,0
5867,0
5868,1
5869,0
5870,1
5871,0
5872,1
5873,1
5874,1
5875,1
5876,1
5877,0
5878,1
5879,1
5880,0
5881,1
5882,1
5883,1
5884,0
5885,1
5886,1
5887,0
5888,0
5889,1
5890,0
5891,0
5892,1
5893,0
5894,0
5895,0
5896,0
5897,0
5898,0
5899,1
5900,1
5901,1
5902,1
5903,0
5904,0
5905,1
5906,1
5907,0
5908,0
5909,0
5910,0
5911,1
5912,1
5913,0
5914,1
5915,1
5916,0
5917,0
5918,0
5919,0
5920,1
5921,0
5922,1
5923,1
5924,0
5925,0
5926,1
5927,1
5928,0
5929,1
5930,1
5931,0
5932,1
5933,0
5934,0
5935,0
5936,1
5937,0
5938,0
5939,0
5940,1
5941,0
5942,1
5943,0
5944,1
5945,0
5946,1
5947,0
5948,1
5949,0
5950,1
5951,0
5952,1
5953,1
5954,0
5955,0
5956,0
5957,1
5958,1
5959,0
5960,0
5961,0
5962,0
5963,0
5964,0
5965,1
5966,0
5967,0
5968,1
5969,0
5970,0
5971,0
5972,1
5973,1
5974,0
5975,1
5976,1
5977,0
5978,0
5979,1
5980,1
5981,0
5982,1
5983,1
5984,1
5985,0
5986,0
5987,0
5988,0
5989,0
5990,0
5991,1
5992,0
5993,1
5994,1
5995,1
5996,1
5997,0
5998,1
5999,1
6000,0
6001,1
6002,0
6003,1
6004,0
6005,1
6006,0
6007,1
6008,1
6009,0
6010,0
6011,1
6012,0
6013,0
6014,0
6015,1
6016,0
6017,1
6018,0
6019,0
6020,1
6021,0
6022,0
6023,1
6024,0
6025,1
6026,0
6027,0
6028,1
6029,1
6030,0
6031,1
6032,1
6033,1
6034,0
6035,1
6036,1
6037,0
6038,1
6039,1
6040,1
6041,1
6042,0
6043,0
6044,0
6045,0
6046,0
6047,1
6048,0
6049,1
6050,1
6051,1
6052,1
6053,1
6054,1
6055,0
6056,0
6057,0
6058,0
6059,0
6060,0
6061,0
6062,0
6063,1
6064,1
6065,1
6066,1
6067,0
6068,1
6069,1
6070,1
6071,0
6072,0
6073,1
6074,1
6075,1
6076,1
6077,0
6078,0
6079,1
6080,0
6081,1
6082,0
6083,1
6084,0
6085,1
6086,1
6087,0
6088,0
6089,0
6090,1
6091,1
6092,1
6093,1
6094,0
6095,0
6096,0
6097,1
6098,0
6099,1
6100,0
6101,1
6102,0
6103,1
6104,0
6105,1
6106,0
6107,0
6108,0
6109,0
6110,1
6111,1
6112,0
6113,0
6114,0
6115,0
6116,1
6117,0
6118,0
6119,0
6120,1
6121,0
6122,1
6123,1
6124,0
6125,1
6126,1
6127,0
6128,0
6129,0
6130,1
6131,1
6132,1
6133,0
6134,0
6135,0
6136,1
6137,0
6138,1
6139,0
6140,1
6141,0
6142,1
6143,0
6144,0
6145,1
6146,1
6147,0
6148,0
6149,0
6150,1
6151,1
6152,0
6153,0
6154,0
6155,0
6156,0
6157,0
6158,0
6159,1
6160,1
6161,0
6162,0
6163,1
6164,1
6165,1
6166,1
6167,0
6168,0
6169,0
6170,0
6171,1
6172,0
6173,0
6174,1
6175,1
6176,1
6177,0
6178,0
6179,0
6180,1
6181,0
6182,0
6183,0
6184,1
6185,0
6186,1
6187,1
6188,1
6189,0
6190,1
6191,0
6192,0
6193,0
6194,0
6195,1
6196,1
6197,0
6198,0
6199,0
6200,0
6201,0
6202,1
6203,0
6204,0
6205,1
6206,0
6207,0
6208,1
6209,1
6210,1
6211,0
6212,0
6213,1
6214,0
6215,0
6216,0
6217,0
6218,0
6219,0
6220,0
6221,0
6222,0
6223,0
6224,1
6225,1
6226,0
6227,0
6228,0
6229,0
6230,1
6231,0
6232,0
6233,0
6234,1
6235,1
6236,1
6237,0
6238,1
6239,1
6240,0
6241,0
6242,1
6243,0
6244,1
6245,1
6246,0
6247,0
6248,0
6249,1
6250,1
6251,0
6252,1
6253,0
6254,1
6255,0
6256,0
6257,1
6258,0
6259,1
6260,0
6261,1
6262,1
6263,0
6264,0
6265,0
6266,0
6267,0
6268,1
6269,1
6270,0
6271,0
6272,1
6273,1
6274,1
6275,0
6276,0
6277,1
6278,1
6279,0
6280,0
6281,1
6282,0
6283,0
6284,0
6285,0
6286,1
6287,1
6288,0
6289,0
6290,1
6291,0
6292,1
6293,0
6294,0
6295,1
6296,1
6297,0
6298,1
6299,0
6300,1
6301,0
6302,0
6303,1
6304,1
6305,0
6306,0
6307,1
6308,0
6309,0
6310,0
6311,0
6312,1
6313,0
6314,0
6315,0
6316,1
6317,0
6318,0
6319,1
6320,1
6321,0
6322,0
6323,1
6324,1
6325,0
6326,1
6327,0
6328,1
6329,0
6330,0
6331,0
6332,0
6333,0
6334,0
6335,1
6336,0
6337,0
6338,1
6339,1
6340,0
6341,0
6342,0
6343,1
6344,0
6345,1
6346,1
6347,0
6348,1
6349,1
6350,0
6351,1
6352,0
6353,0
6354,0
6355,0
6356,1
6357,1
6358,0
6359,1
6360,1
6361,0
6362,0
6363,0
6364,0
6365,0
6366,0
6367,0
6368,1
6369,1
6370,0
6371,1
6372,1
6373,0
6374,1
6375,1
6376,0
6377,0
6378,1
6379,0
6380,0
6381,0
6382,1
6383,0
6384,0
6385,0
6386,0
6387,0
6388,1
6389,0
6390,1
6391,0
6392,0
6393,0
6394,0
6395,0
6396,1
6397,0
6398,0
6399,1
6400,1
6401,1
6402,0
6403,1
6404,1
6405,1
6406,0
6407,0
6408,1
6409,0
6410,0
6411,1
6412,0
6413,0
6414,1
6415,0
6416,0
6417,0
6418,0
6419,0
6420,1
6421,1
6422,0
6423,1
6424,1
6425,0
6426,0
6427,0
6428,1
6429,1
6430,1
6431,1
6432,0
6433,1
6434,0
6435,0
6436,0
6437,0
6438,1
6439,0
6440,0
6441,1
6442,0
6443,0
6444,1
6445,1
6446,0
6447,0
6448,0
6449,1
6450,1
6451,0
6452,0
6453,1
6454,1
6455,1
6456,1
6457,0
6458,0
6459,0
6460,0
6461,0
6462,1
6463,1
6464,0
6465,0
6466,0
6467,0
6468,0
6469,0
6470,1
6471,0
6472,1
6473,0
6474,0
6475,0
6476,1
6477,0
6478,0
6479,1
6480,0
6481,1
6482,0
6483,0
6484,1
6485,1
6486,1
6487,0
6488,1
6489,0
6490,0
6491,0
6492,0
6493,0
6494,0
6495,0
6496,0
6497,0
6498,1
6499,1
6500,1
6501,0
6502,1
6503,0
6504,0
6505,0
6506,1
6507,1
6508,1
6509,0
6510,0
6511,1
6512,0
6513,1
6514,0
6515,1
6516,0
6517,0
6518,1
6519,0
6520,0
6521,0
6522,0
6523,0
6524,0
6525,1
6526,1
6527,0
6528,0
6529,0
6530,1
6531,0
6532,1
6533,1
6534,0
6535,1
6536,1
6537,1
6538,1
6539,1
6540,1
6541,1
6542,0
6543,1
6544,1
6545,0
6546,0
6547,0
6548,1
6549,0
6550,1
6551,1
6552,1
6553,1
6554,0
6555,1
6556,0
6557,0
6558,0
6559,0
6560,0
6561,0
6562,1
6563,1
6564,1
6565,0
6566,1
6567,1
6568,1
6569,0
6570,0
6571,0
6572,0
6573,0
6574,0
6575,0
6576,0
6577,0
6578,1
6579,1
6580,0
6581,0
6582,1
6583,0
6584,1
6585,0
6586,1
6587,0
6588,1
6589,1
6590,0
6591,1
6592,0
6593,0
6594,1
6595,0
6596,0
6597,1
6598,0
6599,0
6600,0
6601,0
6602,0
6603,1
6604,0
6605,0
6606,1
6607,1
6608,0
6609,0
6610,0
6611,0
6612,0
6613,1
6614,1
6615,1
6616,0
6617,0
6618,0
6619,0
6620,1
6621,0
6622,1
6623,0
6624,0
6625,0
6626,0
6627,1
6628,0
6629,1
6630,0
6631,0
6632,0
6633,0
6634,0
6635,0
6636,1
6637,1
6638,0
6639,0
6640,0
6641,0
6642,1
6643,0
6644,0
6645,0
6646,0
6647,0
6648,1
6649,1
6650,0
6651,1
6652,1
6653,0
6654,1
6655,1
6656,0
6657,0
6658,1
6659,0
6660,0
6661,1
6662,1
6663,1
6664,1
6665,1
6666,1
6667,0
6668,1
6669,0
6670,1
6671,1
6672,1
6673,0
6674,1
6675,1
6676,1
6677,0
6678,0
6679,0
6680,0
6681,1
6682,1
6683,1
6684,0
6685,1
6686,0
6687,0
6688,0
6689,1
6690,1
6691,0
6692,0
6693,0
6694,1
6695,1
6696,1
6697,1
6698,1
6699,1
6700,0
6701,0
6702,1
6703,1
6704,1
6705,1
6706,0
6707,0
6708,1
6709,1
6710,0
6711,1
6712,1
6713,1
6714,0
6715,1
6716,0
6717,1
6718,1
6719,1
6720,1
6721,0
6722,1
6723,1
6724,0
6725,0
6726,1
6727,0
6728,1
6729,0
6730,1
6731,0
6732,0
6733,1
6734,0
6735,1
6736,0
6737,0
6738,0
6739,1
6740,0
6741,1
6742,1
6743,0
6744,1
6745,1
6746,0
6747,1
6748,1
6749,0
6750,1
6751,0
6752,0
6753,0
6754,1
6755,1
6756,1
6757,0
6758,1
6759,0
6760,1
6761,0
6762,0
6763,0
6764,0
6765,1
6766,1
6767,1
6768,0
6769,1
6770,1
6771,1
6772,1
6773,1
6774,0
6775,0
6776,0
6777,0
6778,1
6779,1
6780,1
6781,0
6782,0
6783,0
6784,1
6785,0
6786,1
6787,0
6788,1
6789,1
6790,0
6791,0
6792,1
6793,0
6794,1
6795,1
6796,1
6797,0
6798,0
6799,0
6800,0
6801,1
6802,0
6803,0
6804,0
6805,0
6806,1
6807,1
6808,1
6809,0
6810,1
6811,0
6812,0
6813,0
6814,1
6815,0
6816,1
6817,0
6818,0
6819,1
6820,1
6821,1
6822,1
6823,1
6824,1
6825,0
6826,0
6827,0
6828,1
6829,0
6830,1
6831,1
6832,0
6833,0
6834,0
6835,0
6836,1
6837,0
6838,1
6839,1
6840,0
6841,0
6842,0
6843,1
6844,1
6845,1
6846,1
6847,0
6848,1
6849,0
6850,1
6851,0
6852,1
6853,1
6854,0
6855,1
6856,1
6857,1
6858,1
6859,0
6860,0
6861,1
6862,1
6863,1
6864,0
6865,0
6866,0
6867,0
6868,1
6869,1
6870,1
6871,0
6872,1
6873,0
6874,0
6875,1
6876,0
6877,0
6878,1
6879,0
6880,1
6881,0
6882,1
6883,1
6884,0
6885,0
6886,1
6887,0
6888,0
6889,0
6890,0
6891,0
6892,0
6893,1
6894,1
6895,0
6896,0
6897,0
6898,0
6899,0
6900,0
6901,0
6902,0
6903,1
6904,0
6905,0
6906,1
6907,0
6908,1
6909,1
6910,1
6911,0
6912,0
6913,0
6914,1
6915,0
6916,0
6917,0
6918,1
6919,0
6920,1
6921,0
6922,1
6923,1
6924,1
6925,1
6926,0
6927,0
6928,0
6929,0
6930,1
6931,0
6932,0
6933,1
6934,1
6935,0
6936,0
6937,0
6938,0
6939,0
6940,1
6941,0
6942,0
6943,1
6944,1
6945,1
6946,0
6947,0
6948,0
6949,0
6950,1
6951,1
6952,0
6953,1
6954,0
6955,0
6956,0
6957,1
6958,0
6959,0
6960,1
6961,0
6962,0
6963,1
6964,0
6965,0
6966,0
6967,0
6968,1
6969,0
6970,1
6971,0
6972,1
6973,0
6974,0
6975,1
6976,0
6977,1
6978,0
6979,0
6980,0
6981,0
6982,0
6983,0
6984,0
6985,1
6986,1
6987,1
6988,0
6989,1
6990,0
6991,1
6992,0
6993,0
6994,1
6995,0
6996,1
6997,1
6998,0
6999,0
7000,0
7001,0
7002,1
7003,1
7004,1
7005,0
7006,0
7007,1
7008,0
7009,1
7010,1
7011,0
7012,1
7013,0
7014,0
7015,0
7016,0
7017,0
7018,0
7019,0
7020,0
7021,1
7022,1
7023,0
7024,1
7025,1
7026,1
7027,1
7028,1
7029,0
7030,0
7031,1
7032,0
7033,1
7034,1
7035,0
7036,0
7037,1
7038,0
7039,0
7040,0
7041,0
7042,0
7043,0
7044,0
7045,1
7046,1
7047,0
7048,0
7049,0
7050,1
7051,1
7052,0
7053,1
7054,1
7055,1
7056,1
7057,1
7058,0
7059,0
7060,0
7061,0
7062,0
7063,1
7064,0
7065,0
7066,1
7067,1
7068,1
7069,1
7070,0
7071,0
7072,1
7073,1
7074,0
7075,1
7076,0
7077,1
7078,0
7079,0
7080,0
7081,1
7082,1
7083,0
7084,0
7085,0
7086,0
7087,1
7088,0
7089,0
7090,1
7091,1
7092,1
7093,0
7094,1
7095,1
7096,0
7097,1
7098,0
7099,1
7100,1
7101,1
7102,1
7103,0
7104,1
7105,0
7106,0
7107,0
7108,1
7109,0
7110,0
7111,0
7112,1
7113,0
7114,0
7115,0
7116,0
7117,1
7118,1
7119,1
7120,0
7121,1
7122,0
7123,1
7124,1
7125,0
7126,0
7127,1
7128,1
7129,1
7130,1
7131,0
7132,1
7133,1
7134,0
7135,1
7136,0
7137,0
7138,1
7139,1
7140,0
7141,0
7142,1
7143,1
7144,1
7145,1
7146,0
7147,0
7148,0
7149,0
7150,0
7151,0
7152,0
7153,1
7154,1
7155,1
7156,0
7157,0
7158,1
7159,1
7160,1
7161,0
7162,0
7163,1
7164,1
7165,1
7166,1
7167,0
7168,1
7169,1
7170,0
7171,0
7172,0
7173,0
7174,1
7175,1
7176,0
7177,1
7178,1
7179,0
7180,1
7181,1
7182,1
7183,0
7184,1
7185,0
7186,0
7187,0
7188,0
7189,0
7190,0
7191,1
7192,0
7193,0
7194,1
7195,1
7196,1
7197,0
7198,0
7199,1
7200,1
7201,1
7202,1
7203,1
7204,0
7205,0
7206,1
7207,1
7208,1
7209,0
7210,0
7211,0
7212,0
7213,1
7214,1
7215,1
7216,0
7217,0
7218,1
7219,1
7220,1
7221,1
7222,0
7223,1
7224,1
7225,0
7226,1
7227,0
7228,0
7229,1
7230,1
7231,0
7232,1
7233,0
7234,0
7235,0
7236,1
7237,1
7238,0
7239,1
7240,0
7241,0
7242,0
7243,1
7244,0
7245,1
7246,0
7247,1
7248,1
7249,1
7250,1
7251,1
7252,0
7253,0
7254,1
7255,0
7256,1
7257,1
7258,0
7259,1
7260,0
7261,0
7262,0
7263,0
7264,0
7265,0
7266,0
7267,1
7268,1
7269,0
7270,1
7271,1
7272,1
7273,1
7274,1
7275,1
7276,0
7277,0
7278,1
7279,1
7280,1
7281,0
7282,1
7283,0
7284,1
7285,0
7286,1
7287,0
7288,0
7289,0
7290,0
7291,0
7292,1
7293,1
7294,1
7295,1
7296,0
7297,1
7298,1
7299,1
7300,1
7301,1
7302,0
7303,1
7304,0
7305,1
7306,0
7307,0
7308,0
7309,0
7310,1
7311,0
7312,1
7313,1
7314,1
7315,1
7316,1
7317,0
7318,0
7319,0
7320,1
7321,0
7322,0
7323,0
7324,0
7325,1
7326,1
7327,1
7328,0
7329,0
7330,1
7331,0
7332,1
7333,1
7334,0
7335,0
7336,1
7337,0
7338,1
7339,0
7340,1
7341,0
7342,1
7343,0
7344,1
7345,0
7346,1
7347,1
7348,0
7349,1
7350,0
7351,0
7352,1
7353,0
7354,0
7355,1
7356,1
7357,0
7358,0
7359,0
7360,0
7361,1
7362,1
7363,1
7364,1
7365,0
7366,0
7367,0
7368,1
7369,1
7370,0
7371,0
7372,0
7373,1
7374,1
7375,0
7376,1
7377,0
7378,1
7379,0
7380,1
7381,1
7382,1
7383,0
7384,0
7385,1
7386,1
7387,0
7388,0
7389,1
7390,1
7391,0
7392,0
7393,1
7394,0
7395,0
7396,0
7397,1
7398,1
7399,1
7400,1
7401,0
7402,0
7403,1
7404,1
7405,0
7406,0
7407,1
7408,0
7409,1
7410,1
7411,1
7412,1
7413,1
7414,0
7415,1
7416,1
7417,0
7418,1
7419,0
7420,0
7421,0
7422,0
7423,0
7424,1
7425,1
7426,1
7427,1
7428,1
7429,1
7430,1
7431,1
7432,1
7433,0
7434,0
7435,0
7436,1
7437,1
7438,1
7439,0
7440,1
7441,0
7442,1
7443,0
7444,0
7445,0
7446,1
7447,0
7448,1
7449,0
7450,1
7451,1
7452,0
7453,0
7454,1
7455,0
7456,1
7457,1
7458,0
7459,0
7460,1
7461,1
7462,0
7463,0
7464,1
7465,1
7466,1
7467,0
7468,0
7469,0
7470,1
7471,0
7472,1
7473,0
7474,0
7475,1
7476,0
7477,0
7478,0
7479,1
7480,0
7481,0
7482,0
7483,0
7484,1
7485,1
7486,1
7487,1
7488,1
7489,0
7490,0
7491,1
7492,0
7493,0
7494,0
7495,1
7496,1
7497,1
7498,0
7499,0
7500,0
7501,0
7502,0
7503,0
7504,1
7505,1
7506,1
7507,0
7508,0
7509,1
7510,1
7511,0
7512,1
7513,0
7514,0
7515,0
7516,0
7517,1
7518,0
7519,1
7520,1
7521,0
7522,0
7523,1
7524,1
7525,1
7526,0
7527,1
7528,0
7529,0
7530,1
7531,0
7532,0
7533,1
7534,1
7535,0
7536,0
7537,0
7538,0
7539,1
7540,1
7541,0
7542,1
7543,0
7544,1
7545,0
7546,1
7547,1
7548,1
7549,0
7550,0
7551,0
7552,0
7553,1
7554,1
7555,1
7556,0
7557,0
7558,0
7559,1
7560,0
7561,1
7562,0
7563,1
7564,0
7565,1
7566,1
7567,1
7568,1
7569,0
7570,1
7571,0
7572,0
7573,1
7574,1
7575,1
7576,0
7577,1
7578,0
7579,0
7580,0
7581,1
7582,0
7583,0
7584,1
7585,0
7586,1
7587,0
7588,0
7589,0
7590,1
7591,1
7592,0
7593,0
7594,0
7595,1
7596,0
7597,0
7598,1
7599,0
7600,1
7601,0
7602,0
7603,1
7604,0
7605,0
7606,0
7607,1
7608,1
7609,0
7610,1
7611,0
7612,1
7613,1
7614,0
7615,1
7616,0
7617,1
7618,0
7619,0
7620,0
7621,0
7622,1
7623,1
7624,0
7625,1
7626,1
7627,1
7628,1
7629,1
7630,0
7631,0
7632,0
7633,0
7634,0
7635,0
7636,1
7637,1
7638,0
7639,1
7640,0
7641,1
7642,1
7643,1
7644,0
7645,1
7646,0
7647,0
7648,0
7649,1
7650,0
7651,1
7652,1
7653,0
7654,0
7655,0
7656,0
7657,1
7658,1
7659,0
7660,1
7661,1
7662,0
7663,0
7664,0
7665,1
7666,1
7667,0
7668,0
7669,0
7670,0
7671,0
7672,0
7673,1
7674,1
7675,1
7676,0
7677,1
7678,1
7679,0
7680,0
7681,1
7682,0
7683,0
7684,1
7685,0
7686,1
7687,1
7688,0
7689,1
7690,1
7691,0
7692,0
7693,0
7694,1
7695,1
7696,0
7697,0
7698,0
7699,0
7700,0
7701,0
7702,1
7703,1
7704,0
7705,0
7706,1
7707,1
7708,1
7709,0
7710,0
7711,0
7712,0
7713,0
7714,0
7715,1
7716,1
7717,1
7718,1
7719,0
7720,0
7721,1
7722,0
7723,0
7724,1
7725,0
7726,0
7727,0
7728,0
7729,0
7730,1
7731,1
7732,1
7733,1
7734,1
7735,0
7736,0
7737,0
7738,0
7739,0
7740,1
7741,1
7742,0
7743,0
7744,0
7745,0
7746,0
7747,0
7748,1
7749,0
7750,0
7751,0
7752,0
7753,1
7754,0
7755,1
7756,1
7757,1
7758,1
7759,0
7760,1
7761,0
7762,1
7763,0
7764,1
7765,0
7766,1
7767,1
7768,0
7769,1
7770,0
7771,1
7772,0
7773,1
7774,1
7775,0
7776,1
7777,1
7778,0
7779,0
7780,0
7781,0
7782,0
7783,0
7784,1
7785,1
7786,0
7787,1
7788,1
7789,0
7790,1
7791,0
7792,0
7793,0
7794,0
7795,1
7796,1
7797,1
7798,0
7799,1
7800,1
7801,0
7802,1
7803,0
7804,1
7805,1
7806,0
7807,0
7808,0
7809,0
7810,1
7811,0
7812,1
7813,0
7814,0
7815,0
7816,0
7817,0
7818,1
7819,0
7820,0
7821,1
7822,0
7823,0
7824,0
7825,0
7826,0
7827,0
7828,0
7829,0
7830,1
7831,0
7832,0
7833,0
7834,0
7835,1
7836,1
7837,1
7838,1
7839,0
7840,1
7841,0
7842,0
7843,1
7844,0
7845,0
7846,1
7847,0
7848,1
7849,0
7850,1
7851,1
7852,1
7853,0
7854,0
7855,0
7856,0
7857,0
7858,0
7859,1
7860,0
7861,0
7862,0
7863,1
7864,0
7865,1
7866,0
7867,0
7868,0
7869,0
7870,1
7871,1
7872,0
7873,1
7874,0
7875,0
7876,1
7877,0
7878,0
7879,1
7880,0
7881,0
7882,0
7883,1
7884,1
7885,0
7886,1
7887,0
7888,1
7889,1
7890,1
7891,1
7892,0
7893,0
7894,0
7895,1
7896,0
7897,0
7898,1
7899,0
7900,0
7901,0
7902,0
7903,1
7904,1
7905,0
7906,1
7907,0
7908,1
7909,1
7910,0
7911,0
7912,1
7913,1
7914,0
7915,0
7916,1
7917,0
7918,1
7919,1
7920,0
7921,0
7922,0
7923,0
7924,0
7925,0
7926,0
7927,0
7928,0
7929,0
7930,1
7931,1
7932,0
7933,0
7934,0
7935,0
7936,0
7937,1
7938,0
7939,0
7940,1
7941,1
7942,0
7943,0
7944,1
7945,0
7946,0
7947,0
7948,0
7949,1
7950,1
7951,1
7952,1
7953,0
7954,1
7955,0
7956,0
7957,1
7958,1
7959,0
7960,1
7961,0
7962,0
7963,0
7964,1
7965,0
7966,0
7967,0
7968,1
7969,1
7970,0
7971,1
7972,0
7973,1
7974,0
7975,1
7976,1
7977,1
7978,1
7979,1
7980,0
7981,0
7982,0
7983,1
7984,0
7985,1
7986,1
7987,0
7988,1
7989,0
7990,0
7991,0
7992,0
7993,0
7994,0
7995,1
7996,1
7997,0
7998,1
7999,1
8000,0
8001,0
8002,1
8003,1
8004,1
8005,0
8006,1
8007,1
8008,0
8009,1
8010,0
8011,1
8012,1
8013,1
8014,1
8015,1
8016,1
8017,1
8018,1
8019,0
8020,0
8021,0
8022,0
8023,0
8024,1
8025,0
8026,1
8027,1
8028,0
8029,1
8030,0
8031,1
8032,0
8033,1
8034,0
8035,0
8036,0
8037,0
8038,0
8039,1
8040,1
8041,1
8042,1
8043,0
8044,0
8045,1
8046,1
8047,0
8048,0
8049,1
8050,0
8051,0
8052,0
8053,0
8054,0
8055,1
8056,0
8057,0
8058,1
8059,1
8060,0
8061,1
8062,0
8063,0
8064,0
8065,0
8066,0
8067,1
8068,0
8069,0
8070,0
8071,1
8072,0
8073,0
8074,1
8075,1
8076,1
8077,1
8078,1
8079,0
8080,0
8081,0
8082,1
8083,1
8084,1
8085,0
8086,0
8087,1
8088,1
8089,1
8090,1
8091,0
8092,1
8093,0
8094,0
8095,1
8096,0
8097,0
8098,1
8099,0
8100,0
8101,1
8102,0
8103,0
8104,0
8105,0
8106,1
8107,1
8108,0
8109,0
8110,0
8111,0
8112,0
8113,0
8114,0
8115,1
8116,0
8117,0
8118,0
8119,0
8120,0
8121,1
8122,0
8123,1
8124,1
8125,0
8126,0
8127,1
8128,0
8129,1
8130,1
8131,0
8132,1
8133,0
8134,0
8135,1
8136,0
8137,1
8138,0
8139,1
8140,0
8141,0
8142,0
8143,0
8144,1
8145,0
8146,1
8147,1
8148,0
8149,0
8150,0
8151,0
8152,0
8153,1
8154,1
8155,1
8156,1
8157,0
8158,0
8159,1
8160,0
8161,1
8162,0
8163,1
8164,0
8165,0
8166,0
8167,0
8168,1
8169,1
8170,1
8171,0
8172,0
8173,0
8174,0
8175,0
8176,0
8177,0
8178,1
8179,0
8180,1
8181,0
8182,1
8183,1
8184,1
8185,0
8186,1
8187,0
8188,0
8189,0
8190,0
8191,1
8192,0
8193,0
8194,0
8195,1
8196,0
8197,0
8198,0
8199,0
8200,1
8201,1
8202,0
8203,1
8204,1
8205,0
8206,0
8207,1
8208,1
8209,0
8210,1
8211,1
8212,1
8213,1
8214,0
8215,0
8216,0
8217,0
8218,1
8219,1
8220,1
8221,0
8222,0
8223,1
8224,1
8225,1
8226,0
8227,1
8228,0
8229,1
8230,1
8231,1
8232,1
8233,0
8234,0
8235,0
8236,1
8237,1
8238,0
8239,0
8240,0
8241,1
8242,0
8243,1
8244,1
8245,0
8246,1
8247,0
8248,0
8249,0
8250,0
8251,0
8252,0
8253,0
8254,1
8255,1
8256,1
8257,1
8258,1
8259,0
8260,1
8261,1
8262,0
8263,0
8264,0
8265,0
8266,0
8267,0
8268,0
8269,1
8270,0
8271,0
8272,1
8273,0
8274,0
8275,0
8276,1
8277,1
8278,1
8279,1
8280,1
8281,0
8282,0
8283,1
8284,0
8285,0
8286,0
8287,0
8288,1
8289,1
8290,1
8291,0
8292,0
8293,0
8294,0
8295,0
8296,1
8297,0
8298,1
8299,0
8300,0
8301,1
8302,0
8303,1
8304,1
8305,0
8306,0
8307,0
8308,1
8309,0
8310,0
8311,1
8312,1
8313,0
8314,1
8315,0
8316,1
8317,1
8318,1
8319,0
8320,0
8321,1
8322,0
8323,1
8324,0
8325,1
8326,1
8327,0
8328,0
8329,1
8330,1
8331,0
8332,1
8333,0
8334,1
8335,1
8336,0
8337,1
8338,0
8339,0
8340,0
8341,1
8342,0
8343,0
8344,0
8345,0
8346,0
8347,1
8348,0
8349,0
8350,1
8351,1
8352,0
8353,1
8354,0
8355,0
8356,0
8357,1
8358,1
8359,0
8360,1
8361,1
8362,0
8363,0
8364,1
8365,0
8366,0
8367,0
8368,1
8369,0
8370,1
8371,0
8372,0
8373,0
8374,1
8375,1
8376,1
8377,1
8378,1
8379,0
8380,1
8381,1
8382,1
8383,1
8384,0
8385,1
8386,1
8387,1
8388,1
8389,1
8390,0
8391,0
8392,1
8393,1
8394,0
8395,1
8396,0
8397,1
8398,1
8399,0
8400,1
8401,0
8402,0
8403,0
8404,0
8405,0
8406,1
8407,0
8408,1
8409,0
8410,0
8411,1
8412,0
8413,0
8414,0
8415,1
8416,1
8417,0
8418,1
8419,0
8420,0
8421,0
8422,1
8423,1
8424,1
8425,0
8426,1
8427,0
8428,0
8429,1
8430,1
8431,0
8432,1
8433,1
8434,1
8435,1
8436,0
8437,0
8438,1
8439,0
8440,0
8441,1
8442,0
8443,0
8444,0
8445,0
8446,1
8447,1
8448,0
8449,0
8450,1
8451,0
8452,1
8453,1
8454,0
8455,1
8456,1
8457,1
8458,0
8459,1
8460,0
8461,1
8462,0
8463,1
8464,1
8465,0
8466,0
8467,1
8468,0
8469,1
8470,1
8471,0
8472,1
8473,0
8474,0
8475,1
8476,1
8477,0
8478,0
8479,0
8480,1
8481,0
8482,1
8483,0
8484,1
8485,1
8486,0
8487,1
8488,0
8489,0
8490,0
8491,1
8492,1
8493,0
8494,1
8495,1
8496,0
8497,0
8498,1
8499,0
8500,0
8501,1
8502,0
8503,0
8504,0
8505,1
8506,0
8507,0
8508,1
8509,1
8510,1
8511,1
8512,0
8513,1
8514,1
8515,1
8516,1
8517,1
8518,1
8519,0
8520,0
8521,1
8522,1
8523,0
8524,0
8525,1
8526,0
8527,0
8528,0
8529,1
8530,0
8531,0
8532,0
8533,0
8534,1
8535,0
8536,1
8537,0
8538,1
8539,0
8540,1
8541,0
8542,0
8543,0
8544,0
8545,0
8546,0
8547,0
8548,1
8549,0
8550,1
8551,0
8552,0
8553,0
8554,1
8555,0
8556,1
8557,0
8558,0
8559,0
8560,1
8561,1
8562,0
8563,0
8564,1
8565,1
8566,0
8567,0
8568,1
8569,1
8570,0
8571,1
8572,0
8573,0
8574,1
8575,0
8576,0
8577,1
8578,0
8579,0
8580,1
8581,0
8582,0
8583,1
8584,1
8585,0
8586,0
8587,1
8588,0
8589,1
8590,1
8591,0
8592,0
8593,1
8594,0
8595,0
8596,0
8597,0
8598,0
8599,1
8600,0
8601,1
8602,1
8603,1
8604,1
8605,1
8606,0
8607,1
8608,1
8609,1
8610,0
8611,0
8612,0
8613,1
8614,0
8615,1
8616,1
8617,0
8618,0
8619,0
8620,0
8621,0
8622,1
8623,1
8624,1
8625,0
8626,0
8627,0
8628,0
8629,1
8630,0
8631,0
8632,0
8633,1
8634,0
8635,0
8636,0
8637,1
8638,0
8639,1
8640,1
8641,0
8642,0
8643,0
8644,0
8645,1
8646,0
8647,1
8648,0
8649,1
8650,1
8651,1
8652,0
8653,1
8654,1
8655,0
8656,1
8657,1
8658,1
8659,0
8660,1
8661,0
8662,0
8663,0
8664,0
8665,0
8666,0
8667,0
8668,1
8669,0
8670,0
8671,0
8672,0
8673,0
8674,0
8675,1
8676,1
8677,1
8678,1
8679,1
8680,1
8681,0
8682,0
8683,1
8684,0
8685,0
8686,1
8687,0
8688,1
8689,0
8690,0
8691,0
8692,1
8693,0
8694,0
8695,0
8696,1
8697,1
8698,0
8699,1
8700,0
8701,0
8702,1
8703,1
8704,0
8705,0
8706,0
8707,1
8708,0
8709,1
8710,1
8711,0
8712,0
8713,1
8714,0
8715,0
8716,1
8717,0
8718,0
8719,1
8720,0
8721,1
8722,1
8723,1
8724,1
8725,1
8726,1
8727,0
8728,1
8729,1
8730,0
8731,1
8732,0
8733,1
8734,0
8735,1
8736,1
8737,0
8738,0
8739,0
8740,0
8741,0
8742,1
8743,0
8744,0
8745,0
8746,0
8747,1
8748,0
8749,0
8750,1
8751,0
8752,1
8753,0
8754,1
8755,1
8756,0
8757,0
8758,0
8759,1
8760,0
8761,1
8762,1
8763,1
8764,0
8765,0
8766,0
8767,0
8768,1
8769,0
8770,1
8771,0
8772,1
8773,0
8774,1
8775,0
8776,1
8777,0
8778,1
8779,0
8780,0
8781,1
8782,0
8783,0
8784,1
8785,0
8786,1
8787,1
8788,0
8789,0
8790,0
8791,0
8792,1
8793,1
8794,1
8795,1
8796,0
8797,1
8798,0
8799,1
8800,0
8801,0
8802,0
8803,0
8804,1
8805,0
8806,1
8807,0
8808,1
8809,0
8810,0
8811,1
8812,1
8813,0
8814,1
8815,0
8816,1
8817,1
8818,0
8819,1
8820,1
8821,0
8822,1
8823,1
8824,1
8825,1
8826,0
8827,0
8828,0
8829,1
8830,0
8831,0
8832,0
8833,1
8834,0
8835,0
8836,0
8837,0
8838,1
8839,0
8840,0
8841,0
8842,0
8843,1
8844,1
8845,0
8846,0
8847,0
8848,1
8849,0
8850,1
8851,1
8852,1
8853,0
8854,1
8855,1
8856,0
8857,1
8858,0
8859,1
8860,1
8861,0
8862,0
8863,0
8864,1
8865,0
8866,1
8867,1
8868,0
8869,0
8870,1
8871,0
8872,0
8873,1
8874,0
8875,0
8876,0
8877,1
8878,0
8879,1
8880,0
8881,1
8882,0
8883,0
8884,1
8885,1
8886,0
8887,1
8888,0
8889,0
8890,1
8891,0
8892,1
8893,0
8894,1
8895,1
8896,0
8897,0
8898,1
8899,1
8900,0
8901,0
8902,0
8903,0
8904,1
8905,0
8906,0
8907,0
8908,1
8909,0
8910,0
8911,1
8912,0
8913,1
8914,1
8915,1
8916,1
8917,0
8918,0
8919,1
8920,1
8921,0
8922,1
8923,1
8924,1
8925,0
8926,1
8927,1
8928,1
8929,0
8930,1
8931,0
8932,1
8933,0
8934,1
8935,1
8936,1
8937,0
8938,0
8939,1
8940,1
8941,1
8942,1
8943,0
8944,0
8945,1
8946,0
8947,1
8948,0
8949,1
8950,0
8951,1
8952,1
8953,1
8954,0
8955,0
8956,0
8957,0
8958,0
8959,0
8960,1
8961,1
8962,0
8963,0
8964,1
8965,1
8966,1
8967,1
8968,0
8969,0
8970,0
8971,0
8972,0
8973,1
8974,1
8975,1
8976,0
8977,0
8978,0
8979,0
8980,1
8981,0
8982,0
8983,0
8984,1
8985,0
8986,1
8987,0
8988,0
8989,0
8990,1
8991,1
8992,0
8993,0
8994,1
8995,1
8996,0
8997,1
8998,0
8999,0
9000,0
9001,0
9002,1
9003,0
9004,0
9005,1
9006,0
9007,0
9008,0
9009,1
9010,1
9011,1
9012,0
9013,1
9014,1
9015,1
9016,0
9017,1
9018,0
9019,0
9020,0
9021,1
9022,0
9023,1
9024,0
9025,1
9026,1
9027,1
9028,0
9029,1
9030,0
9031,1
9032,0
9033,1
9034,1
9035,0
9036,1
9037,0
9038,1
9039,0
9040,0
9041,0
9042,1
9043,1
9044,0
9045,0
9046,0
9047,0
9048,0
9049,0
9050,1
9051,1
9052,1
9053,0
9054,0
9055,1
9056,0
9057,0
9058,0
9059,1
9060,0
9061,1
9062,1
9063,1
9064,1
9065,1
9066,0
9067,1
9068,1
9069,0
9070,1
9071,0
9072,1
9073,1
9074,1
9075,1
9076,0
9077,1
9078,0
9079,1
9080,1
9081,0
9082,1
9083,0
9084,0
9085,0
9086,1
9087,0
9088,1
9089,0
9090,1
9091,0
9092,1
9093,0
9094,1
9095,1
9096,0
9097,0
9098,1
9099,1
9100,0
9101,1
9102,1
9103,1
9104,0
9105,0
9106,0
9107,1
9108,0
9109,1
9110,0
9111,1
9112,1
9113,0
9114,0
9115,0
9116,0
9117,0
9118,1
9119,0
9120,0
9121,1
9122,0
9123,1
9124,1
9125,1
9126,1
9127,0
9128,1
9129,1
9130,0
9131,1
9132,1
9133,1
9134,1
9135,0
9136,0
9137,0
9138,0
9139,1
9140,1
9141,0
9142,1
9143,1
9144,1
9145,0
9146,1
9147,0
9148,0
9149,1
9150,0
9151,0
9152,0
9153,0
9154,0
9155,0
9156,1
9157,0
9158,1
9159,0
9160,0
9161,1
9162,0
9163,1
9164,1
9165,0
9166,1
9167,0
9168,1
9169,0
9170,0
9171,0
9172,0
9173,0
9174,0
9175,0
9176,0
9177,0
9178,0
9179,0
9180,1
9181,1
9182,0
9183,0
9184,0
9185,1
9186,0
9187,0
9188,0
9189,0
9190,0
9191,1
9192,1
9193,1
9194,1
9195,1
9196,0
9197,1
9198,0
9199,1
9200,0
9201,0
9202,1
9203,0
9204,0
9205,0
9206,0
9207,0
9208,1
9209,0
9210,1
9211,1
9212,1
9213,1
9214,1
9215,0
9216,0
9217,1
9218,0
9219,0
9220,1
9221,0
9222,0
9223,0
9224,1
9225,0
9226,0
9227,1
9228,1
9229,0
9230,1
9231,1
9232,1
9233,0
9234,0
9235,0
9236,1
9237,0
9238,0
9239,0
9240,1
9241,1
9242,0
9243,0
9244,1
9245,0
9246,1
9247,1
9248,0
9249,0
9250,0
9251,1
9252,1
9253,1
9254,0
9255,0
9256,0
9257,0
9258,0
9259,0
9260,1
9261,0
9262,1
9263,0
9264,1
9265,1
9266,1
9267,0
9268,1
9269,0
9270,1
9271,0
9272,1
9273,0
9274,1
9275,1
9276,0
9277,0
9278,0
9279,1
9280,0
9281,0
9282,0
9283,0
9284,1
9285,0
9286,0
9287,1
9288,1
9289,1
9290,0
9291,1
9292,1
9293,0
9294,1
9295,0
9296,1
9297,0
9298,0
9299,1
9300,0
9301,0
9302,1
9303,0
9304,0
9305,1
9306,0
9307,0
9308,0
9309,1
9310,1
9311,0
9312,0
9313,0
9314,0
9315,0
9316,0
9317,0
9318,0
9319,1
9320,1
9321,1
9322,0
9323,1
9324,1
9325,0
9326,1
9327,0
9328,0
9329,1
9330,0
9331,1
9332,1
9333,1
9334,0
9335,0
9336,1
9337,0
9338,0
9339,0
9340,0
9341,1
9342,1
9343,0
9344,0
9345,1
9346,1
9347,0
9348,1
9349,0
9350,0
9351,0
9352,0
9353,0
9354,0
9355,0
9356,1
9357,0
9358,0
9359,1
9360,0
9361,1
9362,1
9363,1
9364,1
9365,1
9366,1
9367,0
9368,0
9369,0
9370,0
9371,0
9372,1
9373,1
9374,0
9375,0
9376,0
9377,0
9378,0
9379,1
9380,0
9381,0
9382,0
9383,0
9384,1
9385,1
9386,1
9387,1
9388,0
9389,0
9390,0
9391,1
9392,0
9393,0
9394,0
9395,1
9396,1
9397,0
9398,1
9399,1
9400,0
9401,1
9402,0
9403,1
9404,1
9405,1
9406,0
9407,0
9408,0
9409,1
9410,1
9411,1
9412,0
9413,1
9414,1
9415,1
9416,1
9417,0
9418,0
9419,1
9420,0
9421,1
9422,0
9423,0
9424,0
9425,1
9426,0
9427,0
9428,1
9429,0
9430,1
9431,1
9432,1
9433,0
9434,1
9435,1
9436,0
9437,1
9438,0
9439,1
9440,1
9441,0
9442,0
9443,0
9444,0
9445,1
9446,0
9447,0
9448,0
9449,0
9450,0
9451,0
9452,1
9453,0
9454,0
9455,1
9456,1
9457,1
9458,0
9459,1
9460,0
9461,0
9462,1
9463,1
9464,0
9465,1
9466,1
9467,1
9468,1
9469,0
9470,0
9471,1
9472,0
9473,0
9474,1
9475,0
9476,0
9477,0
9478,0
9479,0
9480,0
9481,0
9482,0
9483,1
9484,0
9485,0
9486,0
9487,1
9488,1
9489,1
9490,1
9491,0
9492,1
9493,0
9494,1
9495,0
9496,0
9497,0
9498,1
9499,1
9500,0
9501,0
9502,0
9503,0
9504,1
9505,0
9506,1
9507,1
9508,0
9509,0
9510,0
9511,0
9512,0
9513,1
9514,0
9515,1
9516,1
9517,1
9518,0
9519,0
9520,1
9521,1
9522,0
9523,1
9524,1
9525,0
9526,0
9527,1
9528,0
9529,0
9530,1
9531,0
9532,0
9533,0
9534,1
9535,1
9536,1
9537,1
9538,0
9539,0
9540,0
9541,0
9542,0
9543,1
9544,1
9545,1
9546,0
9547,0
9548,1
9549,1
9550,1
9551,1
9552,0
9553,0
9554,1
9555,1
9556,0
9557,1
9558,0
9559,1
9560,1
9561,0
9562,1
9563,1
9564,0
9565,0
9566,0
9567,0
9568,0
9569,0
9570,0
9571,0
9572,0
9573,0
9574,1
9575,0
9576,0
9577,1
9578,1
9579,0
9580,0
9581,1
9582,0
9583,1
9584,1
9585,0
9586,1
9587,0
9588,1
9589,0
9590,0
9591,0
9592,0
9593,1
9594,0
9595,0
9596,1
9597,0
9598,1
9599,1
9600,0
9601,0
9602,1
9603,0
9604,1
9605,1
9606,1
9607,0
9608,1
9609,0
9610,1
9611,0
9612,0
9613,1
9614,0
9615,0
9616,0
9617,1
9618,0
9619,0
9620,1
9621,0
9622,1
9623,1
9624,1
9625,0
9626,0
9627,1
9628,0
9629,1
9630,0
9631,0
9632,1
9633,1
9634,1
9635,0
9636,1
9637,0
9638,1
9639,1
9640,1
9641,1
9642,0
9643,1
9644,0
9645,1
9646,0
9647,1
9648,0
9649,1
9650,0
9651,1
9652,0
9653,1
9654,1
9655,1
9656,0
9657,0
9658,0
9659,0
9660,1
9661,1
9662,0
9663,0
9664,1
9665,0
9666,0
9667,1
9668,1
9669,0
9670,0
9671,1
9672,1
9673,1
9674,0
9675,1
9676,1
9677,0
9678,1
9679,0
9680,0
9681,1
9682,1
9683,0
9684,0
9685,0
9686,0
9687,0
9688,1
9689,0
9690,0
9691,1
9692,0
9693,0
9694,0
9695,0
9696,0
9697,0
9698,0
9699,1
9700,0
9701,1
9702,1
9703,0
9704,1
9705,0
9706,0
9707,1
9708,1
9709,1
9710,0
9711,0
9712,1
9713,0
9714,0
9715,1
9716,0
9717,0
9718,0
9719,1
9720,0
9721,0
9722,0
9723,1
9724,0
9725,0
9726,1
9727,1
9728,1
9729,0
9730,1
9731,1
9732,1
9733,0
9734,1
9735,1
9736,0
9737,1
9738,0
9739,1
9740,0
9741,0
9742,0
9743,1
9744,1
9745,1
9746,1
9747,0
9748,0
9749,0
9750,1
9751,1
9752,1
9753,1
9754,1
9755,1
9756,0
9757,1
9758,1
9759,1
9760,0
9761,0
9762,1
9763,0
9764,0
9765,1
9766,1
9767,1
9768,0
9769,0
9770,0
9771,0
9772,1
9773,1
9774,1
9775,0
9776,1
9777,0
9778,1
9779,0
9780,1
9781,1
9782,1
9783,0
9784,1
9785,0
9786,1
9787,1
9788,1
9789,1
9790,1
9791,1
9792,0
9793,0
9794,1
9795,1
9796,0
9797,1
9798,0
9799,0
9800,0
9801,0
9802,1
9803,0
9804,0
9805,0
9806,1
9807,0
9808,1
9809,0
9810,0
9811,1
9812,0
9813,1
9814,1
9815,0
9816,1
9817,0
9818,0
9819,0
9820,0
9821,0
9822,1
9823,0
9824,1
9825,0
9826,1
9827,1
9828,0
9829,1
9830,0
9831,0
9832,1
9833,0
9834,1
9835,0
9836,1
9837,0
9838,0
9839,0
9840,1
9841,1
9842,0
9843,1
9844,1
9845,0
9846,0
9847,1
9848,1
9849,0
9850,1
9851,0
9852,0
9853,1
9854,1
9855,0
9856,0
9857,0
9858,1
9859,0
9860,1
9861,0
9862,0
9863,1
9864,0
9865,1
9866,0
9867,1
9868,0
9869,1
9870,0
9871,1
9872,1
9873,0
9874,0
9875,1
9876,0
9877,0
9878,1
9879,1
9880,0
9881,0
9882,0
9883,0
9884,1
9885,0
9886,0
9887,0
9888,0
9889,1
9890,0
9891,0
9892,1
9893,0
9894,0
9895,0
9896,0
9897,1
9898,0
9899,0
9900,1
9901,0
9902,0
9903,0
9904,1
9905,0
9906,0
9907,0
9908,1
9909,0
9910,0
9911,1
9912,0
9913,1
9914,1
9915,0
9916,0
9917,0
9918,0
9919,0
9920,1
9921,1
9922,1
9923,1
9924,1
9925,1
9926,0
9927,0
9928,0
9929,1
9930,0
9931,1
9932,0
9933,1
9934,0
9935,1
9936,1
9937,1
9938,1
9939,0
9940,1
9941,1
9942,0
9943,0
9944,1
9945,1
9946,0
9947,0
9948,0
9949,0
9950,1
9951,1
9952,1
9953,1
9954,0
9955,0
9956,1
9957,0
9958,1
9959,0
9960,0
9961,0
9962,0
9963,0
9964,1
9965,0
9966,1
9967,1
9968,0
9969,0
9970,1
9971,0
9972,0
9973,1
9974,1
9975,1
9976,0
9977,0
9978,0
9979,0
9980,1
9981,0
9982,0
9983,1
9984,0
9985,0
9986,1
9987,0
9988,1
9989,1
9990,0
9991,0
9992,1
9993,1
9994,0
9995,1
9996,0
9997,0
9998,0
9999,1
10000,0
10001,1
10002,1
10003,1
10004,0
10005,0
10006,1
10007,0
10008,0
10009,0
10010,0
10011,0
10012,0
10013,0
10014,0
10015,1
10016,0
10017,0
10018,0
10019,1
10020,1
10021,0
10022,0
10023,0
10024,0
10025,1
10026,1
10027,1
10028,0
10029,0
10030,0
10031,1
10032,1
10033,1
10034,0
10035,0
10036,0
10037,1
10038,0
10039,0
10040,0
10041,1
10042,1
10043,0
10044,0
10045,1
10046,1
10047,1
10048,0
10049,0
10050,0
10051,0
10052,1
10053,0
10054,1
10055,1
10056,1
10057,0
10058,1
10059,0
10060,0
10061,0
10062,1
10063,1
10064,1
10065,0
10066,0
10067,1
10068,0
10069,1
10070,0
10071,1
10072,0
10073,1
10074,1
10075,0
10076,1
10077,0
10078,0
10079,0
10080,0
10081,1
10082,1
10083,0
10084,0
10085,1
10086,1
10087,1
10088,0
10089,1
10090,0
10091,1
10092,1
10093,0
10094,0
10095,1
10096,0
10097,0
10098,0
10099,1
10100,0
10101,0
10102,0
10103,1
10104,1
10105,1
10106,0
10107,1
10108,0
10109,0
10110,0
10111,1
10112,0
10113,0
10114,0
10115,1
10116,0
10117,0
10118,1
10119,0
10120,1
10121,1
10122,1
10123,1
10124,1
10125,0
10126,1
10127,0
10128,0
10129,1
10130,0
10131,0
10132,1
10133,0
10134,0
10135,0
10136,1
10137,1
10138,1
10139,1
10140,1
10141,1
10142,1
10143,1
10144,0
10145,0
10146,0
10147,1
10148,0
10149,0
10150,0
10151,0
10152,0
10153,1
10154,1
10155,1
10156,0
10157,0
10158,0
10159,0
10160,1
10161,0
10162,1
10163,0
10164,0
10165,0
10166,1
10167,0
10168,0
10169,0
10170,0
10171,0
10172,1
10173,0
10174,1
10175,1
10176,0
10177,1
10178,1
10179,1
10180,1
10181,0
10182,1
10183,1
10184,0
10185,0
10186,1
10187,0
10188,1
10189,0
10190,0
10191,0
10192,0
10193,1
10194,0
10195,0
10196,0
10197,1
10198,0
10199,0
10200,0
10201,1
10202,0
10203,1
10204,0
10205,1
10206,1
10207,0
10208,0
10209,1
10210,1
10211,1
10212,0
10213,0
10214,0
10215,0
10216,0
10217,0
10218,0
10219,0
10220,0
10221,1
10222,0
10223,1
10224,0
10225,0
10226,1
10227,1
10228,1
10229,1
10230,0
10231,1
10232,1
10233,0
10234,1
10235,0
10236,0
10237,1
10238,1
10239,1
10240,0
10241,0
10242,1
10243,1
10244,0
10245,0
10246,0
10247,1
10248,1
10249,1
10250,1
10251,1
10252,0
10253,0
10254,1
10255,0
10256,0
10257,1
10258,1
10259,0
10260,0
10261,1
10262,0
10263,0
10264,1
10265,0
10266,0
10267,0
10268,0
10269,0
10270,0
10271,1
10272,0
10273,0
10274,0
10275,0
10276,0
10277,1
10278,0
10279,1
10280,0
10281,0
10282,0
10283,0
10284,0
10285,0
10286,0
10287,0
10288,1
10289,1
10290,0
10291,0
10292,1
10293,0
10294,1
10295,1
10296,0
10297,1
10298,0
10299,0
10300,1
10301,0
10302,0
10303,0
10304,0
10305,1
10306,0
10307,0
10308,1
10309,1
10310,0
10311,0
10312,0
10313,0
10314,1
10315,1
10316,0
10317,1
10318,0
10319,1
10320,0
10321,1
10322,1
10323,1
10324,0
10325,1
10326,1
10327,0
10328,1
10329,1
10330,0
10331,1
10332,0
10333,1
10334,1
10335,1
10336,1
10337,1
10338,0
10339,0
10340,0
10341,0
10342,1
10343,0
10344,0
10345,0
10346,1
10347,0
10348,0
10349,0
10350,0
10351,0
10352,1
10353,0
10354,1
10355,1
10356,1
10357,0
10358,0
10359,0
10360,0
10361,1
10362,1
10363,1
10364,1
10365,0
10366,1
10367,1
10368,0
10369,0
10370,0
10371,0
10372,0
10373,1
10374,0
10375,0
10376,0
10377,0
10378,1
10379,0
10380,1
10381,0
10382,1
10383,1
10384,0
10385,0
10386,0
10387,0
10388,1
10389,0
10390,0
10391,1
10392,0
10393,1
10394,1
10395,0
10396,1
10397,0
10398,1
10399,0
10400,0
10401,1
10402,0
10403,0
10404,1
10405,0
10406,1
10407,0
10408,1
10409,1
10410,0
10411,0
10412,1
10413,1
10414,1
10415,0
10416,1
10417,0
10418,1
10419,0
10420,0
10421,1
10422,1
10423,1
10424,0
10425,1
10426,1
10427,1
10428,0
10429,0
10430,0
10431,1
10432,0
10433,1
10434,0
10435,0
10436,0
10437,1
10438,0
10439,0
10440,0
10441,1
10442,0
10443,1
10444,1
10445,0
10446,0
10447,0
10448,0
10449,0
10450,0
10451,0
10452,1
10453,1
10454,1
10455,0
10456,0
10457,0
10458,0
10459,1
10460,0
10461,1
10462,1
10463,1
10464,1
10465,0
10466,1
10467,0
10468,1
10469,1
10470,0
10471,0
10472,1
10473,0
10474,1
10475,1
10476,1
10477,1
10478,1
10479,1
10480,1
10481,0
10482,0
10483,0
10484,1
10485,1
10486,0
10487,1
10488,1
10489,0
10490,0
10491,1
10492,0
10493,1
10494,1
10495,0
10496,1
10497,0
10498,1
10499,1
10500,0
10501,0
10502,0
10503,0
10504,1
10505,1
10506,1
10507,0
10508,1
10509,0
10510,1
10511,1
10512,1
10513,1
10514,0
10515,1
10516,0
10517,1
10518,0
10519,0
10520,0
10521,0
10522,1
10523,0
10524,0
10525,0
10526,0
10527,1
10528,0
10529,1
10530,0
10531,1
10532,0
10533,0
10534,1
10535,1
10536,1
10537,0
10538,1
10539,0
10540,1
10541,1
10542,1
10543,1
10544,0
10545,0
10546,1
10547,1
10548,0
10549,0
10550,1
10551,0
10552,0
10553,0
10554,0
10555,1
10556,0
10557,0
10558,1
10559,0
10560,1
10561,0
10562,1
10563,0
10564,1
10565,1
10566,0
10567,0
10568,1
10569,0
10570,0
10571,0
10572,0
10573,1
10574,0
10575,0
10576,0
10577,1
10578,0
10579,1
10580,0
10581,0
10582,1
10583,0
10584,1
10585,1
10586,1
10587,0
10588,0
10589,1
10590,0
10591,0
10592,1
10593,0
10594,0
10595,0
10596,0
10597,1
10598,1
10599,0
10600,0
10601,0
10602,0
10603,0
10604,0
10605,0
10606,0
10607,0
10608,0
10609,1
10610,0
10611,0
10612,0
10613,1
10614,0
10615,1
10616,0
10617,0
10618,1
10619,0
10620,1
10621,1
10622,0
10623,1
10624,1
10625,1
10626,1
10627,1
10628,0
10629,1
10630,1
10631,1
10632,1
10633,0
10634,0
10635,1
10636,0
10637,1
10638,0
10639,0
10640,1
10641,1
10642,0
10643,0
10644,1
10645,0
10646,0
10647,1
10648,1
10649,0
10650,0
10651,1
10652,1
10653,0
10654,1
10655,1
10656,0
10657,0
10658,1
10659,1
10660,1
10661,0
10662,1
10663,0
10664,0
10665,0
10666,1
10667,0
10668,0
10669,0
10670,1
10671,0
10672,0
10673,0
10674,0
10675,0
10676,0
10677,1
10678,1
10679,0
10680,1
10681,0
10682,0
10683,1
10684,1
10685,1
10686,0
10687,0
10688,1
10689,1
10690,1
10691,1
10692,1
10693,0
10694,1
10695,0
10696,0
10697,0
10698,1
10699,0
10700,0
10701,0
10702,0
10703,0
10704,1
10705,1
10706,0
10707,1
10708,0
10709,0
10710,0
10711,1
10712,1
10713,1
10714,1
10715,0
10716,1
10717,1
10718,1
10719,0
10720,0
10721,0
10722,1
10723,1
10724,0
10725,1
10726,0
10727,0
10728,0
10729,0
10730,1
10731,0
10732,0
10733,0
10734,0
10735,0
10736,1
10737,1
10738,1
10739,1
10740,0
10741,1
10742,0
10743,0
10744,1
10745,0
10746,1
10747,1
10748,0
10749,0
10750,1
10751,0
10752,1
10753,0
10754,0
10755,0
10756,0
10757,0
10758,1
10759,1
10760,1
10761,0
10762,0
10763,1
10764,1
10765,0
10766,1
10767,0
10768,0
10769,0
10770,0
10771,0
10772,1
10773,1
10774,0
10775,1
10776,0
10777,0
10778,1
10779,0
10780,0
10781,1
10782,0
10783,0
10784,0
10785,0
10786,0
10787,0
10788,1
10789,0
10790,0
10791,1
10792,0
10793,1
10794,1
10795,1
10796,1
10797,0
10798,1
10799,0
10800,1
10801,1
10802,1
10803,1
10804,1
10805,0
10806,1
10807,1
10808,0
10809,0
10810,1
10811,0
10812,1
10813,0
10814,0
10815,1
10816,1
10817,1
10818,1
10819,1
10820,0
10821,0
10822,0
10823,0
10824,0
10825,1
10826,0
10827,1
10828,0
10829,1
10830,1
10831,1
10832,0
10833,1
10834,0
10835,0
10836,0
10837,0
10838,0
10839,1
10840,1
10841,0
10842,1
10843,0
10844,1
10845,1
10846,0
10847,0
10848,1
10849,0
10850,1
10851,0
10852,0
10853,0
10854,1
10855,1
10856,0
10857,1
10858,0
10859,0
10860,1
10861,1
10862,0
10863,1
10864,1
10865,0
10866,0
10867,0
10868,0
10869,1
10870,1
10871,0
10872,0
10873,0
10874,1
10875,1
10876,1
10877,1
10878,1
10879,1
10880,0
10881,0
10882,0
10883,0
10884,1
10885,1
10886,0
10887,0
10888,1
10889,1
10890,0
10891,0
10892,0
10893,1
10894,1
10895,0
10896,0
10897,0
10898,0
10899,0
10900,0
10901,0
10902,0
10903,0
10904,0
10905,0
10906,1
10907,0
10908,1
10909,0
10910,1
10911,0
10912,0
10913,0
10914,1
10915,0
10916,0
10917,1
10918,1
10919,0
10920,0
10921,0
10922,1
10923,0
10924,0
10925,0
10926,1
10927,0
10928,1
10929,1
10930,0
10931,0
10932,0
10933,1
10934,0
10935,0
10936,0
10937,0
10938,1
10939,0
10940,1
10941,0
10942,0
10943,0
10944,1
10945,1
10946,0
10947,1
10948,0
10949,1
10950,1
10951,1
10952,1
10953,1
10954,1
10955,1
10956,1
10957,1
10958,1
10959,1
10960,1
10961,0
10962,0
10963,1
10964,1
10965,0
10966,1
10967,0
10968,1
10969,0
10970,0
10971,1
10972,0
10973,0
10974,1
10975,0
10976,0
10977,0
10978,0
10979,1
10980,0
10981,1
10982,0
10983,1
10984,1
10985,0
10986,1
10987,0
10988,0
10989,1
10990,1
10991,0
10992,1
10993,0
10994,0
10995,0
10996,1
10997,0
10998,0
10999,1
11000,1
11001,0
11002,0
11003,0
11004,0
11005,1
11006,0
11007,1
11008,1
11009,1
11010,0
11011,0
11012,0
11013,0
11014,0
11015,1
11016,0
11017,1
11018,0
11019,1
11020,0
11021,0
11022,1
11023,1
11024,1
11025,0
11026,0
11027,0
11028,0
11029,1
11030,0
11031,1
11032,0
11033,0
11034,0
11035,1
11036,0
11037,0
11038,0
11039,0
11040,1
11041,1
11042,0
11043,1
11044,0
11045,1
11046,1
11047,0
11048,0
11049,1
11050,0
11051,1
11052,0
11053,1
11054,1
11055,0
11056,0
11057,1
11058,1
11059,1
11060,1
11061,1
11062,0
11063,0
11064,0
11065,1
11066,0
11067,1
11068,1
11069,0
11070,0
11071,1
11072,1
11073,0
11074,1
11075,0
11076,1
11077,1
11078,1
11079,0
11080,0
11081,1
11082,0
11083,1
11084,1
11085,0
11086,0
11087,1
11088,0
11089,1
11090,0
11091,0
11092,0
11093,1
11094,1
11095,0
11096,1
11097,1
11098,1
11099,1
11100,0
11101,0
11102,0
11103,1
11104,0
11105,0
11106,0
11107,1
11108,0
11109,0
11110,1
11111,1
11112,0
11113,0
11114,0
11115,1
11116,1
11117,1
11118,0
11119,0
11120,0
11121,1
11122,0
11123,0
11124,0
11125,1
11126,0
11127,1
11128,1
11129,0
11130,0
11131,0
11132,0
11133,0
11134,0
11135,1
11136,1
11137,0
11138,0
11139,1
11140,0
11141,0
11142,1
11143,1
11144,0
11145,0
11146,0
11147,1
11148,0
11149,1
11150,1
11151,0
11152,0
11153,0
11154,0
11155,0
11156,0
11157,1
11158,0
11159,0
11160,0
11161,0
11162,0
11163,0
11164,0
11165,0
11166,0
11167,0
11168,0
11169,0
11170,0
11171,0
11172,1
11173,1
11174,1
11175,0
11176,0
11177,0
11178,1
11179,1
11180,0
11181,0
11182,0
11183,1
11184,1
11185,0
11186,0
11187,0
11188,1
11189,0
11190,0
11191,0
11192,0
11193,0
11194,1
11195,0
11196,1
11197,1
11198,0
11199,1
11200,0
11201,0
11202,0
11203,1
11204,1
11205,1
11206,0
11207,0
11208,0
11209,0
11210,0
11211,0
11212,1
11213,1
11214,0
11215,0
11216,0
11217,1
11218,1
11219,1
11220,1
11221,1
11222,0
11223,0
11224,1
11225,0
11226,1
11227,0
11228,0
11229,1
11230,1
11231,0
11232,1
11233,1
11234,1
11235,0
11236,1
11237,1
11238,0
11239,1
11240,1
11241,1
11242,0
11243,1
11244,0
11245,1
11246,0
11247,0
11248,0
11249,1
11250,0
11251,1
11252,1
11253,1
11254,0
11255,1
11256,0
11257,0
11258,1
11259,1
11260,0
11261,0
11262,1
11263,1
11264,0
11265,1
11266,0
11267,0
11268,1
11269,0
11270,1
11271,1
11272,1
11273,1
11274,0
11275,0
11276,0
11277,0
11278,1
11279,1
11280,1
11281,1
11282,1
11283,0
11284,1
11285,1
11286,0
11287,0
11288,1
11289,1
11290,0
11291,0
11292,0
11293,1
11294,0
11295,0
11296,0
11297,0
11298,1
11299,0
11300,0
11301,1
11302,0
11303,0
11304,1
11305,1
11306,0
11307,1
11308,0
11309,1
11310,0
11311,0
11312,0
11313,0
11314,0
11315,0
11316,0
11317,1
11318,1
11319,1
11320,0
11321,0
11322,0
11323,0
11324,0
11325,1
11326,0
11327,1
11328,0
11329,1
11330,1
11331,1
11332,0
11333,1
11334,0
11335,1
11336,0
11337,0
11338,0
11339,0
11340,0
11341,1
11342,0
11343,0
11344,1
11345,0
11346,1
11347,1
11348,1
11349,0
11350,1
11351,1
11352,1
11353,1
11354,0
11355,0
11356,0
11357,0
11358,0
11359,0
11360,1
11361,1
11362,0
11363,1
11364,0
11365,1
11366,0
11367,0
11368,0
11369,1
11370,1
11371,0
11372,1
11373,0
11374,0
11375,1
11376,1
11377,0
11378,0
11379,1
11380,0
11381,0
11382,0
11383,1
11384,1
11385,0
11386,1
11387,1
11388,0
11389,0
11390,0
11391,0
11392,0
11393,1
11394,1
11395,0
11396,0
11397,1
11398,1
11399,0
11400,0
11401,1
11402,1
11403,1
11404,0
11405,0
11406,0
11407,0
11408,0
11409,0
11410,0
11411,0
11412,0
11413,0
11414,0
11415,1
11416,1
11417,0
11418,1
11419,1
11420,1
11421,0
11422,1
11423,1
11424,0
11425,0
11426,0
11427,1
11428,0
11429,0
11430,1
11431,1
11432,0
11433,0
11434,0
11435,0
11436,1
11437,1
11438,1
11439,1
11440,0
11441,0
11442,1
11443,0
11444,1
11445,0
11446,1
11447,1
11448,0
11449,1
11450,1
11451,1
11452,0
11453,1
11454,1
11455,1
11456,1
11457,1
11458,1
11459,0
11460,0
11461,1
11462,1
11463,1
11464,0
11465,0
11466,0
11467,1
11468,0
11469,1
11470,0
11471,1
11472,0
11473,0
11474,0
11475,1
11476,1
11477,0
11478,1
11479,0
11480,1
11481,1
11482,1
11483,1
11484,0
11485,0
11486,0
11487,1
11488,0
11489,1
11490,0
11491,1
11492,1
11493,1
11494,1
11495,0
11496,1
11497,0
11498,1
11499,1
11500,0
11501,1
11502,0
11503,0
11504,0
11505,0
11506,1
11507,0
11508,1
11509,1
11510,0
11511,0
11512,0
11513,0
11514,0
11515,1
11516,0
11517,1
11518,0
11519,0
11520,1
11521,0
11522,1
11523,0
11524,0
11525,1
11526,0
11527,0
11528,0
11529,1
11530,0
11531,1
11532,1
11533,1
11534,0
11535,0
11536,0
11537,0
11538,1
11539,0
11540,1
11541,1
11542,0
11543,0
11544,0
11545,1
11546,0
11547,0
11548,1
11549,1
11550,1
11551,0
11552,0
11553,0
11554,0
11555,0
11556,0
11557,1
11558,0
11559,0
11560,1
11561,1
11562,0
11563,1
11564,1
11565,0
11566,0
11567,1
11568,0
11569,1
11570,1
11571,1
11572,0
11573,1
11574,1
11575,1
11576,0
11577,0
11578,0
11579,1
11580,1
11581,1
11582,0
11583,1
11584,0
11585,0
11586,0
11587,0
11588,1
11589,0
11590,0
11591,0
11592,0
11593,0
11594,0
11595,0
11596,0
11597,0
11598,0
11599,0
11600,0
11601,0
11602,0
11603,0
11604,1
11605,0
11606,1
11607,0
11608,0
11609,1
11610,0
11611,0
11612,0
11613,1
11614,1
11615,1
11616,0
11617,1
11618,0
11619,1
11620,1
11621,1
11622,1
11623,1
11624,1
11625,0
11626,1
11627,0
11628,0
11629,0
11630,1
11631,0
11632,1
11633,1
11634,1
11635,0
11636,0
11637,1
11638,0
11639,0
11640,0
11641,0
11642,1
11643,0
11644,0
11645,0
11646,1
11647,1
11648,1
11649,0
11650,1
11651,0
11652,0
11653,0
11654,1
11655,0
11656,0
11657,1
11658,1
11659,1
11660,0
11661,0
11662,1
11663,0
11664,0
11665,1
11666,1
11667,0
11668,1
11669,0
11670,1
11671,0
11672,0
11673,1
11674,1
11675,1
11676,0
11677,0
11678,1
11679,1
11680,0
11681,1
11682,0
11683,1
11684,0
11685,1
11686,1
11687,1
11688,0
11689,0
11690,1
11691,1
11692,1
11693,1
11694,0
11695,1
11696,0
11697,1
11698,1
11699,0
11700,0
11701,1
11702,1
11703,1
11704,0
11705,0
11706,0
11707,1
11708,1
11709,1
11710,1
11711,1
11712,0
11713,1
11714,1
11715,0
11716,0
11717,0
11718,0
11719,1
11720,1
11721,0
11722,0
11723,0
11724,0
11725,0
11726,0
11727,0
11728,0
11729,0
11730,0
11731,0
11732,0
11733,1
11734,0
11735,1
11736,0
11737,1
11738,0
11739,1
11740,0
11741,0
11742,0
11743,0
11744,0
11745,0
11746,1
11747,0
11748,0
11749,0
11750,1
11751,0
11752,0
11753,0
11754,0
11755,0
11756,1
11757,0
11758,0
11759,1
11760,0
11761,0
11762,1
11763,1
11764,0
11765,1
11766,1
11767,0
11768,1
11769,1
11770,0
11771,1
11772,1
11773,1
11774,0
11775,0
11776,0
11777,0
11778,0
11779,0
11780,0
11781,1
11782,1
11783,0
11784,1
11785,0
11786,1
11787,0
11788,1
11789,1
11790,1
11791,1
11792,0
11793,1
11794,1
11795,0
11796,1
11797,1
11798,0
11799,0
11800,1
11801,1
11802,0
11803,1
11804,1
11805,0
11806,0
11807,0
11808,0
11809,0
11810,0
11811,0
11812,0
11813,0
11814,1
11815,1
11816,1
11817,0
11818,0
11819,0
11820,1
11821,0
11822,1
11823,1
11824,1
11825,1
11826,0
11827,0
11828,0
11829,0
11830,0
11831,1
11832,1
11833,1
11834,0
11835,0
11836,0
11837,0
11838,0
11839,0
11840,1
11841,1
11842,1
11843,1
11844,1
11845,1
11846,0
11847,1
11848,0
11849,1
11850,1
11851,0
11852,0
11853,1
11854,0
11855,1
11856,0
11857,0
11858,1
11859,0
11860,0
11861,0
11862,1
11863,1
11864,1
11865,1
11866,0
11867,1
11868,1
11869,1
11870,1
11871,0
11872,0
11873,0
11874,0
11875,0
11876,0
11877,1
11878,0
11879,0
11880,1
11881,1
11882,1
11883,1
11884,1
11885,0
11886,0
11887,1
11888,1
11889,1
11890,1
11891,0
11892,0
11893,1
11894,0
11895,0
11896,0
11897,1
11898,1
11899,1
11900,1
11901,1
11902,1
11903,1
11904,1
11905,1
11906,1
11907,1
11908,0
11909,1
11910,0
11911,0
11912,0
11913,0
11914,0
11915,1
11916,0
11917,1
11918,1
11919,0
11920,0
11921,0
11922,1
11923,0
11924,1
11925,1
11926,1
11927,1
11928,1
11929,0
11930,1
11931,1
11932,0
11933,1
11934,1
11935,0
11936,0
11937,1
11938,0
11939,1
11940,1
11941,0
11942,0
11943,1
11944,1
11945,1
11946,1
11947,0
11948,0
11949,1
11950,1
11951,0
11952,0
11953,0
11954,0
11955,1
11956,1
11957,1
11958,0
11959,0
11960,1
11961,1
11962,0
11963,1
11964,0
11965,0
11966,0
11967,0
11968,0
11969,0
11970,0
11971,0
11972,0
11973,1
11974,1
11975,0
11976,0
11977,0
11978,1
11979,0
11980,1
11981,1
11982,0
11983,1
11984,1
11985,1
11986,0
11987,1
11988,1
11989,1
11990,0
11991,0
11992,1
11993,0
11994,0
11995,1
11996,1
11997,0
11998,0
11999,0
12000,1
12001,1
12002,1
12003,1
12004,0
12005,0
12006,0
12007,0
12008,1
12009,1
12010,0
12011,1
12012,0
12013,0
12014,1
12015,0
12016,0
12017,0
12018,1
12019,1
12020,1
12021,0
12022,0
12023,0
12024,0
12025,0
12026,1
12027,1
12028,1
12029,1
12030,0
12031,0
12032,1
12033,0
12034,1
12035,0
12036,0
12037,1
12038,1
12039,1
12040,0
12041,1
12042,0
12043,0
12044,0
12045,1
12046,0
12047,0
12048,1
12049,1
12050,1
12051,0
12052,0
12053,1
12054,0
12055,0
12056,0
12057,1
12058,1
12059,0
12060,0
12061,0
12062,0
12063,0
12064,1
12065,0
12066,0
12067,1
12068,0
12069,1
12070,1
12071,0
12072,0
12073,0
12074,1
12075,1
12076,0
12077,1
12078,0
12079,0
12080,1
12081,1
12082,0
12083,0
12084,0
12085,0
12086,0
12087,0
12088,1
12089,0
12090,0
12091,1
12092,0
12093,0
12094,0
12095,0
12096,1
12097,1
12098,1
12099,0
12100,1
12101,1
12102,0
12103,0
12104,0
12105,0
12106,1
12107,1
12108,0
12109,0
12110,0
12111,0
12112,0
12113,0
12114,1
12115,1
12116,0
12117,1
12118,0
12119,1
12120,0
12121,1
12122,0
12123,1
12124,1
12125,0
12126,0
12127,0
12128,0
12129,0
12130,0
12131,0
12132,0
12133,1
12134,0
12135,1
12136,1
12137,0
12138,1
12139,1
12140,0
12141,1
12142,1
12143,1
12144,1
12145,0
12146,1
12147,1
12148,1
12149,1
12150,0
12151,1
12152,0
12153,0
12154,1
12155,0
12156,0
12157,0
12158,0
12159,0
12160,1
12161,0
12162,0
12163,1
12164,0
12165,0
12166,1
12167,1
12168,1
12169,0
12170,1
12171,1
12172,0
12173,1
12174,0
12175,1
12176,0
12177,0
12178,0
12179,1
12180,0
12181,1
12182,0
12183,0
12184,1
12185,0
12186,0
12187,0
12188,1
12189,1
12190,1
12191,0
12192,0
12193,0
12194,0
12195,0
12196,1
12197,1
12198,1
12199,0
12200,1
12201,1
12202,0
12203,0
12204,0
12205,1
12206,0
12207,1
12208,1
12209,1
12210,1
12211,0
12212,0
12213,0
12214,0
12215,1
12216,1
12217,1
12218,0
12219,0
12220,1
12221,1
12222,1
12223,0
12224,0
12225,1
12226,1
12227,0
12228,1
12229,1
12230,0
12231,0
12232,0
12233,0
12234,0
12235,0
12236,1
12237,1
12238,0
12239,1
12240,0
12241,0
12242,0
12243,0
12244,1
12245,0
12246,1
12247,0
12248,1
12249,1
12250,0
12251,0
12252,1
12253,0
12254,1
12255,0
12256,1
12257,1
12258,1
12259,0
12260,0
12261,1
12262,0
12263,0
12264,1
12265,1
12266,0
12267,0
12268,0
12269,0
12270,0
12271,1
12272,1
12273,1
12274,0
12275,0
12276,1
12277,0
12278,1
12279,1
12280,1
12281,1
12282,0
12283,0
12284,0
12285,1
12286,0
12287,0
12288,1
12289,0
12290,1
12291,0
12292,0
12293,1
12294,0
12295,0
12296,0
12297,0
12298,1
12299,0
12300,0
12301,1
12302,0
12303,1
12304,1
12305,0
12306,0
12307,1
12308,0
12309,0
12310,0
12311,1
12312,1
12313,1
12314,1
12315,1
12316,1
12317,0
12318,0
12319,0
12320,0
12321,1
12322,1
12323,0
12324,0
12325,0
12326,1
12327,0
12328,0
12329,0
12330,1
12331,0
12332,0
12333,0
12334,1
12335,1
12336,0
12337,1
12338,0
12339,1
12340,0
12341,1
12342,0
12343,0
12344,0
12345,0
12346,1
12347,0
12348,1
12349,0
12350,1
12351,0
12352,0
12353,1
12354,1
12355,0
12356,1
12357,1
12358,1
12359,0
12360,0
12361,1
12362,0
12363,1
12364,0
12365,0
12366,0
12367,1
12368,0
12369,1
12370,1
12371,1
12372,0
12373,1
12374,1
12375,0
12376,1
12377,0
12378,1
12379,1
12380,1
12381,0
12382,1
12383,0
12384,0
12385,1
12386,0
12387,0
12388,1
12389,1
12390,0
12391,0
12392,0
12393,1
12394,1
12395,1
12396,0
12397,1
12398,0
12399,1
12400,0
12401,0
12402,1
12403,1
12404,1
12405,1
12406,0
12407,1
12408,0
12409,1
12410,0
12411,1
12412,1
12413,1
12414,0
12415,0
12416,1
12417,0
12418,0
12419,0
12420,0
12421,0
12422,0
12423,0
12424,0
12425,1
12426,1
12427,1
12428,1
12429,0
12430,1
12431,0
12432,1
12433,0
12434,1
12435,0
12436,0
12437,1
12438,1
12439,0
12440,0
12441,0
12442,0
12443,0
12444,0
12445,1
12446,0
12447,1
12448,1
12449,1
12450,0
12451,0
12452,0
12453,1
12454,1
12455,0
12456,1
12457,0
12458,0
12459,0
12460,1
12461,0
12462,0
12463,0
12464,1
12465,0
12466,0
12467,0
12468,1
12469,1
12470,0
12471,0
12472,0
12473,1
12474,0
12475,1
12476,0
12477,1
12478,1
12479,1
12480,1
12481,0
12482,0
12483,0
12484,1
12485,0
12486,0
12487,0
12488,0
12489,0
12490,0
12491,1
12492,1
12493,0
12494,1
12495,0
12496,0
12497,1
12498,1
12499,1
12500,1
12501,1
12502,1
12503,0
12504,1
12505,1
12506,0
12507,0
12508,0
12509,0
12510,1
12511,1
12512,1
12513,1
12514,0
12515,1
12516,0
12517,0
12518,0
12519,1
12520,1
12521,0
12522,1
12523,0
12524,1
12525,1
12526,1
12527,0
12528,0
12529,0
12530,1
12531,1
12532,1
12533,1
12534,1
12535,1
12536,1
12537,0
12538,0
12539,0
12540,0
12541,1
12542,0
12543,0
12544,0
12545,1
12546,0
12547,0
12548,1
12549,1
12550,0
12551,1
12552,0
12553,1
12554,0
12555,0
12556,0
12557,0
12558,0
12559,0
12560,1
12561,0
12562,0
12563,0
12564,0
12565,0
12566,0
12567,0
12568,1
12569,1
12570,0
12571,1
12572,1
12573,0
12574,1
12575,0
12576,1
12577,1
12578,0
12579,0
12580,1
12581,1
12582,0
12583,0
12584,1
12585,0
12586,0
12587,0
12588,1
12589,1
12590,1
12591,0
12592,0
12593,0
12594,0
12595,1
12596,0
12597,0
12598,0
12599,1
12600,0
12601,0
12602,0
12603,1
12604,0
12605,1
12606,0
12607,0
12608,0
12609,1
12610,0
12611,1
12612,0
12613,1
12614,1
12615,1
12616,1
12617,0
12618,1
12619,1
12620,0
12621,1
12622,0
12623,0
12624,0
12625,1
12626,0
12627,0
12628,0
12629,1
12630,0
12631,0
12632,1
12633,0
12634,1
12635,0
12636,0
12637,1
12638,0
12639,1
12640,0
12641,1
12642,1
12643,0
12644,0
12645,0
12646,0
12647,0
12648,0
12649,1
12650,1
12651,0
12652,1
12653,1
12654,0
12655,0
12656,0
12657,0
12658,1
12659,0
12660,0
12661,1
12662,0
12663,1
12664,1
12665,1
12666,0
12667,1
12668,1
12669,1
12670,0
12671,0
12672,0
12673,1
12674,0
12675,0
12676,0
12677,1
12678,1
12679,1
12680,0
12681,0
12682,1
12683,0
12684,1
12685,1
12686,0
12687,0
12688,1
12689,0
12690,0
12691,1
12692,0
12693,0
12694,1
12695,0
12696,0
12697,1
12698,1
12699,1
12700,1
12701,0
12702,0
12703,0
12704,0
12705,0
12706,0
12707,0
12708,1
12709,0
12710,1
12711,0
12712,0
12713,1
12714,1
12715,0
12716,0
12717,1
12718,1
12719,0
12720,0
12721,0
12722,0
12723,1
12724,0
12725,0
12726,0
12727,0
12728,0
12729,0
12730,1
12731,1
12732,1
12733,1
12734,0
12735,0
12736,1
12737,1
12738,0
12739,1
12740,0
12741,1
12742,1
12743,1
12744,0
12745,1
12746,1
12747,0
12748,0
12749,1
12750,0
12751,0
12752,1
12753,1
12754,0
12755,1
12756,0
12757,0
12758,0
12759,0
12760,1
12761,1
12762,0
12763,1
12764,1
12765,0
12766,0
12767,0
12768,0
12769,0
12770,1
12771,1
12772,0
12773,0
12774,0
12775,0
12776,1
12777,1
12778,0
12779,0
12780,0
12781,1
12782,0
12783,1
12784,1
12785,0
12786,1
12787,1
12788,1
12789,0
12790,0
12791,1
12792,0
12793,0
12794,1
12795,0
12796,0
12797,0
12798,0
12799,1
12800,1
12801,0
12802,1
12803,0
12804,0
12805,0
12806,0
12807,0
12808,0
12809,0
12810,1
12811,1
12812,0
12813,1
12814,0
12815,0
12816,1
12817,1
12818,1
12819,1
12820,1
12821,0
12822,1
12823,0
12824,0
12825,0
12826,1
12827,1
12828,1
12829,0
12830,1
12831,0
12832,0
12833,1
12834,1
12835,1
12836,0
12837,0
12838,0
12839,0
12840,0
12841,1
12842,1
12843,1
12844,1
12845,0
12846,0
12847,1
12848,1
12849,1
12850,0
12851,0
12852,0
12853,0
12854,1
12855,0
12856,0
12857,0
12858,1
12859,0
12860,1
12861,1
12862,0
12863,1
12864,0
12865,0
12866,0
12867,1
12868,1
12869,0
12870,0
12871,0
12872,0
12873,0
12874,0
12875,1
12876,1
12877,1
12878,0
12879,0
12880,1
12881,0
12882,0
12883,0
12884,0
12885,0
12886,0
12887,0
12888,1
12889,0
12890,1
12891,0
12892,1
12893,0
12894,1
12895,1
12896,1
12897,0
12898,0
12899,0
12900,0
12901,1
12902,0
12903,0
12904,0
12905,0
12906,0
12907,0
12908,1
12909,0
12910,0
12911,1
12912,0
12913,0
12914,0
12915,0
12916,0
12917,0
12918,0
12919,0
12920,1
12921,1
12922,0
12923,0
12924,1
12925,1
12926,0
12927,1
12928,0
12929,0
12930,1
12931,1
12932,0
12933,1
12934,1
12935,0
12936,1
12937,0
12938,1
12939,0
12940,1
12941,0
12942,1
12943,1
12944,0
12945,0
12946,1
12947,0
12948,1
12949,1
12950,1
12951,1
12952,1
12953,0
12954,0
12955,1
12956,0
12957,0
12958,0
12959,1
12960,0
12961,1
12962,0
12963,1
12964,1
12965,1
12966,1
12967,0
12968,1
12969,1
12970,0
12971,1
12972,0
12973,0
12974,0
12975,1
12976,1
12977,0
12978,0
12979,0
12980,1
12981,0
12982,1
12983,0
12984,0
12985,1
12986,0
12987,1
12988,1
12989,1
12990,0
12991,0
12992,1
12993,0
12994,1
12995,0
12996,1
12997,0
12998,1
12999,0
13000,0
13001,0
13002,0
13003,0
13004,0
13005,0
13006,1
13007,0
13008,1
13009,1
13010,1
13011,1
13012,1
13013,0
13014,0
13015,0
13016,0
13017,0
13018,0
13019,1
13020,0
13021,1
13022,1
13023,0
13024,1
13025,0
13026,1
13027,1
13028,0
13029,0
13030,0
13031,0
13032,1
13033,1
13034,1
13035,0
13036,1
13037,1
13038,0
13039,0
13040,0
13041,0
13042,0
13043,0
13044,1
13045,0
13046,1
13047,0
13048,0
13049,0
13050,1
13051,0
13052,0
13053,0
13054,0
13055,0
13056,0
13057,0
13058,0
13059,0
13060,0
13061,0
13062,0
13063,1
13064,0
13065,1
13066,1
13067,1
13068,1
13069,1
13070,0
13071,1
13072,0
13073,0
13074,0
13075,0
13076,0
13077,1
13078,0
13079,1
13080,1
13081,0
13082,0
13083,0
13084,1
13085,0
13086,1
13087,0
13088,0
13089,1
13090,0
13091,0
13092,0
13093,1
13094,1
13095,0
13096,0
13097,0
13098,1
13099,0
13100,1
13101,0
13102,0
13103,1
13104,0
13105,1
13106,1
13107,1
13108,1
13109,0
13110,0
13111,0
13112,0
13113,0
13114,1
13115,0
13116,1
13117,0
13118,0
13119,1
13120,0
13121,0
13122,1
13123,0
13124,0
13125,0
13126,1
13127,1
13128,0
13129,0
13130,0
13131,0
13132,1
13133,1
13134,1
13135,0
13136,1
13137,1
13138,1
13139,0
13140,1
13141,1
13142,0
13143,0
13144,1
13145,1
13146,1
13147,0
13148,1
13149,0
13150,0
13151,1
13152,0
13153,0
13154,1
13155,1
13156,0
13157,1
13158,1
13159,1
13160,1
13161,0
13162,1
13163,0
13164,1
13165,1
13166,1
13167,1
13168,1
13169,0
13170,0
13171,0
13172,0
13173,0
13174,0
13175,1
13176,1
13177,0
13178,0
13179,0
13180,0
13181,1
13182,1
13183,1
13184,0
13185,0
13186,0
13187,0
13188,1
13189,0
13190,1
13191,0
13192,1
13193,0
13194,0
13195,1
13196,0
13197,0
13198,1
13199,1
13200,0
13201,1
13202,0
13203,0
13204,0
13205,0
13206,0
13207,0
13208,0
13209,1
13210,0
13211,1
13212,0
13213,1
13214,0
13215,1
13216,0
13217,1
13218,1
13219,0
13220,0
13221,0
13222,0
13223,0
13224,1
13225,1
13226,0
13227,0
13228,1
13229,1
13230,1
13231,0
13232,0
13233,0
13234,0
13235,0
13236,1
13237,0
13238,1
13239,0
13240,1
13241,0
13242,1
13243,0
13244,1
13245,1
13246,0
13247,0
13248,0
13249,0
13250,1
13251,1
13252,1
13253,1
13254,0
13255,1
13256,1
13257,0
13258,0
13259,1
13260,0
13261,1
13262,0
13263,1
13264,0
13265,1
13266,1
13267,0
13268,0
13269,1
13270,1
13271,1
13272,1
13273,1
13274,0
13275,1
13276,0
13277,1
13278,0
13279,0
13280,1
13281,0
13282,0
13283,1
13284,1
13285,0
13286,0
13287,0
13288,0
13289,0
13290,1
13291,1
13292,1
13293,0
13294,1
13295,1
13296,0
13297,0
13298,0
13299,0
13300,1
13301,0
13302,1
13303,0
13304,1
13305,0
13306,0
13307,1
13308,1
13309,1
13310,0
13311,0
13312,1
13313,0
13314,1
13315,1
13316,1
13317,1
13318,1
13319,0
13320,1
13321,1
13322,0
13323,0
13324,0
13325,1
13326,0
13327,1
13328,1
13329,0
13330,1
13331,1
13332,1
13333,1
13334,0
13335,0
13336,0
13337,1
13338,0
13339,0
13340,1
13341,0
13342,0
13343,0
13344,1
13345,0
13346,1
13347,1
13348,0
13349,1
13350,0
13351,0
13352,1
13353,0
13354,0
13355,0
13356,0
13357,0
13358,1
13359,1
13360,1
13361,1
13362,0
13363,0
13364,0
13365,1
13366,0
13367,1
13368,1
13369,0
13370,0
13371,0
13372,0
13373,0
13374,0
13375,1
13376,0
13377,0
13378,0
13379,1
13380,0
13381,1
13382,0
13383,1
13384,0
13385,1
13386,1
13387,1
13388,0
13389,0
13390,0
13391,0
13392,0
13393,1
13394,1
13395,0
13396,0
13397,1
13398,0
13399,0
13400,1
13401,0
13402,1
13403,0
13404,0
13405,0
13406,1
13407,1
13408,0
13409,0
13410,1
13411,0
13412,1
13413,1
13414,1
13415,1
13416,0
13417,0
13418,0
13419,0
13420,0
13421,0
13422,0
13423,1
13424,1
13425,0
13426,1
13427,0
13428,1
13429,0
13430,0
13431,0
13432,0
13433,1
13434,0
13435,0
13436,0
13437,0
13438,1
13439,0
13440,1
13441,1
13442,1
13443,0
13444,1
13445,0
13446,1
13447,0
13448,0
13449,0
13450,1
13451,1
13452,0
13453,0
13454,0
13455,0
13456,1
13457,0
13458,1
13459,1
13460,0
13461,0
13462,0
13463,1
13464,0
13465,0
13466,1
13467,1
13468,0
13469,1
13470,1
13471,0
13472,0
13473,0
13474,1
13475,0
13476,1
13477,0
13478,0
13479,1
13480,0
13481,1
13482,1
13483,1
13484,0
13485,0
13486,0
13487,1
13488,1
13489,0
13490,1
13491,1
13492,0
13493,1
13494,0
13495,0
13496,1
13497,0
13498,0
13499,1
13500,0
13501,0
13502,0
13503,0
13504,0
13505,1
13506,1
13507,1
13508,0
13509,0
13510,1
13511,0
13512,1
13513,0
13514,1
13515,1
13516,1
13517,0
13518,0
13519,0
13520,0
13521,0
13522,0
13523,0
13524,0
13525,0
13526,0
13527,0
13528,1
13529,0
13530,1
13531,0
13532,1
13533,0
13534,1
13535,1
13536,1
13537,0
13538,1
13539,1
13540,0
13541,0
13542,1
13543,0
13544,1
13545,0
13546,0
13547,0
13548,0
13549,0
13550,1
13551,0
13552,1
13553,1
13554,0
13555,1
13556,1
13557,0
13558,1
13559,1
13560,1
13561,1
13562,0
13563,1
13564,0
13565,0
13566,1
13567,1
13568,0
13569,0
13570,0
13571,1
13572,1
13573,0
13574,0
13575,0
13576,1
13577,0
13578,0
13579,1
13580,1
13581,0
13582,1
13583,0
13584,0
13585,1
13586,1
13587,1
13588,1
13589,0
13590,0
13591,0
13592,0
13593,1
13594,0
13595,0
13596,0
13597,1
13598,1
13599,1
13600,1
13601,1
13602,0
13603,1
13604,0
13605,0
13606,0
13607,1
13608,0
13609,1
13610,0
13611,0
13612,0
13613,1
13614,1
13615,0
13616,0
13617,1
13618,1
13619,1
13620,1
13621,0
13622,1
13623,1
13624,0
13625,0
13626,0
13627,1
13628,0
13629,0
13630,1
13631,1
13632,0
13633,1
13634,0
13635,0
13636,1
13637,1
13638,0
13639,1
13640,0
13641,0
13642,1
13643,0
13644,1
13645,0
13646,0
13647,0
13648,0
13649,1
13650,0
13651,0
13652,1
13653,0
13654,0
13655,1
13656,0
13657,0
13658,0
13659,0
13660,1
13661,1
13662,0
13663,0
13664,0
13665,0
13666,0
13667,0
13668,1
13669,1
13670,0
13671,0
13672,1
13673,0
13674,0
13675,1
13676,1
13677,1
13678,1
13679,0
13680,1
13681,1
13682,0
13683,0
13684,1
13685,0
13686,1
13687,0
13688,0
13689,0
13690,0
13691,0
13692,0
13693,1
13694,1
13695,1
13696,0
13697,1
13698,0
13699,0
13700,0
13701,0
13702,0
13703,0
13704,0
13705,0
13706,0
13707,0
13708,0
13709,1
13710,1
13711,1
13712,0
13713,0
13714,0
13715,0
13716,1
13717,0
13718,1
13719,1
13720,0
13721,0
13722,1
13723,1
13724,1
13725,1
13726,1
13727,1
13728,0
13729,1
13730,1
13731,0
13732,1
13733,0
13734,0
13735,0
13736,0
13737,0
13738,0
13739,1
13740,1
13741,0
13742,1
13743,0
13744,1
13745,0
13746,1
13747,0
13748,0
13749,0
13750,0
13751,1
13752,0
13753,0
13754,1
13755,1
13756,0
13757,1
13758,1
13759,0
13760,0
13761,1
13762,0
13763,0
13764,1
13765,0
13766,1
13767,1
13768,1
13769,1
13770,1
13771,0
13772,0
13773,0
13774,0
13775,1
13776,0
13777,0
13778,1
13779,0
13780,0
13781,1
13782,0
13783,0
13784,0
13785,1
13786,0
13787,1
13788,0
13789,1
13790,1
13791,1
13792,0
13793,0
13794,1
13795,1
13796,1
13797,1
13798,1
13799,0
13800,1
13801,1
13802,1
13803,0
13804,0
13805,0
13806,1
13807,1
13808,1
13809,0
13810,0
13811,1
13812,1
13813,0
13814,0
13815,0
13816,0
13817,1
13818,1
13819,0
13820,1
13821,0
13822,1
13823,1
13824,1
13825,0
13826,1
13827,1
13828,1
13829,1
13830,0
13831,0
13832,1
13833,1
13834,0
13835,0
13836,1
13837,0
13838,0
13839,0
13840,1
13841,0
13842,0
13843,1
13844,0
13845,1
13846,0
13847,0
13848,0
13849,0
13850,1
13851,0
13852,0
13853,0
13854,0
13855,0
13856,0
13857,0
13858,1
13859,0
13860,1
13861,1
13862,0
13863,0
13864,0
13865,1
13866,1
13867,0
13868,0
13869,1
13870,0
13871,0
13872,1
13873,0
13874,0
13875,0
13876,0
13877,1
13878,0
13879,0
13880,0
13881,0
13882,0
13883,0
13884,0
13885,1
13886,1
13887,1
13888,1
13889,0
13890,1
13891,1
13892,0
13893,0
13894,1
13895,0
13896,0
13897,1
13898,1
13899,1
13900,1
13901,1
13902,0
13903,0
13904,1
13905,0
13906,0
13907,0
13908,0
13909,1
13910,0
13911,0
13912,1
13913,1
13914,0
13915,1
13916,1
13917,1
13918,1
13919,1
13920,0
13921,1
13922,0
13923,0
13924,1
13925,0
13926,0
13927,0
13928,1
13929,0
13930,0
13931,0
13932,1
13933,0
13934,1
13935,0
13936,0
13937,0
13938,0
13939,0
13940,1
13941,1
13942,1
13943,0
13944,0
13945,1
13946,0
13947,0
13948,0
13949,0
13950,1
13951,0
13952,0
13953,1
13954,0
13955,0
13956,0
13957,0
13958,1
13959,1
13960,1
13961,1
13962,0
13963,1
13964,1
13965,1
13966,1
13967,0
13968,1
13969,0
13970,1
13971,1
13972,0
13973,1
13974,1
13975,0
13976,0
13977,0
13978,0
13979,0
13980,0
13981,1
13982,1
13983,0
13984,1
13985,0
13986,0
13987,1
13988,0
13989,1
13990,1
13991,0
13992,0
13993,1
13994,0
13995,1
13996,0
13997,1
13998,1
13999,1
14000,0
14001,0
14002,0
14003,0
14004,1
14005,1
14006,0
14007,1
14008,1
14009,1
14010,0
14011,1
14012,0
14013,0
14014,0
14015,1
14016,0
14017,0
14018,0
14019,1
14020,0
14021,1
14022,0
14023,0
14024,0
14025,1
14026,1
14027,0
14028,0
14029,1
14030,0
14031,0
14032,0
14033,0
14034,1
14035,1
14036,1
14037,0
14038,0
14039,1
14040,1
14041,1
14042,1
14043,0
14044,1
14045,1
14046,1
14047,0
14048,1
14049,0
14050,1
14051,1
14052,0
14053,0
14054,0
14055,0
14056,0
14057,0
14058,1
14059,0
14060,1
14061,0
14062,1
14063,0
14064,0
14065,1
14066,0
14067,1
14068,1
14069,1
14070,0
14071,0
14072,0
14073,1
14074,1
14075,0
14076,1
14077,1
14078,1
14079,0
14080,0
14081,0
14082,0
14083,1
14084,1
14085,1
14086,1
14087,0
14088,0
14089,0
14090,1
14091,0
14092,1
14093,0
14094,0
14095,0
14096,1
14097,0
14098,0
14099,0
14100,1
14101,1
14102,0
14103,0
14104,0
14105,0
14106,0
14107,0
14108,1
14109,1
14110,1
14111,1
14112,0
14113,1
14114,1
14115,0
14116,1
14117,1
14118,0
14119,0
14120,0
14121,1
14122,0
14123,1
14124,1
14125,0
14126,0
14127,0
14128,0
14129,0
14130,1
14131,1
14132,0
14133,1
14134,1
14135,1
14136,0
14137,0
14138,1
14139,0
14140,1
14141,1
14142,0
14143,0
14144,1
14145,1
14146,0
14147,0
14148,1
14149,1
14150,0
14151,1
14152,1
14153,1
14154,0
14155,0
14156,0
14157,0
14158,0
14159,0
14160,0
14161,0
14162,1
14163,0
14164,0
14165,0
14166,0
14167,1
14168,0
14169,1
14170,0
14171,1
14172,1
14173,1
14174,0
14175,1
14176,0
14177,0
14178,0
14179,1
14180,0
14181,1
14182,0
14183,0
14184,0
14185,1
14186,0
14187,0
14188,1
14189,0
14190,0
14191,1
14192,1
14193,1
14194,1
14195,0
14196,0
14197,1
14198,0
14199,0
14200,0
14201,0
14202,0
14203,1
14204,0
14205,1
14206,0
14207,1
14208,0
14209,0
14210,1
14211,1
14212,1
14213,0
14214,1
14215,0
14216,0
14217,1
14218,0
14219,0
14220,0
14221,0
14222,0
14223,0
14224,0
14225,1
14226,1
14227,0
14228,0
14229,1
14230,0
14231,0
14232,0
14233,0
14234,0
14235,0
14236,0
14237,0
14238,1
14239,0
14240,1
14241,0
14242,0
14243,0
14244,0
14245,0
14246,1
14247,0
14248,1
14249,1
14250,0
14251,0
14252,1
14253,0
14254,0
14255,1
14256,0
14257,0
14258,0
14259,0
14260,0
14261,1
14262,0
14263,0
14264,1
14265,1
14266,1
14267,0
14268,1
14269,1
14270,0
14271,0
14272,0
14273,1
14274,0
14275,0
14276,0
14277,0
14278,0
14279,1
14280,0
14281,0
14282,1
14283,1
14284,1
14285,0
14286,0
14287,1
14288,0
14289,1
14290,1
14291,0
14292,1
14293,1
14294,1
14295,0
14296,0
14297,0
14298,0
14299,1
14300,0
14301,0
14302,0
14303,0
14304,0
14305,1
14306,0
14307,1
14308,1
14309,0
14310,1
14311,1
14312,0
14313,0
14314,0
14315,0
14316,1
14317,0
14318,1
14319,1
14320,1
14321,0
14322,1
14323,0
14324,1
14325,0
14326,0
14327,0
14328,1
14329,1
14330,1
14331,0
14332,1
14333,1
14334,0
14335,1
14336,1
14337,1
14338,1
14339,1
14340,0
14341,0
14342,0
14343,0
14344,0
14345,1
14346,0
14347,0
14348,0
14349,0
14350,0
14351,1
14352,0
14353,0
14354,0
14355,1
14356,0
14357,1
14358,0
14359,1
14360,1
14361,0
14362,0
14363,0
14364,1
14365,0
14366,0
14367,1
14368,1
14369,0
14370,0
14371,1
14372,0
14373,0
14374,0
14375,1
14376,0
14377,0
14378,1
14379,0
14380,1
14381,1
14382,1
14383,0
14384,1
14385,0
14386,0
14387,0
14388,0
14389,1
14390,1
14391,1
14392,0
14393,0
14394,0
14395,1
14396,0
14397,1
14398,1
14399,1
14400,0
14401,0
14402,1
14403,0
14404,0
14405,1
14406,1
14407,1
14408,1
14409,1
14410,1
14411,0
14412,0
14413,1
14414,0
14415,0
14416,0
14417,0
14418,0
14419,0
14420,0
14421,0
14422,0
14423,0
14424,1
14425,0
14426,1
14427,0
14428,1
14429,0
14430,0
14431,1
14432,0
14433,0
14434,0
14435,0
14436,1
14437,0
14438,1
14439,1
14440,0
14441,1
14442,0
14443,0
14444,0
14445,0
14446,0
14447,0
14448,1
14449,0
14450,1
14451,0
14452,0
14453,1
14454,0
14455,0
14456,1
14457,1
14458,0
14459,1
14460,0
14461,0
14462,1
14463,1
14464,0
14465,1
14466,0
14467,0
14468,0
14469,1
14470,0
14471,1
14472,0
14473,0
14474,1
14475,1
14476,0
14477,1
14478,1
14479,1
14480,1
14481,0
14482,0
14483,0
14484,1
14485,1
14486,1
14487,1
14488,0
14489,1
14490,0
14491,1
14492,0
14493,0
14494,1
14495,1
14496,0
14497,1
14498,0
14499,1
14500,1
14501,1
14502,1
14503,1
14504,0
14505,0
14506,1
14507,1
14508,1
14509,0
14510,0
14511,0
14512,0
14513,1
14514,0
14515,1
14516,0
14517,1
14518,0
14519,1
14520,0
14521,0
14522,1
14523,0
14524,0
14525,1
14526,1
14527,0
14528,0
14529,1
14530,0
14531,0
14532,0
14533,1
14534,0
14535,0
14536,1
14537,0
14538,0
14539,1
14540,1
14541,0
14542,1
14543,0
14544,1
14545,0
14546,0
14547,1
14548,0
14549,0
14550,0
14551,0
14552,1
14553,1
14554,0
14555,1
14556,0
14557,1
14558,0
14559,1
14560,1
14561,0
14562,0
14563,1
14564,0
14565,0
14566,1
14567,0
14568,1
14569,1
14570,0
14571,1
14572,0
14573,1
14574,0
14575,0
14576,1
14577,0
14578,1
14579,1
14580,1
14581,0
14582,0
14583,1
14584,1
14585,1
14586,0
14587,0
14588,0
14589,0
14590,0
14591,0
14592,0
14593,0
14594,0
14595,1
14596,0
14597,0
14598,1
14599,1
14600,0
14601,0
14602,0
14603,0
14604,0
14605,0
14606,1
14607,1
14608,1
14609,1
14610,0
14611,1
14612,0
14613,1
14614,0
14615,0
14616,1
14617,0
14618,1
14619,1
14620,1
14621,1
14622,0
14623,0
14624,1
14625,1
14626,0
14627,1
14628,0
14629,0
14630,0
14631,1
14632,1
14633,1
14634,0
14635,1
14636,0
14637,1
14638,0
14639,1
14640,1
14641,1
14642,0
14643,0
14644,0
14645,0
14646,1
14647,1
14648,0
14649,0
14650,0
14651,1
14652,0
14653,0
14654,1
14655,0
14656,1
14657,1
14658,0
14659,1
14660,0
14661,1
14662,0
14663,0
14664,1
14665,1
14666,0
14667,0
14668,1
14669,0
14670,1
14671,0
14672,0
14673,1
14674,0
14675,1
14676,0
14677,1
14678,0
14679,1
14680,0
14681,1
14682,0
14683,0
14684,0
14685,0
14686,1
14687,0
14688,0
14689,0
14690,1
14691,0
14692,0
14693,0
14694,0
14695,1
14696,0
14697,1
14698,0
14699,0
14700,1
14701,1
14702,1
14703,1
14704,0
14705,0
14706,1
14707,1
14708,0
14709,1
14710,0
14711,0
14712,0
14713,1
14714,0
14715,1
14716,0
14717,0
14718,1
14719,1
14720,0
14721,1
14722,1
14723,0
14724,0
14725,1
14726,0
14727,0
14728,0
14729,1
14730,0
14731,0
14732,0
14733,0
14734,0
14735,0
14736,1
14737,0
14738,1
14739,1
14740,0
14741,0
14742,1
14743,1
14744,1
14745,0
14746,0
14747,0
14748,0
14749,1
14750,0
14751,1
14752,1
14753,1
14754,0
14755,0
14756,1
14757,0
14758,1
14759,0
14760,0
14761,1
14762,0
14763,1
14764,1
14765,0
14766,0
14767,1
14768,1
14769,1
14770,1
14771,1
14772,0
14773,0
14774,1
14775,0
14776,0
14777,0
14778,0
14779,1
14780,0
14781,0
14782,0
14783,0
14784,0
14785,1
14786,1
14787,0
14788,0
14789,0
14790,0
14791,0
14792,1
14793,0
14794,0
14795,0
14796,0
14797,1
14798,0
14799,1
14800,0
14801,0
14802,1
14803,0
14804,0
14805,1
14806,0
14807,0
14808,1
14809,1
14810,0
14811,1
14812,0
14813,0
14814,0
14815,0
14816,1
14817,0
14818,0
14819,1
14820,1
14821,0
14822,0
14823,0
14824,1
14825,1
14826,0
14827,0
14828,1
14829,0
14830,0
14831,1
14832,0
14833,0
14834,0
14835,1
14836,1
14837,1
14838,1
14839,0
14840,1
14841,0
14842,0
14843,0
14844,0
14845,0
14846,0
14847,1
14848,1
14849,1
14850,1
14851,1
14852,1
14853,0
14854,0
14855,0
14856,0
14857,0
14858,1
14859,1
14860,1
14861,1
14862,0
14863,1
14864,1
14865,0
14866,1
14867,1
14868,0
14869,1
14870,1
14871,1
14872,1
14873,0
14874,0
14875,1
14876,0
14877,0
14878,1
14879,1
14880,1
14881,0
14882,1
14883,0
14884,0
14885,0
14886,0
14887,1
14888,0
14889,1
14890,1
14891,1
14892,1
14893,0
14894,1
14895,1
14896,0
14897,0
14898,0
14899,1
14900,1
14901,1
14902,0
14903,1
14904,0
14905,0
14906,0
14907,0
14908,0
14909,0
14910,1
14911,1
14912,0
14913,1
14914,1
14915,1
14916,0
14917,0
14918,1
14919,0
14920,1
14921,1
14922,0
14923,0
14924,1
14925,0
14926,0
14927,1
14928,0
14929,1
14930,1
14931,1
14932,0
14933,0
14934,1
14935,0
14936,1
14937,0
14938,1
14939,0
14940,1
14941,0
14942,0
14943,1
14944,0
14945,0
14946,0
14947,0
14948,1
14949,1
14950,1
14951,0
14952,0
14953,0
14954,0
14955,1
14956,1
14957,0
14958,1
14959,1
14960,1
14961,1
14962,1
14963,0
14964,1
14965,1
14966,1
14967,0
14968,1
14969,1
14970,0
14971,1
14972,0
14973,0
14974,1
14975,1
14976,0
14977,0
14978,0
14979,1
14980,0
14981,0
14982,0
14983,1
14984,0
14985,1
14986,0
14987,0
14988,1
14989,1
14990,0
14991,0
14992,1
14993,0
14994,1
14995,0
14996,1
14997,0
14998,1
14999,0
15000,0
15001,1
15002,1
15003,1
15004,0
15005,0
15006,1
15007,1
15008,0
15009,1
15010,1
15011,0
15012,1
15013,0
15014,1
15015,0
15016,0
15017,0
15018,1
15019,1
15020,0
15021,1
15022,0
15023,0
15024,0
15025,0
15026,1
15027,1
15028,1
15029,1
15030,0
15031,1
15032,1
15033,0
15034,0
15035,0
15036,0
15037,0
15038,1
15039,1
15040,0
15041,1
15042,1
15043,1
15044,0
15045,0
15046,0
15047,0
15048,1
15049,0
15050,1
15051,0
15052,1
15053,0
15054,0
15055,1
15056,0
15057,0
15058,0
15059,0
15060,1
15061,1
15062,0
15063,0
15064,0
15065,1
15066,1
15067,1
15068,0
15069,1
15070,0
15071,1
15072,0
15073,0
15074,1
15075,0
15076,0
15077,1
15078,1
15079,0
15080,1
15081,1
15082,0
15083,0
15084,1
15085,1
15086,0
15087,0
15088,0
15089,0
15090,0
15091,0
15092,1
15093,0
15094,1
15095,0
15096,0
15097,1
15098,1
15099,1
15100,1
15101,0
15102,0
15103,0
15104,1
15105,1
15106,1
15107,1
15108,1
15109,0
15110,0
15111,0
15112,0
15113,1
15114,0
15115,0
15116,0
15117,1
15118,1
15119,1
15120,1
15121,1
15122,1
15123,1
15124,1
15125,0
15126,1
15127,1
15128,0
15129,0
15130,0
15131,0
15132,0
15133,1
15134,0
15135,0
15136,0
15137,0
15138,0
15139,0
15140,1
15141,0
15142,0
15143,1
15144,0
15145,1
15146,0
15147,1
15148,0
15149,1
15150,1
15151,0
15152,1
15153,1
15154,0
15155,1
15156,1
15157,1
15158,0
15159,0
15160,0
15161,1
15162,1
15163,1
15164,0
15165,0
15166,0
15167,0
15168,0
15169,1
15170,0
15171,1
15172,0
15173,0
15174,1
15175,1
15176,1
15177,0
15178,0
15179,1
15180,0
15181,1
15182,1
15183,0
15184,0
15185,1
15186,0
15187,1
15188,1
15189,1
15190,1
15191,1
15192,1
15193,0
15194,0
15195,0
15196,0
15197,1
15198,1
15199,0
15200,0
15201,1
15202,0
15203,0
15204,0
15205,1
15206,1
15207,1
15208,1
15209,0
15210,1
15211,0
15212,1
15213,1
15214,0
15215,0
15216,1
15217,0
15218,1
15219,0
15220,1
15221,0
15222,1
15223,1
15224,0
15225,1
15226,0
15227,0
15228,0
15229,0
15230,0
15231,1
15232,0
15233,1
15234,1
15235,0
15236,0
15237,0
15238,0
15239,1
15240,0
15241,0
15242,1
15243,0
15244,1
15245,0
15246,0
15247,0
15248,0
15249,0
15250,0
15251,1
15252,1
15253,0
15254,0
15255,1
15256,1
15257,0
15258,1
15259,0
15260,1
15261,0
15262,0
15263,0
15264,0
15265,0
15266,1
15267,0
15268,0
15269,0
15270,0
15271,0
15272,0
15273,0
15274,0
15275,1
15276,1
15277,0
15278,1
15279,1
15280,0
15281,1
15282,0
15283,0
15284,0
15285,1
15286,0
15287,0
15288,1
15289,0
15290,0
15291,1
15292,1
15293,0
15294,1
15295,1
15296,0
15297,1
15298,0
15299,0
15300,1
15301,0
15302,1
15303,1
15304,0
15305,0
15306,1
15307,0
15308,1
15309,0
15310,0
15311,1
15312,1
15313,0
15314,0
15315,0
15316,1
15317,1
15318,0
15319,1
15320,1
15321,1
15322,1
15323,1
15324,1
15325,0
15326,1
15327,0
15328,1
15329,0
15330,0
15331,0
15332,1
15333,0
15334,1
15335,1
15336,1
15337,0
15338,1
15339,1
15340,0
15341,1
15342,1
15343,1
15344,0
15345,1
15346,1
15347,1
15348,1
15349,0
15350,1
15351,0
15352,1
15353,0
15354,1
15355,1
15356,0
15357,1
15358,0
15359,1
15360,0
15361,1
15362,1
15363,1
15364,0
15365,0
15366,0
15367,0
15368,1
15369,0
15370,1
15371,0
15372,0
15373,1
15374,0
15375,0
15376,1
15377,0
15378,0
15379,1
15380,0
15381,0
15382,0
15383,0
15384,0
15385,0
15386,0
15387,0
15388,1
15389,1
15390,1
15391,1
15392,1
15393,0
15394,1
15395,0
15396,0
15397,0
15398,0
15399,0
15400,0
15401,1
15402,0
15403,1
15404,1
15405,1
15406,0
15407,1
15408,0
15409,1
15410,1
15411,1
15412,0
15413,0
15414,0
15415,0
15416,0
15417,1
15418,1
15419,0
15420,0
15421,1
15422,1
15423,0
15424,0
15425,0
15426,0
15427,1
15428,0
15429,1
15430,0
15431,0
15432,0
15433,0
15434,1
15435,0
15436,0
15437,1
15438,0
15439,0
15440,0
15441,0
15442,1
15443,1
15444,1
15445,0
15446,0
15447,0
15448,1
15449,0
15450,0
15451,0
15452,0
15453,0
15454,1
15455,0
15456,0
15457,0
15458,0
15459,1
15460,0
15461,1
15462,0
15463,0
15464,1
15465,0
15466,0
15467,0
15468,1
15469,0
15470,0
15471,0
15472,1
15473,0
15474,0
15475,1
15476,0
15477,0
15478,1
15479,0
15480,1
15481,0
15482,0
15483,1
15484,0
15485,1
15486,0
15487,0
15488,1
15489,1
15490,0
15491,0
15492,0
15493,0
15494,1
15495,0
15496,1
15497,1
15498,1
15499,1
15500,0
15501,1
15502,0
15503,1
15504,1
15505,1
15506,0
15507,0
15508,0
15509,0
15510,1
15511,1
15512,0
15513,0
15514,1
15515,0
15516,0
15517,0
15518,1
15519,0
15520,0
15521,0
15522,0
15523,1
15524,1
15525,0
15526,0
15527,1
15528,1
15529,1
15530,1
15531,0
15532,1
15533,0
15534,0
15535,1
15536,0
15537,1
15538,0
15539,1
15540,0
15541,1
15542,0
15543,1
15544,0
15545,1
15546,0
15547,0
15548,0
15549,0
15550,0
15551,1
15552,0
15553,1
15554,1
15555,0
15556,0
15557,0
15558,0
15559,0
15560,1
15561,1
15562,0
15563,0
15564,0
15565,1
15566,1
15567,1
15568,0
15569,1
15570,1
15571,0
15572,0
15573,0
15574,1
15575,0
15576,1
15577,0
15578,0
15579,1
15580,0
15581,0
15582,1
15583,0
15584,1
15585,0
15586,0
15587,0
15588,0
15589,0
15590,0
15591,1
15592,0
15593,0
15594,0
15595,1
15596,0
15597,0
15598,1
15599,0
15600,0
15601,0
15602,0
15603,0
15604,1
15605,1
15606,0
15607,1
15608,0
15609,0
15610,0
15611,0
15612,0
15613,1
15614,0
15615,0
15616,0
15617,0
15618,0
15619,0
15620,1
15621,0
15622,0
15623,0
15624,1
15625,1
15626,1
15627,0
15628,0
15629,1
15630,0
15631,1
15632,0
15633,1
15634,1
15635,1
15636,1
15637,1
15638,1
15639,0
15640,1
15641,1
15642,0
15643,1
15644,0
15645,0
15646,1
15647,0
15648,0
15649,1
15650,0
15651,0
15652,1
15653,1
15654,1
15655,0
15656,0
15657,0
15658,0
15659,0
15660,0
15661,1
15662,0
15663,0
15664,1
15665,0
15666,0
15667,0
15668,1
15669,0
15670,0
15671,0
15672,0
15673,0
15674,1
15675,0
15676,0
15677,0
15678,1
15679,1
15680,1
15681,1
15682,0
15683,1
15684,1
15685,0
15686,1
15687,0
15688,0
15689,1
15690,1
15691,0
15692,0
15693,0
15694,0
15695,0
15696,0
15697,0
15698,0
15699,0
15700,1
15701,0
15702,0
15703,1
15704,0
15705,0
15706,1
15707,1
15708,0
15709,1
15710,0
15711,0
15712,0
15713,1
15714,1
15715,1
15716,0
15717,1
15718,0
15719,1
15720,0
15721,0
15722,0
15723,1
15724,0
15725,1
15726,0
15727,1
15728,0
15729,0
15730,0
15731,0
15732,0
15733,1
15734,0
15735,1
15736,1
15737,0
15738,0
15739,0
15740,0
15741,1
15742,1
15743,0
15744,0
15745,0
15746,1
15747,0
15748,0
15749,0
15750,0
15751,1
15752,1
15753,0
15754,1
15755,0
15756,0
15757,0
15758,0
15759,0
15760,1
15761,0
15762,1
15763,1
15764,1
15765,1
15766,0
15767,1
15768,0
15769,1
15770,1
15771,0
15772,0
15773,1
15774,0
15775,0
15776,0
15777,0
15778,0
15779,1
15780,0
15781,0
15782,0
15783,0
15784,0
15785,0
15786,1
15787,0
15788,0
15789,0
15790,0
15791,0
15792,1
15793,0
15794,1
15795,1
15796,1
15797,0
15798,0
15799,1
15800,0
15801,1
15802,1
15803,1
15804,1
15805,0
15806,1
15807,0
15808,0
15809,1
15810,1
15811,1
15812,0
15813,0
15814,0
15815,1
15816,0
15817,1
15818,0
15819,1
15820,1
15821,1
15822,0
15823,1
15824,1
15825,0
15826,0
15827,0
15828,1
15829,0
15830,0
15831,1
15832,0
15833,0
15834,0
15835,1
15836,0
15837,0
15838,1
15839,1
15840,0
15841,1
15842,1
15843,1
15844,1
15845,0
15846,0
15847,0
15848,0
15849,1
15850,0
15851,0
15852,1
15853,0
15854,0
15855,1
15856,1
15857,0
15858,0
15859,1
15860,0
15861,0
15862,1
15863,1
15864,1
15865,0
15866,1
15867,1
15868,1
15869,0
15870,0
15871,0
15872,1
15873,1
15874,0
15875,0
15876,0
15877,1
15878,0
15879,1
15880,1
15881,1
15882,1
15883,1
15884,0
15885,1
15886,0
15887,1
15888,1
15889,0
15890,0
15891,0
15892,1
15893,0
15894,0
15895,0
15896,0
15897,0
15898,0
15899,1
15900,0
15901,0
15902,0
15903,1
15904,0
15905,0
15906,1
15907,1
15908,1
15909,0
15910,1
15911,1
15912,0
15913,1
15914,1
15915,0
15916,1
15917,0
15918,0
15919,0
15920,0
15921,0
15922,1
15923,1
15924,0
15925,1
15926,0
15927,0
15928,1
15929,1
15930,1
15931,0
15932,1
15933,1
15934,1
15935,0
15936,0
15937,0
15938,1
15939,0
15940,0
15941,0
15942,1
15943,0
15944,1
15945,0
15946,0
15947,1
15948,0
15949,0
15950,0
15951,1
15952,0
15953,1
15954,0
15955,0
15956,0
15957,0
15958,1
15959,1
15960,0
15961,0
15962,1
15963,0
15964,1
15965,1
15966,1
15967,0
15968,1
15969,1
15970,0
15971,1
15972,1
15973,0
15974,1
15975,1
15976,1
15977,0
15978,0
15979,0
15980,1
15981,1
15982,0
15983,0
15984,1
15985,0
15986,0
15987,0
15988,1
15989,0
15990,0
15991,1
15992,1
15993,0
15994,1
15995,1
15996,1
15997,0
15998,1
15999,1
16000,1
16001,1
16002,0
16003,0
16004,1
16005,0
16006,1
16007,0
16008,1
16009,0
16010,0
16011,0
16012,0
16013,0
16014,0
16015,0
16016,0
16017,1
16018,0
16019,1
16020,0
16021,0
16022,0
16023,0
16024,1
16025,0
16026,0
16027,1
16028,0
16029,0
16030,0
16031,1
16032,0
16033,0
16034,0
16035,1
16036,1
16037,1
16038,1
16039,0
16040,1
16041,1
16042,0
16043,0
16044,1
16045,1
16046,1
16047,0
16048,0
16049,0
16050,1
16051,1
16052,0
16053,0
16054,0
16055,0
16056,0
16057,0
16058,0
16059,0
16060,0
16061,0
16062,0
16063,0
16064,0
16065,0
16066,1
16067,0
16068,0
16069,0
16070,1
16071,0
16072,1
16073,0
16074,0
16075,1
16076,0
16077,1
16078,0
16079,0
16080,0
16081,1
16082,0
16083,1
16084,0
16085,0
16086,1
16087,1
16088,1
16089,0
16090,0
16091,1
16092,0
16093,0
16094,0
16095,1
16096,1
16097,0
16098,0
16099,1
16100,1
16101,1
16102,0
16103,1
16104,1
16105,0
16106,0
16107,1
16108,0
16109,1
16110,1
16111,0
16112,0
16113,1
16114,0
16115,1
16116,0
16117,0
16118,1
16119,1
16120,0
16121,0
16122,0
16123,0
16124,0
16125,1
16126,0
16127,1
16128,1
16129,1
16130,1
16131,0
16132,0
16133,1
16134,1
16135,1
16136,0
16137,1
16138,0
16139,0
16140,0
16141,0
16142,1
16143,0
16144,0
16145,0
16146,0
16147,0
16148,1
16149,1
16150,1
16151,0
16152,1
16153,1
16154,0
16155,1
16156,0
16157,1
16158,0
16159,1
16160,0
16161,1
16162,0
16163,1
16164,1
16165,0
16166,1
16167,0
16168,1
16169,1
16170,1
16171,0
16172,0
16173,0
16174,1
16175,0
16176,0
16177,1
16178,0
16179,1
16180,1
16181,0
16182,1
16183,1
16184,0
16185,0
16186,1
16187,0
16188,0
16189,0
16190,0
16191,0
16192,0
16193,0
16194,1
16195,0
16196,1
16197,0
16198,0
16199,0
16200,0
16201,0
16202,1
16203,1
16204,0
16205,0
16206,0
16207,1
16208,1
16209,1
16210,0
16211,1
16212,0
16213,1
16214,1
16215,1
16216,0
16217,1
16218,0
16219,1
16220,0
16221,0
16222,0
16223,0
16224,0
16225,1
16226,1
16227,0
16228,1
16229,1
16230,0
16231,1
16232,1
16233,0
16234,0
16235,0
16236,1
16237,0
16238,0
16239,1
16240,1
16241,0
16242,0
16243,1
16244,0
16245,0
16246,0
16247,1
16248,0
16249,0
16250,1
16251,1
16252,1
16253,0
16254,1
16255,0
16256,0
16257,1
16258,0
16259,1
16260,0
16261,0
16262,0
16263,1
16264,1
16265,1
16266,1
16267,1
16268,0
16269,0
16270,0
16271,0
16272,0
16273,0
16274,0
16275,1
16276,0
16277,0
16278,1
16279,1
16280,1
16281,1
16282,0
16283,1
16284,1
16285,1
16286,0
16287,0
16288,0
16289,1
16290,0
16291,0
16292,0
16293,0
16294,0
16295,0
16296,1
16297,1
16298,0
16299,1
16300,0
16301,0
16302,1
16303,1
16304,0
16305,1
16306,1
16307,0
16308,0
16309,0
16310,0
16311,1
16312,0
16313,1
16314,0
16315,1
16316,0
16317,0
16318,0
16319,1
16320,1
16321,1
16322,0
16323,1
16324,0
16325,0
16326,1
16327,1
16328,1
16329,1
16330,1
16331,0
16332,1
16333,1
16334,1
16335,1
16336,1
16337,0
16338,0
16339,1
16340,0
16341,0
16342,1
16343,0
16344,1
16345,1
16346,0
16347,1
16348,1
16349,1
16350,1
16351,0
16352,1
16353,1
16354,0
16355,1
16356,1
16357,0
16358,1
16359,0
16360,0
16361,1
16362,0
16363,1
16364,1
16365,0
16366,0
16367,0
16368,1
16369,1
16370,0
16371,0
16372,1
16373,0
16374,1
16375,1
16376,0
16377,0
16378,1
16379,0
16380,0
16381,0
16382,0
16383,0
16384,1
16385,0
16386,0
16387,1
16388,0
16389,1
16390,1
16391,0
16392,0
16393,0
16394,0
16395,0
16396,0
16397,1
16398,0
16399,1
16400,0
16401,0
16402,1
16403,0
16404,0
16405,0
16406,0
16407,1
16408,0
16409,1
16410,0
16411,0
16412,0
16413,1
16414,0
16415,0
16416,1
16417,0
16418,1
16419,1
16420,1
16421,0
16422,0
16423,1
16424,0
16425,1
16426,0
16427,0
16428,1
16429,0
16430,0
16431,1
16432,0
16433,1
16434,1
16435,1
16436,1
16437,0
16438,0
16439,1
16440,0
16441,1
16442,0
16443,1
16444,1
16445,0
16446,0
16447,0
16448,0
16449,0
16450,0
16451,0
16452,1
16453,1
16454,0
16455,0
16456,0
16457,1
16458,1
16459,0
16460,0
16461,1
16462,1
16463,1
16464,0
16465,1
16466,0
16467,1
16468,1
16469,1
16470,0
16471,0
16472,0
16473,0
16474,0
16475,1
16476,1
16477,1
16478,0
16479,1
16480,1
16481,0
16482,1
16483,1
16484,1
16485,1
16486,0
16487,1
16488,0
16489,1
16490,0
16491,0
16492,0
16493,0
16494,1
16495,0
16496,1
16497,1
16498,0
16499,0
16500,1
16501,0
16502,0
16503,0
16504,1
16505,0
16506,0
16507,0
16508,1
16509,0
16510,1
16511,0
16512,1
16513,0
16514,1
16515,1
16516,1
16517,0
16518,0
16519,1
16520,0
16521,0
16522,0
16523,0
16524,0
16525,0
16526,1
16527,1
16528,0
16529,1
16530,1
16531,1
16532,1
16533,1
16534,1
16535,0
16536,1
16537,0
16538,1
16539,0
16540,0
16541,0
16542,1
16543,1
16544,0
16545,1
16546,1
16547,0
16548,0
16549,0
16550,1
16551,0
16552,1
16553,0
16554,1
16555,1
16556,0
16557,0
16558,0
16559,1
16560,1
16561,0
16562,0
16563,1
16564,1
16565,0
16566,1
16567,1
16568,1
16569,1
16570,0
16571,1
16572,0
16573,1
16574,0
16575,0
16576,1
16577,0
16578,0
16579,1
16580,1
16581,1
16582,1
16583,0
16584,0
16585,0
16586,1
16587,0
16588,0
16589,1
16590,0
16591,1
16592,0
16593,0
16594,0
16595,0
16596,0
16597,0
16598,0
16599,1
16600,1
16601,1
16602,0
16603,0
16604,0
16605,1
16606,0
16607,1
16608,1
16609,0
16610,1
16611,1
16612,1
16613,1
16614,1
16615,1
16616,0
16617,0
16618,1
16619,1
16620,0
16621,0
16622,1
16623,1
16624,0
16625,0
16626,0
16627,0
16628,1
16629,1
16630,0
16631,0
16632,1
16633,0
16634,0
16635,0
16636,0
16637,0
16638,0
16639,0
16640,1
16641,0
16642,0
16643,0
16644,1
16645,0
16646,0
16647,1
16648,0
16649,1
16650,1
16651,0
16652,1
16653,1
16654,0
16655,0
16656,1
16657,0
16658,1
16659,0
16660,1
16661,1
16662,0
16663,0
16664,1
16665,1
16666,1
16667,0
16668,1
16669,0
16670,1
16671,0
16672,0
16673,1
16674,0
16675,0
16676,0
16677,1
16678,0
16679,0
16680,1
16681,1
16682,0
16683,1
16684,0
16685,0
16686,0
16687,1
16688,1
16689,0
16690,0
16691,1
16692,1
16693,0
16694,1
16695,1
16696,0
16697,0
16698,0
16699,0
16700,0
16701,0
16702,0
16703,1
16704,0
16705,0
16706,0
16707,0
16708,0
16709,1
16710,1
16711,0
16712,0
16713,0
16714,0
16715,1
16716,0
16717,0
16718,1
16719,0
16720,0
16721,0
16722,1
16723,1
16724,1
16725,0
16726,0
16727,0
16728,0
16729,0
16730,0
16731,0
16732,1
16733,0
16734,0
16735,0
16736,0
16737,1
16738,1
16739,1
16740,0
16741,0
16742,0
16743,0
16744,1
16745,1
16746,1
16747,0
16748,1
16749,0
16750,1
16751,1
16752,1
16753,1
16754,0
16755,0
16756,0
16757,0
16758,1
16759,1
16760,0
16761,0
16762,1
16763,0
16764,0
16765,1
16766,1
16767,1
16768,1
16769,1
16770,1
16771,0
16772,1
16773,0
16774,0
16775,0
16776,1
16777,0
16778,1
16779,1
16780,0
16781,1
16782,0
16783,1
16784,1
16785,0
16786,1
16787,1
16788,0
16789,1
16790,0
16791,0
16792,0
16793,0
16794,0
16795,1
16796,0
16797,1
16798,0
16799,1
16800,0
16801,0
16802,0
16803,1
16804,1
16805,0
16806,0
16807,0
16808,0
16809,1
16810,0
16811,0
16812,0
16813,0
16814,1
16815,0
16816,0
16817,0
16818,0
16819,0
16820,0
16821,0
16822,0
16823,0
16824,0
16825,0
16826,1
16827,0
16828,0
16829,0
16830,1
16831,0
16832,1
16833,1
16834,0
16835,1
16836,1
16837,0
16838,1
16839,0
16840,1
16841,1
16842,1
16843,0
16844,1
16845,1
16846,0
16847,1
16848,1
16849,1
16850,1
16851,1
16852,1
16853,0
16854,0
16855,1
16856,0
16857,1
16858,0
16859,0
16860,1
16861,1
16862,0
16863,0
16864,0
16865,1
16866,1
16867,0
16868,1
16869,0
16870,0
16871,1
16872,0
16873,1
16874,1
16875,0
16876,1
16877,1
16878,0
16879,1
16880,1
16881,0
16882,1
16883,0
16884,0
16885,0
16886,1
16887,0
16888,1
16889,0
16890,0
16891,1
16892,1
16893,0
16894,1
16895,1
16896,1
16897,1
16898,1
16899,0
16900,0
16901,1
16902,1
16903,0
16904,0
16905,1
16906,0
16907,0
16908,0
16909,0
16910,1
16911,0
16912,0
16913,0
16914,0
16915,0
16916,0
16917,0
16918,1
16919,0
16920,0
16921,0
16922,1
16923,0
16924,1
16925,1
16926,1
16927,1
16928,0
16929,1
16930,0
16931,0
16932,0
16933,1
16934,1
16935,1
16936,1
16937,1
16938,1
16939,1
16940,0
16941,0
16942,1
16943,0
16944,0
16945,1
16946,1
16947,0
16948,0
16949,0
16950,0
16951,1
16952,1
16953,1
16954,0
16955,0
16956,0
16957,0
16958,0
16959,0
16960,1
16961,0
16962,0
16963,0
16964,1
16965,1
16966,0
16967,1
16968,1
16969,0
16970,0
16971,1
16972,1
16973,1
16974,0
16975,1
16976,0
16977,1
16978,0
16979,1
16980,0
16981,0
16982,1
16983,1
16984,0
16985,1
16986,1
16987,1
16988,1
16989,1
16990,0
16991,0
16992,0
16993,0
16994,0
16995,0
16996,0
16997,1
16998,1
16999,0
17000,0
17001,0
17002,0
17003,0
17004,1
17005,0
17006,1
17007,0
17008,0
17009,1
17010,0
17011,1
17012,0
17013,0
17014,1
17015,1
17016,0
17017,0
17018,0
17019,1
17020,1
17021,0
17022,0
17023,0
17024,0
17025,1
17026,0
17027,1
17028,0
17029,1
17030,0
17031,1
17032,0
17033,0
17034,1
17035,1
17036,1
17037,0
17038,0
17039,1
17040,1
17041,0
17042,1
17043,0
17044,1
17045,0
17046,0
17047,0
17048,1
17049,1
17050,0
17051,0
17052,0
17053,0
17054,0
17055,0
17056,0
17057,1
17058,1
17059,0
17060,0
17061,0
17062,0
17063,1
17064,0
17065,1
17066,1
17067,0
17068,0
17069,0
17070,0
17071,0
17072,1
17073,1
17074,0
17075,0
17076,1
17077,0
17078,1
17079,1
17080,1
17081,1
17082,0
17083,0
17084,0
17085,0
17086,1
17087,1
17088,1
17089,0
17090,1
17091,0
17092,0
17093,1
17094,0
17095,1
17096,0
17097,0
17098,1
17099,0
17100,0
17101,0
17102,0
17103,1
17104,0
17105,0
17106,0
17107,1
17108,0
17109,0
17110,1
17111,0
17112,0
17113,0
17114,1
17115,0
17116,0
17117,1
17118,0
17119,0
17120,0
17121,1
17122,1
17123,0
17124,0
17125,1
17126,0
17127,0
17128,1
17129,0
17130,1
17131,1
17132,1
17133,1
17134,1
17135,1
17136,0
17137,1
17138,0
17139,1
17140,0
17141,0
17142,0
17143,1
17144,0
17145,0
17146,1
17147,0
17148,1
17149,0
17150,0
17151,0
17152,1
17153,0
17154,0
17155,0
17156,1
17157,1
17158,1
17159,1
17160,1
17161,0
17162,0
17163,1
17164,1
17165,1
17166,0
17167,1
17168,1
17169,1
17170,1
17171,0
17172,0
17173,0
17174,1
17175,0
17176,0
17177,1
17178,1
17179,0
17180,0
17181,0
17182,1
17183,1
17184,1
17185,1
17186,1
17187,0
17188,0
17189,1
17190,0
17191,1
17192,0
17193,1
17194,1
17195,0
17196,1
17197,0
17198,1
17199,0
17200,0
17201,0
17202,1
17203,0
17204,0
17205,1
17206,1
17207,1
17208,0
17209,0
17210,1
17211,1
17212,0
17213,0
17214,0
17215,0
17216,1
17217,1
17218,0
17219,1
17220,0
17221,0
17222,1
17223,0
17224,0
17225,1
17226,0
17227,0
17228,1
17229,1
17230,0
17231,0
17232,1
17233,0
17234,0
17235,1
17236,1
17237,1
17238,1
17239,1
17240,0
17241,0
17242,0
17243,1
17244,0
17245,0
17246,0
17247,1
17248,1
17249,1
17250,0
17251,0
17252,0
17253,0
17254,0
17255,0
17256,0
17257,0
17258,0
17259,0
17260,0
17261,1
17262,0
17263,1
17264,0
17265,1
17266,1
17267,0
17268,1
17269,1
17270,1
17271,1
17272,0
17273,1
17274,0
17275,1
17276,0
17277,1
17278,0
17279,0
17280,1
17281,0
17282,1
17283,1
17284,1
17285,1
17286,1
17287,0
17288,1
17289,0
17290,0
17291,1
17292,1
17293,0
17294,1
17295,1
17296,0
17297,1
17298,0
17299,0
17300,0
17301,1
17302,0
17303,0
17304,1
17305,1
17306,0
17307,1
17308,1
17309,0
17310,1
17311,1
17312,1
17313,1
17314,1
17315,1
17316,1
17317,1
17318,1
17319,0
17320,1
17321,0
17322,0
17323,1
17324,1
17325,0
17326,0
17327,1
17328,1
17329,0
17330,0
17331,0
17332,1
17333,0
17334,1
17335,1
17336,0
17337,0
17338,1
17339,0
17340,0
17341,0
17342,0
17343,0
17344,1
17345,0
17346,1
17347,1
17348,0
17349,1
17350,0
17351,1
17352,0
17353,1
17354,1
17355,0
17356,0
17357,1
17358,0
17359,0
17360,0
17361,0
17362,0
17363,0
17364,0
17365,1
17366,0
17367,1
17368,1
17369,0
17370,1
17371,0
17372,1
17373,0
17374,0
17375,1
17376,0
17377,1
17378,0
17379,0
17380,1
17381,1
17382,1
17383,0
17384,1
17385,1
17386,1
17387,0
17388,1
17389,0
17390,0
17391,1
17392,1
17393,1
17394,0
17395,1
17396,1
17397,0
17398,0
17399,0
17400,0
17401,0
17402,0
17403,1
17404,1
17405,0
17406,0
17407,1
17408,0
17409,1
17410,1
17411,1
17412,1
17413,1
17414,0
17415,1
17416,1
17417,1
17418,0
17419,0
17420,0
17421,0
17422,0
17423,0
17424,0
17425,1
17426,0
17427,1
17428,0
17429,1
17430,0
17431,1
17432,0
17433,0
17434,0
17435,0
17436,1
17437,1
17438,1
17439,0
17440,1
17441,0
17442,0
17443,0
17444,0
17445,1
17446,0
17447,1
17448,1
17449,0
17450,1
17451,1
17452,0
17453,1
17454,0
17455,0
17456,0
17457,1
17458,1
17459,0
17460,0
17461,0
17462,0
17463,1
17464,1
17465,0
17466,0
17467,1
17468,0
17469,1
17470,0
17471,1
17472,0
17473,0
17474,0
17475,0
17476,0
17477,0
17478,1
17479,0
17480,0
17481,1
17482,1
17483,0
17484,1
17485,0
17486,0
17487,0
17488,0
17489,1
17490,1
17491,0
17492,0
17493,0
17494,1
17495,0
17496,1
17497,0
17498,1
17499,0
17500,1
17501,0
17502,1
17503,1
17504,0
17505,1
17506,1
17507,1
17508,0
17509,1
17510,0
17511,0
17512,0
17513,0
17514,1
17515,0
17516,0
17517,0
17518,1
17519,0
17520,1
17521,1
17522,0
17523,0
17524,0
17525,0
17526,0
17527,0
17528,0
17529,0
17530,0
17531,1
17532,0
17533,0
17534,0
17535,1
17536,0
17537,1
17538,0
17539,0
17540,1
17541,1
17542,1
17543,0
17544,1
17545,0
17546,0
17547,0
17548,0
17549,0
17550,0
17551,0
17552,1
17553,1
17554,0
17555,1
17556,1
17557,1
17558,0
17559,0
17560,0
17561,0
17562,0
17563,0
17564,0
17565,0
17566,0
17567,0
17568,1
17569,1
17570,1
17571,0
17572,1
17573,1
17574,0
17575,0
17576,0
17577,1
17578,0
17579,0
17580,0
17581,1
17582,1
17583,0
17584,0
17585,0
17586,0
17587,1
17588,1
17589,1
17590,0
17591,1
17592,1
17593,0
17594,1
17595,1
17596,1
17597,1
17598,1
17599,0
17600,1
17601,1
17602,1
17603,0
17604,0
17605,1
17606,1
17607,1
17608,1
17609,1
17610,1
17611,0
17612,1
17613,1
17614,1
17615,0
17616,1
17617,1
17618,1
17619,0
17620,1
17621,0
17622,1
17623,0
17624,0
17625,1
17626,0
17627,0
17628,1
17629,0
17630,1
17631,0
17632,0
17633,1
17634,0
17635,0
17636,1
17637,0
17638,1
17639,1
17640,0
17641,0
17642,1
17643,0
17644,1
17645,1
17646,1
17647,1
17648,0
17649,1
17650,1
17651,0
17652,1
17653,1
17654,1
17655,0
17656,1
17657,1
17658,1
17659,0
17660,0
17661,0
17662,1
17663,0
17664,0
17665,0
17666,1
17667,1
17668,1
17669,0
17670,1
17671,0
17672,0
17673,1
17674,1
17675,0
17676,0
17677,1
17678,1
17679,1
17680,1
17681,1
17682,1
17683,0
17684,0
17685,0
17686,0
17687,0
17688,0
17689,1
17690,0
17691,1
17692,0
17693,1
17694,0
17695,0
17696,1
17697,0
17698,0
17699,1
17700,1
17701,1
17702,1
17703,0
17704,1
17705,1
17706,0
17707,1
17708,0
17709,0
17710,1
17711,1
17712,1
17713,0
17714,0
17715,0
17716,0
17717,1
17718,0
17719,0
17720,1
17721,0
17722,1
17723,1
17724,1
17725,1
17726,1
17727,0
17728,1
17729,0
17730,1
17731,0
17732,1
17733,1
17734,0
17735,0
17736,1
17737,0
17738,0
17739,0
17740,1
17741,0
17742,0
17743,1
17744,0
17745,0
17746,0
17747,1
17748,0
17749,1
17750,0
17751,1
17752,0
17753,0
17754,0
17755,1
17756,1
17757,1
17758,1
17759,0
17760,1
17761,1
17762,0
17763,0
17764,1
17765,1
17766,1
17767,0
17768,1
17769,0
17770,1
17771,0
17772,1
17773,0
17774,0
17775,1
17776,1
17777,0
17778,1
17779,1
17780,0
17781,1
17782,0
17783,0
17784,1
17785,0
17786,1
17787,1
17788,1
17789,1
17790,0
17791,1
17792,1
17793,1
17794,1
17795,0
17796,0
17797,0
17798,0
17799,1
17800,0
17801,0
17802,0
17803,1
17804,1
17805,0
17806,0
17807,1
17808,0
17809,1
17810,1
17811,0
17812,0
17813,0
17814,1
17815,1
17816,0
17817,0
17818,0
17819,0
17820,1
17821,0
17822,0
17823,0
17824,0
17825,0
17826,0
17827,0
17828,0
17829,1
17830,0
17831,1
17832,0
17833,1
17834,0
17835,0
17836,0
17837,0
17838,0
17839,0
17840,1
17841,0
17842,1
17843,0
17844,1
17845,0
17846,0
17847,1
17848,1
17849,0
17850,1
17851,1
17852,0
17853,1
17854,0
17855,1
17856,1
17857,1
17858,0
17859,1
17860,1
17861,1
17862,0
17863,0
17864,1
17865,1
17866,1
17867,0
17868,1
17869,0
17870,0
17871,0
17872,0
17873,0
17874,0
17875,0
17876,1
17877,1
17878,1
17879,1
17880,0
17881,1
17882,0
17883,0
17884,0
17885,0
17886,1
17887,0
17888,1
17889,1
17890,0
17891,1
17892,1
17893,0
17894,0
17895,0
17896,0
17897,0
17898,1
17899,0
17900,1
17901,0
17902,1
17903,1
17904,1
17905,1
17906,0
17907,0
17908,0
17909,0
17910,0
17911,1
17912,1
17913,1
17914,1
17915,1
17916,0
17917,0
17918,0
17919,0
17920,0
17921,0
17922,0
17923,1
17924,0
17925,0
17926,0
17927,0
17928,0
17929,0
17930,1
17931,1
17932,0
17933,1
17934,1
17935,0
17936,0
17937,1
17938,1
17939,0
17940,0
17941,0
17942,1
17943,1
17944,1
17945,1
17946,0
17947,1
17948,0
17949,0
17950,1
17951,1
17952,0
17953,1
17954,1
17955,1
17956,0
17957,0
17958,0
17959,0
17960,0
17961,0
17962,1
17963,0
17964,0
17965,0
17966,1
17967,1
17968,0
17969,0
17970,1
17971,1
17972,0
17973,0
17974,1
17975,1
17976,1
17977,0
17978,0
17979,1
17980,0
17981,1
17982,1
17983,1
17984,1
17985,1
17986,0
17987,0
17988,0
17989,0
17990,0
17991,0
17992,0
17993,1
17994,0
17995,0
17996,0
17997,1
17998,0
17999,0
18000,1
18001,1
18002,0
18003,0
18004,1
18005,0
18006,1
18007,1
18008,0
18009,0
18010,1
18011,1
18012,1
18013,1
18014,1
18015,0
18016,0
18017,0
18018,0
18019,1
18020,0
18021,1
18022,0
18023,0
18024,0
18025,0
18026,1
18027,0
18028,0
18029,1
18030,0
18031,0
18032,1
18033,1
18034,1
18035,1
18036,0
18037,1
18038,0
18039,1
18040,1
18041,0
18042,0
18043,0
18044,0
18045,1
18046,1
18047,0
18048,1
18049,1
18050,0
18051,1
18052,1
18053,0
18054,0
18055,0
18056,1
18057,1
18058,1
18059,1
18060,0
18061,1
18062,0
18063,1
18064,0
18065,0
18066,1
18067,1
18068,0
18069,1
18070,1
18071,1
18072,0
18073,0
18074,1
18075,0
18076,1
18077,0
18078,0
18079,1
18080,1
18081,0
18082,1
18083,0
18084,1
18085,1
18086,0
18087,1
18088,1
18089,0
18090,1
18091,1
18092,0
18093,0
18094,0
18095,1
18096,1
18097,1
18098,1
18099,0
18100,0
18101,1
18102,1
18103,0
18104,0
18105,1
18106,1
18107,0
18108,1
18109,1
18110,1
18111,1
18112,0
18113,1
18114,1
18115,0
18116,0
18117,1
18118,0
18119,0
18120,1
18121,1
18122,0
18123,0
18124,1
18125,0
18126,0
18127,0
18128,0
18129,0
18130,0
18131,0
18132,0
18133,0
18134,0
18135,1
18136,1
18137,1
18138,0
18139,0
18140,1
18141,1
18142,1
18143,0
18144,1
18145,0
18146,0
18147,1
18148,0
18149,0
18150,1
18151,0
18152,1
18153,0
18154,1
18155,0
18156,1
18157,0
18158,0
18159,1
18160,0
18161,0
18162,0
18163,1
18164,1
18165,1
18166,0
18167,0
18168,1
18169,0
18170,0
18171,0
18172,0
18173,1
18174,1
18175,1
18176,1
18177,1
18178,0
18179,0
18180,0
18181,1
18182,0
18183,0
18184,1
18185,0
18186,1
18187,1
18188,1
18189,1
18190,1
18191,1
18192,0
18193,1
18194,0
18195,0
18196,1
18197,1
18198,0
18199,1
18200,0
18201,1
18202,1
18203,0
18204,0
18205,0
18206,1
18207,1
18208,0
18209,0
18210,1
18211,1
18212,1
18213,1
18214,0
18215,0
18216,1
18217,1
18218,0
18219,0
18220,0
18221,1
18222,0
18223,0
18224,0
18225,0
18226,1
18227,1
18228,0
18229,1
18230,0
18231,0
18232,0
18233,1
18234,1
18235,1
18236,0
18237,0
18238,0
18239,0
18240,0
18241,0
18242,1
18243,0
18244,0
18245,1
18246,0
18247,1
18248,1
18249,0
18250,0
18251,0
18252,0
18253,0
18254,1
18255,0
18256,1
18257,1
18258,0
18259,0
18260,1
18261,0
18262,1
18263,0
18264,0
18265,1
18266,1
18267,1
18268,0
18269,0
18270,1
18271,0
18272,0
18273,0
18274,1
18275,1
18276,1
18277,1
18278,0
18279,0
18280,0
18281,1
18282,0
18283,0
18284,0
18285,0
18286,0
18287,1
18288,1
18289,1
18290,1
18291,0
18292,1
18293,1
18294,0
18295,1
18296,0
18297,0
18298,0
18299,1
18300,0
18301,0
18302,0
18303,0
18304,0
18305,1
18306,1
18307,0
18308,1
18309,0
18310,0
18311,1
18312,0
18313,0
18314,0
18315,0
18316,1
18317,0
18318,1
18319,0
18320,1
18321,0
18322,0
18323,0
18324,0
18325,0
18326,0
18327,1
18328,1
18329,1
18330,0
18331,1
18332,0
18333,0
18334,0
18335,1
18336,0
18337,0
18338,0
18339,0
18340,1
18341,0
18342,0
18343,0
18344,0
18345,0
18346,1
18347,1
18348,1
18349,1
18350,1
18351,1
18352,0
18353,1
18354,1
18355,1
18356,0
18357,0
18358,0
18359,1
18360,1
18361,0
18362,0
18363,0
18364,0
18365,1
18366,1
18367,1
18368,1
18369,1
18370,0
18371,1
18372,0
18373,0
18374,1
18375,0
18376,0
18377,0
18378,0
18379,0
18380,1
18381,0
18382,1
18383,1
18384,0
18385,1
18386,0
18387,1
18388,0
18389,0
18390,0
18391,0
18392,1
18393,1
18394,0
18395,0
18396,0
18397,0
18398,0
18399,1
18400,0
18401,1
18402,1
18403,0
18404,0
18405,0
18406,1
18407,1
18408,0
18409,0
18410,1
18411,1
18412,0
18413,1
18414,0
18415,1
18416,0
18417,0
18418,0
18419,0
18420,0
18421,1
18422,0
18423,0
18424,0
18425,0
18426,0
18427,1
18428,1
18429,1
18430,1
18431,1
18432,0
18433,1
18434,0
18435,0
18436,0
18437,1
18438,1
18439,1
18440,1
18441,1
18442,0
18443,1
18444,0
18445,0
18446,1
18447,0
18448,1
18449,0
18450,0
18451,1
18452,0
18453,0
18454,0
18455,1
18456,1
18457,1
18458,0
18459,1
18460,1
18461,1
18462,1
18463,1
18464,0
18465,1
18466,0
18467,0
18468,1
18469,0
18470,0
18471,1
18472,1
18473,1
18474,0
18475,0
18476,0
18477,0
18478,1
18479,1
18480,1
18481,0
18482,1
18483,0
18484,0
18485,0
18486,1
18487,0
18488,1
18489,1
18490,1
18491,1
18492,0
18493,1
18494,1
18495,0
18496,0
18497,0
18498,0
18499,1
18500,0
18501,0
18502,0
18503,1
18504,0
18505,1
18506,1
18507,0
18508,1
18509,0
18510,0
18511,0
18512,1
18513,1
18514,0
18515,0
18516,0
18517,1
18518,0
18519,1
18520,1
18521,0
18522,0
18523,0
18524,0
18525,0
18526,0
18527,1
18528,0
18529,0
18530,0
18531,0
18532,0
18533,1
18534,0
18535,0
18536,0
18537,0
18538,0
18539,1
18540,0
18541,0
18542,0
18543,1
18544,1
18545,0
18546,1
18547,1
18548,0
18549,1
18550,0
18551,0
18552,0
18553,1
18554,0
18555,0
18556,1
18557,0
18558,1
18559,0
18560,0
18561,0
18562,1
18563,0
18564,0
18565,1
18566,0
18567,0
18568,0
18569,0
18570,0
18571,1
18572,0
18573,0
18574,1
18575,1
18576,0
18577,1
18578,0
18579,0
18580,0
18581,1
18582,1
18583,1
18584,1
18585,0
18586,1
18587,0
18588,0
18589,0
18590,0
18591,0
18592,0
18593,0
18594,1
18595,0
18596,0
18597,0
18598,0
18599,0
18600,1
18601,0
18602,1
18603,1
18604,1
18605,0
18606,1
18607,1
18608,0
18609,0
18610,0
18611,1
18612,1
18613,0
18614,0
18615,0
18616,1
18617,0
18618,0
18619,1
18620,0
18621,0
18622,0
18623,1
18624,0
18625,1
18626,0
18627,0
18628,0
18629,1
18630,1
18631,1
18632,0
18633,0
18634,0
18635,1
18636,0
18637,1
18638,0
18639,1
18640,0
18641,0
18642,0
18643,1
18644,1
18645,0
18646,1
18647,1
18648,0
18649,1
18650,1
18651,0
18652,1
18653,0
18654,0
18655,0
18656,0
18657,0
18658,0
18659,0
18660,0
18661,0
18662,1
18663,0
18664,0
18665,1
18666,1
18667,0
18668,0
18669,0
18670,0
18671,1
18672,1
18673,1
18674,0
18675,0
18676,1
18677,0
18678,0
18679,0
18680,1
18681,0
18682,0
18683,0
18684,0
18685,1
18686,1
18687,0
18688,0
18689,0
18690,0
18691,0
18692,1
18693,0
18694,1
18695,0
18696,0
18697,0
18698,0
18699,0
18700,0
18701,1
18702,0
18703,0
18704,0
18705,1
18706,0
18707,1
18708,1
18709,0
18710,1
18711,0
18712,1
18713,1
18714,0
18715,0
18716,0
18717,1
18718,1
18719,0
18720,1
18721,0
18722,0
18723,0
18724,0
18725,0
18726,1
18727,1
18728,0
18729,0
18730,1
18731,0
18732,0
18733,0
18734,0
18735,1
18736,1
18737,1
18738,1
18739,0
18740,1
18741,0
18742,0
18743,1
18744,1
18745,0
18746,0
18747,0
18748,0
18749,0
18750,0
18751,0
18752,0
18753,0
18754,1
18755,1
18756,0
18757,0
18758,1
18759,1
18760,0
18761,1
18762,0
18763,0
18764,0
18765,0
18766,1
18767,1
18768,0
18769,0
18770,1
18771,0
18772,0
18773,1
18774,0
18775,0
18776,0
18777,0
18778,1
18779,0
18780,1
18781,1
18782,1
18783,0
18784,1
18785,1
18786,0
18787,0
18788,0
18789,0
18790,0
18791,0
18792,0
18793,0
18794,1
18795,0
18796,1
18797,0
18798,1
18799,1
18800,1
18801,0
18802,1
18803,0
18804,0
18805,0
18806,0
18807,1
18808,1
18809,0
18810,0
18811,1
18812,1
18813,1
18814,0
18815,1
18816,0
18817,0
18818,0
18819,0
18820,0
18821,1
18822,0
18823,0
18824,0
18825,0
18826,0
18827,0
18828,0
18829,1
18830,1
18831,0
18832,0
18833,1
18834,0
18835,0
18836,0
18837,1
18838,0
18839,1
18840,0
18841,1
18842,0
18843,0
18844,1
18845,1
18846,0
18847,0
18848,0
18849,1
18850,1
18851,1
18852,0
18853,1
18854,1
18855,1
18856,1
18857,1
18858,1
18859,1
18860,1
18861,0
18862,0
18863,1
18864,0
18865,1
18866,0
18867,0
18868,1
18869,0
18870,0
18871,1
18872,0
18873,1
18874,0
18875,0
18876,0
18877,0
18878,1
18879,0
18880,1
18881,1
18882,0
18883,1
18884,1
18885,1
18886,1
18887,0
18888,0
18889,1
18890,0
18891,1
18892,0
18893,0
18894,0
18895,1
18896,1
18897,1
18898,1
18899,0
18900,0
18901,1
18902,1
18903,1
18904,0
18905,1
18906,1
18907,0
18908,0
18909,1
18910,1
18911,1
18912,1
18913,1
18914,1
18915,0
18916,0
18917,1
18918,1
18919,0
18920,0
18921,1
18922,0
18923,0
18924,1
18925,0
18926,0
18927,1
18928,0
18929,1
18930,0
18931,1
18932,1
18933,1
18934,0
18935,1
18936,0
18937,1
18938,0
18939,1
18940,0
18941,1
18942,1
18943,0
18944,0
18945,0
18946,1
18947,1
18948,1
18949,0
18950,1
18951,1
18952,1
18953,0
18954,0
18955,1
18956,0
18957,1
18958,1
18959,0
18960,1
18961,1
18962,0
18963,0
18964,1
18965,0
18966,0
18967,0
18968,0
18969,1
18970,1
18971,0
18972,0
18973,0
18974,0
18975,0
18976,1
18977,1
18978,0
18979,0
18980,1
18981,0
18982,0
18983,0
18984,1
18985,1
18986,1
18987,0
18988,0
18989,1
18990,0
18991,1
18992,1
18993,1
18994,0
18995,0
18996,1
18997,1
18998,1
18999,1
19000,1
19001,0
19002,1
19003,0
19004,1
19005,1
19006,0
19007,0
19008,1
19009,1
19010,0
19011,1
19012,0
19013,0
19014,1
19015,1
19016,0
19017,0
19018,0
19019,0
19020,0
19021,1
19022,0
19023,1
19024,0
19025,0
19026,0
19027,1
19028,1
19029,0
19030,0
19031,1
19032,1
19033,1
19034,1
19035,0
19036,1
19037,1
19038,1
19039,1
19040,0
19041,1
19042,0
19043,1
19044,1
19045,1
19046,1
19047,1
19048,1
19049,1
19050,1
19051,1
19052,1
19053,0
19054,0
19055,0
19056,1
19057,1
19058,0
19059,0
19060,1
19061,0
19062,1
19063,1
19064,1
19065,0
19066,0
19067,1
19068,1
19069,1
19070,1
19071,1
19072,0
19073,0
19074,0
19075,1
19076,1
19077,0
19078,1
19079,0
19080,1
19081,1
19082,1
19083,0
19084,0
19085,1
19086,1
19087,0
19088,0
19089,0
19090,0
19091,1
19092,1
19093,1
19094,1
19095,0
19096,0
19097,0
19098,1
19099,1
19100,1
19101,1
19102,1
19103,0
19104,1
19105,1
19106,1
19107,1
19108,0
19109,0
19110,0
19111,0
19112,1
19113,0
19114,1
19115,0
19116,0
19117,1
19118,0
19119,1
19120,1
19121,1
19122,1
19123,0
19124,0
19125,0
19126,0
19127,0
19128,1
19129,1
19130,0
19131,1
19132,1
19133,0
19134,1
19135,0
19136,1
19137,0
19138,1
19139,1
19140,1
19141,1
19142,1
19143,1
19144,1
19145,0
19146,0
19147,0
19148,0
19149,1
19150,0
19151,1
19152,1
19153,0
19154,0
19155,0
19156,1
19157,0
19158,0
19159,1
19160,0
19161,1
19162,1
19163,1
19164,1
19165,0
19166,1
19167,1
19168,0
19169,1
19170,1
19171,1
19172,0
19173,0
19174,1
19175,0
19176,1
19177,0
19178,1
19179,1
19180,1
19181,1
19182,0
19183,1
19184,0
19185,0
19186,1
19187,0
19188,1
19189,1
19190,1
19191,1
19192,1
19193,0
19194,0
19195,1
19196,1
19197,1
19198,1
19199,1
19200,1
19201,1
19202,1
19203,0
19204,0
19205,1
19206,0
19207,1
19208,1
19209,1
19210,1
19211,1
19212,1
19213,0
19214,1
19215,1
19216,1
19217,1
19218,0
19219,0
19220,0
19221,0
19222,0
19223,0
19224,0
19225,0
19226,1
19227,1
19228,1
19229,1
19230,0
19231,0
19232,0
19233,0
19234,0
19235,0
19236,0
19237,0
19238,1
19239,1
19240,0
19241,0
19242,0
19243,1
19244,1
19245,1
19246,1
19247,0
19248,1
19249,1
19250,1
19251,0
19252,0
19253,1
19254,0
19255,0
19256,0
19257,1
19258,1
19259,0
19260,0
19261,0
19262,0
19263,0
19264,1
19265,1
19266,1
19267,1
19268,0
19269,1
19270,0
19271,0
19272,0
19273,0
19274,0
19275,0
19276,0
19277,1
19278,0
19279,0
19280,0
19281,0
19282,1
19283,0
19284,1
19285,0
19286,1
19287,0
19288,0
19289,0
19290,1
19291,0
19292,1
19293,0
19294,0
19295,1
19296,1
19297,1
19298,1
19299,0
19300,1
19301,1
19302,1
19303,0
19304,1
19305,0
19306,0
19307,0
19308,1
19309,1
19310,0
19311,0
19312,1
19313,0
19314,1
19315,0
19316,0
19317,1
19318,1
19319,0
19320,0
19321,1
19322,1
19323,1
19324,0
19325,1
19326,0
19327,0
19328,0
19329,1
19330,1
19331,0
19332,1
19333,1
19334,0
19335,1
19336,1
19337,1
19338,1
19339,0
19340,1
19341,1
19342,0
19343,0
19344,0
19345,0
19346,1
19347,0
19348,1
19349,1
19350,1
19351,0
19352,0
19353,0
19354,1
19355,1
19356,0
19357,1
19358,0
19359,0
19360,0
19361,1
19362,1
19363,1
19364,1
19365,0
19366,0
19367,0
19368,1
19369,1
19370,0
19371,0
19372,0
19373,1
19374,0
19375,1
19376,0
19377,0
19378,0
19379,1
19380,1
19381,1
19382,0
19383,0
19384,1
19385,1
19386,0
19387,0
19388,1
19389,0
19390,1
19391,0
19392,0
19393,1
19394,1
19395,1
19396,1
19397,1
19398,0
19399,0
19400,1
19401,1
19402,1
19403,0
19404,1
19405,0
19406,0
19407,0
19408,0
19409,0
19410,0
19411,0
19412,1
19413,1
19414,1
19415,0
19416,1
19417,0
19418,1
19419,0
19420,1
19421,0
19422,1
19423,1
19424,0
19425,0
19426,0
19427,1
19428,1
19429,1
19430,0
19431,0
19432,0
19433,0
19434,0
19435,0
19436,0
19437,0
19438,1
19439,0
19440,0
19441,0
19442,0
19443,0
19444,1
19445,0
19446,0
19447,1
19448,1
19449,0
19450,1
19451,1
19452,0
19453,1
19454,1
19455,0
19456,0
19457,0
19458,0
19459,0
19460,1
19461,1
19462,1
19463,0
19464,1
19465,0
19466,0
19467,1
19468,1
19469,1
19470,0
19471,0
19472,0
19473,0
19474,0
19475,1
19476,1
19477,0
19478,1
19479,1
19480,0
19481,0
19482,0
19483,0
19484,0
19485,0
19486,0
19487,1
19488,0
19489,1
19490,0
19491,0
19492,1
19493,0
19494,0
19495,0
19496,0
19497,1
19498,0
19499,0
19500,0
19501,1
19502,1
19503,0
19504,1
19505,1
19506,0
19507,0
19508,1
19509,1
19510,1
19511,1
19512,1
19513,0
19514,0
19515,1
19516,1
19517,0
19518,0
19519,1
19520,0
19521,1
19522,0
19523,0
19524,0
19525,0
19526,0
19527,1
19528,0
19529,1
19530,0
19531,0
19532,1
19533,0
19534,1
19535,0
19536,0
19537,0
19538,0
19539,1
19540,1
19541,1
19542,1
19543,0
19544,0
19545,0
19546,0
19547,0
19548,0
19549,1
19550,1
19551,1
19552,1
19553,0
19554,1
19555,1
19556,0
19557,0
19558,1
19559,0
19560,0
19561,0
19562,0
19563,0
19564,1
19565,1
19566,1
19567,1
19568,1
19569,0
19570,0
19571,0
19572,0
19573,0
19574,1
19575,1
19576,0
19577,0
19578,0
19579,0
19580,0
19581,1
19582,0
19583,0
19584,1
19585,0
19586,1
19587,0
19588,0
19589,1
19590,1
19591,1
19592,0
19593,0
19594,1
19595,0
19596,1
19597,0
19598,0
19599,1
19600,1
19601,1
19602,1
19603,0
19604,0
19605,1
19606,0
19607,1
19608,0
19609,1
19610,0
19611,0
19612,1
19613,1
19614,0
19615,1
19616,0
19617,0
19618,0
19619,1
19620,1
19621,0
19622,1
19623,1
19624,0
19625,0
19626,0
19627,1
19628,0
19629,1
19630,1
19631,0
19632,1
19633,0
19634,0
19635,0
19636,1
19637,0
19638,1
19639,1
19640,1
19641,1
19642,0
19643,0
19644,0
19645,1
19646,1
19647,0
19648,0
19649,1
19650,1
19651,1
19652,0
19653,0
19654,0
19655,0
19656,0
19657,0
19658,0
19659,0
19660,0
19661,1
19662,0
19663,0
19664,1
19665,0
19666,1
19667,0
19668,1
19669,0
19670,0
19671,1
19672,1
19673,1
19674,0
19675,1
19676,0
19677,1
19678,1
19679,0
19680,0
19681,0
19682,0
19683,1
19684,0
19685,1
19686,1
19687,0
19688,0
19689,1
19690,1
19691,1
19692,1
19693,0
19694,0
19695,1
19696,0
19697,0
19698,0
19699,0
19700,0
19701,1
19702,1
19703,0
19704,1
19705,1
19706,1
19707,1
19708,0
19709,1
19710,0
19711,0
19712,0
19713,1
19714,0
19715,0
19716,0
19717,1
19718,0
19719,0
19720,1
19721,0
19722,0
19723,0
19724,0
19725,1
19726,1
19727,0
19728,0
19729,1
19730,0
19731,0
19732,0
19733,1
19734,0
19735,1
19736,1
19737,1
19738,0
19739,1
19740,1
19741,1
19742,0
19743,0
19744,1
19745,1
19746,0
19747,1
19748,0
19749,1
19750,1
19751,1
19752,0
19753,0
19754,1
19755,0
19756,1
19757,1
19758,0
19759,0
19760,1
19761,1
19762,0
19763,1
19764,0
19765,1
19766,0
19767,1
19768,0
19769,1
19770,0
19771,0
19772,0
19773,0
19774,1
19775,0
19776,1
19777,0
19778,0
19779,1
19780,1
19781,0
19782,0
19783,1
19784,1
19785,1
19786,1
19787,1
19788,1
19789,1
19790,1
19791,1
19792,1
19793,1
19794,0
19795,1
19796,0
19797,0
19798,1
19799,0
19800,1
19801,1
19802,0
19803,1
19804,1
19805,1
19806,1
19807,0
19808,0
19809,1
19810,1
19811,1
19812,1
19813,0
19814,1
19815,0
19816,1
19817,1
19818,0
19819,1
19820,0
19821,1
19822,1
19823,1
19824,0
19825,1
19826,1
19827,0
19828,1
19829,0
19830,1
19831,1
19832,0
19833,1
19834,0
19835,0
19836,0
19837,1
19838,0
19839,1
19840,0
19841,0
19842,1
19843,1
19844,0
19845,0
19846,1
19847,0
19848,1
19849,1
19850,0
19851,1
19852,1
19853,1
19854,0
19855,0
19856,1
19857,1
19858,1
19859,1
19860,0
19861,0
19862,0
19863,1
19864,1
19865,0
19866,1
19867,1
19868,0
19869,0
19870,0
19871,0
19872,1
19873,1
19874,0
19875,0
19876,0
19877,1
19878,0
19879,0
19880,0
19881,1
19882,1
19883,0
19884,0
19885,0
19886,1
19887,1
19888,1
19889,1
19890,0
19891,0
19892,1
19893,1
19894,1
19895,0
19896,0
19897,1
19898,1
19899,1
19900,0
19901,1
19902,1
19903,1
19904,1
19905,0
19906,0
19907,1
19908,1
19909,1
19910,0
19911,1
19912,0
19913,0
19914,1
19915,1
19916,0
19917,1
19918,0
19919,0
19920,1
19921,1
19922,1
19923,1
19924,0
19925,0
19926,1
19927,0
19928,0
19929,0
19930,0
19931,1
19932,0
19933,1
19934,0
19935,1
19936,0
19937,1
19938,1
19939,0
19940,0
19941,0
19942,0
19943,1
19944,0
19945,1
19946,0
19947,1
19948,1
19949,0
19950,1
19951,1
19952,0
19953,0
19954,0
19955,0
19956,0
19957,0
19958,1
19959,0
19960,1
19961,1
19962,0
19963,0
19964,0
19965,0
19966,0
19967,0
19968,0
19969,1
19970,0
19971,1
19972,0
19973,0
19974,1
19975,0
19976,0
19977,0
19978,1
19979,1
19980,0
19981,0
19982,1
19983,0
19984,0
19985,0
19986,0
19987,1
19988,1
19989,0
19990,0
19991,0
19992,0
19993,0
19994,0
19995,0
19996,0
19997,1
19998,1
19999,1
20000,1
20001,1
20002,0
20003,1
20004,0
20005,1
20006,1
20007,0
20008,0
20009,1
20010,0
20011,0
20012,1
20013,0
20014,1
20015,0
20016,0
20017,0
20018,1
20019,1
20020,0
20021,0
20022,1
20023,1
20024,1
20025,1
20026,0
20027,1
20028,1
20029,0
20030,1
20031,0
20032,0
20033,1
20034,0
20035,1
20036,0
20037,0
20038,1
20039,0
20040,1
20041,0
20042,1
20043,0
20044,1
20045,1
20046,1
20047,0
20048,0
20049,1
20050,0
20051,0
20052,1
20053,1
20054,1
20055,1
20056,1
20057,1
20058,0
20059,1
20060,1
20061,0
20062,0
20063,0
20064,0
20065,1
20066,1
20067,1
20068,0
20069,0
20070,1
20071,0
20072,0
20073,0
20074,0
20075,0
20076,1
20077,0
20078,1
20079,1
20080,0
20081,1
20082,1
20083,0
20084,0
20085,0
20086,1
20087,1
20088,0
20089,1
20090,1
20091,0
20092,0
20093,0
20094,0
20095,1
20096,1
20097,0
20098,1
20099,0
20100,0
20101,1
20102,1
20103,0
20104,1
20105,1
20106,1
20107,0
20108,1
20109,1
20110,1
20111,0
20112,0
20113,1
20114,0
20115,1
20116,0
20117,0
20118,0
20119,0
20120,1
20121,0
20122,1
20123,0
20124,0
20125,1
20126,0
20127,0
20128,0
20129,0
20130,1
20131,1
20132,1
20133,0
20134,1
20135,0
20136,0
20137,1
20138,1
20139,0
20140,0
20141,0
20142,1
20143,1
20144,0
20145,0
20146,0
20147,0
20148,0
20149,0
20150,0
20151,0
20152,1
20153,1
20154,1
20155,1
20156,0
20157,1
20158,0
20159,0
20160,1
20161,1
20162,0
20163,1
20164,0
20165,1
20166,1
20167,1
20168,1
20169,1
20170,1
20171,0
20172,0
20173,1
20174,1
20175,1
20176,1
20177,0
20178,0
20179,0
20180,1
20181,1
20182,1
20183,1
20184,0
20185,0
20186,0
20187,0
20188,0
20189,1
20190,0
20191,1
20192,1
20193,0
20194,0
20195,1
20196,0
20197,1
20198,1
20199,0
20200,0
20201,1
20202,1
20203,1
20204,0
20205,0
20206,1
20207,0
20208,1
20209,0
20210,0
20211,0
20212,0
20213,0
20214,0
20215,0
20216,0
20217,1
20218,1
20219,1
20220,0
20221,1
20222,0
20223,0
20224,0
20225,1
20226,0
20227,0
20228,0
20229,1
20230,0
20231,0
20232,1
20233,1
20234,0
20235,1
20236,0
20237,1
20238,0
20239,0
20240,0
20241,1
20242,0
20243,1
20244,0
20245,1
20246,0
20247,0
20248,1
20249,1
20250,1
20251,0
20252,0
20253,0
20254,0
20255,1
20256,0
20257,0
20258,0
20259,1
20260,0
20261,0
20262,1
20263,0
20264,0
20265,0
20266,1
20267,1
20268,0
20269,0
20270,0
20271,0
20272,0
20273,1
20274,1
20275,1
20276,1
20277,0
20278,1
20279,1
20280,1
20281,0
20282,0
20283,1
20284,0
20285,0
20286,1
20287,0
20288,0
20289,0
20290,1
20291,0
20292,1
20293,1
20294,1
20295,1
20296,0
20297,1
20298,0
20299,1
20300,1
20301,0
20302,0
20303,1
20304,0
20305,0
20306,0
20307,1
20308,1
20309,0
20310,1
20311,0
20312,0
20313,0
20314,0
20315,1
20316,0
20317,1
20318,0
20319,1
20320,1
20321,1
20322,1
20323,0
20324,1
20325,1
20326,0
20327,1
20328,1
20329,0
20330,1
20331,0
20332,1
20333,1
20334,0
20335,0
20336,1
20337,1
20338,0
20339,1
20340,1
20341,1
20342,1
20343,0
20344,1
20345,0
20346,0
20347,0
20348,1
20349,0
20350,1
20351,1
20352,0
20353,1
20354,1
20355,0
20356,0
20357,0
20358,1
20359,0
20360,0
20361,0
20362,0
20363,1
20364,0
20365,1
20366,1
20367,0
20368,0
20369,1
20370,1
20371,0
20372,1
20373,1
20374,1
20375,0
20376,0
20377,0
20378,0
20379,1
20380,0
20381,0
20382,1
20383,1
20384,0
20385,1
20386,1
20387,1
20388,1
20389,1
20390,0
20391,1
20392,0
20393,0
20394,1
20395,0
20396,1
20397,1
20398,0
20399,1
20400,0
20401,1
20402,1
20403,0
20404,1
20405,0
20406,1
20407,1
20408,1
20409,1
20410,0
20411,1
20412,1
20413,1
20414,0
20415,0
20416,0
20417,1
20418,1
20419,0
20420,1
20421,1
20422,0
20423,1
20424,1
20425,0
20426,0
20427,1
20428,0
20429,1
20430,1
20431,1
20432,0
20433,1
20434,0
20435,1
20436,1
20437,0
20438,0
20439,0
20440,1
20441,1
20442,0
20443,1
20444,0
20445,1
20446,1
20447,0
20448,0
20449,0
20450,1
20451,0
20452,0
20453,0
20454,0
20455,1
20456,0
20457,0
20458,1
20459,0
20460,0
20461,1
20462,0
20463,0
20464,0
20465,0
20466,1
20467,1
20468,0
20469,0
20470,0
20471,0
20472,0
20473,1
20474,0
20475,1
20476,1
20477,1
20478,0
20479,1
20480,0
20481,1
20482,0
20483,0
20484,0
20485,1
20486,1
20487,1
20488,1
20489,1
20490,1
20491,0
20492,1
20493,1
20494,1
20495,0
20496,1
20497,1
20498,1
20499,0
20500,0
20501,1
20502,0
20503,1
20504,0
20505,0
20506,1
20507,0
20508,1
20509,1
20510,1
20511,0
20512,0
20513,1
20514,1
20515,1
20516,1
20517,0
20518,0
20519,0
20520,1
20521,0
20522,0
20523,1
20524,1
20525,1
20526,1
20527,0
20528,1
20529,0
20530,1
20531,1
20532,0
20533,1
20534,0
20535,1
20536,1
20537,0
20538,1
20539,1
20540,0
20541,1
20542,1
20543,1
20544,1
20545,0
20546,0
20547,1
20548,0
20549,1
20550,1
20551,1
20552,1
20553,0
20554,1
20555,0
20556,0
20557,1
20558,1
20559,1
20560,1
20561,1
20562,1
20563,0
20564,1
20565,1
20566,0
20567,0
20568,1
20569,1
20570,0
20571,0
20572,0
20573,0
20574,1
20575,1
20576,1
20577,1
20578,0
20579,0
20580,1
20581,0
20582,0
20583,1
20584,1
20585,1
20586,0
20587,1
20588,0
20589,1
20590,0
20591,1
20592,0
20593,0
20594,0
20595,0
20596,0
20597,1
20598,0
20599,0
20600,0
20601,1
20602,0
20603,0
20604,1
20605,1
20606,1
20607,0
20608,0
20609,1
20610,0
20611,0
20612,1
20613,0
20614,0
20615,1
20616,0
20617,0
20618,1
20619,1
20620,0
20621,0
20622,0
20623,1
20624,1
20625,1
20626,0
20627,0
20628,0
20629,0
20630,1
20631,1
20632,0
20633,0
20634,0
20635,0
20636,0
20637,0
20638,0
20639,0
20640,1
20641,1
20642,0
20643,1
20644,0
20645,1
20646,0
20647,1
20648,0
20649,0
20650,1
20651,0
20652,0
20653,0
20654,0
20655,0
20656,0
20657,1
20658,0
20659,0
20660,0
20661,1
20662,1
20663,0
20664,0
20665,1
20666,0
20667,0
20668,0
20669,0
20670,0
20671,1
20672,0
20673,0
20674,0
20675,1
20676,0
20677,1
20678,0
20679,1
20680,0
20681,1
20682,0
20683,1
20684,1
20685,0
20686,0
20687,1
20688,0
20689,0
20690,1
20691,0
20692,1
20693,1
20694,1
20695,1
20696,0
20697,0
20698,1
20699,1
20700,1
20701,1
20702,1
20703,1
20704,1
20705,0
20706,1
20707,1
20708,1
20709,0
20710,0
20711,1
20712,0
20713,0
20714,1
20715,0
20716,0
20717,0
20718,0
20719,0
20720,0
20721,1
20722,1
20723,0
20724,0
20725,1
20726,1
20727,1
20728,1
20729,0
20730,0
20731,0
20732,0
20733,1
20734,0
20735,0
20736,1
20737,0
20738,1
20739,1
20740,0
20741,0
20742,1
20743,1
20744,1
20745,0
20746,1
20747,1
20748,0
20749,0
20750,1
20751,0
20752,0
20753,0
20754,0
20755,1
20756,0
20757,1
20758,1
20759,0
20760,0
20761,0
20762,0
20763,1
20764,0
20765,0
20766,1
20767,0
20768,1
20769,0
20770,1
20771,1
20772,0
20773,0
20774,1
20775,1
20776,0
20777,0
20778,1
20779,1
20780,0
20781,0
20782,0
20783,1
20784,0
20785,1
20786,0
20787,1
20788,0
20789,1
20790,0
20791,1
20792,0
20793,1
20794,1
20795,1
20796,0
20797,1
20798,0
20799,0
20800,0
20801,0
20802,0
20803,0
20804,0
20805,1
20806,1
20807,1
20808,0
20809,0
20810,1
20811,0
20812,0
20813,1
20814,1
20815,1
20816,1
20817,1
20818,0
20819,1
20820,0
20821,0
20822,0
20823,1
20824,1
20825,0
20826,1
20827,0
20828,1
20829,0
20830,0
20831,0
20832,0
20833,1
20834,1
20835,1
20836,0
20837,1
20838,0
20839,1
20840,0
20841,0
20842,0
20843,0
20844,0
20845,1
20846,0
20847,1
20848,1
20849,0
20850,0
20851,0
20852,0
20853,1
20854,1
20855,0
20856,0
20857,1
20858,0
20859,0
20860,0
20861,0
20862,0
20863,0
20864,1
20865,0
20866,0
20867,1
20868,1
20869,1
20870,0
20871,0
20872,1
20873,1
20874,0
20875,0
20876,0
20877,1
20878,0
20879,1
20880,1
20881,0
20882,0
20883,0
20884,0
20885,0
20886,0
20887,1
20888,1
20889,1
20890,1
20891,1
20892,0
20893,1
20894,1
20895,1
20896,0
20897,0
20898,0
20899,0
20900,1
20901,1
20902,0
20903,0
20904,1
20905,1
20906,0
20907,0
20908,1
20909,1
20910,0
20911,0
20912,0
20913,0
20914,1
20915,1
20916,0
20917,1
20918,1
20919,1
20920,0
20921,0
20922,0
20923,0
20924,1
20925,1
20926,1
20927,1
20928,0
20929,0
20930,1
20931,0
20932,0
20933,1
20934,1
20935,0
20936,1
20937,1
20938,1
20939,0
20940,0
20941,0
20942,0
20943,1
20944,0
20945,1
20946,1
20947,0
20948,0
20949,0
20950,0
20951,0
20952,0
20953,0
20954,0
20955,1
20956,0
20957,0
20958,1
20959,1
20960,1
20961,0
20962,0
20963,0
20964,1
20965,1
20966,1
20967,1
20968,0
20969,0
20970,1
20971,0
20972,1
20973,1
20974,1
20975,1
20976,0
20977,1
20978,1
20979,1
20980,0
20981,1
20982,1
20983,0
20984,1
20985,0
20986,0
20987,0
20988,0
20989,0
20990,1
20991,0
20992,0
20993,1
20994,0
20995,1
20996,0
20997,0
20998,1
20999,1
21000,1
21001,0
21002,1
21003,0
21004,1
21005,1
21006,0
21007,0
21008,0
21009,1
21010,0
21011,1
21012,1
21013,0
21014,1
21015,1
21016,0
21017,0
21018,0
21019,1
21020,0
21021,0
21022,1
21023,0
21024,1
21025,1
21026,1
21027,0
21028,1
21029,0
21030,0
21031,0
21032,1
21033,0
21034,1
21035,1
21036,0
21037,0
21038,0
21039,1
21040,1
21041,1
21042,0
21043,0
21044,0
21045,0
21046,1
21047,0
21048,0
21049,1
21050,1
21051,0
21052,1
21053,1
21054,0
21055,1
21056,0
21057,1
21058,1
21059,0
21060,0
21061,1
21062,0
21063,1
21064,0
21065,0
21066,0
21067,1
21068,1
21069,1
21070,0
21071,0
21072,0
21073,0
21074,0
21075,0
21076,0
21077,0
21078,1
21079,0
21080,1
21081,1
21082,1
21083,0
21084,0
21085,0
21086,0
21087,0
21088,1
21089,0
21090,0
21091,0
21092,1
21093,1
21094,0
21095,1
21096,1
21097,1
21098,1
21099,0
21100,1
21101,1
21102,1
21103,0
21104,0
21105,0
21106,1
21107,0
21108,0
21109,1
21110,1
21111,1
21112,1
21113,0
21114,1
21115,1
21116,1
21117,0
21118,0
21119,1
21120,0
21121,1
21122,0
21123,0
21124,0
21125,1
21126,1
21127,1
21128,1
21129,0
21130,0
21131,0
21132,1
21133,0
21134,1
21135,0
21136,0
21137,1
21138,1
21139,0
21140,1
21141,1
21142,1
21143,1
21144,1
21145,0
21146,1
21147,1
21148,1
21149,0
21150,1
21151,0
21152,0
21153,0
21154,1
21155,1
21156,0
21157,1
21158,0
21159,1
21160,1
21161,0
21162,0
21163,1
21164,0
21165,0
21166,1
21167,1
21168,0
21169,0
21170,1
21171,0
21172,1
21173,1
21174,0
21175,1
21176,1
21177,0
21178,1
21179,0
21180,0
21181,0
21182,1
21183,1
21184,0
21185,0
21186,0
21187,0
21188,1
21189,0
21190,1
21191,1
21192,0
21193,1
21194,0
21195,0
21196,0
21197,0
21198,0
21199,0
21200,1
21201,1
21202,1
21203,1
21204,1
21205,0
21206,1
21207,0
21208,0
21209,1
21210,1
21211,1
21212,1
21213,0
21214,0
21215,0
21216,1
21217,0
21218,0
21219,0
21220,0
21221,1
21222,0
21223,0
21224,0
21225,0
21226,1
21227,1
21228,0
21229,0
21230,0
21231,0
21232,0
21233,1
21234,0
21235,1
21236,0
21237,0
21238,1
21239,0
21240,0
21241,0
21242,0
21243,0
21244,1
21245,0
21246,1
21247,1
21248,1
21249,0
21250,0
21251,0
21252,0
21253,0
21254,0
21255,1
21256,1
21257,1
21258,1
21259,1
21260,1
21261,0
21262,0
21263,0
21264,1
21265,0
21266,1
21267,1
21268,0
21269,0
21270,1
21271,0
21272,0
21273,0
21274,0
21275,0
21276,1
21277,0
21278,1
21279,0
21280,0
21281,1
21282,1
21283,1
21284,1
21285,0
21286,1
21287,1
21288,1
21289,0
21290,1
21291,0
21292,0
21293,1
21294,1
21295,0
21296,0
21297,1
21298,1
21299,0
21300,0
21301,0
21302,1
21303,1
21304,0
21305,0
21306,0
21307,0
21308,1
21309,1
21310,1
21311,0
21312,1
21313,0
21314,1
21315,0
21316,0
21317,0
21318,0
21319,1
21320,0
21321,0
21322,0
21323,0
21324,0
21325,0
21326,1
21327,0
21328,0
21329,0
21330,1
21331,0
21332,0
21333,0
21334,0
21335,1
21336,0
21337,0
21338,1
21339,0
21340,0
21341,1
21342,0
21343,0
21344,1
21345,1
21346,0
21347,1
21348,0
21349,0
21350,0
21351,1
21352,1
21353,0
21354,0
21355,1
21356,0
21357,1
21358,0
21359,1
21360,0
21361,0
21362,1
21363,1
21364,0
21365,0
21366,1
21367,1
21368,0
21369,1
21370,1
21371,1
21372,1
21373,1
21374,0
21375,0
21376,1
21377,1
21378,0
21379,1
21380,1
21381,1
21382,0
21383,0
21384,1
21385,1
21386,0
21387,0
21388,0
21389,1
21390,1
21391,1
21392,1
21393,1
21394,1
21395,0
21396,0
21397,0
21398,0
21399,0
21400,1
21401,1
21402,0
21403,0
21404,1
21405,0
21406,1
21407,0
21408,0
21409,0
21410,0
21411,0
21412,1
21413,0
21414,1
21415,1
21416,0
21417,1
21418,1
21419,0
21420,1
21421,1
21422,0
21423,0
21424,1
21425,1
21426,1
21427,0
21428,1
21429,0
21430,0
21431,0
21432,0
21433,1
21434,1
21435,0
21436,0
21437,0
21438,0
21439,1
21440,1
21441,1
21442,0
21443,0
21444,1
21445,0
21446,1
21447,0
21448,1
21449,0
21450,0
21451,0
21452,0
21453,1
21454,1
21455,1
21456,0
21457,1
21458,0
21459,1
21460,1
21461,1
21462,0
21463,1
21464,1
21465,0
21466,0
21467,0
21468,0
21469,1
21470,1
21471,0
21472,0
21473,0
21474,0
21475,1
21476,0
21477,1
21478,0
21479,1
21480,1
21481,0
21482,1
21483,1
21484,0
21485,0
21486,0
21487,1
21488,1
21489,0
21490,1
21491,0
21492,0
21493,0
21494,1
21495,0
21496,0
21497,1
21498,0
21499,1
21500,0
21501,1
21502,1
21503,0
21504,0
21505,0
21506,1
21507,1
21508,0
21509,1
21510,0
21511,0
21512,1
21513,0
21514,0
21515,0
21516,0
21517,1
21518,0
21519,0
21520,1
21521,0
21522,0
21523,0
21524,0
21525,0
21526,1
21527,1
21528,0
21529,1
21530,0
21531,1
21532,0
21533,1
21534,0
21535,0
21536,1
21537,0
21538,1
21539,1
21540,0
21541,1
21542,1
21543,1
21544,1
21545,0
21546,0
21547,0
21548,1
21549,0
21550,1
21551,1
21552,0
21553,0
21554,1
21555,1
21556,0
21557,0
21558,0
21559,0
21560,0
21561,0
21562,1
21563,1
21564,1
21565,0
21566,0
21567,0
21568,0
21569,1
21570,1
21571,1
21572,0
21573,1
21574,1
21575,1
21576,1
21577,1
21578,1
21579,0
21580,1
21581,0
21582,0
21583,0
21584,0
21585,0
21586,0
21587,1
21588,1
21589,0
21590,1
21591,0
21592,0
21593,0
21594,0
21595,1
21596,0
21597,0
21598,0
21599,1
21600,0
21601,0
21602,1
21603,0
21604,0
21605,0
21606,0
21607,1
21608,0
21609,0
21610,0
21611,1
21612,1
21613,0
21614,1
21615,1
21616,0
21617,0
21618,0
21619,1
21620,0
21621,0
21622,0
21623,0
21624,0
21625,0
21626,1
21627,1
21628,1
21629,1
21630,0
21631,1
21632,1
21633,0
21634,0
21635,0
21636,0
21637,0
21638,1
21639,1
21640,1
21641,1
21642,1
21643,0
21644,1
21645,1
21646,0
21647,1
21648,0
21649,0
21650,0
21651,0
21652,1
21653,0
21654,1
21655,1
21656,0
21657,0
21658,1
21659,1
21660,0
21661,0
21662,1
21663,0
21664,0
21665,0
21666,0
21667,1
21668,0
21669,0
21670,1
21671,1
21672,0
21673,0
21674,0
21675,0
21676,1
21677,1
21678,0
21679,0
21680,1
21681,0
21682,1
21683,1
21684,0
21685,1
21686,1
21687,0
21688,0
21689,0
21690,0
21691,1
21692,0
21693,0
21694,0
21695,0
21696,1
21697,1
21698,0
21699,0
21700,0
21701,1
21702,0
21703,0
21704,0
21705,0
21706,0
21707,0
21708,0
21709,1
21710,1
21711,0
21712,1
21713,1
21714,1
21715,1
21716,0
21717,0
21718,1
21719,1
21720,0
21721,0
21722,1
21723,0
21724,1
21725,1
21726,0
21727,0
21728,0
21729,0
21730,0
21731,1
21732,1
21733,0
21734,1
21735,1
21736,1
21737,0
21738,1
21739,0
21740,0
21741,0
21742,0
21743,1
21744,0
21745,0
21746,0
21747,0
21748,1
21749,1
21750,1
21751,1
21752,1
21753,1
21754,1
21755,0
21756,1
21757,1
21758,1
21759,1
21760,1
21761,1
21762,0
21763,1
21764,0
21765,1
21766,0
21767,0
21768,0
21769,0
21770,0
21771,1
21772,1
21773,0
21774,1
21775,1
21776,0
21777,1
21778,0
21779,1
21780,1
21781,0
21782,1
21783,0
21784,1
21785,1
21786,0
21787,0
21788,1
21789,1
21790,1
21791,0
21792,0
21793,1
21794,1
21795,1
21796,0
21797,1
21798,0
21799,1
21800,0
21801,1
21802,0
21803,1
21804,0
21805,1
21806,0
21807,1
21808,1
21809,0
21810,0
21811,1
21812,0
21813,1
21814,1
21815,1
21816,0
21817,1
21818,1
21819,1
21820,1
21821,0
21822,0
21823,0
21824,1
21825,1
21826,1
21827,1
21828,0
21829,1
21830,1
21831,1
21832,1
21833,1
21834,1
21835,1
21836,0
21837,0
21838,0
21839,0
21840,1
21841,1
21842,0
21843,1
21844,1
21845,1
21846,0
21847,1
21848,1
21849,0
21850,0
21851,0
21852,1
21853,0
21854,0
21855,0
21856,0
21857,1
21858,0
21859,0
21860,0
21861,0
21862,1
21863,0
21864,1
21865,0
21866,1
21867,1
21868,0
21869,0
21870,1
21871,1
21872,1
21873,1
21874,1
21875,0
21876,1
21877,0
21878,1
21879,1
21880,0
21881,1
21882,0
21883,0
21884,0
21885,1
21886,1
21887,0
21888,0
21889,0
21890,0
21891,0
21892,0
21893,1
21894,0
21895,1
21896,1
21897,1
21898,1
21899,0
21900,0
21901,0
21902,1
21903,0
21904,0
21905,0
21906,1
21907,1
21908,1
21909,0
21910,0
21911,0
21912,1
21913,0
21914,0
21915,1
21916,0
21917,0
21918,0
21919,1
21920,1
21921,1
21922,0
21923,1
21924,0
21925,0
21926,1
21927,0
21928,1
21929,0
21930,0
21931,0
21932,0
21933,0
21934,0
21935,1
21936,0
21937,0
21938,0
21939,0
21940,0
21941,1
21942,0
21943,1
21944,1
21945,0
21946,1
21947,1
21948,0
21949,1
21950,0
21951,1
21952,1
21953,0
21954,0
21955,0
21956,0
21957,1
21958,1
21959,0
21960,1
21961,1
21962,0
21963,0
21964,0
21965,0
21966,0
21967,1
21968,0
21969,1
21970,0
21971,1
21972,1
21973,1
21974,0
21975,0
21976,1
21977,0
21978,1
21979,0
21980,0
21981,0
21982,1
21983,1
21984,1
21985,1
21986,1
21987,0
21988,1
21989,0
21990,0
21991,0
21992,1
21993,0
21994,0
21995,0
21996,0
21997,0
21998,0
21999,0
22000,0
22001,0
22002,1
22003,0
22004,0
22005,1
22006,1
22007,1
22008,1
22009,0
22010,0
22011,0
22012,1
22013,1
22014,0
22015,0
22016,1
22017,0
22018,1
22019,1
22020,1
22021,0
22022,0
22023,0
22024,0
22025,1
22026,1
22027,0
22028,0
22029,0
22030,1
22031,0
22032,1
22033,0
22034,1
22035,1
22036,1
22037,1
22038,0
22039,1
22040,1
22041,1
22042,0
22043,0
22044,0
22045,0
22046,1
22047,0
22048,0
22049,1
22050,0
22051,0
22052,0
22053,1
22054,1
22055,1
22056,0
22057,0
22058,0
22059,1
22060,0
22061,1
22062,0
22063,0
22064,1
22065,0
22066,0
22067,0
22068,1
22069,0
22070,0
22071,0
22072,1
22073,1
22074,0
22075,1
22076,0
22077,1
22078,1
22079,1
22080,0
22081,1
22082,0
22083,1
22084,1
22085,0
22086,0
22087,0
22088,0
22089,0
22090,1
22091,0
22092,0
22093,1
22094,1
22095,1
22096,1
22097,1
22098,0
22099,0
22100,1
22101,0
22102,1
22103,0
22104,0
22105,0
22106,1
22107,0
22108,1
22109,0
22110,1
22111,0
22112,0
22113,0
22114,0
22115,0
22116,0
22117,0
22118,0
22119,1
22120,0
22121,1
22122,1
22123,0
22124,1
22125,1
22126,0
22127,0
22128,0
22129,0
22130,1
22131,0
22132,1
22133,0
22134,0
22135,0
22136,0
22137,0
22138,0
22139,0
22140,0
22141,0
22142,0
22143,0
22144,0
22145,0
22146,1
22147,1
22148,1
22149,0
22150,1
22151,0
22152,1
22153,0
22154,1
22155,0
22156,0
22157,1
22158,1
22159,1
22160,0
22161,1
22162,0
22163,0
22164,1
22165,1
22166,0
22167,1
22168,0
22169,0
22170,0
22171,0
22172,1
22173,0
22174,1
22175,1
22176,0
22177,1
22178,1
22179,1
22180,1
22181,0
22182,0
22183,1
22184,1
22185,0
22186,0
22187,1
22188,1
22189,1
22190,0
22191,0
22192,0
22193,0
22194,0
22195,0
22196,0
22197,0
22198,0
22199,0
22200,1
22201,1
22202,1
22203,0
22204,1
22205,1
22206,1
22207,0
22208,0
22209,0
22210,1
22211,0
22212,0
22213,1
22214,1
22215,0
22216,0
22217,1
22218,0
22219,1
22220,1
22221,0
22222,0
22223,1
22224,0
22225,0
22226,0
22227,1
22228,1
22229,1
22230,1
22231,1
22232,0
22233,0
22234,1
22235,1
22236,0
22237,0
22238,0
22239,0
22240,1
22241,0
22242,1
22243,1
22244,0
22245,0
22246,1
22247,0
22248,1
22249,0
22250,0
22251,0
22252,1
22253,0
22254,0
22255,1
22256,1
22257,1
22258,0
22259,0
22260,0
22261,0
22262,0
22263,1
22264,1
22265,1
22266,0
22267,1
22268,0
22269,0
22270,0
22271,0
22272,0
22273,0
22274,0
22275,1
22276,1
22277,1
22278,1
22279,1
22280,1
22281,0
22282,0
22283,0
22284,0
22285,0
22286,0
22287,0
22288,1
22289,1
22290,0
22291,0
22292,0
22293,1
22294,1
22295,0
22296,1
22297,0
22298,1
22299,1
22300,0
22301,0
22302,0
22303,1
22304,0
22305,1
22306,2
22307,2
22308,2
22309,2
22310,2
22311,2
22312,2
22313,2
22314,2
22315,2
22316,2
22317,2
22318,2
22319,2
22320,2
22321,2
22322,2
22323,2
22324,2
22325,2
22326,2
22327,2
22328,2
22329,2
22330,2
22331,2
22332,2
22333,2
22334,2
22335,2
22336,2
22337,2
22338,2
22339,2
22340,2
22341,2
22342,2
22343,2
22344,2
22345,2
22346,2
22347,2
22348,2
22349,2
22350,2
22351,2
22352,2
22353,2
22354,2
22355,2
22356,2
22357,2
22358,2
22359,2
22360,2
22361,2
22362,2
22363,2
22364,2
22365,2
22366,2
22367,2
22368,2
22369,2
22370,2
22371,2
22372,2
22373,2
22374,2
22375,2
22376,2
22377,2
22378,2
22379,2
22380,2
22381,2
22382,2
22383,2
22384,2
22385,2
22386,2
22387,2
22388,2
22389,2
22390,2
22391,2
22392,2
22393,2
22394,2
22395,2
22396,2
22397,2
22398,2
22399,2
22400,2
22401,2
22402,2
22403,2
22404,2
22405,2
22406,2
22407,2
22408,2
22409,2
22410,2
22411,2
22412,2
22413,2
22414,2
22415,2
22416,2
22417,2
22418,2
22419,2
22420,2
22421,2
22422,2
22423,2
22424,2
22425,2
22426,2
22427,2
22428,2
22429,2
22430,2
22431,2
22432,2
22433,2
22434,2
22435,2
22436,2
22437,2
22438,2
22439,2
22440,2
22441,2
22442,2
22443,2
22444,2
22445,2
22446,2
22447,2
22448,2
22449,2
22450,2
22451,2
22452,2
22453,2
22454,2
22455,2
22456,2
22457,2
22458,2
22459,2
22460,2
22461,2
22462,2
22463,2
22464,2
22465,2
22466,2
22467,2
22468,2
22469,2
22470,2
22471,2
22472,2
22473,2
22474,2
22475,2
22476,2
22477,2
22478,2
22479,2
22480,2
22481,2
22482,2
22483,2
22484,2
22485,2
22486,2
22487,2
22488,2
22489,2
22490,2
22491,2
22492,2
22493,2
22494,2
22495,2
22496,2
22497,2
22498,2
22499,2
22500,2
22501,2
22502,2
22503,2
22504,2
22505,2
22506,2
22507,2
22508,2
22509,2
22510,2
22511,2
22512,2
22513,2
22514,2
22515,2
22516,2
22517,2
22518,2
22519,2
22520,2
22521,2
22522,2
22523,2
22524,2
22525,2
22526,2
22527,2
22528,2
22529,2
22530,2
22531,2
22532,2
22533,2
22534,2
22535,2
22536,2
22537,2
22538,2
22539,2
22540,2
22541,2
22542,2
22543,2
22544,2
22545,2
22546,2
22547,2
22548,2
22549,2
22550,2
22551,2
22552,2
22553,2
22554,2
22555,2
22556,2
22557,2
22558,2
22559,2
22560,2
22561,2
22562,2
22563,2
22564,2
22565,2
22566,2
22567,2
22568,2
22569,2
22570,2
22571,2
22572,2
22573,2
22574,2
22575,2
22576,2
22577,2
22578,2
22579,2
22580,2
22581,2
22582,2
22583,2
22584,2
22585,2
22586,2
22587,2
22588,2
22589,2
22590,2
22591,2
22592,2
22593,2
22594,2
22595,2
22596,2
22597,2
22598,2
22599,2
22600,2
22601,2
22602,2
22603,2
22604,2
22605,2
22606,2
22607,2
22608,2
22609,2
22610,2
22611,2
22612,2
22613,2
22614,2
22615,2
22616,2
22617,2
22618,2
22619,2
22620,2
22621,2
22622,2
22623,2
22624,2
22625,2
22626,2
22627,2
22628,2
22629,2
22630,2
22631,2
22632,2
22633,2
22634,2
22635,2
22636,2
22637,2
22638,2
22639,2
22640,2
22641,2
22642,2
22643,2
22644,2
22645,2
22646,2
22647,2
22648,2
22649,2
22650,2
22651,2
22652,2
22653,2
22654,2
22655,2
22656,2
22657,2
22658,2
22659,2
22660,2
22661,2
22662,2
22663,2
22664,2
22665,2
22666,2
22667,2
22668,2
22669,2
22670,2
22671,2
22672,2
22673,2
22674,2
22675,2
22676,2
22677,2
22678,2
22679,2
22680,2
22681,2
22682,2
22683,2
22684,2
22685,2
22686,2
22687,2
22688,2
22689,2
22690,2
22691,2
22692,2
22693,2
22694,2
22695,2
22696,2
22697,2
22698,2
22699,2
22700,2
22701,2
22702,2
22703,2
22704,2
22705,2
22706,2
22707,2
22708,2
22709,2
22710,2
22711,2
22712,2
22713,2
22714,2
22715,2
22716,2
22717,2
22718,2
22719,2
22720,2
22721,2
22722,2
22723,2
22724,2
22725,2
22726,2
22727,2
22728,2
22729,2
22730,2
22731,2
22732,2
22733,2
22734,2
22735,2
22736,2
22737,2
22738,2
22739,2
22740,2
22741,2
22742,2
22743,2
22744,2
22745,2
22746,2
22747,2
22748,2
22749,2
22750,2
22751,2
22752,2
22753,2
22754,2
22755,2
22756,2
22757,2
22758,2
22759,2
22760,2
22761,2
22762,2
22763,2
22764,2
22765,2
22766,2
22767,2
22768,2
22769,2
22770,2
22771,2
22772,2
22773,2
22774,2
22775,2
22776,2
22777,2
22778,2
22779,2
22780,2
22781,2
22782,2
22783,2
22784,2
22785,2
22786,2
22787,2
22788,2
22789,2
22790,2
22791,2
22792,2
22793,2
22794,2
22795,2
22796,2
22797,2
22798,2
22799,2
22800,2
22801,2
22802,2
22803,2
22804,2
22805,2
22806,2
22807,2
22808,2
22809,2
22810,2
22811,2
22812,2
22813,2
22814,2
22815,2
22816,2
22817,2
22818,2
22819,2
22820,2
22821,2
22822,2
22823,2
22824,2
22825,2
22826,2
22827,2
22828,2
22829,2
22830,2
22831,2
22832,2
22833,2
22834,2
22835,2
22836,2
22837,2
22838,2
22839,2
22840,2
22841,2
22842,2
22843,2
22844,2
22845,2
22846,2
22847,2
22848,2
22849,2
22850,2
22851,2
22852,2
22853,2
22854,2
22855,2
22856,2
22857,2
22858,2
22859,2
22860,2
22861,2
22862,2
22863,2
22864,2
22865,2
22866,2
22867,2
22868,2
22869,2
22870,2
22871,2
22872,2
22873,2
22874,2
22875,2
22876,2
22877,2
22878,2
22879,2
22880,2
22881,2
22882,2
22883,2
22884,2
22885,2
22886,2
22887,2
22888,2
22889,2
22890,2
22891,2
22892,2
22893,2
22894,2
22895,2
22896,2
22897,2
22898,2
22899,2
22900,2
22901,2
22902,2
22903,2
22904,2
22905,2
22906,2
22907,2
22908,2
22909,2
22910,2
22911,2
22912,2
22913,2
22914,2
22915,2
22916,2
22917,2
22918,2
22919,2
22920,2
22921,2
22922,2
22923,2
22924,2
22925,2
22926,2
22927,2
22928,2
22929,2
22930,2
22931,2
22932,2
22933,2
22934,2
22935,2
22936,2
22937,2
22938,2
22939,2
22940,2
22941,2
22942,2
22943,2
22944,2
22945,2
22946,2
22947,2
22948,2
22949,2
22950,2
22951,2
22952,2
22953,2
22954,2
22955,2
22956,2
22957,2
22958,2
22959,2
22960,2
22961,2
22962,2
22963,2
22964,2
22965,2
22966,2
22967,2
22968,2
22969,2
22970,2
22971,2
22972,2
22973,2
22974,2
22975,2
22976,2
22977,2
22978,2
22979,2
22980,2
22981,2
22982,2
22983,2
22984,2
22985,2
22986,2
22987,2
22988,2
22989,2
22990,2
22991,2
22992,2
22993,2
22994,2
22995,2
22996,2
22997,2
22998,2
22999,2
23000,2
23001,2
23002,2
23003,2
23004,2
23005,2
23006,2
23007,2
23008,2
23009,2
23010,2
23011,2
23012,2
23013,2
23014,2
23015,2
23016,2
23017,2
23018,2
23019,2
23020,2
23021,2
23022,2
23023,2
23024,2
23025,2
23026,2
23027,2
23028,2
23029,2
23030,2
23031,2
23032,2
23033,2
23034,2
23035,2
23036,2
23037,2
23038,2
23039,2
23040,2
23041,2
23042,2
23043,2
23044,2
23045,2
23046,2
23047,2
23048,2
23049,2
23050,2
23051,2
23052,2
23053,2
23054,2
23055,2
23056,2
23057,2
23058,2
23059,2
23060,2
23061,2
23062,2
23063,2
23064,2
23065,2
23066,2
23067,2
23068,2
23069,2
23070,2
23071,2
23072,2
23073,2
23074,2
23075,2
23076,2
23077,2
23078,2
23079,2
23080,2
23081,2
23082,2
23083,2
23084,2
23085,2
23086,2
23087,2
23088,2
23089,2
23090,2
23091,2
23092,2
23093,2
23094,2
23095,2
23096,2
23097,2
23098,2
23099,2
23100,2
23101,2
23102,2
23103,2
23104,2
23105,2
23106,2
23107,2
23108,2
23109,2
23110,2
23111,2
23112,2
23113,2
23114,2
23115,2
23116,2
23117,2
23118,2
23119,2
23120,2
23121,2
23122,2
23123,2
23124,2
23125,2
23126,2
23127,2
23128,2
23129,2
23130,2
23131,2
23132,2
23133,2
23134,2
23135,2
23136,2
23137,2
23138,2
23139,2
23140,2
23141,2
23142,2
23143,2
23144,2
23145,2
23146,2
23147,2
23148,2
23149,2
23150,2
23151,2
23152,2
23153,2
23154,2
23155,2
23156,2
23157,2
23158,2
23159,2
23160,2
23161,2
23162,2
23163,2
23164,2
23165,2
23166,2
23167,2
23168,2
23169,2
23170,2
23171,2
23172,2
23173,2
23174,2
23175,2
23176,2
23177,2
23178,2
23179,2
23180,2
23181,2
23182,2
23183,2
23184,2
23185,2
23186,2
23187,2
23188,2
23189,2
23190,2
23191,2
23192,2
23193,2
23194,2
23195,2
23196,2
23197,2
23198,2
23199,2
23200,2
23201,2
23202,2
23203,2
23204,2
23205,2
23206,2
23207,2
23208,2
23209,2
23210,2
23211,2
23212,2
23213,2
23214,2
23215,2
23216,2
23217,2
23218,2
23219,2
23220,2
23221,2
23222,2
23223,2
23224,2
23225,2
23226,2
23227,2
23228,2
23229,2
23230,2
23231,2
23232,2
23233,2
23234,2
23235,2
23236,2
23237,2
23238,2
23239,2
23240,2
23241,2
23242,2
23243,2
23244,2
23245,2
23246,2
23247,2
23248,2
23249,2
23250,2
23251,2
23252,2
23253,2
23254,2
23255,2
23256,2
23257,2
23258,2
23259,2
23260,2
23261,2
23262,2
23263,2
23264,2
23265,2
23266,2
23267,2
23268,2
23269,2
23270,2
23271,2
23272,2
23273,2
23274,2
23275,2
23276,2
23277,2
23278,2
23279,2
23280,2
23281,2
23282,2
23283,2
23284,2
23285,2
23286,2
23287,2
23288,2
23289,2
23290,2
23291,2
23292,2
23293,2
23294,2
23295,2
23296,2
23297,2
23298,2
23299,2
23300,2
23301,2
23302,2
23303,2
23304,2
23305,2
23306,2
23307,2
23308,2
23309,2
23310,2
23311,2
23312,2
23313,2
23314,2
23315,2
23316,2
23317,2
23318,2
23319,2
23320,2
23321,2
23322,2
23323,2
23324,2
23325,2
23326,2
23327,2
23328,2
23329,2
23330,2
23331,2
23332,2
23333,2
23334,2
23335,2
23336,2
23337,2
23338,2
23339,2
23340,2
23341,2
23342,2
23343,2
23344,2
23345,2
23346,2
23347,2
23348,2
23349,2
23350,2
23351,2
23352,2
23353,2
23354,2
23355,2
23356,2
23357,2
23358,2
23359,2
23360,2
23361,2
23362,2
23363,2
23364,2
23365,2
23366,2
23367,2
23368,2
23369,2
23370,2
23371,2
23372,2
23373,2
23374,2
23375,2
23376,2
23377,2
23378,2
23379,2
23380,2
23381,2
23382,2
23383,2
23384,2
23385,2
23386,2
23387,2
23388,2
23389,2
23390,2
23391,2
23392,2
23393,2
23394,2
23395,2
23396,2
23397,2
23398,2
23399,2
23400,2
23401,2
23402,2
23403,2
23404,2
23405,2
23406,2
23407,2
23408,2
23409,2
23410,2
23411,2
23412,2
23413,2
23414,2
23415,2
23416,2
23417,2
23418,2
23419,2
23420,2
23421,2
23422,2
23423,2
23424,2
23425,2
23426,2
23427,2
23428,2
23429,2
23430,2
23431,2
23432,2
23433,2
23434,2
23435,2
23436,2
23437,2
23438,2
23439,2
23440,2
23441,2
23442,2
23443,2
23444,2
23445,2
23446,2
23447,2
23448,2
23449,2
23450,2
23451,2
23452,2
23453,2
23454,2
23455,2
23456,2
23457,2
23458,2
23459,2
23460,2
23461,2
23462,2
23463,2
23464,2
23465,2
23466,2
23467,2
23468,2
23469,2
23470,2
23471,2
23472,2
23473,2
23474,2
23475,2
23476,2
23477,2
23478,2
