index,cluster
0,2
1,0
2,0
3,2
4,0
5,2
6,2
7,2
8,1
9,0
10,2
11,0
12,2
13,0
14,0
15,0
16,2
17,1
18,0
19,2
20,2
21,0
22,2
23,2
24,2
25,1
26,1
27,0
28,0
29,0
30,0
31,0
32,2
33,0
34,0
35,0
36,0
37,2
38,0
39,0
40,0
41,0
42,1
43,1
44,0
45,1
46,1
47,1
48,1
49,0
50,0
51,0
52,0
53,1
54,0
55,2
56,0
57,0
58,0
59,0
60,0
61,2
62,2
63,0
64,2
65,2
66,0
67,1
68,0
69,2
70,0
71,0
72,0
73,2
74,0
75,2
76,2
77,0
78,0
79,0
80,0
81,0
82,0
83,2
84,0
85,2
86,0
87,0
88,0
89,0
90,1
91,2
92,1
93,1
94,2
95,0
96,1
97,0
98,1
99,1
100,1
101,0
102,2
103,2
104,2
105,1
106,2
107,2
108,0
109,1
110,0
111,1
112,2
113,0
114,1
115,0
116,0
117,2
118,2
119,0
120,0
121,2
122,0
123,0
124,0
125,0
126,0
127,0
128,0
129,1
130,0
131,0
132,0
133,0
134,0
135,0
136,1
137,1
138,0
139,2
140,0
141,0
142,0
143,0
144,0
145,0
146,0
147,1
148,1
149,1
150,0
151,0
152,0
153,0
154,2
155,0
156,0
157,0
158,0
159,0
160,2
161,1
162,1
163,0
164,0
165,2
166,1
167,1
168,2
169,1
170,1
171,0
172,1
173,2
174,0
175,2
176,1
177,1
178,0
179,2
180,0
181,2
182,0
183,2
184,0
185,0
186,1
187,0
188,0
189,0
190,2
191,0
192,0
193,2
194,2
195,1
196,2
197,0
198,1
199,2
200,0
201,2
202,0
203,0
204,0
205,2
206,0
207,0
208,0
209,1
210,0
211,0
212,1
213,2
214,2
215,0
216,0
217,0
218,0
219,0
220,0
221,0
222,0
223,1
224,2
225,0
226,2
227,1
228,0
229,1
230,0
231,0
232,2
233,2
234,2
235,2
236,0
237,2
238,2
239,2
240,1
241,1
242,2
243,0
244,0
245,0
246,0
247,0
248,0
249,0
250,0
251,1
252,0
253,2
254,1
255,0
256,2
257,0
258,2
259,2
260,0
261,2
262,0
263,0
264,0
265,1
266,0
267,0
268,0
269,0
270,0
271,2
272,1
273,0
274,1
275,2
276,1
277,0
278,2
279,0
280,0
281,0
282,0
283,0
284,2
285,0
286,0
287,1
288,2
289,0
290,2
291,0
292,0
293,2
294,0
295,1
296,0
297,0
298,0
299,0
300,0
301,0
302,1
303,0
304,0
305,1
306,2
307,2
308,1
309,0
310,0
311,2
312,2
313,0
314,1
315,2
316,2
317,2
318,0
319,0
320,0
321,0
322,0
323,1
324,0
325,0
326,0
327,0
328,0
329,2
330,0
331,2
332,0
333,0
334,2
335,2
336,1
337,0
338,0
339,0
340,1
341,2
342,0
343,1
344,0
345,0
346,2
347,0
348,0
349,0
350,2
351,0
352,0
353,2
354,0
355,0
356,0
357,0
358,0
359,2
360,2
361,2
362,0
363,0
364,0
365,0
366,0
367,0
368,2
369,0
370,0
371,1
372,1
373,0
374,2
375,0
376,1
377,0
378,0
379,0
380,0
381,1
382,0
383,1
384,2
385,1
386,0
387,0
388,0
389,2
390,2
391,0
392,2
393,0
394,2
395,1
396,0
397,0
398,0
399,0
400,0
401,0
402,0
403,0
404,2
405,0
406,0
407,0
408,0
409,0
410,2
411,0
412,1
413,0
414,2
415,0
416,0
417,1
418,0
419,1
420,0
421,2
422,1
423,0
424,0
425,0
426,1
427,2
428,1
429,1
430,0
431,2
432,0
433,1
434,2
435,2
436,2
437,0
438,0
439,0
440,2
441,0
442,2
443,2
444,0
445,0
446,2
447,2
448,0
449,0
450,0
451,0
452,2
453,0
454,0
455,0
456,1
457,1
458,0
459,2
460,0
461,0
462,2
463,0
464,0
465,2
466,2
467,1
468,0
469,0
470,1
471,1
472,0
473,1
474,2
475,2
476,0
477,2
478,2
479,0
480,2
481,0
482,2
483,0
484,2
485,1
486,0
487,2
488,2
489,0
490,2
491,2
492,2
493,1
494,2
495,1
496,1
497,0
498,2
499,2
500,0
501,0
502,0
503,2
504,1
505,2
506,1
507,0
508,2
509,2
510,2
511,0
512,2
513,1
514,2
515,1
516,0
517,0
518,0
519,0
520,0
521,0
522,0
523,0
524,0
525,0
526,2
527,2
528,2
529,1
530,1
531,0
532,2
533,2
534,0
535,0
536,2
537,1
538,2
539,1
540,1
541,0
542,1
543,2
544,0
545,1
546,0
547,2
548,0
549,0
550,0
551,1
552,0
553,0
554,0
555,2
556,0
557,2
558,0
559,0
560,1
561,0
562,0
563,1
564,1
565,1
566,0
567,0
568,2
569,2
570,0
571,2
572,1
573,0
574,0
575,2
576,2
577,2
578,2
579,0
580,0
581,2
582,0
583,2
584,0
585,0
586,0
587,0
588,2
589,2
590,0
591,0
592,1
593,0
594,0
595,2
596,0
597,0
598,0
599,0
600,1
601,0
602,0
603,0
604,0
605,0
606,2
607,1
608,0
609,1
610,1
611,2
612,0
613,2
614,0
615,0
616,0
617,0
618,1
619,2
620,1
621,1
622,0
623,0
624,0
625,0
626,1
627,2
628,0
629,0
630,0
631,1
632,1
633,0
634,0
635,0
636,2
637,0
638,0
639,0
640,2
641,2
642,0
643,1
644,0
645,0
646,2
647,2
648,0
649,1
650,1
651,1
652,0
653,2
654,2
655,0
656,1
657,1
658,0
659,0
660,0
661,1
662,0
663,2
664,0
665,0
666,1
667,1
668,0
669,2
670,0
671,2
672,2
673,2
674,0
675,1
676,0
677,1
678,0
679,0
680,0
681,2
682,2
683,1
684,1
685,0
686,0
687,0
688,2
689,0
690,0
691,0
692,0
693,2
694,0
695,2
696,1
697,1
698,2
699,0
700,0
701,0
702,0
703,0
704,0
705,1
706,0
707,0
708,1
709,0
710,1
711,2
712,2
713,0
714,0
715,2
716,0
717,0
718,0
719,1
720,1
721,0
722,2
723,2
724,0
725,1
726,1
727,1
728,1
729,0
730,0
731,0
732,2
733,2
734,1
735,0
736,2
737,0
738,0
739,0
740,1
741,0
742,0
743,1
744,0
745,2
746,1
747,0
748,0
749,2
750,2
751,1
752,1
753,1
754,1
755,2
756,2
757,1
758,2
759,1
760,1
761,1
762,2
763,0
764,0
765,0
766,0
767,0
768,2
769,2
770,2
771,0
772,0
773,0
774,0
775,0
776,2
777,0
778,0
779,2
780,2
781,1
782,1
783,1
784,2
785,0
786,1
787,0
788,2
789,2
790,0
791,1
792,1
793,2
794,0
795,0
796,0
797,2
798,0
799,2
800,2
801,1
802,1
803,0
804,0
805,0
806,1
807,0
808,0
809,1
810,0
811,0
812,0
813,2
814,0
815,0
816,1
817,0
818,0
819,1
820,2
821,2
822,0
823,1
824,1
825,0
826,2
827,1
828,2
829,0
830,1
831,2
832,2
833,2
834,0
835,0
836,1
837,2
838,2
839,1
840,1
841,2
842,1
843,2
844,0
845,0
846,0
847,0
848,0
849,0
850,0
851,2
852,0
853,0
854,1
855,1
856,2
857,1
858,2
859,2
860,2
861,2
862,2
863,1
864,0
865,2
866,1
867,0
868,2
869,2
870,1
871,2
872,2
873,0
874,1
875,2
876,2
877,2
878,0
879,0
880,1
881,0
882,0
883,0
884,0
885,1
886,0
887,0
888,1
889,0
890,2
891,0
892,0
893,0
894,1
895,1
896,2
897,1
898,0
899,0
900,0
901,0
902,2
903,0
904,2
905,2
906,0
907,0
908,0
909,1
910,1
911,2
912,0
913,2
914,1
915,0
916,0
917,2
918,0
919,2
920,1
921,0
922,0
923,1
924,0
925,1
926,2
927,0
928,1
929,1
930,1
931,0
932,0
933,1
934,2
935,2
936,2
937,0
938,1
939,1
940,0
941,2
942,2
943,0
944,1
945,1
946,2
947,0
948,2
949,2
950,2
951,0
952,0
953,1
954,0
955,0
956,1
957,1
958,2
959,1
960,1
961,1
962,1
963,1
964,2
965,1
966,1
967,2
968,0
969,1
970,0
971,0
972,2
973,0
974,1
975,1
976,0
977,1
978,0
979,2
980,2
981,0
982,0
983,0
984,0
985,2
986,0
987,1
988,2
989,1
990,0
991,0
992,2
993,2
994,0
995,0
996,1
997,2
998,0
999,1
1000,1
1001,0
1002,1
1003,1
1004,0
1005,1
1006,1
1007,0
1008,0
1009,0
1010,1
1011,0
1012,2
1013,0
1014,1
1015,1
1016,1
1017,1
1018,0
1019,0
1020,0
1021,0
1022,0
1023,2
1024,0
1025,2
1026,2
1027,1
1028,0
1029,0
1030,1
1031,0
1032,0
1033,0
1034,0
1035,1
1036,0
1037,0
1038,0
1039,1
1040,0
1041,1
1042,2
1043,1
1044,0
1045,0
1046,0
1047,2
1048,0
1049,0
1050,0
1051,1
1052,2
1053,2
1054,0
1055,0
1056,1
1057,0
1058,0
1059,0
1060,2
1061,0
1062,2
1063,0
1064,0
1065,2
1066,0
1067,0
1068,0
1069,0
1070,0
1071,0
1072,1
1073,0
1074,0
1075,2
1076,1
1077,2
1078,2
1079,1
1080,0
1081,2
1082,0
1083,0
1084,0
1085,0
1086,0
1087,0
1088,1
1089,2
1090,0
1091,1
1092,1
1093,0
1094,2
1095,0
1096,0
1097,0
1098,1
1099,0
1100,1
1101,2
1102,2
1103,0
1104,0
1105,0
1106,1
1107,0
1108,0
1109,0
1110,0
1111,2
1112,0
1113,0
1114,0
1115,0
1116,0
1117,0
1118,2
1119,2
1120,0
1121,2
1122,0
1123,0
1124,1
1125,0
1126,2
1127,1
1128,1
1129,2
1130,0
1131,2
1132,2
1133,0
1134,0
1135,2
1136,2
1137,1
1138,2
1139,0
1140,2
1141,0
1142,0
1143,2
1144,1
1145,2
1146,1
1147,2
1148,2
1149,1
1150,2
1151,0
1152,1
1153,0
1154,0
1155,0
1156,0
1157,1
1158,0
1159,2
1160,2
1161,0
1162,0
1163,0
1164,2
1165,1
1166,2
1167,0
1168,2
1169,0
1170,2
1171,0
1172,1
1173,1
1174,1
1175,1
1176,0
1177,1
1178,0
1179,1
1180,2
1181,1
1182,0
1183,2
1184,0
1185,1
1186,2
1187,2
1188,0
1189,1
1190,0
1191,0
1192,0
1193,0
1194,2
1195,1
1196,1
1197,2
1198,2
1199,2
1200,2
1201,0
1202,0
1203,2
1204,1
1205,2
1206,2
1207,2
1208,0
1209,1
1210,2
1211,2
1212,1
1213,0
1214,2
1215,1
1216,2
1217,2
1218,1
1219,1
1220,0
1221,1
1222,2
1223,2
1224,1
1225,0
1226,1
1227,0
1228,1
1229,1
1230,2
1231,0
1232,0
1233,0
1234,0
1235,2
1236,1
1237,1
1238,1
1239,2
1240,0
1241,2
1242,2
1243,2
1244,0
1245,2
1246,1
1247,0
1248,1
1249,0
1250,0
1251,1
1252,2
1253,1
1254,2
1255,1
1256,0
1257,0
1258,0
1259,1
1260,2
1261,2
1262,1
1263,0
1264,0
1265,1
1266,1
1267,2
1268,1
1269,2
1270,0
1271,2
1272,0
1273,0
1274,0
1275,0
1276,1
1277,1
1278,2
1279,1
1280,1
1281,1
1282,2
1283,0
1284,0
1285,1
1286,0
1287,0
1288,0
1289,0
1290,1
1291,0
1292,1
1293,2
1294,0
1295,2
1296,2
1297,0
1298,0
1299,2
1300,0
1301,1
1302,2
1303,1
1304,2
1305,0
1306,2
1307,1
1308,2
1309,0
1310,0
1311,2
1312,0
1313,1
1314,0
1315,1
1316,0
1317,2
1318,0
1319,1
1320,2
1321,0
1322,0
1323,0
1324,0
1325,0
1326,2
1327,2
1328,2
1329,2
1330,0
1331,0
1332,2
1333,2
1334,1
1335,0
1336,0
1337,0
1338,0
1339,0
1340,2
1341,1
1342,0
1343,0
1344,2
1345,1
1346,0
1347,1
1348,0
1349,0
1350,0
1351,0
1352,0
1353,1
1354,0
1355,2
1356,1
1357,0
1358,1
1359,1
1360,2
1361,1
1362,2
1363,2
1364,1
1365,1
1366,2
1367,2
1368,0
1369,1
1370,2
1371,1
1372,2
1373,0
1374,0
1375,2
1376,0
1377,0
1378,0
1379,0
1380,0
1381,1
1382,0
1383,0
1384,2
1385,0
1386,0
1387,0
1388,0
1389,1
1390,2
1391,0
1392,2
1393,2
1394,0
1395,1
1396,1
1397,1
1398,0
1399,2
1400,2
1401,2
1402,0
1403,0
1404,0
1405,2
1406,1
1407,1
1408,2
1409,1
1410,2
1411,0
1412,1
1413,1
1414,0
1415,2
1416,0
1417,0
1418,2
1419,2
1420,2
1421,1
1422,1
1423,0
1424,0
1425,0
1426,1
1427,2
1428,0
1429,0
1430,2
1431,0
1432,1
1433,1
1434,2
1435,1
1436,1
1437,0
1438,0
1439,1
1440,2
1441,2
1442,2
1443,2
1444,1
1445,1
1446,1
1447,2
1448,1
1449,2
1450,1
1451,0
1452,1
1453,0
1454,0
1455,0
1456,2
1457,2
1458,1
1459,1
1460,0
1461,2
1462,1
1463,2
1464,2
1465,2
1466,1
1467,0
1468,0
1469,2
1470,1
1471,1
1472,1
1473,0
1474,0
1475,1
1476,1
1477,1
1478,0
1479,0
1480,2
1481,0
1482,0
1483,0
1484,1
1485,0
1486,0
1487,1
1488,2
1489,1
1490,2
1491,0
1492,1
1493,0
1494,2
1495,2
1496,0
1497,0
1498,0
1499,0
1500,2
1501,0
1502,1
1503,1
1504,0
1505,1
1506,0
1507,0
1508,2
1509,2
1510,1
1511,0
1512,0
1513,2
1514,0
1515,2
1516,0
1517,0
1518,2
1519,1
1520,0
1521,0
1522,1
1523,0
1524,2
1525,1
1526,2
1527,0
1528,0
1529,2
1530,0
1531,1
1532,2
1533,0
1534,0
1535,0
1536,0
1537,0
1538,0
1539,0
1540,2
1541,2
1542,2
1543,0
1544,0
1545,1
1546,2
1547,1
1548,0
1549,0
1550,0
1551,0
1552,0
1553,2
1554,2
1555,0
1556,0
1557,1
1558,0
1559,2
1560,0
1561,2
1562,1
1563,0
1564,1
1565,0
1566,0
1567,1
1568,2
1569,1
1570,1
1571,1
1572,0
1573,2
1574,0
1575,0
1576,0
1577,1
1578,0
1579,0
1580,0
1581,1
1582,0
1583,0
1584,0
1585,1
1586,0
1587,0
1588,1
1589,0
1590,1
1591,2
1592,0
1593,0
1594,0
1595,0
1596,1
1597,1
1598,0
1599,1
1600,0
1601,2
1602,0
1603,0
1604,1
1605,2
1606,2
1607,1
1608,1
1609,2
1610,0
1611,0
1612,1
1613,0
1614,0
1615,2
1616,0
1617,1
1618,2
1619,0
1620,0
1621,0
1622,0
1623,2
1624,0
1625,1
1626,2
1627,2
1628,1
1629,0
1630,2
1631,0
1632,0
1633,0
1634,1
1635,0
1636,1
1637,0
1638,2
1639,0
1640,1
1641,2
1642,0
1643,2
1644,1
1645,1
1646,2
1647,0
1648,1
1649,0
1650,0
1651,0
1652,2
1653,0
1654,0
1655,0
1656,0
1657,1
1658,0
1659,1
1660,0
1661,2
1662,1
1663,0
1664,2
1665,2
1666,0
1667,1
1668,2
1669,1
1670,2
1671,0
1672,0
1673,0
1674,1
1675,1
1676,0
1677,1
1678,1
1679,0
1680,2
1681,2
1682,0
1683,0
1684,0
1685,0
1686,0
1687,0
1688,0
1689,0
1690,1
1691,2
1692,0
1693,0
1694,2
1695,2
1696,2
1697,0
1698,1
1699,0
1700,2
1701,0
1702,0
1703,1
1704,1
1705,0
1706,0
1707,2
1708,0
1709,0
1710,1
1711,2
1712,2
1713,0
1714,2
1715,1
1716,0
1717,0
1718,0
1719,1
1720,0
1721,0
1722,0
1723,0
1724,1
1725,1
1726,0
1727,2
1728,0
1729,2
1730,2
1731,2
1732,2
1733,0
1734,0
1735,0
1736,0
1737,2
1738,2
1739,0
1740,0
1741,2
1742,2
1743,0
1744,0
1745,2
1746,1
1747,0
1748,2
1749,0
1750,2
1751,1
1752,0
1753,1
1754,2
1755,0
1756,2
1757,1
1758,1
1759,1
1760,2
1761,2
1762,0
1763,0
1764,1
1765,2
1766,0
1767,1
1768,0
1769,2
1770,0
1771,0
1772,1
1773,2
1774,2
1775,1
1776,2
1777,2
1778,0
1779,0
1780,1
1781,0
1782,2
1783,1
1784,2
1785,2
1786,1
1787,1
1788,0
1789,2
1790,2
1791,2
1792,2
1793,0
1794,0
1795,0
1796,1
1797,2
1798,2
1799,0
1800,1
1801,0
1802,0
1803,1
1804,2
1805,2
1806,1
1807,1
1808,2
1809,0
1810,2
1811,0
1812,2
1813,2
1814,2
1815,2
1816,1
1817,0
1818,2
1819,0
1820,0
1821,0
1822,2
1823,1
1824,0
1825,0
1826,0
1827,0
1828,2
1829,2
1830,0
1831,0
1832,0
1833,1
1834,1
1835,2
1836,0
1837,1
1838,0
1839,2
1840,2
1841,0
1842,1
1843,2
1844,1
1845,0
1846,0
1847,0
1848,0
1849,1
1850,0
1851,0
1852,2
1853,0
1854,0
1855,2
1856,0
1857,0
1858,2
1859,0
1860,2
1861,2
1862,1
1863,0
1864,1
1865,0
1866,2
1867,2
1868,0
1869,0
1870,1
1871,1
1872,1
1873,0
1874,1
1875,1
1876,0
1877,1
1878,2
1879,2
1880,2
1881,2
1882,1
1883,2
1884,1
1885,0
1886,1
1887,0
1888,1
1889,0
1890,0
1891,2
1892,2
1893,0
1894,0
1895,2
1896,0
1897,2
1898,0
1899,2
1900,0
1901,0
1902,1
1903,2
1904,1
1905,0
1906,0
1907,0
1908,0
1909,2
1910,2
1911,2
1912,1
1913,1
1914,1
1915,2
1916,1
1917,1
1918,0
1919,2
1920,0
1921,0
1922,2
1923,0
1924,0
1925,2
1926,0
1927,2
1928,0
1929,0
1930,1
1931,1
1932,1
1933,1
1934,0
1935,1
1936,2
1937,0
1938,1
1939,2
1940,2
1941,0
1942,0
1943,0
1944,2
1945,0
1946,1
1947,0
1948,2
1949,0
1950,0
1951,2
1952,0
1953,0
1954,0
1955,2
1956,0
1957,0
1958,0
1959,1
1960,1
1961,2
1962,0
1963,0
1964,0
1965,0
1966,1
1967,1
1968,2
1969,0
1970,0
1971,0
1972,2
1973,0
1974,0
1975,0
1976,1
1977,2
1978,0
1979,1
1980,0
1981,2
1982,1
1983,0
1984,2
1985,1
1986,0
1987,0
1988,0
1989,0
1990,2
1991,1
1992,2
1993,2
1994,2
1995,0
1996,1
1997,2
1998,1
1999,2
2000,0
2001,0
2002,1
2003,1
2004,0
2005,0
2006,1
2007,0
2008,0
2009,0
2010,0
2011,2
2012,1
2013,0
2014,2
2015,0
2016,1
2017,2
2018,2
2019,2
2020,2
2021,1
2022,0
2023,2
2024,2
2025,0
2026,2
2027,0
2028,2
2029,0
2030,1
2031,0
2032,2
2033,2
2034,0
2035,1
2036,2
2037,0
2038,0
2039,0
2040,2
2041,0
2042,0
2043,0
2044,1
2045,2
2046,0
2047,1
2048,2
2049,1
2050,2
2051,2
2052,0
2053,0
2054,1
2055,1
2056,0
2057,2
2058,1
2059,1
2060,1
2061,1
2062,2
2063,2
2064,0
2065,2
2066,0
2067,0
2068,2
2069,0
2070,0
2071,0
2072,0
2073,1
2074,2
2075,2
2076,1
2077,0
2078,1
2079,0
2080,1
2081,2
2082,2
2083,1
2084,2
2085,1
2086,2
2087,0
2088,2
2089,2
2090,1
2091,1
2092,1
2093,0
2094,2
2095,1
2096,2
2097,0
2098,1
2099,0
2100,1
2101,2
2102,0
2103,0
2104,0
2105,0
2106,1
2107,0
2108,1
2109,0
2110,2
2111,0
2112,2
2113,1
2114,1
2115,1
2116,0
2117,0
2118,0
2119,2
2120,0
2121,2
2122,2
2123,0
2124,2
2125,0
2126,2
2127,2
2128,1
2129,1
2130,0
2131,1
2132,0
2133,1
2134,2
2135,0
2136,1
2137,2
2138,2
2139,0
2140,2
2141,0
2142,0
2143,0
2144,0
2145,0
2146,2
2147,0
2148,2
2149,0
2150,0
2151,0
2152,1
2153,0
2154,2
2155,0
2156,0
2157,1
2158,1
2159,2
2160,0
2161,0
2162,2
2163,0
2164,1
2165,2
2166,0
2167,0
2168,2
2169,0
2170,0
2171,2
2172,2
2173,2
2174,0
2175,0
2176,0
2177,2
2178,2
2179,0
2180,0
2181,1
2182,1
2183,2
2184,1
2185,1
2186,0
2187,0
2188,2
2189,0
2190,2
2191,2
2192,2
2193,2
2194,1
2195,0
2196,0
2197,2
2198,2
2199,0
2200,0
2201,1
2202,0
2203,0
2204,1
2205,0
2206,0
2207,0
2208,1
2209,2
2210,0
2211,1
2212,0
2213,0
2214,2
2215,2
2216,0
2217,1
2218,2
2219,0
2220,1
2221,2
2222,0
2223,2
2224,2
2225,0
2226,0
2227,0
2228,0
2229,0
2230,2
2231,1
2232,0
2233,0
2234,0
2235,1
2236,0
2237,0
2238,0
2239,0
2240,1
2241,0
2242,1
2243,2
2244,2
2245,0
2246,0
2247,2
2248,1
2249,1
2250,2
2251,2
2252,0
2253,0
2254,0
2255,0
2256,0
2257,1
2258,0
2259,1
2260,1
2261,0
2262,0
2263,0
2264,0
2265,0
2266,0
2267,0
2268,1
2269,1
2270,2
2271,0
2272,0
2273,1
2274,0
2275,0
2276,0
2277,0
2278,2
2279,0
2280,0
2281,2
2282,0
2283,0
2284,1
2285,2
2286,1
2287,0
2288,1
2289,2
2290,1
2291,0
2292,2
2293,1
2294,0
2295,0
2296,1
2297,0
2298,2
2299,2
2300,0
2301,2
2302,0
2303,0
2304,0
2305,2
2306,0
2307,0
2308,2
2309,1
2310,2
2311,0
2312,0
2313,0
2314,0
2315,0
2316,2
2317,0
2318,1
2319,0
2320,0
2321,1
2322,0
2323,0
2324,2
2325,0
2326,1
2327,0
2328,0
2329,2
2330,0
2331,2
2332,2
2333,0
2334,2
2335,0
2336,1
2337,2
2338,2
2339,2
2340,0
2341,2
2342,1
2343,0
2344,1
2345,0
2346,2
2347,2
2348,0
2349,0
2350,0
2351,2
2352,0
2353,1
2354,0
2355,0
2356,2
2357,0
2358,1
2359,1
2360,1
2361,1
2362,0
2363,0
2364,1
2365,0
2366,0
2367,2
2368,0
2369,1
2370,0
2371,0
2372,0
2373,2
2374,0
2375,0
2376,0
2377,2
2378,0
2379,0
2380,0
2381,0
2382,0
2383,0
2384,2
2385,0
2386,1
2387,1
2388,2
2389,1
2390,2
2391,1
2392,2
2393,2
2394,2
2395,1
2396,0
2397,0
2398,0
2399,2
2400,0
2401,0
2402,0
2403,2
2404,0
2405,2
2406,1
2407,2
2408,0
2409,0
2410,0
2411,2
2412,2
2413,0
2414,0
2415,0
2416,2
2417,0
2418,2
2419,2
2420,2
2421,0
2422,0
2423,1
2424,2
2425,1
2426,0
2427,1
2428,0
2429,2
2430,1
2431,0
2432,2
2433,0
2434,2
2435,2
2436,2
2437,0
2438,1
2439,2
2440,2
2441,0
2442,1
2443,0
2444,0
2445,0
2446,0
2447,0
2448,0
2449,0
2450,0
2451,2
2452,2
2453,1
2454,0
2455,1
2456,0
2457,0
2458,0
2459,0
2460,0
2461,0
2462,0
2463,0
2464,2
2465,0
2466,2
2467,0
2468,2
2469,2
2470,2
2471,2
2472,1
2473,2
2474,0
2475,0
2476,2
2477,2
2478,0
2479,0
2480,2
2481,2
2482,0
2483,2
2484,2
2485,2
2486,1
2487,2
2488,1
2489,0
2490,2
2491,2
2492,0
2493,2
2494,0
2495,1
2496,0
2497,2
2498,0
2499,1
2500,2
2501,2
2502,1
2503,1
2504,2
2505,0
2506,1
2507,0
2508,0
2509,1
2510,0
2511,0
2512,0
2513,2
2514,0
2515,1
2516,2
2517,2
2518,2
2519,0
2520,1
2521,0
2522,0
2523,0
2524,2
2525,2
2526,0
2527,1
2528,1
2529,1
2530,2
2531,0
2532,0
2533,2
2534,1
2535,2
2536,1
2537,2
2538,0
2539,0
2540,1
2541,2
2542,1
2543,0
2544,2
2545,2
2546,2
2547,1
2548,0
2549,2
2550,2
2551,0
2552,1
2553,0
2554,2
2555,0
2556,0
2557,2
2558,1
2559,0
2560,0
2561,0
2562,1
2563,1
2564,0
2565,2
2566,1
2567,0
2568,0
2569,0
2570,1
2571,0
2572,1
2573,0
2574,1
2575,1
2576,0
2577,2
2578,2
2579,1
2580,2
2581,1
2582,1
2583,1
2584,1
2585,0
2586,0
2587,0
2588,0
2589,2
2590,0
2591,1
2592,1
2593,0
2594,0
2595,0
2596,1
2597,0
2598,2
2599,2
2600,0
2601,1
2602,0
2603,0
2604,0
2605,2
2606,2
2607,0
2608,0
2609,1
2610,1
2611,2
2612,0
2613,0
2614,1
2615,0
2616,0
2617,2
2618,0
2619,0
2620,1
2621,0
2622,0
2623,1
2624,2
2625,0
2626,0
2627,0
2628,2
2629,1
2630,0
2631,1
2632,1
2633,2
2634,1
2635,1
2636,1
2637,2
2638,2
2639,0
2640,0
2641,1
2642,2
2643,2
2644,1
2645,0
2646,1
2647,2
2648,1
2649,0
2650,2
2651,0
2652,0
2653,0
2654,2
2655,0
2656,0
2657,2
2658,0
2659,1
2660,2
2661,0
2662,2
2663,1
2664,2
2665,1
2666,2
2667,1
2668,0
2669,0
2670,1
2671,0
2672,1
2673,0
2674,0
2675,0
2676,0
2677,2
2678,2
2679,1
2680,2
2681,1
2682,1
2683,0
2684,2
2685,2
2686,1
2687,1
2688,0
2689,2
2690,2
2691,0
2692,0
2693,1
2694,1
2695,2
2696,2
2697,0
2698,2
2699,1
2700,0
2701,0
2702,0
2703,1
2704,0
2705,1
2706,0
2707,2
2708,2
2709,0
2710,0
2711,1
2712,2
2713,2
2714,0
2715,0
2716,1
2717,1
2718,0
2719,1
2720,0
2721,1
2722,0
2723,2
2724,1
2725,0
2726,0
2727,2
2728,1
2729,2
2730,0
2731,0
2732,1
2733,1
2734,1
2735,1
2736,0
2737,2
2738,0
2739,0
2740,1
2741,1
2742,0
2743,0
2744,1
2745,0
2746,2
2747,1
2748,1
2749,2
2750,1
2751,0
2752,1
2753,2
2754,2
2755,2
2756,2
2757,2
2758,2
2759,2
2760,2
2761,0
2762,2
2763,1
2764,0
2765,2
2766,2
2767,2
2768,1
2769,1
2770,1
2771,0
2772,2
2773,0
2774,2
2775,1
2776,0
2777,0
2778,2
2779,2
2780,0
2781,1
2782,2
2783,1
2784,0
2785,2
2786,0
2787,2
2788,0
2789,1
2790,0
2791,2
2792,2
2793,0
2794,1
2795,2
2796,2
2797,0
2798,2
2799,2
2800,2
2801,0
2802,2
2803,2
2804,2
2805,1
2806,0
2807,1
2808,1
2809,2
2810,0
2811,2
2812,0
2813,1
2814,2
2815,1
2816,2
2817,1
2818,0
2819,2
2820,0
2821,1
2822,2
2823,1
2824,2
2825,2
2826,1
2827,1
2828,2
2829,2
2830,0
2831,0
2832,0
2833,1
2834,0
2835,2
2836,1
2837,1
2838,1
2839,0
2840,0
2841,1
2842,1
2843,0
2844,1
2845,1
2846,2
2847,1
2848,2
2849,1
2850,2
2851,1
2852,2
2853,2
2854,0
2855,1
2856,1
2857,1
2858,2
2859,0
2860,2
2861,0
2862,1
2863,0
2864,1
2865,1
2866,0
2867,2
2868,0
2869,2
2870,0
2871,0
2872,1
2873,2
2874,0
2875,1
2876,1
2877,0
2878,0
2879,2
2880,0
2881,0
2882,2
2883,1
2884,0
2885,0
2886,2
2887,2
2888,1
2889,0
2890,1
2891,1
2892,2
2893,1
2894,0
2895,1
2896,0
2897,0
2898,0
2899,1
2900,0
2901,2
2902,0
2903,2
2904,0
2905,2
2906,0
2907,2
2908,0
2909,0
2910,0
2911,0
2912,0
2913,1
2914,1
2915,1
2916,0
2917,0
2918,1
2919,2
2920,1
2921,0
2922,2
2923,0
2924,1
2925,0
2926,2
2927,2
2928,0
2929,2
2930,2
2931,2
2932,0
2933,1
2934,0
2935,1
2936,1
2937,2
2938,2
2939,2
2940,2
2941,2
2942,2
2943,2
2944,0
2945,0
2946,2
2947,2
2948,1
2949,0
2950,1
2951,2
2952,1
2953,2
2954,0
2955,1
2956,0
2957,0
2958,1
2959,0
2960,2
2961,2
2962,2
2963,0
2964,0
2965,0
2966,0
2967,1
2968,2
2969,1
2970,2
2971,0
2972,2
2973,0
2974,2
2975,0
2976,2
2977,2
2978,0
2979,1
2980,0
2981,2
2982,2
2983,2
2984,0
2985,2
2986,2
2987,2
2988,2
2989,1
2990,2
2991,2
2992,2
2993,0
2994,2
2995,0
2996,2
2997,1
2998,0
2999,2
3000,2
3001,0
3002,0
3003,0
3004,0
3005,2
3006,0
3007,2
3008,1
3009,2
3010,2
3011,0
3012,1
3013,1
3014,0
3015,2
3016,2
3017,2
3018,2
3019,2
3020,0
3021,1
3022,1
3023,0
3024,2
3025,1
3026,0
3027,2
3028,0
3029,1
3030,2
3031,0
3032,0
3033,2
3034,2
3035,0
3036,2
3037,2
3038,2
3039,0
3040,0
3041,1
3042,0
3043,1
3044,0
3045,2
3046,0
3047,0
3048,0
3049,2
3050,2
3051,0
3052,1
3053,0
3054,0
3055,1
3056,0
3057,2
3058,0
3059,1
3060,1
3061,0
3062,0
3063,2
3064,2
3065,0
3066,2
3067,1
3068,2
3069,2
3070,2
3071,0
3072,0
3073,1
3074,1
3075,0
3076,0
3077,0
3078,0
3079,2
3080,0
3081,2
3082,0
3083,2
3084,0
3085,0
3086,0
3087,2
3088,0
3089,0
3090,0
3091,0
3092,2
3093,0
3094,2
3095,2
3096,2
3097,0
3098,2
3099,1
3100,1
3101,1
3102,0
3103,2
3104,0
3105,2
3106,1
3107,2
3108,0
3109,0
3110,0
3111,0
3112,0
3113,0
3114,2
3115,0
3116,0
3117,0
3118,1
3119,0
3120,2
3121,0
3122,1
3123,2
3124,2
3125,2
3126,0
3127,0
3128,0
3129,1
3130,2
3131,0
3132,0
3133,0
3134,2
3135,2
3136,2
3137,2
3138,0
3139,0
3140,0
3141,1
3142,0
3143,1
3144,1
3145,2
3146,0
3147,1
3148,0
3149,2
3150,1
3151,1
3152,2
3153,0
3154,0
3155,2
3156,0
3157,0
3158,2
3159,2
3160,0
3161,2
3162,2
3163,1
3164,2
3165,1
3166,0
3167,0
3168,2
3169,1
3170,2
3171,2
3172,1
3173,0
3174,0
3175,2
3176,2
3177,2
3178,0
3179,1
3180,2
3181,0
3182,0
3183,0
3184,1
3185,0
3186,1
3187,1
3188,2
3189,1
3190,2
3191,0
3192,0
3193,0
3194,0
3195,1
3196,1
3197,0
3198,1
3199,1
3200,1
3201,0
3202,1
3203,0
3204,0
3205,0
3206,2
3207,2
3208,2
3209,2
3210,1
3211,0
3212,0
3213,0
3214,0
3215,0
3216,1
3217,1
3218,1
3219,0
3220,1
3221,0
3222,2
3223,2
3224,0
3225,1
3226,0
3227,2
3228,0
3229,1
3230,0
3231,0
3232,2
3233,1
3234,1
3235,1
3236,1
3237,0
3238,0
3239,0
3240,2
3241,2
3242,1
3243,2
3244,0
3245,1
3246,2
3247,2
3248,2
3249,0
3250,0
3251,0
3252,2
3253,2
3254,2
3255,2
3256,2
3257,0
3258,1
3259,2
3260,0
3261,2
3262,0
3263,1
3264,1
3265,0
3266,2
3267,2
3268,1
3269,2
3270,0
3271,0
3272,0
3273,2
3274,2
3275,2
3276,0
3277,0
3278,1
3279,1
3280,0
3281,2
3282,2
3283,0
3284,2
3285,0
3286,2
3287,1
3288,2
3289,2
3290,0
3291,0
3292,0
3293,1
3294,1
3295,1
3296,1
3297,0
3298,0
3299,0
3300,1
3301,0
3302,2
3303,2
3304,1
3305,2
3306,1
3307,1
3308,2
3309,1
3310,1
3311,2
3312,0
3313,1
3314,1
3315,1
3316,0
3317,0
3318,1
3319,0
3320,0
3321,2
3322,1
3323,2
3324,0
3325,0
3326,0
3327,0
3328,0
3329,0
3330,0
3331,0
3332,1
3333,0
3334,1
3335,0
3336,0
3337,0
3338,2
3339,0
3340,2
3341,0
3342,0
3343,0
3344,0
3345,1
3346,0
3347,0
3348,2
3349,2
3350,2
3351,0
3352,2
3353,2
3354,0
3355,2
3356,1
3357,1
3358,0
3359,1
3360,2
3361,0
3362,0
3363,2
3364,0
3365,0
3366,0
3367,2
3368,2
3369,0
3370,0
3371,0
3372,2
3373,2
3374,0
3375,0
3376,2
3377,2
3378,0
3379,0
3380,0
3381,2
3382,2
3383,0
3384,0
3385,0
3386,1
3387,0
3388,2
3389,0
3390,0
3391,2
3392,1
3393,1
3394,0
3395,0
3396,1
3397,0
3398,0
3399,0
3400,0
3401,2
3402,1
3403,0
3404,2
3405,1
3406,0
3407,0
3408,2
3409,1
3410,0
3411,2
3412,2
3413,1
3414,2
3415,0
3416,2
3417,0
3418,0
3419,0
3420,1
3421,2
3422,2
3423,2
3424,2
3425,0
3426,2
3427,2
3428,1
3429,0
3430,2
3431,2
3432,1
3433,0
3434,2
3435,1
3436,0
3437,1
3438,0
3439,0
3440,1
3441,0
3442,0
3443,1
3444,0
3445,2
3446,2
3447,0
3448,0
3449,2
3450,2
3451,0
3452,0
3453,2
3454,0
3455,1
3456,0
3457,1
3458,2
3459,0
3460,0
3461,0
3462,2
3463,0
3464,1
3465,0
3466,0
3467,2
3468,0
3469,1
3470,0
3471,1
3472,0
3473,0
3474,0
3475,1
3476,0
3477,2
3478,2
3479,0
3480,2
3481,0
3482,1
3483,0
3484,1
3485,2
3486,0
3487,2
3488,2
3489,2
3490,2
3491,2
3492,1
3493,1
3494,0
3495,0
3496,2
3497,2
3498,2
3499,0
3500,1
3501,2
3502,1
3503,0
3504,1
3505,0
3506,1
3507,2
3508,0
3509,2
3510,2
3511,2
3512,1
3513,0
3514,1
3515,0
3516,1
3517,0
3518,1
3519,0
3520,0
3521,0
3522,0
3523,0
3524,0
3525,1
3526,1
3527,0
3528,0
3529,2
3530,2
3531,1
3532,0
3533,0
3534,0
3535,0
3536,0
3537,0
3538,1
3539,2
3540,0
3541,2
3542,0
3543,0
3544,0
3545,0
3546,0
3547,1
3548,1
3549,0
3550,1
3551,2
3552,1
3553,0
3554,0
3555,0
3556,0
3557,2
3558,0
3559,1
3560,2
3561,2
3562,2
3563,0
3564,0
3565,0
3566,2
3567,0
3568,0
3569,2
3570,0
3571,2
3572,2
3573,2
3574,0
3575,0
3576,0
3577,2
3578,2
3579,0
3580,2
3581,1
3582,0
3583,0
3584,0
3585,0
3586,0
3587,2
3588,0
3589,0
3590,0
3591,0
3592,0
3593,1
3594,0
3595,2
3596,0
3597,1
3598,0
3599,2
3600,2
3601,2
3602,0
3603,2
3604,2
3605,0
3606,0
3607,0
3608,2
3609,0
3610,1
3611,0
3612,2
3613,2
3614,2
3615,1
3616,0
3617,1
3618,1
3619,2
3620,2
3621,1
3622,0
3623,0
3624,0
3625,2
3626,0
3627,0
3628,1
3629,1
3630,0
3631,2
3632,0
3633,0
3634,0
3635,0
3636,0
3637,0
3638,2
3639,1
3640,2
3641,2
3642,1
3643,0
3644,0
3645,0
3646,0
3647,0
3648,0
3649,0
3650,2
3651,0
3652,0
3653,0
3654,2
3655,1
3656,0
3657,0
3658,1
3659,0
3660,1
3661,2
3662,0
3663,0
3664,2
3665,1
3666,1
3667,0
3668,1
3669,2
3670,0
3671,1
3672,1
3673,0
3674,2
3675,1
3676,0
3677,2
3678,0
3679,0
3680,0
3681,0
3682,1
3683,0
3684,2
3685,0
3686,2
3687,2
3688,2
3689,0
3690,2
3691,2
3692,0
3693,1
3694,0
3695,2
3696,2
3697,0
3698,1
3699,0
3700,2
3701,2
3702,1
3703,0
3704,2
3705,0
3706,2
3707,1
3708,1
3709,0
3710,0
3711,2
3712,1
3713,0
3714,0
3715,2
3716,2
3717,2
3718,0
3719,0
3720,0
3721,0
3722,1
3723,0
3724,0
3725,0
3726,0
3727,0
3728,0
3729,0
3730,2
3731,1
3732,0
3733,2
3734,0
3735,2
3736,1
3737,2
3738,1
3739,1
3740,1
3741,0
3742,0
3743,2
3744,1
3745,2
3746,0
3747,0
3748,0
3749,0
3750,1
3751,0
3752,0
3753,2
3754,0
3755,0
3756,1
3757,2
3758,0
3759,2
3760,1
3761,0
3762,2
3763,2
3764,0
3765,2
3766,1
3767,1
3768,1
3769,2
3770,1
3771,2
3772,0
3773,1
3774,0
3775,1
3776,1
3777,2
3778,1
3779,1
3780,2
3781,2
3782,1
3783,0
3784,1
3785,0
3786,0
3787,2
3788,0
3789,0
3790,1
3791,1
3792,2
3793,1
3794,2
3795,1
3796,0
3797,0
3798,1
3799,2
3800,0
3801,1
3802,0
3803,0
3804,0
3805,2
3806,1
3807,1
3808,0
3809,0
3810,1
3811,2
3812,1
3813,2
3814,2
3815,0
3816,0
3817,2
3818,2
3819,2
3820,0
3821,2
3822,0
3823,0
3824,2
3825,2
3826,0
3827,0
3828,2
3829,1
3830,0
3831,0
3832,0
3833,2
3834,1
3835,0
3836,1
3837,0
3838,1
3839,0
3840,2
3841,2
3842,0
3843,2
3844,2
3845,0
3846,2
3847,2
3848,0
3849,2
3850,1
3851,2
3852,0
3853,0
3854,0
3855,0
3856,2
3857,0
3858,0
3859,0
3860,2
3861,1
3862,0
3863,2
3864,2
3865,0
3866,1
3867,2
3868,1
3869,2
3870,0
3871,1
3872,0
3873,0
3874,1
3875,2
3876,2
3877,0
3878,2
3879,0
3880,0
3881,2
3882,1
3883,0
3884,0
3885,0
3886,1
3887,0
3888,0
3889,0
3890,0
3891,0
3892,1
3893,2
3894,1
3895,0
3896,0
3897,0
3898,2
3899,2
3900,1
3901,2
3902,0
3903,0
3904,0
3905,0
3906,0
3907,0
3908,0
3909,0
3910,1
3911,2
3912,2
3913,0
3914,1
3915,0
3916,2
3917,0
3918,1
3919,2
3920,0
3921,0
3922,0
3923,1
3924,1
3925,0
3926,2
3927,0
3928,1
3929,1
3930,1
3931,0
3932,0
3933,2
3934,2
3935,1
3936,0
3937,2
3938,0
3939,2
3940,1
3941,0
3942,0
3943,0
3944,0
3945,2
3946,2
3947,2
3948,0
3949,1
3950,2
3951,0
3952,2
3953,0
3954,0
3955,2
3956,0
3957,1
3958,1
3959,0
3960,1
3961,2
3962,2
3963,0
3964,2
3965,1
3966,0
3967,2
3968,1
3969,2
3970,0
3971,0
3972,0
3973,1
3974,2
3975,2
3976,0
3977,2
3978,2
3979,0
3980,1
3981,0
3982,1
3983,2
3984,0
3985,0
3986,2
3987,1
3988,1
3989,2
3990,1
3991,0
3992,2
3993,1
3994,1
3995,0
3996,0
3997,0
3998,0
3999,2
4000,2
4001,2
4002,0
4003,1
4004,0
4005,2
4006,0
4007,2
4008,0
4009,0
4010,1
4011,1
4012,2
4013,1
4014,0
4015,1
4016,2
4017,0
4018,0
4019,1
4020,1
4021,2
4022,0
4023,0
4024,1
4025,1
4026,0
4027,2
4028,2
4029,0
4030,0
4031,0
4032,0
4033,2
4034,1
4035,1
4036,1
4037,1
4038,1
4039,0
4040,1
4041,2
4042,0
4043,1
4044,0
4045,2
4046,0
4047,1
4048,1
4049,0
4050,2
4051,2
4052,1
4053,0
4054,1
4055,0
4056,2
4057,0
4058,1
4059,1
4060,2
4061,0
4062,0
4063,0
4064,0
4065,0
4066,2
4067,0
4068,0
4069,0
4070,1
4071,1
4072,0
4073,2
4074,2
4075,0
4076,1
4077,0
4078,2
4079,1
4080,1
4081,0
4082,0
4083,2
4084,0
4085,0
4086,1
4087,2
4088,0
4089,0
4090,2
4091,2
4092,1
4093,0
4094,0
4095,0
4096,0
4097,0
4098,2
4099,0
4100,2
4101,0
4102,1
4103,2
4104,0
4105,0
4106,0
4107,2
4108,0
4109,0
4110,2
4111,0
4112,0
4113,0
4114,0
4115,1
4116,0
4117,0
4118,2
4119,0
4120,1
4121,2
4122,0
4123,1
4124,1
4125,2
4126,0
4127,0
4128,1
4129,1
4130,0
4131,2
4132,1
4133,2
4134,1
4135,0
4136,2
4137,2
4138,1
4139,2
4140,0
4141,1
4142,0
4143,0
4144,2
4145,0
4146,2
4147,1
4148,1
4149,0
4150,2
4151,1
4152,0
4153,1
4154,0
4155,0
4156,1
4157,0
4158,0
4159,0
4160,0
4161,1
4162,0
4163,2
4164,0
4165,0
4166,2
4167,1
4168,0
4169,0
4170,0
4171,0
4172,0
4173,2
4174,1
4175,2
4176,0
4177,2
4178,0
4179,2
4180,2
4181,1
4182,0
4183,1
4184,0
4185,0
4186,1
4187,1
4188,0
4189,1
4190,1
4191,0
4192,0
4193,1
4194,2
4195,0
4196,0
4197,0
4198,1
4199,1
4200,1
4201,0
4202,0
4203,0
4204,1
4205,1
4206,0
4207,0
4208,1
4209,2
4210,2
4211,0
4212,1
4213,2
4214,2
4215,0
4216,1
4217,0
4218,2
4219,0
4220,2
4221,2
4222,1
4223,0
4224,2
4225,2
4226,1
4227,2
4228,0
4229,0
4230,1
4231,0
4232,2
4233,0
4234,0
4235,0
4236,0
4237,0
4238,2
4239,0
4240,1
4241,0
4242,2
4243,2
4244,1
4245,0
4246,0
4247,0
4248,0
4249,1
4250,2
4251,2
4252,0
4253,2
4254,2
4255,0
4256,2
4257,1
4258,2
4259,0
4260,1
4261,1
4262,0
4263,2
4264,1
4265,2
4266,0
4267,1
4268,2
4269,0
4270,1
4271,0
4272,1
4273,0
4274,0
4275,2
4276,0
4277,0
4278,0
4279,0
4280,0
4281,2
4282,2
4283,2
4284,0
4285,0
4286,1
4287,0
4288,2
4289,1
4290,2
4291,1
4292,1
4293,2
4294,2
4295,0
4296,0
4297,2
4298,0
4299,0
4300,2
4301,2
4302,0
4303,0
4304,2
4305,1
4306,0
4307,0
4308,2
4309,1
4310,0
4311,1
4312,2
4313,2
4314,1
4315,1
4316,0
4317,2
4318,1
4319,1
4320,0
4321,2
4322,2
4323,0
4324,0
4325,2
4326,2
4327,1
4328,2
4329,0
4330,1
4331,0
4332,2
4333,0
4334,0
4335,0
4336,1
4337,2
4338,2
4339,1
4340,2
4341,0
4342,0
4343,1
4344,1
4345,0
4346,0
4347,2
4348,2
4349,2
4350,1
4351,0
4352,0
4353,2
4354,0
4355,0
4356,0
4357,1
4358,0
4359,0
4360,0
4361,1
4362,1
4363,2
4364,0
4365,2
4366,1
4367,1
4368,0
4369,0
4370,0
4371,2
4372,0
4373,2
4374,2
4375,2
4376,1
4377,2
4378,2
4379,0
4380,1
4381,1
4382,2
4383,2
4384,2
4385,0
4386,0
4387,2
4388,0
4389,2
4390,1
4391,2
4392,0
4393,0
4394,2
4395,0
4396,2
4397,1
4398,0
4399,0
4400,0
4401,1
4402,0
4403,0
4404,1
4405,0
4406,1
4407,2
4408,0
4409,0
4410,0
4411,0
4412,2
4413,0
4414,2
4415,0
4416,2
4417,0
4418,1
4419,0
4420,0
4421,0
4422,2
4423,2
4424,0
4425,0
4426,2
4427,0
4428,0
4429,0
4430,0
4431,1
4432,1
4433,0
4434,2
4435,0
4436,0
4437,1
4438,1
4439,2
4440,1
4441,0
4442,0
4443,1
4444,2
4445,0
4446,2
4447,0
4448,0
4449,1
4450,0
4451,0
4452,2
4453,2
4454,2
4455,2
4456,2
4457,2
4458,1
4459,0
4460,0
4461,0
4462,2
4463,1
4464,0
4465,0
4466,2
4467,0
4468,1
4469,0
4470,0
4471,1
4472,1
4473,0
4474,1
4475,1
4476,0
4477,0
4478,1
4479,0
4480,0
4481,2
4482,0
4483,0
4484,2
4485,0
4486,2
4487,2
4488,2
4489,2
4490,2
4491,2
4492,0
4493,0
4494,0
4495,0
4496,1
4497,2
4498,0
4499,0
4500,0
4501,2
4502,0
4503,1
4504,2
4505,0
4506,0
4507,2
4508,1
4509,0
4510,0
4511,2
4512,0
4513,1
4514,2
4515,1
4516,0
4517,2
4518,1
4519,0
4520,1
4521,0
4522,2
4523,0
4524,0
4525,0
4526,2
4527,1
4528,0
4529,2
4530,2
4531,2
4532,0
4533,0
4534,2
4535,0
4536,1
4537,0
4538,1
4539,1
4540,0
4541,2
4542,0
4543,2
4544,2
4545,2
4546,0
4547,2
4548,2
4549,0
4550,0
4551,2
4552,0
4553,0
4554,2
4555,2
4556,0
4557,1
4558,2
4559,2
4560,0
4561,1
4562,0
4563,0
4564,1
4565,1
4566,0
4567,2
4568,2
4569,2
4570,2
4571,0
4572,0
4573,2
4574,1
4575,0
4576,0
4577,0
4578,2
4579,0
4580,2
4581,1
4582,1
4583,2
4584,0
4585,1
4586,1
4587,2
4588,0
4589,0
4590,0
4591,2
4592,2
4593,1
4594,0
4595,2
4596,0
4597,0
4598,0
4599,2
4600,2
4601,2
4602,1
4603,0
4604,0
4605,2
4606,1
4607,2
4608,0
4609,2
4610,1
4611,2
4612,0
4613,0
4614,0
4615,2
4616,2
4617,0
4618,2
4619,0
4620,0
4621,2
4622,0
4623,0
4624,2
4625,0
4626,2
4627,1
4628,1
4629,2
4630,1
4631,0
4632,2
4633,2
4634,0
4635,1
4636,0
4637,0
4638,0
4639,0
4640,0
4641,0
4642,0
4643,0
4644,0
4645,0
4646,0
4647,0
4648,0
4649,1
4650,1
4651,0
4652,2
4653,0
4654,0
4655,0
4656,2
4657,0
4658,0
4659,0
4660,2
4661,1
4662,2
4663,2
4664,0
4665,0
4666,0
4667,2
4668,0
4669,2
4670,0
4671,2
4672,0
4673,0
4674,2
4675,2
4676,0
4677,2
4678,2
4679,0
4680,0
4681,1
4682,2
4683,2
4684,0
4685,0
4686,0
4687,0
4688,2
4689,1
4690,0
4691,2
4692,2
4693,0
4694,0
4695,1
4696,2
4697,0
4698,0
4699,2
4700,1
4701,2
4702,1
4703,2
4704,0
4705,0
4706,0
4707,0
4708,0
4709,2
4710,2
4711,0
4712,2
4713,2
4714,0
4715,2
4716,2
4717,1
4718,0
4719,1
4720,0
4721,0
4722,1
4723,0
4724,0
4725,2
4726,0
4727,0
4728,2
4729,0
4730,0
4731,1
4732,0
4733,0
4734,1
4735,1
4736,0
4737,2
4738,2
4739,0
4740,1
4741,1
4742,0
4743,1
4744,0
4745,1
4746,0
4747,2
4748,1
4749,1
4750,1
4751,1
4752,0
4753,0
4754,0
4755,1
4756,1
4757,2
4758,2
4759,0
4760,1
4761,0
4762,1
4763,1
4764,0
4765,0
4766,1
4767,0
4768,1
4769,0
4770,1
4771,0
4772,2
4773,0
4774,0
4775,2
4776,0
4777,1
4778,0
4779,0
4780,0
4781,2
4782,0
4783,0
4784,1
4785,2
4786,0
4787,2
4788,1
4789,1
4790,1
4791,2
4792,1
4793,2
4794,2
4795,0
4796,2
4797,0
4798,2
4799,0
4800,0
4801,1
4802,1
4803,0
4804,2
4805,2
4806,1
4807,1
4808,1
4809,1
4810,1
4811,2
4812,0
4813,0
4814,1
4815,0
4816,2
4817,2
4818,0
4819,0
4820,2
4821,1
4822,0
4823,2
4824,0
4825,1
4826,1
4827,1
4828,0
4829,2
4830,0
4831,2
4832,2
4833,2
4834,2
4835,1
4836,0
4837,0
4838,2
4839,0
4840,1
4841,2
4842,2
4843,1
4844,2
4845,2
4846,2
4847,2
4848,1
4849,0
4850,2
4851,1
4852,2
4853,1
4854,0
4855,1
4856,2
4857,2
4858,0
4859,0
4860,2
4861,0
4862,0
4863,0
4864,1
4865,2
4866,0
4867,2
4868,2
4869,2
4870,2
4871,2
4872,2
4873,2
4874,0
4875,0
4876,0
4877,2
4878,2
4879,0
4880,0
4881,0
4882,0
4883,0
4884,0
4885,1
4886,2
4887,2
4888,2
4889,1
4890,1
4891,0
4892,0
4893,0
4894,0
4895,0
4896,2
4897,1
4898,2
4899,0
4900,0
4901,0
4902,0
4903,0
4904,2
4905,1
4906,0
4907,1
4908,2
4909,1
4910,0
4911,2
4912,2
4913,0
4914,2
4915,2
4916,1
4917,2
4918,1
4919,0
4920,1
4921,0
4922,1
4923,1
4924,1
4925,0
4926,2
4927,0
4928,2
4929,0
4930,2
4931,0
4932,0
4933,1
4934,0
4935,0
4936,0
4937,2
4938,2
4939,1
4940,0
4941,1
4942,1
4943,2
4944,2
4945,0
4946,0
4947,2
4948,0
4949,0
4950,2
4951,0
4952,2
4953,1
4954,0
4955,2
4956,2
4957,2
4958,2
4959,0
4960,2
4961,0
4962,0
4963,1
4964,2
4965,2
4966,1
4967,1
4968,0
4969,1
4970,0
4971,1
4972,0
4973,2
4974,2
4975,2
4976,0
4977,1
4978,2
4979,1
4980,0
4981,0
4982,2
4983,1
4984,2
4985,0
4986,2
4987,1
4988,2
4989,0
4990,1
4991,0
4992,2
4993,0
4994,0
4995,0
4996,2
4997,2
4998,2
4999,2
5000,1
5001,2
5002,0
5003,2
5004,0
5005,1
5006,0
5007,2
5008,2
5009,0
5010,0
5011,0
5012,1
5013,0
5014,2
5015,2
5016,0
5017,2
5018,1
5019,0
5020,0
5021,1
5022,1
5023,2
5024,2
5025,1
5026,0
5027,0
5028,0
5029,2
5030,1
5031,1
5032,2
5033,1
5034,2
5035,1
5036,2
5037,2
5038,0
5039,0
5040,2
5041,2
5042,0
5043,1
5044,2
5045,2
5046,0
5047,0
5048,0
5049,1
5050,2
5051,2
5052,0
5053,2
5054,2
5055,1
5056,0
5057,0
5058,0
5059,2
5060,2
5061,0
5062,0
5063,2
5064,0
5065,2
5066,0
5067,0
5068,0
5069,0
5070,1
5071,0
5072,2
5073,2
5074,0
5075,1
5076,1
5077,1
5078,1
5079,0
5080,2
5081,0
5082,2
5083,0
5084,0
5085,1
5086,1
5087,0
5088,0
5089,1
5090,0
5091,0
5092,0
5093,0
5094,2
5095,2
5096,0
5097,0
5098,0
5099,0
5100,0
5101,1
5102,0
5103,0
5104,2
5105,2
5106,0
5107,2
5108,0
5109,1
5110,0
5111,0
5112,2
5113,1
5114,1
5115,2
5116,2
5117,0
5118,1
5119,0
5120,1
5121,0
5122,0
5123,1
5124,0
5125,0
5126,0
5127,1
5128,0
5129,0
5130,0
5131,0
5132,2
5133,2
5134,0
5135,0
5136,0
5137,2
5138,2
5139,0
5140,0
5141,0
5142,0
5143,0
5144,1
5145,2
5146,0
5147,0
5148,2
5149,2
5150,0
5151,1
5152,0
5153,0
5154,0
5155,1
5156,2
5157,2
5158,1
5159,0
5160,1
5161,1
5162,1
5163,1
5164,0
5165,2
5166,0
5167,0
5168,0
5169,1
5170,0
5171,0
5172,2
5173,0
5174,0
5175,0
5176,2
5177,0
5178,1
5179,0
5180,2
5181,1
5182,0
5183,0
5184,2
5185,2
5186,0
5187,2
5188,0
5189,2
5190,2
5191,0
5192,0
5193,1
5194,0
5195,1
5196,0
5197,0
5198,0
5199,2
5200,0
5201,0
5202,0
5203,0
5204,0
5205,0
5206,0
5207,0
5208,1
5209,2
5210,0
5211,2
5212,1
5213,1
5214,0
5215,2
5216,0
5217,1
5218,0
5219,1
5220,1
5221,2
5222,0
5223,0
5224,0
5225,0
5226,2
5227,0
5228,0
5229,0
5230,0
5231,2
5232,1
5233,0
5234,0
5235,0
5236,2
5237,1
5238,1
5239,1
5240,0
5241,1
5242,0
5243,1
5244,0
5245,0
5246,0
5247,2
5248,0
5249,0
5250,2
5251,0
5252,0
5253,1
5254,0
5255,2
5256,0
5257,0
5258,0
5259,0
5260,0
5261,0
5262,2
5263,0
5264,0
5265,0
5266,0
5267,1
5268,0
5269,2
5270,0
5271,0
5272,2
5273,0
5274,0
5275,2
5276,1
5277,2
5278,2
5279,0
5280,0
5281,2
5282,1
5283,0
5284,2
5285,0
5286,2
5287,2
5288,1
5289,0
5290,0
5291,2
5292,0
5293,2
5294,1
5295,0
5296,1
5297,2
5298,0
5299,1
5300,0
5301,1
5302,1
5303,1
5304,2
5305,2
5306,2
5307,0
5308,0
5309,2
5310,1
5311,1
5312,0
5313,0
5314,2
5315,2
5316,1
5317,1
5318,0
5319,0
5320,0
5321,0
5322,1
5323,2
5324,0
5325,2
5326,0
5327,2
5328,0
5329,0
5330,1
5331,0
5332,1
5333,1
5334,0
5335,0
5336,0
5337,0
5338,0
5339,1
5340,2
5341,1
5342,2
5343,2
5344,1
5345,0
5346,2
5347,0
5348,2
5349,2
5350,2
5351,0
5352,2
5353,0
5354,0
5355,2
5356,2
5357,1
5358,0
5359,2
5360,1
5361,0
5362,1
5363,0
5364,1
5365,0
5366,0
5367,0
5368,0
5369,1
5370,2
5371,1
5372,0
5373,1
5374,2
5375,0
5376,2
5377,1
5378,2
5379,2
5380,0
5381,2
5382,2
5383,1
5384,0
5385,1
5386,0
5387,2
5388,1
5389,0
5390,0
5391,2
5392,1
5393,0
5394,2
5395,1
5396,2
5397,0
5398,1
5399,2
5400,2
5401,2
5402,0
5403,0
5404,0
5405,1
5406,0
5407,1
5408,0
5409,0
5410,2
5411,0
5412,2
5413,1
5414,0
5415,0
5416,1
5417,2
5418,2
5419,1
5420,0
5421,2
5422,2
5423,1
5424,2
5425,0
5426,2
5427,1
5428,1
5429,0
5430,0
5431,2
5432,0
5433,1
5434,0
5435,0
5436,2
5437,2
5438,0
5439,0
5440,0
5441,2
5442,1
5443,0
5444,0
5445,2
5446,1
5447,2
5448,0
5449,2
5450,0
5451,2
5452,0
5453,1
5454,0
5455,1
5456,2
5457,2
5458,2
5459,2
5460,1
5461,0
5462,2
5463,2
5464,1
5465,0
5466,0
5467,2
5468,2
5469,1
5470,1
5471,0
5472,1
5473,0
5474,2
5475,2
5476,1
5477,2
5478,0
5479,0
5480,0
5481,2
5482,1
5483,2
5484,1
5485,0
5486,0
5487,0
5488,1
5489,0
5490,0
5491,0
5492,2
5493,1
5494,0
5495,0
5496,0
5497,1
5498,1
5499,1
5500,0
5501,0
5502,2
5503,0
5504,0
5505,0
5506,2
5507,2
5508,1
5509,0
5510,0
5511,0
5512,0
5513,2
5514,1
5515,2
5516,0
5517,0
5518,2
5519,0
5520,0
5521,1
5522,1
5523,2
5524,0
5525,0
5526,2
5527,0
5528,0
5529,2
5530,2
5531,1
5532,2
5533,1
5534,0
5535,0
5536,0
5537,2
5538,1
5539,0
5540,0
5541,1
5542,0
5543,2
5544,0
5545,0
5546,2
5547,0
5548,0
5549,2
5550,0
5551,2
5552,0
5553,1
5554,1
5555,2
5556,0
5557,2
5558,0
5559,0
5560,1
5561,1
5562,0
5563,0
5564,2
5565,0
5566,2
5567,0
5568,1
5569,0
5570,2
5571,0
5572,2
5573,1
5574,2
5575,2
5576,2
5577,2
5578,1
5579,1
5580,1
5581,0
5582,2
5583,0
5584,0
5585,2
5586,1
5587,1
5588,0
5589,1
5590,1
5591,0
5592,0
5593,2
5594,0
5595,1
5596,2
5597,1
5598,0
5599,2
5600,0
5601,2
5602,1
5603,1
5604,2
5605,0
5606,0
5607,0
5608,0
5609,0
5610,2
5611,0
5612,1
5613,0
5614,2
5615,2
5616,2
5617,1
5618,1
5619,1
5620,0
5621,1
5622,0
5623,2
5624,1
5625,0
5626,1
5627,2
5628,2
5629,2
5630,0
5631,2
5632,2
5633,0
5634,2
5635,0
5636,2
5637,0
5638,1
5639,1
5640,2
5641,2
5642,0
5643,0
5644,2
5645,2
5646,0
5647,0
5648,0
5649,2
5650,1
5651,0
5652,2
5653,0
5654,0
5655,0
5656,1
5657,1
5658,2
5659,0
5660,2
5661,1
5662,0
5663,0
5664,0
5665,2
5666,1
5667,1
5668,2
5669,2
5670,0
5671,2
5672,0
5673,0
5674,0
5675,0
5676,0
5677,0
5678,2
5679,1
5680,0
5681,0
5682,2
5683,1
5684,1
5685,0
5686,0
5687,0
5688,1
5689,0
5690,2
5691,0
5692,2
5693,0
5694,0
5695,1
5696,1
5697,0
5698,0
5699,2
5700,1
5701,0
5702,0
5703,1
5704,2
5705,1
5706,1
5707,0
5708,1
5709,0
5710,0
5711,2
5712,2
5713,1
5714,1
5715,0
5716,0
5717,0
5718,0
5719,0
5720,0
5721,0
5722,2
5723,0
5724,2
5725,0
5726,2
5727,1
5728,2
5729,0
5730,1
5731,1
5732,0
5733,1
5734,0
5735,0
5736,1
5737,1
5738,2
5739,2
5740,2
5741,2
5742,2
5743,2
5744,1
5745,1
5746,2
5747,1
5748,0
5749,2
5750,0
5751,0
5752,0
5753,0
5754,2
5755,1
5756,0
5757,0
5758,0
5759,1
5760,0
5761,0
5762,0
5763,2
5764,1
5765,0
5766,0
5767,1
5768,0
5769,0
5770,1
5771,0
5772,1
5773,0
5774,2
5775,2
5776,0
5777,0
5778,0
5779,1
5780,0
5781,2
5782,0
5783,1
5784,0
5785,2
5786,2
5787,1
5788,1
5789,0
5790,0
5791,1
5792,0
5793,2
5794,2
5795,1
5796,2
5797,1
5798,2
5799,2
5800,0
5801,1
5802,0
5803,0
5804,1
5805,1
5806,1
5807,0
5808,0
5809,2
5810,2
5811,2
5812,2
5813,2
5814,0
5815,2
5816,0
5817,0
5818,0
5819,0
5820,0
5821,1
5822,1
5823,0
5824,0
5825,1
5826,1
5827,1
5828,0
5829,0
5830,2
5831,0
5832,2
5833,1
5834,0
5835,1
5836,2
5837,1
5838,0
5839,2
5840,2
5841,0
5842,1
5843,1
5844,2
5845,1
5846,2
5847,2
5848,1
5849,0
5850,1
5851,0
5852,0
5853,0
5854,2
5855,0
5856,0
5857,1
5858,1
5859,2
5860,1
5861,1
5862,0
5863,2
5864,2
5865,2
5866,1
5867,0
5868,0
5869,0
5870,0
5871,0
5872,2
5873,1
5874,2
5875,0
5876,2
5877,0
5878,2
5879,2
5880,1
5881,0
5882,0
5883,2
5884,1
5885,0
5886,2
5887,2
5888,2
5889,2
5890,2
5891,0
5892,2
5893,0
5894,2
5895,2
5896,2
5897,2
5898,0
5899,1
5900,2
5901,0
5902,1
5903,0
5904,2
5905,1
5906,2
5907,0
5908,0
5909,0
5910,1
5911,0
5912,0
5913,0
5914,2
5915,2
5916,1
5917,2
5918,2
5919,0
5920,0
5921,2
5922,1
5923,0
5924,0
5925,2
5926,2
5927,0
5928,2
5929,0
5930,0
5931,0
5932,2
5933,0
5934,1
5935,0
5936,0
5937,0
5938,0
5939,0
5940,0
5941,1
5942,0
5943,0
5944,1
5945,2
5946,0
5947,0
5948,1
5949,0
5950,1
5951,0
5952,2
5953,2
5954,0
5955,1
5956,0
5957,0
5958,0
5959,0
5960,0
5961,1
5962,1
5963,0
5964,2
5965,2
5966,0
5967,0
5968,2
5969,0
5970,0
5971,2
5972,2
5973,1
5974,2
5975,1
5976,0
5977,2
5978,0
5979,0
5980,1
5981,0
5982,1
5983,2
5984,1
5985,1
5986,0
5987,0
5988,0
5989,1
5990,0
5991,1
5992,2
5993,2
5994,2
5995,0
5996,1
5997,0
5998,1
5999,1
6000,1
6001,1
6002,1
6003,0
6004,0
6005,1
6006,1
6007,2
6008,2
6009,2
6010,2
6011,2
6012,2
6013,0
6014,0
6015,2
6016,0
6017,2
6018,0
6019,0
6020,0
6021,0
6022,1
6023,1
6024,1
6025,1
6026,2
6027,0
6028,0
6029,1
6030,1
6031,2
6032,2
6033,0
6034,1
6035,0
6036,0
6037,0
6038,2
6039,2
6040,2
6041,0
6042,2
6043,0
6044,1
6045,0
6046,0
6047,1
6048,0
6049,0
6050,2
6051,0
6052,0
6053,1
6054,1
6055,0
6056,0
6057,2
6058,1
6059,2
6060,0
6061,1
6062,2
6063,0
6064,0
6065,0
6066,1
6067,0
6068,2
6069,1
6070,0
6071,0
6072,2
6073,0
6074,1
6075,1
6076,2
6077,2
6078,0
6079,0
6080,0
6081,2
6082,0
6083,2
6084,1
6085,1
6086,0
6087,0
6088,0
6089,0
6090,0
6091,2
6092,1
6093,0
6094,2
6095,1
6096,2
6097,1
6098,0
6099,2
6100,0
6101,2
6102,2
6103,0
6104,2
6105,2
6106,0
6107,0
6108,2
6109,0
6110,2
6111,2
6112,2
6113,1
6114,0
6115,2
6116,0
6117,1
6118,0
6119,0
6120,2
6121,1
6122,1
6123,2
6124,2
6125,0
6126,1
6127,2
6128,0
6129,2
6130,0
6131,0
6132,0
6133,0
6134,2
6135,1
6136,2
6137,0
6138,1
6139,2
6140,1
6141,2
6142,1
6143,2
6144,2
6145,0
6146,2
6147,1
6148,2
6149,1
6150,1
6151,1
6152,0
6153,2
6154,0
6155,0
6156,0
6157,1
6158,2
6159,0
6160,0
6161,0
6162,2
6163,0
6164,1
6165,0
6166,0
6167,0
6168,2
6169,0
6170,2
6171,2
6172,1
6173,2
6174,0
6175,0
6176,0
6177,0
6178,1
6179,2
6180,1
6181,0
6182,0
6183,2
6184,0
6185,1
6186,0
6187,1
6188,0
6189,2
6190,2
6191,0
6192,2
6193,2
6194,0
6195,1
6196,0
6197,1
6198,2
6199,1
6200,0
6201,0
6202,1
6203,1
6204,0
6205,2
6206,2
6207,0
6208,1
6209,2
6210,0
6211,2
6212,1
6213,2
6214,2
6215,0
6216,0
6217,0
6218,0
6219,2
6220,0
6221,2
6222,0
6223,0
6224,2
6225,2
6226,1
6227,1
6228,0
6229,1
6230,0
6231,1
6232,1
6233,1
6234,0
6235,0
6236,0
6237,0
6238,0
6239,2
6240,2
6241,0
6242,2
6243,0
6244,1
6245,0
6246,0
6247,1
6248,0
6249,2
6250,0
6251,2
6252,2
6253,0
6254,1
6255,1
6256,2
6257,0
6258,0
6259,1
6260,0
6261,0
6262,1
6263,1
6264,2
6265,0
6266,0
6267,0
6268,0
6269,0
6270,2
6271,2
6272,1
6273,0
6274,1
6275,0
6276,2
6277,2
6278,2
6279,2
6280,2
6281,1
6282,1
6283,0
6284,2
6285,2
6286,0
6287,2
6288,1
6289,2
6290,0
6291,2
6292,1
6293,0
6294,2
6295,2
6296,2
6297,1
6298,0
6299,2
6300,0
6301,1
6302,0
6303,2
6304,0
6305,2
6306,2
6307,2
6308,2
6309,2
6310,0
6311,0
6312,0
6313,1
6314,0
6315,0
6316,0
6317,0
6318,0
6319,1
6320,2
6321,0
6322,0
6323,0
6324,1
6325,0
6326,1
6327,0
6328,1
6329,1
6330,0
6331,2
6332,2
6333,0
6334,2
6335,0
6336,0
6337,2
6338,0
6339,2
6340,0
6341,0
6342,2
6343,2
6344,0
6345,0
6346,2
6347,1
6348,2
6349,2
6350,0
6351,1
6352,2
6353,0
6354,2
6355,1
6356,2
6357,1
6358,1
6359,0
6360,2
6361,2
6362,2
6363,1
6364,2
6365,0
6366,2
6367,0
6368,0
6369,2
6370,0
6371,2
6372,0
6373,0
6374,0
6375,2
6376,2
6377,2
6378,2
6379,1
6380,0
6381,1
6382,1
6383,1
6384,0
6385,2
6386,0
6387,0
6388,2
6389,0
6390,1
6391,0
6392,1
6393,0
6394,2
6395,0
6396,0
6397,1
6398,0
6399,0
6400,0
6401,0
6402,2
6403,2
6404,1
6405,2
6406,2
6407,0
6408,1
6409,2
6410,0
6411,1
6412,2
6413,2
6414,1
6415,0
6416,0
6417,0
6418,0
6419,1
6420,1
6421,2
6422,1
6423,0
6424,0
6425,2
6426,0
6427,2
6428,2
6429,1
6430,0
6431,0
6432,0
6433,0
6434,1
6435,1
6436,0
6437,2
6438,0
6439,1
6440,2
6441,2
6442,1
6443,0
6444,2
6445,2
6446,0
6447,0
6448,0
6449,0
6450,2
6451,0
6452,0
6453,0
6454,0
6455,0
6456,0
6457,1
6458,1
6459,2
6460,2
6461,0
6462,0
6463,1
6464,0
6465,0
6466,2
6467,0
6468,0
6469,0
6470,1
6471,1
6472,0
6473,1
6474,2
6475,1
6476,2
6477,0
6478,0
6479,0
6480,0
6481,1
6482,0
6483,2
6484,1
6485,1
6486,0
6487,1
6488,0
6489,2
6490,1
6491,1
6492,1
6493,1
6494,1
6495,2
6496,0
6497,2
6498,2
6499,2
6500,1
6501,0
6502,0
6503,0
6504,0
6505,0
6506,2
6507,0
6508,2
6509,2
6510,0
6511,2
6512,0
6513,1
6514,0
6515,0
6516,0
6517,0
6518,0
6519,1
6520,1
6521,0
6522,0
6523,0
6524,0
6525,0
6526,0
6527,2
6528,1
6529,0
6530,2
6531,1
6532,1
6533,0
6534,1
6535,1
6536,1
6537,1
6538,0
6539,2
6540,2
6541,1
6542,0
6543,1
6544,2
6545,0
6546,0
6547,2
6548,0
6549,0
6550,2
6551,2
6552,1
6553,2
6554,0
6555,2
6556,2
6557,2
6558,0
6559,2
6560,0
6561,0
6562,0
6563,2
6564,0
6565,0
6566,0
6567,0
6568,0
6569,2
6570,0
6571,1
6572,0
6573,0
6574,2
6575,1
6576,0
6577,2
6578,0
6579,0
6580,2
6581,2
6582,1
6583,0
6584,2
6585,1
6586,2
6587,0
6588,1
6589,1
6590,1
6591,0
6592,0
6593,2
6594,1
6595,0
6596,0
6597,2
6598,1
6599,2
6600,0
6601,0
6602,1
6603,0
6604,2
6605,2
6606,1
6607,2
6608,2
6609,2
6610,2
6611,0
6612,0
6613,0
6614,1
6615,0
6616,1
6617,2
6618,0
6619,0
6620,2
6621,0
6622,1
6623,0
6624,1
6625,1
6626,0
6627,2
6628,0
6629,1
6630,0
6631,0
6632,0
6633,0
6634,0
6635,0
6636,0
6637,2
6638,0
6639,0
6640,0
6641,2
6642,1
6643,0
6644,2
6645,2
6646,0
6647,0
6648,0
6649,2
6650,2
6651,2
6652,1
6653,0
6654,1
6655,0
6656,2
6657,2
6658,0
6659,0
6660,1
6661,0
6662,0
6663,2
6664,0
6665,2
6666,0
6667,0
6668,2
6669,2
6670,2
6671,0
6672,2
6673,2
6674,0
6675,0
6676,0
6677,1
6678,0
6679,0
6680,0
6681,2
6682,0
6683,0
6684,0
6685,1
6686,2
6687,2
6688,0
6689,1
6690,2
6691,2
6692,1
6693,0
6694,0
6695,2
6696,0
6697,0
6698,2
6699,1
6700,1
6701,2
6702,1
6703,1
6704,1
6705,2
6706,1
6707,2
6708,0
6709,0
6710,2
6711,0
6712,1
6713,2
6714,0
6715,0
6716,2
6717,0
6718,0
6719,2
6720,0
6721,0
6722,0
6723,2
6724,1
6725,2
6726,1
6727,2
6728,0
6729,1
6730,0
6731,1
6732,1
6733,2
6734,0
6735,0
6736,0
6737,0
6738,0
6739,0
6740,2
6741,2
6742,0
6743,0
6744,0
6745,0
6746,0
6747,0
6748,2
6749,0
6750,0
6751,0
6752,1
6753,0
6754,2
6755,1
6756,1
6757,0
6758,0
6759,0
6760,0
6761,0
6762,0
6763,1
6764,0
6765,2
6766,0
6767,0
6768,2
6769,2
6770,0
6771,2
6772,0
6773,0
6774,0
6775,1
6776,0
6777,2
6778,0
6779,2
6780,0
6781,0
6782,1
6783,1
6784,0
6785,2
6786,2
6787,2
6788,1
6789,0
6790,2
6791,0
6792,1
6793,0
6794,0
6795,0
6796,0
6797,0
6798,0
6799,2
6800,0
6801,0
6802,2
6803,0
6804,0
6805,0
6806,2
6807,0
6808,0
6809,0
6810,2
6811,0
6812,0
6813,0
6814,0
6815,0
6816,2
6817,1
6818,0
6819,2
6820,1
6821,0
6822,1
6823,1
6824,0
6825,0
6826,0
6827,1
6828,2
6829,2
6830,1
6831,2
6832,2
6833,1
6834,2
6835,2
6836,2
6837,0
6838,1
6839,1
6840,2
6841,1
6842,0
6843,0
6844,2
6845,1
6846,2
6847,0
6848,0
6849,2
6850,1
6851,1
6852,0
6853,0
6854,0
6855,0
6856,1
6857,1
6858,0
6859,2
6860,0
6861,2
6862,1
6863,1
6864,0
6865,2
6866,1
6867,2
6868,0
6869,0
6870,2
6871,2
6872,2
6873,0
6874,1
6875,0
6876,0
6877,0
6878,0
6879,0
6880,1
6881,0
6882,2
6883,2
6884,2
6885,0
6886,2
6887,2
6888,0
6889,0
6890,2
6891,2
6892,0
6893,1
6894,2
6895,2
6896,0
6897,0
6898,0
6899,0
6900,0
6901,0
6902,0
6903,0
6904,1
6905,0
6906,1
6907,1
6908,0
6909,0
6910,2
6911,1
6912,0
6913,1
6914,2
6915,2
6916,0
6917,2
6918,1
6919,0
6920,2
6921,2
6922,1
6923,0
6924,2
6925,2
6926,1
6927,0
6928,0
6929,2
6930,0
6931,1
6932,0
6933,1
6934,0
6935,0
6936,0
6937,2
6938,2
6939,0
6940,2
6941,0
6942,0
6943,2
6944,2
6945,0
6946,2
6947,2
6948,0
6949,1
6950,0
6951,2
6952,2
6953,2
6954,2
6955,0
6956,0
6957,0
6958,0
6959,0
6960,2
6961,2
6962,0
6963,0
6964,0
6965,2
6966,0
6967,1
6968,2
6969,1
6970,0
6971,0
6972,2
6973,2
6974,2
6975,0
6976,1
6977,1
6978,0
6979,0
6980,1
6981,0
6982,1
6983,0
6984,2
6985,0
6986,2
6987,1
6988,0
6989,1
6990,0
6991,0
6992,2
6993,0
6994,2
6995,1
6996,0
6997,2
6998,2
6999,0
7000,2
7001,0
7002,2
7003,0
7004,0
7005,0
7006,0
7007,2
7008,2
7009,0
7010,0
7011,0
7012,0
7013,0
7014,2
7015,1
7016,2
7017,0
7018,0
7019,0
7020,0
7021,1
7022,0
7023,2
7024,1
7025,2
7026,0
7027,2
7028,2
7029,2
7030,0
7031,2
7032,1
7033,2
7034,2
7035,1
7036,0
7037,0
7038,0
7039,0
7040,1
7041,0
7042,0
7043,0
7044,0
7045,2
7046,0
7047,0
7048,2
7049,0
7050,1
7051,2
7052,0
7053,0
7054,0
7055,2
7056,1
7057,0
7058,0
7059,1
7060,0
7061,2
7062,0
7063,2
7064,1
7065,0
7066,2
7067,2
7068,2
7069,2
7070,0
7071,0
7072,0
7073,0
7074,2
7075,1
7076,2
7077,2
7078,2
7079,0
7080,0
7081,2
7082,1
7083,2
7084,0
7085,0
7086,2
7087,1
7088,0
7089,2
7090,1
7091,0
7092,1
7093,0
7094,0
7095,0
7096,2
7097,2
7098,0
7099,2
7100,0
7101,1
7102,1
7103,2
7104,1
7105,0
7106,2
7107,0
7108,1
7109,2
7110,0
7111,0
7112,0
7113,0
7114,0
7115,2
7116,2
7117,0
7118,0
7119,2
7120,2
7121,1
7122,1
7123,0
7124,0
7125,0
7126,2
7127,2
7128,0
7129,0
7130,0
7131,2
7132,0
7133,2
7134,0
7135,1
7136,2
7137,2
7138,2
7139,1
7140,2
7141,2
7142,0
7143,2
7144,0
7145,2
7146,2
7147,0
7148,0
7149,0
7150,0
7151,0
7152,1
7153,1
7154,1
7155,0
7156,0
7157,2
7158,1
7159,0
7160,0
7161,0
7162,1
7163,1
7164,1
7165,0
7166,1
7167,0
7168,0
7169,2
7170,1
7171,2
7172,2
7173,1
7174,1
7175,1
7176,0
7177,0
7178,0
7179,0
7180,1
7181,1
7182,0
7183,0
7184,0
7185,1
7186,2
7187,1
7188,0
7189,0
7190,2
7191,0
7192,0
7193,2
7194,2
7195,0
7196,2
7197,2
7198,0
7199,1
7200,1
7201,2
7202,0
7203,1
7204,1
7205,2
7206,1
7207,0
7208,2
7209,0
7210,1
7211,1
7212,2
7213,1
7214,1
7215,2
7216,0
7217,2
7218,1
7219,0
7220,2
7221,1
7222,1
7223,0
7224,2
7225,0
7226,2
7227,1
7228,2
7229,0
7230,0
7231,1
7232,2
7233,2
7234,1
7235,2
7236,1
7237,2
7238,1
7239,2
7240,1
7241,1
7242,0
7243,2
7244,0
7245,1
7246,0
7247,2
7248,2
7249,0
7250,1
7251,2
7252,2
7253,0
7254,0
7255,0
7256,0
7257,0
7258,2
7259,0
7260,1
7261,0
7262,2
7263,2
7264,0
7265,0
7266,0
7267,2
7268,0
7269,2
7270,0
7271,2
7272,0
7273,2
7274,1
7275,1
7276,0
7277,1
7278,0
7279,0
7280,0
7281,0
7282,2
7283,2
7284,1
7285,1
7286,2
7287,2
7288,0
7289,2
7290,0
7291,0
7292,0
7293,1
7294,0
7295,1
7296,2
7297,0
7298,2
7299,1
7300,1
7301,0
7302,1
7303,1
7304,0
7305,0
7306,0
7307,0
7308,1
7309,0
7310,0
7311,0
7312,1
7313,1
7314,2
7315,0
7316,1
7317,2
7318,0
7319,2
7320,2
7321,1
7322,0
7323,1
7324,0
7325,0
7326,2
7327,0
7328,1
7329,0
7330,0
7331,0
7332,1
7333,0
7334,1
7335,2
7336,0
7337,1
7338,2
7339,0
7340,0
7341,0
7342,1
7343,0
7344,2
7345,0
7346,2
7347,0
7348,1
7349,2
7350,0
7351,2
7352,0
7353,0
7354,0
7355,2
7356,1
7357,0
7358,0
7359,1
7360,2
7361,2
7362,1
7363,1
7364,0
7365,0
7366,2
7367,2
7368,0
7369,0
7370,2
7371,0
7372,0
7373,0
7374,2
7375,0
7376,1
7377,0
7378,0
7379,2
7380,0
7381,0
7382,0
7383,1
7384,0
7385,2
7386,2
7387,0
7388,0
7389,0
7390,1
7391,2
7392,2
7393,1
7394,0
7395,2
7396,1
7397,2
7398,0
7399,1
7400,0
7401,2
7402,2
7403,2
7404,2
7405,0
7406,0
7407,2
7408,2
7409,2
7410,0
7411,2
7412,2
7413,1
7414,0
7415,2
7416,2
7417,0
7418,0
7419,1
7420,0
7421,1
7422,1
7423,1
7424,0
7425,2
7426,1
7427,0
7428,2
7429,1
7430,0
7431,1
7432,2
7433,0
7434,0
7435,1
7436,2
7437,2
7438,2
7439,0
7440,2
7441,2
7442,0
7443,0
7444,0
7445,0
7446,2
7447,2
7448,1
7449,0
7450,0
7451,0
7452,1
7453,0
7454,0
7455,1
7456,2
7457,0
7458,2
7459,1
7460,2
7461,2
7462,2
7463,0
7464,1
7465,0
7466,1
7467,0
7468,0
7469,2
7470,0
7471,1
7472,1
7473,0
7474,0
7475,2
7476,2
7477,2
7478,1
7479,0
7480,2
7481,0
7482,0
7483,0
7484,1
7485,0
7486,0
7487,1
7488,1
7489,0
7490,2
7491,1
7492,0
7493,0
7494,0
7495,2
7496,1
7497,2
7498,0
7499,2
7500,2
7501,2
7502,1
7503,2
7504,1
7505,0
7506,1
7507,0
7508,0
7509,1
7510,0
7511,2
7512,2
7513,0
7514,0
7515,2
7516,0
7517,0
7518,2
7519,1
7520,0
7521,0
7522,0
7523,0
7524,1
7525,0
7526,0
7527,0
7528,2
7529,1
7530,1
7531,1
7532,0
7533,2
7534,1
7535,2
7536,2
7537,2
7538,0
7539,0
7540,0
7541,2
7542,1
7543,2
7544,2
7545,2
7546,1
7547,0
7548,2
7549,0
7550,1
7551,0
7552,0
7553,1
7554,1
7555,0
7556,2
7557,2
7558,0
7559,2
7560,0
7561,0
7562,1
7563,2
7564,0
7565,0
7566,0
7567,2
7568,0
7569,0
7570,0
7571,2
7572,0
7573,0
7574,1
7575,0
7576,0
7577,0
7578,2
7579,0
7580,2
7581,2
7582,2
7583,2
7584,0
7585,0
7586,0
7587,0
7588,1
7589,2
7590,1
7591,1
7592,0
7593,0
7594,0
7595,1
7596,0
7597,0
7598,2
7599,0
7600,1
7601,0
7602,2
7603,0
7604,0
7605,0
7606,0
7607,2
7608,2
7609,2
7610,2
7611,0
7612,0
7613,2
7614,2
7615,1
7616,2
7617,0
7618,0
7619,2
7620,2
7621,2
7622,2
7623,2
7624,1
7625,2
7626,2
7627,2
7628,2
7629,2
7630,0
7631,0
7632,0
7633,2
7634,0
7635,2
7636,0
7637,2
7638,1
7639,0
7640,0
7641,1
7642,2
7643,2
7644,0
7645,2
7646,2
7647,0
7648,0
7649,0
7650,0
7651,0
7652,0
7653,1
7654,1
7655,1
7656,1
7657,2
7658,1
7659,0
7660,0
7661,0
7662,0
7663,0
7664,0
7665,2
7666,2
7667,0
7668,0
7669,1
7670,0
7671,2
7672,2
7673,0
7674,2
7675,2
7676,0
7677,2
7678,1
7679,0
7680,0
7681,1
7682,0
7683,0
7684,2
7685,0
7686,1
7687,1
7688,0
7689,0
7690,1
7691,2
7692,2
7693,0
7694,0
7695,1
7696,1
7697,1
7698,0
7699,0
7700,0
7701,0
7702,2
7703,0
7704,0
7705,2
7706,0
7707,0
7708,1
7709,2
7710,0
7711,0
7712,0
7713,1
7714,0
7715,1
7716,0
7717,0
7718,2
7719,0
7720,1
7721,2
7722,0
7723,2
7724,2
7725,1
7726,2
7727,1
7728,1
7729,1
7730,2
7731,2
7732,2
7733,2
7734,0
7735,0
7736,2
7737,0
7738,0
7739,0
7740,2
7741,2
7742,1
7743,0
7744,0
7745,0
7746,2
7747,0
7748,0
7749,0
7750,0
7751,1
7752,0
7753,0
7754,0
7755,1
7756,1
7757,1
7758,2
7759,0
7760,1
7761,2
7762,0
7763,2
7764,2
7765,0
7766,0
7767,0
7768,0
7769,1
7770,0
7771,0
7772,1
7773,0
7774,0
7775,0
7776,1
7777,0
7778,1
7779,1
7780,0
7781,0
7782,0
7783,2
7784,0
7785,1
7786,0
7787,1
7788,0
7789,0
7790,0
7791,0
7792,1
7793,1
7794,0
7795,0
7796,1
7797,0
7798,2
7799,2
7800,1
7801,0
7802,2
7803,2
7804,2
7805,0
7806,0
7807,1
7808,0
7809,2
7810,0
7811,0
7812,0
7813,2
7814,0
7815,2
7816,0
7817,0
7818,1
7819,1
7820,0
7821,2
7822,2
7823,0
7824,2
7825,0
7826,2
7827,0
7828,2
7829,2
7830,2
7831,0
7832,0
7833,0
7834,2
7835,0
7836,2
7837,1
7838,0
7839,0
7840,0
7841,2
7842,0
7843,0
7844,2
7845,0
7846,1
7847,1
7848,0
7849,2
7850,2
7851,2
7852,0
7853,0
7854,0
7855,0
7856,0
7857,1
7858,0
7859,2
7860,0
7861,1
7862,0
7863,0
7864,1
7865,0
7866,2
7867,0
7868,2
7869,0
7870,2
7871,0
7872,0
7873,1
7874,0
7875,1
7876,1
7877,0
7878,2
7879,2
7880,0
7881,0
7882,0
7883,2
7884,2
7885,2
7886,1
7887,1
7888,1
7889,0
7890,1
7891,1
7892,0
7893,0
7894,0
7895,2
7896,2
7897,2
7898,2
7899,0
7900,2
7901,0
7902,0
7903,0
7904,2
7905,2
7906,2
7907,1
7908,0
7909,0
7910,1
7911,2
7912,0
7913,1
7914,2
7915,2
7916,2
7917,2
7918,1
7919,2
7920,0
7921,2
7922,1
7923,0
7924,2
7925,0
7926,1
7927,1
7928,2
7929,0
7930,0
7931,0
7932,0
7933,1
7934,2
7935,0
7936,0
7937,2
7938,0
7939,2
7940,0
7941,0
7942,0
7943,1
7944,2
7945,0
7946,2
7947,0
7948,0
7949,1
7950,2
7951,1
7952,1
7953,0
7954,2
7955,0
7956,0
7957,0
7958,1
7959,0
7960,2
7961,0
7962,0
7963,2
7964,2
7965,0
7966,1
7967,1
7968,1
7969,2
7970,0
7971,0
7972,0
7973,2
7974,2
7975,0
7976,1
7977,1
7978,1
7979,1
7980,0
7981,0
7982,0
7983,0
7984,0
7985,2
7986,2
7987,2
7988,0
7989,0
7990,0
7991,1
7992,2
7993,2
7994,0
7995,2
7996,1
7997,0
7998,2
7999,2
8000,1
8001,0
8002,2
8003,0
8004,1
8005,0
8006,2
8007,0
8008,2
8009,1
8010,2
8011,0
8012,0
8013,0
8014,1
8015,0
8016,0
8017,0
8018,0
8019,2
8020,0
8021,0
8022,2
8023,0
8024,2
8025,2
8026,0
8027,2
8028,1
8029,0
8030,2
8031,1
8032,1
8033,0
8034,2
8035,0
8036,2
8037,0
8038,0
8039,0
8040,1
8041,0
8042,0
8043,0
8044,1
8045,1
8046,1
8047,2
8048,2
8049,0
8050,0
8051,0
8052,0
8053,0
8054,2
8055,1
8056,1
8057,0
8058,0
8059,2
8060,1
8061,0
8062,0
8063,0
8064,0
8065,2
8066,0
8067,0
8068,0
8069,0
8070,0
8071,1
8072,1
8073,2
8074,0
8075,0
8076,2
8077,0
8078,1
8079,0
8080,2
8081,0
8082,2
8083,0
8084,1
8085,0
8086,0
8087,0
8088,2
8089,0
8090,0
8091,2
8092,1
8093,0
8094,0
8095,0
8096,0
8097,1
8098,2
8099,1
8100,0
8101,0
8102,1
8103,0
8104,0
8105,0
8106,0
8107,0
8108,0
8109,1
8110,1
8111,0
8112,0
8113,0
8114,0
8115,0
8116,2
8117,0
8118,2
8119,1
8120,0
8121,2
8122,2
8123,0
8124,0
8125,1
8126,0
8127,2
8128,0
8129,2
8130,0
8131,0
8132,0
8133,0
8134,1
8135,0
8136,2
8137,2
8138,2
8139,1
8140,2
8141,0
8142,0
8143,0
8144,2
8145,0
8146,0
8147,1
8148,0
8149,0
8150,2
8151,2
8152,2
8153,1
8154,1
8155,1
8156,2
8157,2
8158,2
8159,1
8160,2
8161,0
8162,0
8163,1
8164,0
8165,1
8166,0
8167,2
8168,1
8169,2
8170,0
8171,2
8172,0
8173,0
8174,0
8175,0
8176,0
8177,2
8178,1
8179,2
8180,2
8181,1
8182,2
8183,2
8184,0
8185,2
8186,1
8187,0
8188,0
8189,2
8190,2
8191,2
8192,2
8193,0
8194,1
8195,0
8196,2
8197,2
8198,0
8199,0
8200,1
8201,0
8202,0
8203,0
8204,0
8205,0
8206,0
8207,2
8208,1
8209,0
8210,2
8211,0
8212,2
8213,0
8214,0
8215,2
8216,0
8217,0
8218,2
8219,0
8220,0
8221,0
8222,2
8223,1
8224,1
8225,1
8226,0
8227,2
8228,2
8229,2
8230,0
8231,0
8232,0
8233,0
8234,2
8235,2
8236,0
8237,2
8238,0
8239,0
8240,0
8241,0
8242,2
8243,2
8244,0
8245,0
8246,1
8247,2
8248,2
8249,2
8250,0
8251,0
8252,2
8253,1
8254,0
8255,1
8256,0
8257,0
8258,0
8259,2
8260,0
8261,1
8262,0
8263,0
8264,0
8265,1
8266,2
8267,1
8268,0
8269,0
8270,0
8271,0
8272,0
8273,0
8274,0
8275,2
8276,1
8277,1
8278,1
8279,1
8280,2
8281,0
8282,0
8283,2
8284,1
8285,0
8286,2
8287,0
8288,2
8289,2
8290,0
8291,1
8292,0
8293,0
8294,1
8295,1
8296,0
8297,0
8298,1
8299,0
8300,0
8301,2
8302,0
8303,0
8304,2
8305,2
8306,0
8307,0
8308,1
8309,2
8310,0
8311,1
8312,1
8313,1
8314,1
8315,0
8316,2
8317,0
8318,2
8319,1
8320,0
8321,0
8322,0
8323,0
8324,1
8325,2
8326,2
8327,0
8328,1
8329,0
8330,0
8331,0
8332,2
8333,2
8334,1
8335,0
8336,2
8337,1
8338,2
8339,2
8340,0
8341,0
8342,2
8343,0
8344,0
8345,1
8346,1
8347,0
8348,2
8349,0
8350,0
8351,0
8352,2
8353,1
8354,0
8355,0
8356,0
8357,2
8358,2
8359,0
8360,1
8361,0
8362,0
8363,2
8364,2
8365,0
8366,1
8367,0
8368,1
8369,2
8370,1
8371,2
8372,2
8373,0
8374,0
8375,0
8376,2
8377,0
8378,2
8379,2
8380,1
8381,0
8382,1
8383,2
8384,0
8385,0
8386,1
8387,0
8388,2
8389,1
8390,0
8391,0
8392,0
8393,0
8394,0
8395,2
8396,1
8397,0
8398,0
8399,2
8400,2
8401,0
8402,0
8403,0
8404,2
8405,2
8406,2
8407,0
8408,0
8409,0
8410,2
8411,2
8412,1
8413,0
8414,1
8415,2
8416,1
8417,0
8418,0
8419,0
8420,0
8421,1
8422,0
8423,1
8424,2
8425,2
8426,0
8427,2
8428,0
8429,1
8430,2
8431,0
8432,0
8433,2
8434,1
8435,0
8436,0
8437,2
8438,2
8439,0
8440,0
8441,0
8442,2
8443,0
8444,1
8445,2
8446,0
8447,1
8448,0
8449,0
8450,2
8451,1
8452,2
8453,1
8454,1
8455,2
8456,2
8457,2
8458,2
8459,0
8460,2
8461,0
8462,0
8463,1
8464,1
8465,2
8466,2
8467,0
8468,0
8469,2
8470,2
8471,0
8472,2
8473,2
8474,0
8475,1
8476,0
8477,0
8478,0
8479,0
8480,0
8481,0
8482,0
8483,0
8484,2
8485,0
8486,0
8487,2
8488,0
8489,1
8490,1
8491,2
8492,1
8493,0
8494,2
8495,2
8496,0
8497,2
8498,2
8499,2
8500,0
8501,1
8502,0
8503,0
8504,2
8505,2
8506,1
8507,0
8508,0
8509,2
8510,2
8511,0
8512,1
8513,1
8514,2
8515,2
8516,2
8517,0
8518,0
8519,1
8520,0
8521,1
8522,2
8523,0
8524,0
8525,0
8526,2
8527,1
8528,0
8529,2
8530,0
8531,1
8532,1
8533,0
8534,0
8535,0
8536,1
8537,0
8538,0
8539,2
8540,1
8541,0
8542,2
8543,2
8544,0
8545,0
8546,1
8547,0
8548,2
8549,1
8550,0
8551,0
8552,0
8553,2
8554,2
8555,0
8556,0
8557,2
8558,0
8559,0
8560,2
8561,0
8562,1
8563,2
8564,0
8565,0
8566,0
8567,1
8568,2
8569,2
8570,0
8571,1
8572,1
8573,2
8574,1
8575,2
8576,1
8577,0
8578,1
8579,2
8580,1
8581,1
8582,0
8583,2
8584,1
8585,0
8586,0
8587,2
8588,2
8589,2
8590,0
8591,0
8592,2
8593,2
8594,2
8595,2
8596,0
8597,2
8598,0
8599,0
8600,0
8601,2
8602,1
8603,1
8604,2
8605,2
8606,0
8607,0
8608,2
8609,2
8610,0
8611,0
8612,2
8613,2
8614,0
8615,0
8616,0
8617,2
8618,1
8619,0
8620,0
8621,0
8622,1
8623,2
8624,0
8625,2
8626,0
8627,1
8628,2
8629,1
8630,1
8631,0
8632,2
8633,2
8634,0
8635,1
8636,0
8637,2
8638,0
8639,0
8640,2
8641,0
8642,0
8643,0
8644,0
8645,2
8646,0
8647,0
8648,2
8649,0
8650,2
8651,0
8652,0
8653,0
8654,0
8655,0
8656,0
8657,1
8658,0
8659,0
8660,0
8661,0
8662,0
8663,2
8664,1
8665,0
8666,0
8667,2
8668,1
8669,2
8670,2
8671,2
8672,0
8673,2
8674,2
8675,0
8676,1
8677,0
8678,0
8679,0
8680,0
8681,0
8682,0
8683,2
8684,0
8685,0
8686,2
8687,0
8688,0
8689,0
8690,1
8691,0
8692,2
8693,0
8694,0
8695,0
8696,0
8697,0
8698,0
8699,0
8700,2
8701,0
8702,1
8703,1
8704,0
8705,0
8706,1
8707,2
8708,0
8709,0
8710,0
8711,0
8712,2
8713,1
8714,2
8715,2
8716,1
8717,1
8718,0
8719,0
8720,0
8721,2
8722,1
8723,0
8724,0
8725,0
8726,2
8727,0
8728,0
8729,2
8730,0
8731,0
8732,2
8733,2
8734,0
8735,0
8736,2
8737,1
8738,2
8739,0
8740,0
8741,0
8742,0
8743,1
8744,0
8745,1
8746,0
8747,0
8748,0
8749,1
8750,0
8751,0
8752,1
8753,1
8754,1
8755,2
8756,0
8757,0
8758,0
8759,0
8760,2
8761,0
8762,0
8763,2
8764,0
8765,2
8766,0
8767,2
8768,0
8769,0
8770,2
8771,0
8772,1
8773,0
8774,1
8775,1
8776,0
8777,1
8778,2
8779,0
8780,1
8781,2
8782,2
8783,0
8784,0
8785,0
8786,1
8787,0
8788,0
8789,0
8790,2
8791,0
8792,0
8793,0
8794,2
8795,2
8796,0
8797,2
8798,0
8799,1
8800,0
8801,0
8802,1
8803,0
8804,1
8805,0
8806,0
8807,0
8808,0
8809,0
8810,0
8811,2
8812,1
8813,1
8814,2
8815,2
8816,1
8817,0
8818,2
8819,1
8820,2
8821,0
8822,1
8823,1
8824,2
8825,1
8826,2
8827,0
8828,1
8829,0
8830,0
8831,0
8832,2
8833,1
8834,2
8835,2
8836,0
8837,2
8838,0
8839,2
8840,0
8841,0
8842,0
8843,1
8844,1
8845,1
8846,0
8847,2
8848,2
8849,0
8850,0
8851,2
8852,2
8853,0
8854,0
8855,0
8856,0
8857,1
8858,0
8859,2
8860,1
8861,1
8862,0
8863,0
8864,2
8865,0
8866,0
8867,0
8868,2
8869,0
8870,1
8871,2
8872,0
8873,1
8874,2
8875,2
8876,0
8877,0
8878,2
8879,0
8880,0
8881,0
8882,1
8883,2
8884,2
8885,2
8886,0
8887,0
8888,2
8889,0
8890,0
8891,0
8892,1
8893,0
8894,0
8895,0
8896,2
8897,0
8898,0
8899,2
8900,0
8901,2
8902,0
8903,2
8904,0
8905,0
8906,1
8907,1
8908,0
8909,0
8910,0
8911,1
8912,1
8913,0
8914,1
8915,0
8916,1
8917,1
8918,0
8919,2
8920,1
8921,0
8922,1
8923,2
8924,2
8925,2
8926,2
8927,1
8928,0
8929,0
8930,0
8931,0
8932,0
8933,0
8934,1
8935,2
8936,0
8937,0
8938,1
8939,0
8940,0
8941,2
8942,2
8943,0
8944,0
8945,0
8946,2
8947,0
8948,2
8949,2
8950,0
8951,1
8952,0
8953,2
8954,1
8955,2
8956,0
8957,0
8958,0
8959,0
8960,2
8961,0
8962,0
8963,0
8964,0
8965,2
8966,0
8967,0
8968,0
8969,0
8970,2
8971,0
8972,2
8973,0
8974,2
8975,0
8976,2
8977,2
8978,0
8979,0
8980,2
8981,0
8982,0
8983,0
8984,1
8985,0
8986,0
8987,0
8988,0
8989,2
8990,2
8991,2
8992,0
8993,0
8994,1
8995,2
8996,1
8997,2
8998,0
8999,0
9000,0
9001,0
9002,2
9003,1
9004,2
9005,2
9006,2
9007,2
9008,0
9009,2
9010,1
9011,2
9012,0
9013,0
9014,0
9015,0
9016,0
9017,1
9018,0
9019,0
9020,0
9021,2
9022,0
9023,2
9024,2
9025,0
9026,1
9027,2
9028,2
9029,0
9030,0
9031,1
9032,0
9033,1
9034,0
9035,2
9036,2
9037,0
9038,1
9039,2
9040,1
9041,2
9042,0
9043,0
9044,0
9045,0
9046,1
9047,0
9048,0
9049,0
9050,0
9051,2
9052,1
9053,1
9054,2
9055,1
9056,0
9057,2
9058,2
9059,0
9060,2
9061,2
9062,1
9063,1
9064,1
9065,1
9066,0
9067,0
9068,0
9069,1
9070,2
9071,0
9072,1
9073,2
9074,2
9075,1
9076,1
9077,1
9078,2
9079,2
9080,2
9081,2
9082,1
9083,0
9084,0
9085,1
9086,1
9087,0
9088,1
9089,2
9090,0
9091,0
9092,2
9093,0
9094,2
9095,2
9096,2
9097,1
9098,2
9099,2
9100,1
9101,2
9102,0
9103,1
9104,0
9105,2
9106,2
9107,2
9108,0
9109,2
9110,0
9111,2
9112,2
9113,0
9114,0
9115,1
9116,1
9117,1
9118,2
9119,0
9120,0
9121,0
9122,1
9123,0
9124,2
9125,2
9126,0
9127,2
9128,0
9129,0
9130,1
9131,0
9132,1
9133,0
9134,0
9135,2
9136,0
9137,0
9138,2
9139,1
9140,0
9141,2
9142,2
9143,0
9144,0
9145,0
9146,1
9147,1
9148,2
9149,2
9150,1
9151,2
9152,0
9153,1
9154,0
9155,0
9156,0
9157,0
9158,1
9159,1
9160,2
9161,0
9162,2
9163,2
9164,0
9165,0
9166,0
9167,0
9168,2
9169,0
9170,0
9171,2
9172,1
9173,0
9174,0
9175,0
9176,0
9177,2
9178,0
9179,0
9180,0
9181,2
9182,1
9183,2
9184,0
9185,0
9186,2
9187,0
9188,2
9189,0
9190,1
9191,2
9192,2
9193,2
9194,1
9195,0
9196,0
9197,0
9198,0
9199,1
9200,0
9201,2
9202,1
9203,2
9204,0
9205,0
9206,0
9207,0
9208,0
9209,0
9210,2
9211,2
9212,2
9213,2
9214,0
9215,1
9216,0
9217,0
9218,0
9219,1
9220,1
9221,0
9222,1
9223,2
9224,2
9225,1
9226,2
9227,2
9228,2
9229,2
9230,0
9231,2
9232,1
9233,0
9234,0
9235,0
9236,0
9237,0
9238,0
9239,0
9240,1
9241,0
9242,2
9243,2
9244,0
9245,0
9246,2
9247,2
9248,1
9249,0
9250,1
9251,1
9252,1
9253,0
9254,0
9255,0
9256,0
9257,2
9258,0
9259,1
9260,0
9261,2
9262,0
9263,2
9264,0
9265,2
9266,1
9267,2
9268,0
9269,0
9270,0
9271,0
9272,2
9273,0
9274,2
9275,2
9276,0
9277,0
9278,2
9279,2
9280,0
9281,2
9282,0
9283,2
9284,0
9285,1
9286,0
9287,2
9288,0
9289,0
9290,0
9291,1
9292,0
9293,0
9294,2
9295,1
9296,1
9297,1
9298,2
9299,0
9300,2
9301,0
9302,2
9303,0
9304,1
9305,0
9306,0
9307,1
9308,0
9309,2
9310,1
9311,2
9312,0
9313,0
9314,1
9315,1
9316,0
9317,2
9318,2
9319,2
9320,2
9321,1
9322,0
9323,0
9324,0
9325,1
9326,1
9327,0
9328,1
9329,2
9330,0
9331,2
9332,2
9333,2
9334,2
9335,0
9336,0
9337,2
9338,2
9339,0
9340,1
9341,0
9342,0
9343,0
9344,1
9345,0
9346,0
9347,2
9348,2
9349,1
9350,0
9351,1
9352,0
9353,0
9354,2
9355,2
9356,0
9357,1
9358,2
9359,2
9360,0
9361,0
9362,1
9363,0
9364,0
9365,0
9366,0
9367,2
9368,1
9369,2
9370,0
9371,0
9372,1
9373,0
9374,1
9375,2
9376,0
9377,2
9378,0
9379,2
9380,2
9381,0
9382,1
9383,1
9384,0
9385,0
9386,2
9387,0
9388,2
9389,2
9390,2
9391,0
9392,1
9393,2
9394,1
9395,2
9396,0
9397,0
9398,0
9399,0
9400,1
9401,1
9402,2
9403,2
9404,0
9405,1
9406,0
9407,0
9408,0
9409,0
9410,1
9411,0
9412,0
9413,0
9414,1
9415,0
9416,1
9417,0
9418,0
9419,2
9420,0
9421,2
9422,1
9423,1
9424,0
9425,1
9426,0
9427,0
9428,1
9429,0
9430,0
9431,2
9432,2
9433,0
9434,0
9435,1
9436,1
9437,2
9438,0
9439,0
9440,1
9441,2
9442,0
9443,2
9444,1
9445,1
9446,1
9447,0
9448,1
9449,1
9450,2
9451,0
9452,0
9453,2
9454,0
9455,2
9456,1
9457,1
9458,0
9459,2
9460,0
9461,1
9462,1
9463,1
9464,0
9465,2
9466,1
9467,2
9468,2
9469,0
9470,0
9471,1
9472,2
9473,0
9474,1
9475,2
9476,0
9477,1
9478,0
9479,0
9480,0
9481,1
9482,1
9483,0
9484,0
9485,2
9486,2
9487,0
9488,0
9489,1
9490,1
9491,2
9492,0
9493,1
9494,2
9495,2
9496,2
9497,0
9498,0
9499,2
9500,0
9501,2
9502,2
9503,0
9504,2
9505,1
9506,0
9507,1
9508,1
9509,0
9510,0
9511,0
9512,1
9513,2
9514,2
9515,2
9516,0
9517,2
9518,0
9519,2
9520,1
9521,2
9522,1
9523,1
9524,0
9525,0
9526,0
9527,1
9528,0
9529,1
9530,0
9531,2
9532,0
9533,1
9534,0
9535,2
9536,2
9537,2
9538,2
9539,0
9540,0
9541,2
9542,0
9543,0
9544,0
9545,1
9546,1
9547,0
9548,2
9549,0
9550,2
9551,1
9552,0
9553,0
9554,0
9555,1
9556,2
9557,2
9558,2
9559,1
9560,2
9561,0
9562,0
9563,2
9564,0
9565,0
9566,2
9567,2
9568,2
9569,0
9570,0
9571,2
9572,2
9573,0
9574,0
9575,2
9576,1
9577,2
9578,0
9579,1
9580,0
9581,2
9582,0
9583,2
9584,0
9585,0
9586,1
9587,0
9588,1
9589,0
9590,0
9591,2
9592,1
9593,0
9594,2
9595,0
9596,0
9597,0
9598,2
9599,1
9600,2
9601,0
9602,1
9603,0
9604,2
9605,1
9606,0
9607,2
9608,0
9609,0
9610,0
9611,0
9612,0
9613,2
9614,0
9615,2
9616,0
9617,1
9618,0
9619,0
9620,0
9621,0
9622,0
9623,0
9624,2
9625,0
9626,0
9627,1
9628,0
9629,2
9630,2
9631,1
9632,1
9633,1
9634,2
9635,0
9636,2
9637,0
9638,2
9639,0
9640,1
9641,2
9642,0
9643,1
9644,0
9645,0
9646,2
9647,1
9648,0
9649,2
9650,0
9651,0
9652,2
9653,2
9654,1
9655,2
9656,0
9657,1
9658,2
9659,1
9660,1
9661,2
9662,2
9663,0
9664,0
9665,0
9666,0
9667,0
9668,2
9669,2
9670,1
9671,0
9672,0
9673,0
9674,1
9675,0
9676,0
9677,0
9678,0
9679,1
9680,2
9681,1
9682,1
9683,0
9684,0
9685,0
9686,2
9687,0
9688,2
9689,2
9690,2
9691,1
9692,1
9693,0
9694,0
9695,2
9696,2
9697,2
9698,0
9699,1
9700,0
9701,1
9702,2
9703,0
9704,2
9705,0
9706,0
9707,2
9708,1
9709,1
9710,2
9711,0
9712,1
9713,2
9714,0
9715,2
9716,0
9717,1
9718,0
9719,0
9720,1
9721,2
9722,0
9723,2
9724,0
9725,2
9726,0
9727,2
9728,2
9729,2
9730,1
9731,1
9732,2
9733,2
9734,2
9735,0
9736,0
9737,0
9738,0
9739,0
9740,0
9741,0
9742,2
9743,0
9744,0
9745,1
9746,1
9747,2
9748,0
9749,1
9750,1
9751,0
9752,2
9753,0
9754,1
9755,1
9756,0
9757,2
9758,0
9759,0
9760,2
9761,2
9762,1
9763,0
9764,2
9765,0
9766,0
9767,2
9768,2
9769,0
9770,1
9771,2
9772,0
9773,0
9774,0
9775,2
9776,2
9777,0
9778,0
9779,2
9780,0
9781,1
9782,2
9783,0
9784,1
9785,0
9786,2
9787,0
9788,0
9789,2
9790,2
9791,2
9792,0
9793,0
9794,2
9795,0
9796,2
9797,2
9798,0
9799,0
9800,2
9801,2
9802,0
9803,0
9804,1
9805,2
9806,2
9807,0
9808,0
9809,2
9810,0
9811,1
9812,1
9813,0
9814,2
9815,0
9816,0
9817,0
9818,2
9819,2
9820,0
9821,0
9822,2
9823,0
9824,1
9825,1
9826,0
9827,2
9828,0
9829,0
9830,0
9831,0
9832,0
9833,0
9834,2
9835,0
9836,2
9837,0
9838,1
9839,0
9840,2
9841,2
9842,1
9843,2
9844,0
9845,0
9846,0
9847,0
9848,1
9849,2
9850,1
9851,0
9852,1
9853,2
9854,1
9855,1
9856,1
9857,0
9858,1
9859,2
9860,1
9861,2
9862,0
9863,0
9864,0
9865,0
9866,0
9867,2
9868,0
9869,0
9870,1
9871,1
9872,2
9873,1
9874,1
9875,2
9876,0
9877,0
9878,2
9879,2
9880,2
9881,0
9882,2
9883,0
9884,0
9885,2
9886,0
9887,2
9888,1
9889,0
9890,1
9891,0
9892,0
9893,0
9894,0
9895,0
9896,0
9897,1
9898,0
9899,0
9900,0
9901,2
9902,0
9903,2
9904,1
9905,2
9906,2
9907,0
9908,2
9909,2
9910,2
9911,0
9912,1
9913,0
9914,1
9915,0
9916,0
9917,2
9918,2
9919,0
9920,2
9921,0
9922,1
9923,1
9924,0
9925,1
9926,0
9927,0
9928,0
9929,2
9930,1
9931,1
9932,1
9933,1
9934,1
9935,0
9936,0
9937,0
9938,2
9939,0
9940,2
9941,2
9942,1
9943,2
9944,0
9945,0
9946,0
9947,0
9948,0
9949,2
9950,2
9951,0
9952,2
9953,2
9954,1
9955,0
9956,1
9957,0
9958,0
9959,1
9960,0
9961,2
9962,2
9963,0
9964,2
9965,2
9966,1
9967,2
9968,0
9969,0
9970,0
9971,1
9972,2
9973,2
9974,0
9975,1
9976,0
9977,2
9978,0
9979,1
9980,0
9981,1
9982,2
9983,0
9984,2
9985,0
9986,2
9987,2
9988,0
9989,1
9990,0
9991,2
9992,1
9993,0
9994,0
9995,0
9996,0
9997,1
9998,0
9999,0
10000,2
10001,0
10002,1
10003,2
10004,0
10005,0
10006,2
10007,2
10008,0
10009,0
10010,0
10011,2
10012,0
10013,1
10014,1
10015,2
10016,1
10017,0
10018,1
10019,2
10020,1
10021,1
10022,0
10023,2
10024,1
10025,1
10026,2
10027,0
10028,0
10029,2
10030,0
10031,2
10032,2
10033,0
10034,0
10035,0
10036,0
10037,0
10038,2
10039,0
10040,0
10041,2
10042,0
10043,1
10044,2
10045,0
10046,2
10047,1
10048,0
10049,1
10050,0
10051,0
10052,1
10053,1
10054,2
10055,0
10056,1
10057,0
10058,0
10059,2
10060,1
10061,1
10062,2
10063,1
10064,2
10065,1
10066,0
10067,1
10068,1
10069,2
10070,0
10071,2
10072,1
10073,0
10074,0
10075,2
10076,1
10077,2
10078,0
10079,0
10080,1
10081,0
10082,2
10083,0
10084,1
10085,0
10086,2
10087,2
10088,2
10089,0
10090,2
10091,0
10092,0
10093,0
10094,1
10095,0
10096,0
10097,1
10098,2
10099,2
10100,2
10101,1
10102,0
10103,2
10104,2
10105,1
10106,0
10107,1
10108,1
10109,0
10110,1
10111,1
10112,0
10113,1
10114,2
10115,2
10116,0
10117,0
10118,2
10119,2
10120,1
10121,0
10122,0
10123,2
10124,1
10125,0
10126,2
10127,2
10128,0
10129,1
10130,2
10131,0
10132,2
10133,2
10134,0
10135,1
10136,1
10137,2
10138,1
10139,2
10140,2
10141,1
10142,2
10143,1
10144,0
10145,0
10146,2
10147,0
10148,0
10149,0
10150,2
10151,1
10152,0
10153,2
10154,1
10155,0
10156,1
10157,0
10158,0
10159,0
10160,0
10161,2
10162,1
10163,1
10164,2
10165,2
10166,2
10167,0
10168,0
10169,1
10170,0
10171,0
10172,1
10173,1
10174,2
10175,1
10176,2
10177,2
10178,0
10179,0
10180,2
10181,2
10182,0
10183,0
10184,2
10185,1
10186,1
10187,1
10188,0
10189,2
10190,1
10191,2
10192,0
10193,2
10194,2
10195,1
10196,0
10197,0
10198,1
10199,0
10200,0
10201,2
10202,2
10203,0
10204,0
10205,0
10206,0
10207,0
10208,0
10209,0
10210,2
10211,0
10212,0
10213,0
10214,0
10215,2
10216,0
10217,2
10218,0
10219,0
10220,0
10221,1
10222,2
10223,2
10224,2
10225,1
10226,2
10227,0
10228,0
10229,0
10230,0
10231,2
10232,2
10233,2
10234,0
10235,1
10236,0
10237,1
10238,1
10239,1
10240,2
10241,1
10242,0
10243,1
10244,0
10245,0
10246,1
10247,0
10248,1
10249,0
10250,2
10251,0
10252,0
10253,0
10254,0
10255,1
10256,0
10257,0
10258,1
10259,0
10260,0
10261,0
10262,1
10263,1
10264,0
10265,1
10266,1
10267,0
10268,0
10269,0
10270,0
10271,0
10272,0
10273,2
10274,2
10275,0
10276,2
10277,0
10278,1
10279,0
10280,0
10281,0
10282,0
10283,2
10284,0
10285,0
10286,0
10287,2
10288,0
10289,0
10290,0
10291,1
10292,2
10293,1
10294,0
10295,0
10296,0
10297,0
10298,1
10299,0
10300,2
10301,1
10302,0
10303,2
10304,0
10305,0
10306,2
10307,0
10308,1
10309,1
10310,0
10311,0
10312,0
10313,0
10314,2
10315,0
10316,0
10317,2
10318,0
10319,0
10320,2
10321,0
10322,0
10323,2
10324,0
10325,1
10326,0
10327,0
10328,0
10329,1
10330,0
10331,0
10332,0
10333,0
10334,1
10335,2
10336,1
10337,0
10338,2
10339,0
10340,0
10341,0
10342,2
10343,2
10344,1
10345,0
10346,0
10347,1
10348,2
10349,0
10350,0
10351,2
10352,0
10353,2
10354,0
10355,0
10356,1
10357,0
10358,2
10359,0
10360,2
10361,2
10362,0
10363,2
10364,2
10365,1
10366,1
10367,0
10368,0
10369,2
10370,0
10371,1
10372,2
10373,2
10374,2
10375,0
10376,0
10377,2
10378,0
10379,2
10380,1
10381,0
10382,0
10383,0
10384,2
10385,2
10386,0
10387,1
10388,0
10389,2
10390,0
10391,2
10392,0
10393,0
10394,2
10395,0
10396,2
10397,0
10398,0
10399,0
10400,2
10401,1
10402,2
10403,0
10404,0
10405,2
10406,1
10407,0
10408,2
10409,1
10410,1
10411,2
10412,0
10413,2
10414,1
10415,1
10416,0
10417,1
10418,1
10419,0
10420,0
10421,2
10422,2
10423,1
10424,0
10425,1
10426,2
10427,0
10428,0
10429,0
10430,0
10431,1
10432,2
10433,2
10434,1
10435,2
10436,0
10437,0
10438,0
10439,0
10440,0
10441,1
10442,0
10443,1
10444,0
10445,2
10446,0
10447,2
10448,2
10449,2
10450,0
10451,2
10452,1
10453,1
10454,0
10455,0
10456,2
10457,0
10458,1
10459,0
10460,2
10461,0
10462,0
10463,1
10464,2
10465,0
10466,2
10467,2
10468,2
10469,1
10470,1
10471,2
10472,0
10473,2
10474,2
10475,0
10476,1
10477,2
10478,0
10479,2
10480,0
10481,0
10482,1
10483,2
10484,1
10485,1
10486,2
10487,0
10488,0
10489,2
10490,0
10491,2
10492,0
10493,0
10494,2
10495,0
10496,2
10497,1
10498,0
10499,1
10500,2
10501,0
10502,2
10503,0
10504,1
10505,0
10506,0
10507,1
10508,0
10509,2
10510,0
10511,0
10512,1
10513,1
10514,0
10515,0
10516,0
10517,2
10518,0
10519,0
10520,0
10521,0
10522,1
10523,2
10524,0
10525,0
10526,0
10527,2
10528,2
10529,0
10530,0
10531,0
10532,2
10533,0
10534,0
10535,0
10536,1
10537,2
10538,0
10539,1
10540,2
10541,0
10542,1
10543,2
10544,1
10545,2
10546,2
10547,2
10548,0
10549,0
10550,0
10551,0
10552,0
10553,2
10554,0
10555,0
10556,0
10557,0
10558,2
10559,2
10560,2
10561,2
10562,1
10563,0
10564,2
10565,0
10566,0
10567,2
10568,0
10569,0
10570,0
10571,1
10572,1
10573,1
10574,0
10575,0
10576,1
10577,2
10578,0
10579,1
10580,0
10581,0
10582,0
10583,2
10584,0
10585,1
10586,0
10587,0
10588,0
10589,1
10590,2
10591,1
10592,1
10593,0
10594,2
10595,0
10596,0
10597,0
10598,2
10599,0
10600,1
10601,0
10602,0
10603,0
10604,2
10605,0
10606,1
10607,0
10608,2
10609,0
10610,0
10611,0
10612,0
10613,0
10614,0
10615,2
10616,2
10617,2
10618,0
10619,0
10620,2
10621,0
10622,0
10623,2
10624,0
10625,0
10626,0
10627,1
10628,0
10629,1
10630,0
10631,0
10632,0
10633,0
10634,0
10635,1
10636,2
10637,2
10638,2
10639,1
10640,0
10641,1
10642,1
10643,2
10644,0
10645,0
10646,0
10647,2
10648,0
10649,1
10650,0
10651,0
10652,1
10653,0
10654,0
10655,0
10656,0
10657,2
10658,0
10659,0
10660,2
10661,1
10662,0
10663,0
10664,0
10665,0
10666,0
10667,0
10668,2
10669,0
10670,2
10671,2
10672,0
10673,2
10674,0
10675,0
10676,0
10677,0
10678,1
10679,2
10680,2
10681,0
10682,0
10683,0
10684,2
10685,0
10686,0
10687,0
10688,2
10689,1
10690,0
10691,0
10692,2
10693,0
10694,0
10695,0
10696,1
10697,1
10698,1
10699,0
10700,2
10701,0
10702,0
10703,1
10704,0
10705,0
10706,0
10707,0
10708,1
10709,0
10710,2
10711,2
10712,0
10713,1
10714,1
10715,0
10716,0
10717,1
10718,1
10719,2
10720,2
10721,0
10722,0
10723,2
10724,2
10725,1
10726,2
10727,1
10728,0
10729,1
10730,1
10731,0
10732,0
10733,2
10734,1
10735,2
10736,1
10737,0
10738,1
10739,2
10740,0
10741,2
10742,0
10743,0
10744,2
10745,1
10746,1
10747,2
10748,0
10749,0
10750,1
10751,0
10752,1
10753,1
10754,2
10755,0
10756,0
10757,0
10758,0
10759,0
10760,0
10761,0
10762,2
10763,0
10764,0
10765,0
10766,2
10767,0
10768,1
10769,0
10770,0
10771,0
10772,0
10773,2
10774,2
10775,2
10776,2
10777,0
10778,1
10779,2
10780,0
10781,2
10782,1
10783,0
10784,1
10785,0
10786,0
10787,0
10788,0
10789,0
10790,0
10791,0
10792,0
10793,0
10794,1
10795,2
10796,2
10797,0
10798,1
10799,0
10800,1
10801,2
10802,1
10803,0
10804,0
10805,0
10806,0
10807,1
10808,1
10809,1
10810,0
10811,0
10812,0
10813,0
10814,0
10815,0
10816,0
10817,0
10818,0
10819,2
10820,0
10821,1
10822,0
10823,1
10824,1
10825,0
10826,0
10827,0
10828,2
10829,0
10830,0
10831,0
10832,1
10833,0
10834,0
10835,0
10836,1
10837,0
10838,0
10839,0
10840,2
10841,0
10842,1
10843,0
10844,2
10845,2
10846,0
10847,1
10848,2
10849,0
10850,2
10851,0
10852,0
10853,0
10854,2
10855,2
10856,1
10857,1
10858,0
10859,0
10860,2
10861,2
10862,0
10863,2
10864,0
10865,1
10866,2
10867,0
10868,0
10869,1
10870,1
10871,2
10872,0
10873,2
10874,0
10875,1
10876,1
10877,0
10878,2
10879,1
10880,0
10881,2
10882,2
10883,1
10884,2
10885,0
10886,0
10887,2
10888,0
10889,2
10890,0
10891,0
10892,0
10893,1
10894,0
10895,0
10896,2
10897,2
10898,0
10899,0
10900,2
10901,0
10902,0
10903,0
10904,0
10905,0
10906,1
10907,0
10908,2
10909,0
10910,0
10911,0
10912,0
10913,0
10914,2
10915,2
10916,2
10917,2
10918,2
10919,2
10920,0
10921,0
10922,2
10923,0
10924,2
10925,1
10926,1
10927,2
10928,2
10929,2
10930,2
10931,0
10932,0
10933,2
10934,0
10935,0
10936,0
10937,1
10938,0
10939,0
10940,0
10941,0
10942,0
10943,0
10944,2
10945,1
10946,1
10947,2
10948,0
10949,2
10950,0
10951,2
10952,2
10953,2
10954,2
10955,1
10956,1
10957,1
10958,2
10959,2
10960,1
10961,2
10962,0
10963,2
10964,1
10965,0
10966,0
10967,1
10968,2
10969,0
10970,0
10971,1
10972,2
10973,2
10974,2
10975,2
10976,0
10977,2
10978,0
10979,1
10980,0
10981,1
10982,0
10983,1
10984,2
10985,1
10986,2
10987,0
10988,0
10989,1
10990,0
10991,2
10992,1
10993,0
10994,0
10995,1
10996,0
10997,0
10998,2
10999,2
11000,1
11001,2
11002,0
11003,0
11004,0
11005,0
11006,0
11007,1
11008,0
11009,1
11010,0
11011,1
11012,0
11013,0
11014,1
11015,1
11016,1
11017,2
11018,2
11019,0
11020,0
11021,2
11022,2
11023,2
11024,0
11025,0
11026,0
11027,0
11028,0
11029,0
11030,1
11031,2
11032,2
11033,2
11034,1
11035,0
11036,0
11037,1
11038,0
11039,0
11040,0
11041,2
11042,0
11043,2
11044,0
11045,1
11046,1
11047,0
11048,0
11049,2
11050,2
11051,0
11052,2
11053,1
11054,1
11055,0
11056,2
11057,1
11058,1
11059,2
11060,0
11061,2
11062,0
11063,0
11064,0
11065,0
11066,2
11067,2
11068,2
11069,0
11070,0
11071,1
11072,2
11073,0
11074,0
11075,1
11076,0
11077,1
11078,0
11079,0
11080,0
11081,1
11082,0
11083,2
11084,2
11085,2
11086,0
11087,0
11088,2
11089,0
11090,0
11091,0
11092,0
11093,0
11094,1
11095,0
11096,0
11097,1
11098,2
11099,2
11100,2
11101,0
11102,2
11103,0
11104,2
11105,0
11106,0
11107,2
11108,0
11109,0
11110,0
11111,0
11112,2
11113,1
11114,2
11115,0
11116,2
11117,0
11118,0
11119,0
11120,1
11121,1
11122,0
11123,2
11124,0
11125,2
11126,1
11127,0
11128,2
11129,0
11130,0
11131,1
11132,0
11133,0
11134,0
11135,0
11136,0
11137,0
11138,1
11139,2
11140,0
11141,1
11142,2
11143,2
11144,1
11145,2
11146,1
11147,2
11148,2
11149,0
11150,2
11151,2
11152,0
11153,0
11154,1
11155,0
11156,1
11157,1
11158,1
11159,2
11160,0
11161,2
11162,0
11163,2
11164,0
11165,0
11166,0
11167,2
11168,0
11169,1
11170,0
11171,0
11172,2
11173,1
11174,0
11175,0
11176,0
11177,0
11178,1
11179,2
11180,2
11181,0
11182,2
11183,0
11184,0
11185,0
11186,0
11187,1
11188,2
11189,0
11190,0
11191,0
11192,0
11193,0
11194,2
11195,0
11196,1
11197,2
11198,2
11199,0
11200,2
11201,2
11202,0
11203,0
11204,0
11205,1
11206,2
11207,0
11208,2
11209,1
11210,0
11211,2
11212,1
11213,0
11214,2
11215,0
11216,1
11217,2
11218,1
11219,2
11220,0
11221,0
11222,0
11223,0
11224,2
11225,2
11226,0
11227,0
11228,0
11229,1
11230,1
11231,2
11232,2
11233,1
11234,0
11235,2
11236,0
11237,1
11238,0
11239,0
11240,0
11241,2
11242,0
11243,1
11244,1
11245,2
11246,0
11247,0
11248,2
11249,0
11250,1
11251,1
11252,2
11253,0
11254,0
11255,0
11256,0
11257,1
11258,0
11259,0
11260,0
11261,0
11262,0
11263,2
11264,0
11265,0
11266,0
11267,1
11268,2
11269,0
11270,2
11271,1
11272,1
11273,2
11274,0
11275,0
11276,0
11277,2
11278,1
11279,2
11280,2
11281,2
11282,0
11283,0
11284,0
11285,1
11286,0
11287,0
11288,2
11289,1
11290,1
11291,0
11292,0
11293,1
11294,0
11295,1
11296,1
11297,1
11298,2
11299,1
11300,0
11301,2
11302,0
11303,0
11304,1
11305,0
11306,0
11307,1
11308,1
11309,0
11310,0
11311,2
11312,2
11313,1
11314,2
11315,2
11316,2
11317,2
11318,1
11319,2
11320,0
11321,0
11322,0
11323,0
11324,2
11325,0
11326,0
11327,2
11328,2
11329,2
11330,1
11331,0
11332,1
11333,2
11334,0
11335,2
11336,0
11337,0
11338,1
11339,2
11340,0
11341,0
11342,0
11343,0
11344,0
11345,2
11346,1
11347,0
11348,0
11349,0
11350,2
11351,0
11352,2
11353,1
11354,0
11355,2
11356,0
11357,0
11358,1
11359,0
11360,1
11361,0
11362,0
11363,0
11364,0
11365,0
11366,0
11367,0
11368,0
11369,2
11370,2
11371,0
11372,2
11373,2
11374,1
11375,0
11376,0
11377,1
11378,0
11379,0
11380,1
11381,2
11382,0
11383,2
11384,2
11385,0
11386,0
11387,0
11388,0
11389,0
11390,0
11391,0
11392,2
11393,1
11394,0
11395,0
11396,2
11397,2
11398,2
11399,0
11400,0
11401,0
11402,1
11403,2
11404,2
11405,0
11406,1
11407,2
11408,0
11409,2
11410,2
11411,1
11412,0
11413,0
11414,1
11415,1
11416,0
11417,2
11418,0
11419,0
11420,0
11421,0
11422,2
11423,2
11424,1
11425,1
11426,0
11427,1
11428,0
11429,0
11430,2
11431,2
11432,0
11433,0
11434,0
11435,1
11436,0
11437,0
11438,2
11439,2
11440,0
11441,1
11442,1
11443,0
11444,2
11445,0
11446,0
11447,0
11448,0
11449,0
11450,2
11451,2
11452,0
11453,2
11454,0
11455,1
11456,0
11457,0
11458,2
11459,0
11460,1
11461,2
11462,1
11463,1
11464,1
11465,2
11466,0
11467,2
11468,2
11469,2
11470,2
11471,2
11472,0
11473,0
11474,2
11475,0
11476,1
11477,0
11478,1
11479,0
11480,2
11481,2
11482,0
11483,2
11484,0
11485,0
11486,0
11487,2
11488,1
11489,0
11490,0
11491,0
11492,1
11493,0
11494,1
11495,0
11496,0
11497,0
11498,0
11499,2
11500,0
11501,2
11502,2
11503,2
11504,2
11505,0
11506,2
11507,0
11508,0
11509,2
11510,0
11511,0
11512,2
11513,1
11514,0
11515,0
11516,0
11517,0
11518,0
11519,2
11520,1
11521,0
11522,1
11523,0
11524,1
11525,0
11526,1
11527,2
11528,0
11529,2
11530,2
11531,1
11532,0
11533,1
11534,2
11535,0
11536,0
11537,0
11538,1
11539,0
11540,0
11541,1
11542,2
11543,2
11544,0
11545,2
11546,2
11547,0
11548,0
11549,2
11550,0
11551,0
11552,0
11553,0
11554,2
11555,2
11556,0
11557,1
11558,1
11559,1
11560,0
11561,0
11562,0
11563,2
11564,1
11565,2
11566,0
11567,0
11568,0
11569,1
11570,2
11571,1
11572,0
11573,0
11574,2
11575,2
11576,1
11577,0
11578,2
11579,2
11580,0
11581,0
11582,0
11583,0
11584,0
11585,0
11586,0
11587,2
11588,0
11589,2
11590,1
11591,1
11592,0
11593,2
11594,0
11595,0
11596,1
11597,0
11598,0
11599,0
11600,1
11601,2
11602,0
11603,0
11604,2
11605,0
11606,0
11607,1
11608,1
11609,1
11610,2
11611,0
11612,2
11613,1
11614,2
11615,1
11616,0
11617,0
11618,1
11619,0
11620,0
11621,1
11622,2
11623,2
11624,0
11625,0
11626,1
11627,2
11628,0
11629,0
11630,2
11631,0
11632,2
11633,0
11634,0
11635,2
11636,0
11637,2
11638,0
11639,0
11640,0
11641,0
11642,0
11643,0
11644,0
11645,0
11646,2
11647,1
11648,2
11649,1
11650,1
11651,1
11652,0
11653,2
11654,0
11655,2
11656,2
11657,0
11658,2
11659,0
11660,0
11661,1
11662,0
11663,0
11664,2
11665,1
11666,1
11667,2
11668,0
11669,1
11670,1
11671,2
11672,0
11673,0
11674,1
11675,2
11676,0
11677,2
11678,1
11679,1
11680,1
11681,2
11682,0
11683,0
11684,1
11685,2
11686,0
11687,2
11688,0
11689,0
11690,1
11691,1
11692,2
11693,1
11694,0
11695,0
11696,2
11697,2
11698,2
11699,0
11700,1
11701,2
11702,0
11703,2
11704,0
11705,1
11706,0
11707,0
11708,2
11709,2
11710,1
11711,0
11712,2
11713,2
11714,1
11715,0
11716,0
11717,0
11718,2
11719,0
11720,0
11721,0
11722,0
11723,0
11724,1
11725,2
11726,2
11727,0
11728,2
11729,0
11730,2
11731,2
11732,2
11733,0
11734,1
11735,2
11736,0
11737,1
11738,2
11739,1
11740,0
11741,1
11742,0
11743,0
11744,0
11745,0
11746,2
11747,0
11748,0
11749,1
11750,0
11751,0
11752,2
11753,2
11754,2
11755,0
11756,2
11757,1
11758,2
11759,2
11760,0
11761,0
11762,1
11763,0
11764,0
11765,0
11766,2
11767,0
11768,0
11769,2
11770,2
11771,0
11772,2
11773,1
11774,2
11775,2
11776,0
11777,0
11778,0
11779,0
11780,1
11781,0
11782,2
11783,2
11784,0
11785,1
11786,0
11787,2
11788,2
11789,2
11790,0
11791,0
11792,0
11793,0
11794,2
11795,0
11796,0
11797,0
11798,1
11799,0
11800,0
11801,1
11802,2
11803,2
11804,2
11805,0
11806,1
11807,0
11808,0
11809,1
11810,0
11811,0
11812,2
11813,2
11814,1
11815,1
11816,2
11817,0
11818,1
11819,0
11820,1
11821,0
11822,2
11823,1
11824,0
11825,0
11826,2
11827,0
11828,0
11829,0
11830,2
11831,0
11832,0
11833,0
11834,2
11835,0
11836,0
11837,0
11838,0
11839,0
11840,0
11841,0
11842,1
11843,1
11844,0
11845,2
11846,0
11847,0
11848,2
11849,1
11850,0
11851,0
11852,0
11853,2
11854,1
11855,2
11856,1
11857,0
11858,1
11859,1
11860,0
11861,0
11862,0
11863,2
11864,0
11865,2
11866,2
11867,1
11868,2
11869,1
11870,1
11871,1
11872,0
11873,1
11874,2
11875,0
11876,1
11877,2
11878,2
11879,0
11880,0
11881,0
11882,0
11883,1
11884,0
11885,2
11886,0
11887,1
11888,0
11889,1
11890,0
11891,1
11892,0
11893,0
11894,0
11895,0
11896,2
11897,2
11898,0
11899,2
11900,2
11901,0
11902,2
11903,2
11904,1
11905,0
11906,0
11907,2
11908,2
11909,2
11910,0
11911,1
11912,2
11913,2
11914,0
11915,0
11916,0
11917,2
11918,2
11919,2
11920,0
11921,1
11922,1
11923,0
11924,2
11925,2
11926,0
11927,1
11928,0
11929,0
11930,1
11931,1
11932,2
11933,1
11934,1
11935,0
11936,2
11937,1
11938,0
11939,1
11940,2
11941,2
11942,0
11943,1
11944,0
11945,0
11946,0
11947,0
11948,1
11949,0
11950,1
11951,2
11952,0
11953,0
11954,2
11955,0
11956,0
11957,0
11958,2
11959,2
11960,0
11961,2
11962,2
11963,1
11964,1
11965,2
11966,1
11967,0
11968,2
11969,0
11970,0
11971,0
11972,0
11973,2
11974,2
11975,1
11976,0
11977,0
11978,2
11979,1
11980,0
11981,2
11982,1
11983,0
11984,0
11985,1
11986,0
11987,0
11988,2
11989,0
11990,0
11991,0
11992,2
11993,2
11994,0
11995,2
11996,2
11997,0
11998,0
11999,2
12000,2
12001,0
12002,1
12003,1
12004,1
12005,2
12006,1
12007,2
12008,0
12009,0
12010,1
12011,1
12012,2
12013,1
12014,0
12015,2
12016,1
12017,0
12018,0
12019,2
12020,0
12021,2
12022,0
12023,2
12024,2
12025,1
12026,0
12027,1
12028,0
12029,1
12030,0
12031,0
12032,1
12033,0
12034,2
12035,0
12036,2
12037,0
12038,2
12039,2
12040,2
12041,0
12042,0
12043,0
12044,0
12045,0
12046,0
12047,1
12048,1
12049,1
12050,1
12051,2
12052,0
12053,2
12054,0
12055,0
12056,0
12057,1
12058,1
12059,2
12060,0
12061,2
12062,2
12063,2
12064,0
12065,2
12066,2
12067,0
12068,2
12069,0
12070,2
12071,1
12072,0
12073,1
12074,0
12075,2
12076,0
12077,2
12078,2
12079,0
12080,2
12081,0
12082,2
12083,0
12084,1
12085,0
12086,0
12087,2
12088,0
12089,2
12090,2
12091,1
12092,0
12093,0
12094,0
12095,0
12096,0
12097,2
12098,1
12099,1
12100,0
12101,1
12102,0
12103,0
12104,0
12105,0
12106,1
12107,2
12108,0
12109,0
12110,2
12111,0
12112,0
12113,0
12114,2
12115,1
12116,2
12117,2
12118,2
12119,0
12120,0
12121,0
12122,0
12123,0
12124,2
12125,0
12126,2
12127,0
12128,0
12129,0
12130,2
12131,0
12132,1
12133,0
12134,0
12135,2
12136,1
12137,1
12138,0
12139,2
12140,0
12141,0
12142,1
12143,2
12144,0
12145,1
12146,0
12147,0
12148,1
12149,0
12150,0
12151,1
12152,0
12153,0
12154,0
12155,2
12156,2
12157,0
12158,0
12159,2
12160,0
12161,0
12162,2
12163,2
12164,1
12165,2
12166,1
12167,2
12168,0
12169,0
12170,0
12171,2
12172,0
12173,2
12174,0
12175,1
12176,1
12177,2
12178,2
12179,2
12180,2
12181,0
12182,2
12183,0
12184,2
12185,0
12186,0
12187,0
12188,1
12189,2
12190,2
12191,0
12192,0
12193,0
12194,0
12195,0
12196,0
12197,0
12198,0
12199,0
12200,1
12201,1
12202,1
12203,1
12204,0
12205,0
12206,0
12207,0
12208,1
12209,2
12210,0
12211,1
12212,2
12213,2
12214,2
12215,0
12216,0
12217,0
12218,0
12219,0
12220,2
12221,0
12222,2
12223,0
12224,0
12225,1
12226,2
12227,0
12228,0
12229,1
12230,2
12231,2
12232,0
12233,0
12234,1
12235,2
12236,2
12237,0
12238,2
12239,1
12240,0
12241,1
12242,2
12243,2
12244,0
12245,0
12246,2
12247,0
12248,0
12249,0
12250,0
12251,2
12252,0
12253,0
12254,0
12255,0
12256,0
12257,0
12258,1
12259,2
12260,0
12261,2
12262,0
12263,0
12264,2
12265,0
12266,1
12267,2
12268,0
12269,0
12270,0
12271,0
12272,1
12273,2
12274,0
12275,0
12276,1
12277,0
12278,1
12279,0
12280,0
12281,2
12282,0
12283,2
12284,2
12285,0
12286,0
12287,0
12288,2
12289,0
12290,2
12291,1
12292,0
12293,1
12294,1
12295,0
12296,0
12297,0
12298,0
12299,2
12300,2
12301,0
12302,0
12303,2
12304,1
12305,2
12306,2
12307,1
12308,1
12309,0
12310,2
12311,1
12312,0
12313,2
12314,2
12315,0
12316,2
12317,2
12318,2
12319,0
12320,1
12321,0
12322,2
12323,0
12324,0
12325,0
12326,2
12327,1
12328,0
12329,0
12330,2
12331,0
12332,2
12333,0
12334,0
12335,0
12336,2
12337,1
12338,0
12339,2
12340,1
12341,1
12342,0
12343,0
12344,1
12345,1
12346,0
12347,2
12348,2
12349,0
12350,0
12351,0
12352,0
12353,2
12354,0
12355,0
12356,0
12357,0
12358,0
12359,2
12360,0
12361,2
12362,0
12363,2
12364,0
12365,2
12366,0
12367,1
12368,1
12369,2
12370,1
12371,2
12372,2
12373,1
12374,0
12375,0
12376,0
12377,0
12378,0
12379,0
12380,1
12381,0
12382,1
12383,0
12384,0
12385,1
12386,0
12387,2
12388,1
12389,2
12390,0
12391,0
12392,2
12393,0
12394,0
12395,1
12396,2
12397,2
12398,2
12399,1
12400,0
12401,0
12402,0
12403,2
12404,0
12405,0
12406,2
12407,2
12408,2
12409,0
12410,0
12411,0
12412,0
12413,2
12414,0
12415,2
12416,1
12417,0
12418,0
12419,0
12420,0
12421,0
12422,0
12423,1
12424,0
12425,0
12426,0
12427,0
12428,1
12429,0
12430,1
12431,2
12432,2
12433,2
12434,2
12435,0
12436,0
12437,1
12438,1
12439,0
12440,0
12441,0
12442,2
12443,1
12444,1
12445,1
12446,0
12447,0
12448,2
12449,0
12450,2
12451,0
12452,2
12453,2
12454,2
12455,1
12456,0
12457,0
12458,1
12459,1
12460,2
12461,2
12462,0
12463,1
12464,1
12465,0
12466,1
12467,2
12468,0
12469,0
12470,0
12471,2
12472,1
12473,1
12474,0
12475,0
12476,0
12477,0
12478,0
12479,0
12480,0
12481,1
12482,0
12483,1
12484,2
12485,2
12486,0
12487,0
12488,0
12489,2
12490,2
12491,0
12492,0
12493,0
12494,1
12495,0
12496,0
12497,1
12498,0
12499,2
12500,0
12501,1
12502,1
12503,2
12504,1
12505,0
12506,0
12507,1
12508,0
12509,2
12510,0
12511,2
12512,2
12513,1
12514,0
12515,2
12516,2
12517,0
12518,2
12519,0
12520,1
12521,0
12522,0
12523,0
12524,2
12525,2
12526,2
12527,2
12528,2
12529,2
12530,2
12531,0
12532,0
12533,1
12534,0
12535,2
12536,0
12537,2
12538,2
12539,1
12540,0
12541,0
12542,0
12543,1
12544,0
12545,0
12546,0
12547,1
12548,0
12549,0
12550,1
12551,1
12552,2
12553,2
12554,1
12555,0
12556,0
12557,1
12558,0
12559,0
12560,0
12561,2
12562,0
12563,0
12564,2
12565,1
12566,1
12567,0
12568,0
12569,0
12570,0
12571,0
12572,2
12573,2
12574,1
12575,0
12576,0
12577,1
12578,0
12579,1
12580,0
12581,1
12582,0
12583,0
12584,0
12585,0
12586,0
12587,0
12588,1
12589,2
12590,0
12591,0
12592,0
12593,0
12594,1
12595,2
12596,0
12597,0
12598,0
12599,2
12600,0
12601,0
12602,1
12603,0
12604,2
12605,2
12606,0
12607,2
12608,2
12609,0
12610,0
12611,1
12612,0
12613,0
12614,1
12615,0
12616,0
12617,0
12618,0
12619,1
12620,0
12621,2
12622,2
12623,1
12624,0
12625,0
12626,2
12627,2
12628,0
12629,0
12630,0
12631,1
12632,1
12633,1
12634,2
12635,0
12636,0
12637,0
12638,0
12639,0
12640,0
12641,0
12642,0
12643,1
12644,2
12645,2
12646,0
12647,2
12648,0
12649,1
12650,2
12651,0
12652,1
12653,0
12654,1
12655,0
12656,0
12657,1
12658,0
12659,0
12660,0
12661,0
12662,0
12663,2
12664,0
12665,0
12666,0
12667,0
12668,0
12669,1
12670,0
12671,0
12672,0
12673,1
12674,2
12675,1
12676,2
12677,0
12678,1
12679,1
12680,0
12681,0
12682,0
12683,0
12684,2
12685,0
12686,1
12687,0
12688,1
12689,0
12690,0
12691,0
12692,0
12693,0
12694,2
12695,0
12696,0
12697,1
12698,2
12699,0
12700,2
12701,0
12702,1
12703,2
12704,0
12705,2
12706,1
12707,0
12708,2
12709,0
12710,0
12711,0
12712,2
12713,0
12714,0
12715,2
12716,1
12717,0
12718,1
12719,0
12720,0
12721,1
12722,0
12723,1
12724,2
12725,0
12726,0
12727,0
12728,0
12729,1
12730,2
12731,0
12732,1
12733,0
12734,0
12735,2
12736,1
12737,0
12738,2
12739,0
12740,0
12741,2
12742,1
12743,1
12744,1
12745,2
12746,1
12747,0
12748,2
12749,1
12750,2
12751,0
12752,1
12753,2
12754,2
12755,2
12756,0
12757,0
12758,0
12759,0
12760,0
12761,0
12762,1
12763,0
12764,0
12765,1
12766,2
12767,0
12768,0
12769,0
12770,2
12771,1
12772,1
12773,0
12774,2
12775,0
12776,1
12777,0
12778,2
12779,2
12780,0
12781,1
12782,0
12783,2
12784,0
12785,0
12786,2
12787,0
12788,0
12789,0
12790,2
12791,0
12792,2
12793,2
12794,0
12795,0
12796,0
12797,0
12798,0
12799,0
12800,1
12801,0
12802,0
12803,0
12804,0
12805,1
12806,2
12807,1
12808,2
12809,0
12810,2
12811,1
12812,2
12813,2
12814,0
12815,2
12816,0
12817,2
12818,1
12819,2
12820,0
12821,2
12822,0
12823,0
12824,0
12825,0
12826,1
12827,0
12828,2
12829,0
12830,0
12831,0
12832,0
12833,1
12834,0
12835,0
12836,1
12837,0
12838,1
12839,0
12840,0
12841,1
12842,0
12843,0
12844,0
12845,0
12846,1
12847,2
12848,0
12849,1
12850,0
12851,0
12852,2
12853,0
12854,1
12855,0
12856,1
12857,0
12858,2
12859,0
12860,0
12861,1
12862,2
12863,1
12864,0
12865,0
12866,0
12867,1
12868,0
12869,0
12870,0
12871,0
12872,0
12873,1
12874,0
12875,0
12876,1
12877,0
12878,2
12879,0
12880,2
12881,1
12882,2
12883,0
12884,1
12885,0
12886,2
12887,0
12888,0
12889,0
12890,0
12891,1
12892,0
12893,0
12894,0
12895,0
12896,1
12897,0
12898,0
12899,0
12900,0
12901,0
12902,0
12903,1
12904,2
12905,0
12906,0
12907,2
12908,2
12909,1
12910,0
12911,2
12912,0
12913,2
12914,0
12915,2
12916,2
12917,0
12918,0
12919,0
12920,1
12921,0
12922,0
12923,1
12924,0
12925,2
12926,0
12927,1
12928,0
12929,0
12930,0
12931,0
12932,1
12933,0
12934,1
12935,1
12936,0
12937,0
12938,2
12939,0
12940,2
12941,0
12942,2
12943,1
12944,0
12945,0
12946,1
12947,0
12948,2
12949,2
12950,0
12951,2
12952,0
12953,0
12954,0
12955,0
12956,0
12957,0
12958,0
12959,0
12960,0
12961,2
12962,0
12963,0
12964,0
12965,2
12966,2
12967,0
12968,2
12969,1
12970,0
12971,0
12972,2
12973,2
12974,0
12975,0
12976,2
12977,0
12978,0
12979,0
12980,1
12981,1
12982,0
12983,0
12984,0
12985,0
12986,0
12987,2
12988,0
12989,1
12990,0
12991,0
12992,2
12993,0
12994,1
12995,0
12996,0
12997,0
12998,0
12999,1
13000,2
13001,0
13002,2
13003,0
13004,2
13005,0
13006,0
13007,0
13008,0
13009,2
13010,0
13011,2
13012,2
13013,0
13014,0
13015,2
13016,0
13017,1
13018,2
13019,2
13020,0
13021,1
13022,2
13023,1
13024,0
13025,2
13026,2
13027,2
13028,2
13029,0
13030,2
13031,2
13032,2
13033,2
13034,2
13035,1
13036,2
13037,0
13038,2
13039,0
13040,1
13041,0
13042,2
13043,1
13044,2
13045,1
13046,0
13047,0
13048,2
13049,0
13050,0
13051,1
13052,2
13053,1
13054,0
13055,0
13056,1
13057,0
13058,0
13059,0
13060,1
13061,2
13062,2
13063,1
13064,2
13065,0
13066,0
13067,0
13068,0
13069,0
13070,1
13071,2
13072,0
13073,1
13074,1
13075,1
13076,1
13077,0
13078,0
13079,2
13080,0
13081,1
13082,0
13083,2
13084,2
13085,0
13086,0
13087,1
13088,0
13089,0
13090,2
13091,0
13092,0
13093,1
13094,0
13095,1
13096,1
13097,0
13098,0
13099,0
13100,0
13101,0
13102,0
13103,0
13104,0
13105,0
13106,1
13107,0
13108,1
13109,0
13110,0
13111,1
13112,0
13113,1
13114,2
13115,2
13116,0
13117,0
13118,0
13119,0
13120,1
13121,0
13122,2
13123,2
13124,1
13125,0
13126,1
13127,2
13128,0
13129,0
13130,0
13131,2
13132,2
13133,2
13134,1
13135,1
13136,2
13137,0
13138,2
13139,2
13140,1
13141,2
13142,2
13143,1
13144,0
13145,2
13146,1
13147,1
13148,1
13149,0
13150,1
13151,0
13152,0
13153,1
13154,0
13155,0
13156,0
13157,0
13158,1
13159,1
13160,0
13161,2
13162,2
13163,1
13164,2
13165,2
13166,0
13167,1
13168,0
13169,0
13170,1
13171,2
13172,0
13173,1
13174,2
13175,0
13176,0
13177,0
13178,0
13179,1
13180,2
13181,1
13182,1
13183,1
13184,0
13185,2
13186,0
13187,2
13188,0
13189,0
13190,0
13191,2
13192,0
13193,1
13194,2
13195,2
13196,1
13197,0
13198,1
13199,1
13200,1
13201,0
13202,0
13203,2
13204,0
13205,0
13206,0
13207,0
13208,0
13209,0
13210,2
13211,0
13212,1
13213,0
13214,0
13215,0
13216,0
13217,0
13218,2
13219,2
13220,0
13221,0
13222,2
13223,0
13224,1
13225,0
13226,2
13227,1
13228,0
13229,0
13230,0
13231,1
13232,0
13233,1
13234,1
13235,2
13236,2
13237,2
13238,2
13239,2
13240,2
13241,0
13242,1
13243,2
13244,0
13245,1
13246,0
13247,1
13248,0
13249,0
13250,0
13251,0
13252,0
13253,0
13254,0
13255,2
13256,0
13257,0
13258,1
13259,0
13260,2
13261,0
13262,2
13263,2
13264,2
13265,1
13266,1
13267,1
13268,2
13269,1
13270,0
13271,0
13272,2
13273,0
13274,2
13275,0
13276,2
13277,0
13278,0
13279,2
13280,2
13281,0
13282,0
13283,0
13284,0
13285,1
13286,0
13287,2
13288,1
13289,2
13290,1
13291,0
13292,1
13293,0
13294,1
13295,2
13296,0
13297,0
13298,1
13299,1
13300,0
13301,2
13302,0
13303,0
13304,2
13305,1
13306,0
13307,1
13308,2
13309,2
13310,2
13311,0
13312,0
13313,2
13314,1
13315,1
13316,1
13317,2
13318,2
13319,2
13320,1
13321,0
13322,0
13323,0
13324,0
13325,1
13326,0
13327,0
13328,0
13329,0
13330,1
13331,2
13332,1
13333,0
13334,0
13335,0
13336,0
13337,1
13338,2
13339,0
13340,1
13341,0
13342,2
13343,0
13344,2
13345,0
13346,0
13347,0
13348,0
13349,0
13350,2
13351,2
13352,0
13353,1
13354,0
13355,0
13356,1
13357,0
13358,1
13359,2
13360,2
13361,1
13362,0
13363,0
13364,0
13365,1
13366,0
13367,1
13368,1
13369,0
13370,0
13371,0
13372,0
13373,1
13374,1
13375,1
13376,0
13377,0
13378,2
13379,1
13380,2
13381,2
13382,0
13383,2
13384,0
13385,0
13386,0
13387,1
13388,2
13389,0
13390,0
13391,0
13392,0
13393,2
13394,2
13395,2
13396,0
13397,2
13398,2
13399,0
13400,0
13401,1
13402,0
13403,0
13404,0
13405,0
13406,2
13407,2
13408,1
13409,0
13410,1
13411,1
13412,2
13413,0
13414,1
13415,0
13416,0
13417,1
13418,0
13419,1
13420,0
13421,0
13422,0
13423,0
13424,0
13425,0
13426,2
13427,0
13428,1
13429,2
13430,0
13431,0
13432,1
13433,0
13434,0
13435,0
13436,1
13437,0
13438,0
13439,2
13440,0
13441,2
13442,2
13443,2
13444,2
13445,1
13446,2
13447,2
13448,1
13449,2
13450,2
13451,1
13452,0
13453,0
13454,2
13455,0
13456,2
13457,2
13458,1
13459,0
13460,0
13461,0
13462,0
13463,1
13464,2
13465,1
13466,1
13467,0
13468,2
13469,2
13470,2
13471,0
13472,0
13473,0
13474,1
13475,0
13476,2
13477,0
13478,0
13479,0
13480,0
13481,0
13482,0
13483,1
13484,2
13485,1
13486,0
13487,0
13488,0
13489,0
13490,0
13491,1
13492,0
13493,2
13494,1
13495,1
13496,2
13497,1
13498,0
13499,1
13500,0
13501,0
13502,0
13503,0
13504,0
13505,2
13506,0
13507,1
13508,1
13509,0
13510,2
13511,0
13512,2
13513,2
13514,0
13515,0
13516,2
13517,0
13518,0
13519,2
13520,0
13521,2
13522,0
13523,0
13524,0
13525,2
13526,0
13527,2
13528,2
13529,0
13530,1
13531,2
13532,0
13533,0
13534,2
13535,1
13536,0
13537,0
13538,1
13539,2
13540,2
13541,2
13542,1
13543,0
13544,1
13545,0
13546,0
13547,1
13548,0
13549,0
13550,1
13551,0
13552,0
13553,0
13554,0
13555,2
13556,0
13557,1
13558,0
13559,1
13560,1
13561,2
13562,0
13563,0
13564,0
13565,1
13566,2
13567,2
13568,2
13569,0
13570,2
13571,0
13572,2
13573,1
13574,0
13575,2
13576,0
13577,2
13578,0
13579,0
13580,0
13581,0
13582,0
13583,2
13584,1
13585,1
13586,0
13587,1
13588,2
13589,0
13590,2
13591,2
13592,1
13593,1
13594,1
13595,0
13596,2
13597,2
13598,1
13599,1
13600,2
13601,2
13602,0
13603,0
13604,0
13605,0
13606,0
13607,0
13608,0
13609,0
13610,0
13611,2
13612,0
13613,1
13614,0
13615,0
13616,0
13617,0
13618,0
13619,2
13620,2
13621,1
13622,1
13623,0
13624,0
13625,2
13626,1
13627,1
13628,2
13629,0
13630,1
13631,1
13632,2
13633,0
13634,1
13635,2
13636,2
13637,0
13638,2
13639,1
13640,1
13641,2
13642,2
13643,0
13644,0
13645,1
13646,2
13647,0
13648,2
13649,0
13650,2
13651,0
13652,1
13653,0
13654,0
13655,0
13656,2
13657,0
13658,2
13659,2
13660,1
13661,2
13662,1
13663,0
13664,2
13665,0
13666,1
13667,0
13668,2
13669,0
13670,0
13671,0
13672,1
13673,0
13674,0
13675,0
13676,0
13677,0
13678,0
13679,0
13680,0
13681,0
13682,0
13683,1
13684,1
13685,0
13686,2
13687,0
13688,2
13689,0
13690,1
13691,2
13692,0
13693,1
13694,1
13695,2
13696,1
13697,1
13698,0
13699,1
13700,0
13701,0
13702,0
13703,0
13704,1
13705,0
13706,0
13707,2
13708,2
13709,0
13710,1
13711,1
13712,2
13713,1
13714,0
13715,0
13716,2
13717,0
13718,0
13719,1
13720,2
13721,2
13722,1
13723,2
13724,1
13725,0
13726,0
13727,0
13728,2
13729,1
13730,2
13731,2
13732,0
13733,2
13734,2
13735,0
13736,0
13737,2
13738,2
13739,0
13740,2
13741,2
13742,0
13743,1
13744,0
13745,0
13746,2
13747,1
13748,0
13749,2
13750,0
13751,1
13752,0
13753,0
13754,1
13755,2
13756,2
13757,2
13758,1
13759,2
13760,0
13761,1
13762,0
13763,2
13764,0
13765,0
13766,0
13767,2
13768,0
13769,1
13770,1
13771,1
13772,2
13773,1
13774,0
13775,2
13776,0
13777,0
13778,0
13779,2
13780,1
13781,0
13782,1
13783,0
13784,0
13785,2
13786,0
13787,1
13788,0
13789,2
13790,1
13791,1
13792,0
13793,0
13794,0
13795,2
13796,0
13797,1
13798,0
13799,2
13800,0
13801,0
13802,0
13803,2
13804,0
13805,1
13806,1
13807,2
13808,1
13809,0
13810,1
13811,1
13812,0
13813,2
13814,0
13815,0
13816,0
13817,0
13818,2
13819,0
13820,2
13821,0
13822,0
13823,1
13824,0
13825,1
13826,0
13827,2
13828,2
13829,0
13830,0
13831,0
13832,1
13833,0
13834,0
13835,0
13836,2
13837,0
13838,0
13839,2
13840,2
13841,2
13842,0
13843,0
13844,1
13845,2
13846,0
13847,2
13848,1
13849,0
13850,2
13851,0
13852,2
13853,0
13854,2
13855,0
13856,0
13857,0
13858,1
13859,0
13860,0
13861,2
13862,2
13863,2
13864,0
13865,1
13866,0
13867,2
13868,0
13869,0
13870,2
13871,0
13872,1
13873,0
13874,2
13875,0
13876,0
13877,2
13878,2
13879,0
13880,0
13881,0
13882,1
13883,0
13884,0
13885,0
13886,1
13887,1
13888,1
13889,0
13890,0
13891,0
13892,0
13893,2
13894,0
13895,0
13896,2
13897,1
13898,0
13899,2
13900,0
13901,2
13902,0
13903,0
13904,0
13905,1
13906,1
13907,0
13908,2
13909,2
13910,2
13911,0
13912,2
13913,2
13914,0
13915,1
13916,0
13917,0
13918,2
13919,1
13920,2
13921,2
13922,0
13923,0
13924,0
13925,0
13926,2
13927,1
13928,0
13929,0
13930,2
13931,2
13932,1
13933,0
13934,1
13935,0
13936,2
13937,0
13938,0
13939,1
13940,2
13941,0
13942,1
13943,2
13944,1
13945,1
13946,0
13947,0
13948,0
13949,2
13950,2
13951,2
13952,1
13953,1
13954,1
13955,2
13956,2
13957,0
13958,2
13959,0
13960,0
13961,0
13962,2
13963,1
13964,0
13965,2
13966,2
13967,0
13968,0
13969,1
13970,2
13971,0
13972,1
13973,2
13974,2
13975,1
13976,2
13977,0
13978,0
13979,0
13980,0
13981,1
13982,1
13983,0
13984,1
13985,0
13986,1
13987,1
13988,2
13989,0
13990,1
13991,2
13992,2
13993,0
13994,0
13995,1
13996,1
13997,1
13998,0
13999,0
14000,0
14001,0
14002,0
14003,0
14004,0
14005,0
14006,0
14007,1
14008,0
14009,2
14010,0
14011,0
14012,1
14013,0
14014,1
14015,1
14016,1
14017,0
14018,2
14019,2
14020,1
14021,0
14022,0
14023,0
14024,0
14025,2
14026,0
14027,2
14028,2
14029,1
14030,0
14031,0
14032,2
14033,1
14034,0
14035,2
14036,1
14037,2
14038,2
14039,1
14040,1
14041,2
14042,1
14043,0
14044,0
14045,0
14046,0
14047,0
14048,2
14049,0
14050,2
14051,2
14052,1
14053,0
14054,1
14055,1
14056,0
14057,2
14058,2
14059,0
14060,2
14061,2
14062,1
14063,2
14064,2
14065,0
14066,2
14067,2
14068,0
14069,0
14070,1
14071,2
14072,0
14073,0
14074,2
14075,1
14076,0
14077,0
14078,1
14079,1
14080,0
14081,0
14082,1
14083,0
14084,2
14085,2
14086,2
14087,2
14088,1
14089,0
14090,1
14091,2
14092,0
14093,0
14094,1
14095,0
14096,0
14097,1
14098,0
14099,0
14100,0
14101,0
14102,2
14103,1
14104,0
14105,2
14106,2
14107,2
14108,1
14109,0
14110,0
14111,0
14112,0
14113,0
14114,0
14115,0
14116,0
14117,0
14118,2
14119,2
14120,0
14121,1
14122,2
14123,2
14124,2
14125,2
14126,0
14127,0
14128,1
14129,2
14130,2
14131,2
14132,0
14133,2
14134,0
14135,0
14136,0
14137,0
14138,0
14139,0
14140,2
14141,0
14142,2
14143,2
14144,2
14145,1
14146,0
14147,0
14148,0
14149,2
14150,0
14151,1
14152,2
14153,1
14154,0
14155,0
14156,1
14157,2
14158,1
14159,0
14160,0
14161,1
14162,0
14163,1
14164,0
14165,1
14166,0
14167,0
14168,2
14169,0
14170,0
14171,2
14172,0
14173,0
14174,0
14175,2
14176,0
14177,0
14178,2
14179,1
14180,0
14181,2
14182,0
14183,2
14184,0
14185,1
14186,0
14187,0
14188,0
14189,0
14190,2
14191,2
14192,1
14193,1
14194,0
14195,1
14196,0
14197,1
14198,1
14199,1
14200,0
14201,0
14202,0
14203,0
14204,2
14205,2
14206,0
14207,0
14208,0
14209,2
14210,1
14211,0
14212,0
14213,1
14214,2
14215,0
14216,0
14217,1
14218,0
14219,0
14220,0
14221,2
14222,0
14223,0
14224,2
14225,2
14226,1
14227,0
14228,0
14229,0
14230,0
14231,2
14232,2
14233,0
14234,0
14235,0
14236,1
14237,2
14238,0
14239,0
14240,1
14241,0
14242,0
14243,1
14244,1
14245,0
14246,2
14247,2
14248,2
14249,1
14250,0
14251,2
14252,0
14253,2
14254,0
14255,1
14256,0
14257,0
14258,1
14259,0
14260,1
14261,2
14262,2
14263,1
14264,2
14265,0
14266,0
14267,1
14268,0
14269,2
14270,0
14271,0
14272,0
14273,2
14274,0
14275,0
14276,1
14277,0
14278,0
14279,0
14280,0
14281,1
14282,1
14283,0
14284,0
14285,2
14286,0
14287,2
14288,1
14289,0
14290,1
14291,2
14292,0
14293,1
14294,1
14295,0
14296,0
14297,2
14298,0
14299,1
14300,0
14301,2
14302,2
14303,0
14304,0
14305,0
14306,0
14307,1
14308,1
14309,2
14310,0
14311,2
14312,0
14313,1
14314,0
14315,1
14316,1
14317,0
14318,0
14319,1
14320,0
14321,0
14322,1
14323,1
14324,0
14325,0
14326,2
14327,2
14328,1
14329,0
14330,0
14331,2
14332,1
14333,0
14334,0
14335,2
14336,0
14337,0
14338,1
14339,2
14340,2
14341,0
14342,0
14343,0
14344,2
14345,0
14346,1
14347,0
14348,0
14349,0
14350,0
14351,0
14352,2
14353,0
14354,0
14355,0
14356,0
14357,2
14358,1
14359,2
14360,0
14361,0
14362,0
14363,0
14364,2
14365,1
14366,0
14367,2
14368,1
14369,2
14370,2
14371,2
14372,0
14373,0
14374,1
14375,0
14376,0
14377,0
14378,2
14379,2
14380,0
14381,0
14382,1
14383,2
14384,0
14385,1
14386,0
14387,1
14388,0
14389,2
14390,0
14391,1
14392,0
14393,2
14394,1
14395,2
14396,1
14397,1
14398,0
14399,1
14400,0
14401,1
14402,2
14403,0
14404,0
14405,0
14406,0
14407,1
14408,1
14409,0
14410,0
14411,1
14412,1
14413,0
14414,1
14415,0
14416,0
14417,0
14418,0
14419,1
14420,0
14421,2
14422,1
14423,2
14424,0
14425,1
14426,1
14427,0
14428,2
14429,2
14430,2
14431,1
14432,2
14433,2
14434,2
14435,2
14436,2
14437,0
14438,0
14439,0
14440,2
14441,2
14442,0
14443,0
14444,2
14445,1
14446,0
14447,2
14448,0
14449,2
14450,2
14451,0
14452,0
14453,1
14454,0
14455,0
14456,0
14457,0
14458,0
14459,1
14460,0
14461,1
14462,1
14463,0
14464,2
14465,0
14466,0
14467,1
14468,0
14469,2
14470,2
14471,0
14472,0
14473,0
14474,2
14475,2
14476,0
14477,2
14478,0
14479,2
14480,0
14481,2
14482,2
14483,0
14484,0
14485,1
14486,2
14487,2
14488,1
14489,1
14490,0
14491,1
14492,2
14493,0
14494,2
14495,2
14496,2
14497,2
14498,1
14499,0
14500,0
14501,0
14502,1
14503,0
14504,0
14505,0
14506,0
14507,0
14508,2
14509,0
14510,2
14511,0
14512,0
14513,1
14514,2
14515,0
14516,2
14517,2
14518,0
14519,1
14520,0
14521,2
14522,2
14523,0
14524,2
14525,1
14526,1
14527,2
14528,2
14529,2
14530,2
14531,0
14532,0
14533,1
14534,2
14535,0
14536,0
14537,0
14538,2
14539,0
14540,2
14541,0
14542,0
14543,1
14544,2
14545,0
14546,2
14547,0
14548,1
14549,0
14550,0
14551,1
14552,1
14553,0
14554,0
14555,1
14556,0
14557,2
14558,0
14559,0
14560,0
14561,2
14562,0
14563,2
14564,1
14565,0
14566,2
14567,1
14568,2
14569,2
14570,0
14571,2
14572,2
14573,0
14574,2
14575,1
14576,2
14577,0
14578,0
14579,1
14580,1
14581,0
14582,0
14583,2
14584,1
14585,2
14586,1
14587,0
14588,0
14589,2
14590,1
14591,0
14592,1
14593,2
14594,2
14595,0
14596,1
14597,1
14598,1
14599,0
14600,0
14601,0
14602,2
14603,2
14604,0
14605,0
14606,1
14607,0
14608,2
14609,1
14610,2
14611,1
14612,2
14613,1
14614,2
14615,0
14616,0
14617,1
14618,0
14619,0
14620,0
14621,0
14622,2
14623,0
14624,1
14625,1
14626,0
14627,0
14628,2
14629,2
14630,0
14631,1
14632,0
14633,0
14634,2
14635,0
14636,0
14637,1
14638,0
14639,2
14640,0
14641,0
14642,0
14643,2
14644,2
14645,0
14646,2
14647,0
14648,0
14649,0
14650,0
14651,1
14652,0
14653,2
14654,1
14655,0
14656,2
14657,2
14658,2
14659,2
14660,0
14661,1
14662,0
14663,1
14664,2
14665,0
14666,0
14667,0
14668,1
14669,0
14670,1
14671,2
14672,0
14673,0
14674,2
14675,1
14676,1
14677,1
14678,2
14679,2
14680,0
14681,0
14682,0
14683,2
14684,2
14685,0
14686,2
14687,0
14688,2
14689,0
14690,2
14691,0
14692,2
14693,0
14694,0
14695,2
14696,2
14697,0
14698,0
14699,2
14700,0
14701,2
14702,0
14703,0
14704,0
14705,1
14706,2
14707,2
14708,0
14709,1
14710,0
14711,0
14712,0
14713,0
14714,0
14715,0
14716,2
14717,1
14718,1
14719,2
14720,2
14721,1
14722,0
14723,2
14724,1
14725,1
14726,2
14727,0
14728,0
14729,0
14730,1
14731,0
14732,0
14733,2
14734,2
14735,1
14736,2
14737,2
14738,1
14739,2
14740,0
14741,0
14742,0
14743,2
14744,0
14745,1
14746,2
14747,2
14748,1
14749,0
14750,0
14751,1
14752,1
14753,0
14754,0
14755,2
14756,0
14757,0
14758,2
14759,2
14760,0
14761,1
14762,2
14763,2
14764,2
14765,0
14766,2
14767,1
14768,2
14769,2
14770,0
14771,1
14772,0
14773,0
14774,0
14775,1
14776,0
14777,0
14778,2
14779,0
14780,2
14781,2
14782,1
14783,0
14784,1
14785,0
14786,1
14787,1
14788,1
14789,0
14790,1
14791,1
14792,2
14793,1
14794,0
14795,0
14796,0
14797,1
14798,0
14799,0
14800,0
14801,0
14802,1
14803,0
14804,2
14805,1
14806,2
14807,0
14808,1
14809,1
14810,1
14811,1
14812,2
14813,2
14814,2
14815,0
14816,0
14817,1
14818,2
14819,0
14820,0
14821,1
14822,2
14823,1
14824,0
14825,2
14826,2
14827,0
14828,1
14829,2
14830,1
14831,2
14832,0
14833,1
14834,2
14835,1
14836,2
14837,2
14838,0
14839,2
14840,0
14841,1
14842,0
14843,1
14844,2
14845,0
14846,0
14847,2
14848,2
14849,2
14850,1
14851,0
14852,1
14853,0
14854,0
14855,0
14856,0
14857,0
14858,1
14859,2
14860,1
14861,2
14862,0
14863,0
14864,0
14865,1
14866,0
14867,1
14868,0
14869,1
14870,0
14871,2
14872,0
14873,0
14874,0
14875,0
14876,0
14877,2
14878,1
14879,0
14880,0
14881,0
14882,2
14883,1
14884,2
14885,2
14886,0
14887,0
14888,2
14889,1
14890,0
14891,1
14892,2
14893,0
14894,2
14895,0
14896,1
14897,0
14898,0
14899,0
14900,2
14901,2
14902,0
14903,0
14904,0
14905,1
14906,0
14907,1
14908,0
14909,1
14910,2
14911,1
14912,1
14913,1
14914,1
14915,1
14916,0
14917,0
14918,1
14919,2
14920,1
14921,2
14922,0
14923,0
14924,2
14925,1
14926,0
14927,1
14928,0
14929,0
14930,2
14931,1
14932,0
14933,1
14934,2
14935,2
14936,2
14937,1
14938,0
14939,2
14940,2
14941,0
14942,0
14943,0
14944,1
14945,2
14946,0
14947,0
14948,2
14949,1
14950,0
14951,0
14952,2
14953,2
14954,0
14955,1
14956,0
14957,1
14958,0
14959,0
14960,2
14961,0
14962,0
14963,0
14964,0
14965,0
14966,2
14967,0
14968,1
14969,1
14970,0
14971,0
14972,2
14973,0
14974,2
14975,0
14976,2
14977,1
14978,1
14979,0
14980,2
14981,0
14982,0
14983,1
14984,0
14985,1
14986,2
14987,0
14988,0
14989,1
14990,2
14991,1
14992,0
14993,2
14994,2
14995,0
14996,2
14997,2
14998,0
14999,0
15000,1
15001,0
15002,1
15003,2
15004,0
15005,0
15006,0
15007,0
15008,1
15009,1
15010,1
15011,2
15012,0
15013,0
15014,0
15015,0
15016,1
15017,0
15018,0
15019,0
15020,0
15021,2
15022,0
15023,0
15024,2
15025,2
15026,1
15027,0
15028,2
15029,2
15030,0
15031,0
15032,0
15033,0
15034,1
15035,0
15036,1
15037,2
15038,0
15039,0
15040,0
15041,2
15042,2
15043,2
15044,2
15045,0
15046,2
15047,0
15048,2
15049,0
15050,0
15051,1
15052,2
15053,0
15054,0
15055,0
15056,0
15057,0
15058,0
15059,0
15060,0
15061,2
15062,0
15063,0
15064,1
15065,1
15066,2
15067,2
15068,0
15069,0
15070,0
15071,2
15072,0
15073,1
15074,2
15075,0
15076,0
15077,2
15078,0
15079,0
15080,2
15081,2
15082,0
15083,1
15084,2
15085,2
15086,0
15087,0
15088,0
15089,0
15090,1
15091,1
15092,0
15093,0
15094,0
15095,2
15096,0
15097,2
15098,0
15099,1
15100,1
15101,0
15102,0
15103,0
15104,1
15105,2
15106,0
15107,0
15108,1
15109,0
15110,0
15111,2
15112,0
15113,1
15114,0
15115,0
15116,2
15117,1
15118,0
15119,0
15120,0
15121,2
15122,2
15123,2
15124,2
15125,2
15126,2
15127,2
15128,0
15129,0
15130,2
15131,0
15132,2
15133,1
15134,2
15135,0
15136,0
15137,0
15138,2
15139,0
15140,1
15141,2
15142,1
15143,1
15144,0
15145,0
15146,2
15147,2
15148,2
15149,1
15150,2
15151,2
15152,2
15153,2
15154,0
15155,0
15156,1
15157,0
15158,2
15159,0
15160,0
15161,0
15162,1
15163,2
15164,1
15165,1
15166,1
15167,2
15168,0
15169,0
15170,0
15171,1
15172,2
15173,2
15174,0
15175,0
15176,1
15177,1
15178,1
15179,0
15180,2
15181,0
15182,2
15183,0
15184,0
15185,2
15186,2
15187,0
15188,2
15189,2
15190,2
15191,2
15192,2
15193,0
15194,1
15195,2
15196,2
15197,0
15198,2
15199,2
15200,0
15201,0
15202,0
15203,0
15204,1
15205,2
15206,2
15207,0
15208,2
15209,0
15210,0
15211,0
15212,2
15213,0
15214,0
15215,0
15216,0
15217,2
15218,2
15219,0
15220,2
15221,0
15222,1
15223,0
15224,0
15225,1
15226,1
15227,2
15228,0
15229,2
15230,0
15231,2
15232,1
15233,2
15234,1
15235,2
15236,0
15237,2
15238,2
15239,2
15240,2
15241,0
15242,0
15243,1
15244,1
15245,0
15246,0
15247,2
15248,0
15249,0
15250,0
15251,2
15252,0
15253,0
15254,0
15255,1
15256,0
15257,0
15258,2
15259,1
15260,0
15261,0
15262,0
15263,0
15264,1
15265,0
15266,1
15267,2
15268,2
15269,2
15270,0
15271,2
15272,0
15273,0
15274,0
15275,0
15276,0
15277,1
15278,2
15279,0
15280,0
15281,2
15282,1
15283,0
15284,0
15285,2
15286,2
15287,0
15288,0
15289,0
15290,0
15291,0
15292,2
15293,0
15294,2
15295,0
15296,0
15297,2
15298,0
15299,2
15300,0
15301,1
15302,0
15303,1
15304,0
15305,0
15306,1
15307,0
15308,1
15309,0
15310,1
15311,2
15312,2
15313,0
15314,0
15315,0
15316,0
15317,2
15318,2
15319,1
15320,1
15321,2
15322,0
15323,0
15324,0
15325,1
15326,0
15327,0
15328,1
15329,2
15330,1
15331,1
15332,1
15333,0
15334,0
15335,0
15336,2
15337,0
15338,1
15339,1
15340,2
15341,2
15342,1
15343,1
15344,0
15345,0
15346,0
15347,0
15348,0
15349,0
15350,2
15351,2
15352,2
15353,0
15354,0
15355,1
15356,0
15357,0
15358,0
15359,2
15360,0
15361,2
15362,1
15363,0
15364,2
15365,1
15366,2
15367,2
15368,0
15369,1
15370,2
15371,0
15372,0
15373,1
15374,0
15375,0
15376,2
15377,0
15378,1
15379,2
15380,2
15381,0
15382,1
15383,2
15384,0
15385,1
15386,2
15387,2
15388,1
15389,0
15390,2
15391,1
15392,0
15393,2
15394,0
15395,0
15396,0
15397,0
15398,0
15399,0
15400,2
15401,0
15402,0
15403,1
15404,2
15405,2
15406,0
15407,2
15408,0
15409,0
15410,0
15411,0
15412,0
15413,0
15414,0
15415,2
15416,0
15417,0
15418,2
15419,0
15420,0
15421,2
15422,0
15423,0
15424,0
15425,0
15426,0
15427,2
15428,0
15429,1
15430,0
15431,1
15432,0
15433,0
15434,2
15435,2
15436,0
15437,2
15438,0
15439,2
15440,0
15441,0
15442,1
15443,0
15444,0
15445,0
15446,2
15447,1
15448,0
15449,0
15450,0
15451,0
15452,1
15453,0
15454,2
15455,0
15456,0
15457,0
15458,2
15459,2
15460,0
15461,2
15462,0
15463,1
15464,0
15465,0
15466,0
15467,0
15468,1
15469,0
15470,0
15471,0
15472,0
15473,2
15474,0
15475,0
15476,0
15477,0
15478,0
15479,0
15480,0
15481,1
15482,0
15483,1
15484,2
15485,0
15486,2
15487,0
15488,0
15489,2
15490,0
15491,0
15492,0
15493,0
15494,0
15495,2
15496,0
15497,2
15498,1
15499,0
15500,0
15501,1
15502,0
15503,0
15504,0
15505,0
15506,0
15507,0
15508,2
15509,1
15510,1
15511,2
15512,2
15513,2
15514,2
15515,1
15516,0
15517,0
15518,1
15519,1
15520,0
15521,0
15522,2
15523,2
15524,0
15525,1
15526,0
15527,0
15528,1
15529,1
15530,2
15531,2
15532,2
15533,0
15534,2
15535,2
15536,0
15537,1
15538,0
15539,2
15540,2
15541,2
15542,2
15543,0
15544,1
15545,1
15546,0
15547,1
15548,2
15549,0
15550,2
15551,0
15552,0
15553,0
15554,0
15555,0
15556,2
15557,0
15558,0
15559,0
15560,0
15561,2
15562,0
15563,1
15564,0
15565,1
15566,1
15567,1
15568,0
15569,2
15570,1
15571,0
15572,1
15573,0
15574,0
15575,0
15576,0
15577,0
15578,0
15579,0
15580,1
15581,2
15582,0
15583,0
15584,0
15585,0
15586,2
15587,2
15588,2
15589,1
15590,1
15591,1
15592,0
15593,1
15594,0
15595,1
15596,2
15597,2
15598,2
15599,0
15600,2
15601,2
15602,0
15603,1
15604,0
15605,2
15606,0
15607,0
15608,2
15609,0
15610,0
15611,2
15612,0
15613,0
15614,1
15615,0
15616,0
15617,2
15618,0
15619,2
15620,1
15621,0
15622,2
15623,1
15624,0
15625,0
15626,0
15627,0
15628,2
15629,2
15630,2
15631,0
15632,1
15633,0
15634,1
15635,0
15636,2
15637,0
15638,0
15639,1
15640,2
15641,2
15642,0
15643,0
15644,0
15645,0
15646,0
15647,0
15648,0
15649,0
15650,0
15651,0
15652,1
15653,0
15654,2
15655,0
15656,0
15657,0
15658,1
15659,2
15660,0
15661,0
15662,0
15663,2
15664,0
15665,2
15666,2
15667,0
15668,2
15669,0
15670,0
15671,0
15672,0
15673,2
15674,0
15675,2
15676,0
15677,1
15678,1
15679,0
15680,2
15681,1
15682,0
15683,2
15684,0
15685,0
15686,1
15687,0
15688,2
15689,2
15690,1
15691,0
15692,2
15693,0
15694,0
15695,2
15696,0
15697,0
15698,2
15699,1
15700,0
15701,0
15702,2
15703,0
15704,1
15705,0
15706,0
15707,0
15708,0
15709,2
15710,0
15711,2
15712,0
15713,1
15714,0
15715,0
15716,0
15717,0
15718,0
15719,2
15720,2
15721,2
15722,2
15723,0
15724,0
15725,0
15726,0
15727,2
15728,0
15729,0
15730,0
15731,0
15732,2
15733,1
15734,0
15735,0
15736,1
15737,0
15738,0
15739,2
15740,0
15741,2
15742,1
15743,2
15744,2
15745,0
15746,2
15747,0
15748,1
15749,2
15750,0
15751,1
15752,2
15753,1
15754,0
15755,0
15756,1
15757,0
15758,0
15759,1
15760,0
15761,0
15762,1
15763,0
15764,2
15765,1
15766,0
15767,0
15768,0
15769,0
15770,0
15771,2
15772,0
15773,0
15774,2
15775,0
15776,0
15777,2
15778,0
15779,1
15780,0
15781,2
15782,2
15783,2
15784,1
15785,1
15786,2
15787,0
15788,0
15789,0
15790,0
15791,1
15792,0
15793,2
15794,0
15795,0
15796,0
15797,0
15798,0
15799,0
15800,0
15801,0
15802,0
15803,2
15804,0
15805,2
15806,2
15807,0
15808,1
15809,1
15810,0
15811,0
15812,2
15813,0
15814,0
15815,2
15816,1
15817,2
15818,0
15819,0
15820,0
15821,2
15822,1
15823,2
15824,0
15825,1
15826,2
15827,2
15828,2
15829,0
15830,0
15831,0
15832,0
15833,1
15834,0
15835,0
15836,1
15837,0
15838,2
15839,0
15840,0
15841,0
15842,1
15843,0
15844,0
15845,2
15846,2
15847,0
15848,0
15849,2
15850,0
15851,0
15852,1
15853,0
15854,0
15855,0
15856,2
15857,2
15858,0
15859,2
15860,0
15861,1
15862,0
15863,1
15864,0
15865,0
15866,0
15867,0
15868,1
15869,0
15870,2
15871,0
15872,0
15873,2
15874,2
15875,1
15876,1
15877,2
15878,0
15879,1
15880,0
15881,0
15882,0
15883,1
15884,2
15885,0
15886,0
15887,0
15888,0
15889,0
15890,0
15891,0
15892,1
15893,2
15894,0
15895,0
15896,0
15897,2
15898,0
15899,0
15900,0
15901,0
15902,0
15903,2
15904,0
15905,0
15906,1
15907,0
15908,2
15909,0
15910,2
15911,2
15912,1
15913,2
15914,0
15915,1
15916,1
15917,0
15918,2
15919,1
15920,2
15921,0
15922,1
15923,0
15924,0
15925,1
15926,2
15927,2
15928,0
15929,2
15930,0
15931,2
15932,0
15933,2
15934,0
15935,1
15936,2
15937,2
15938,2
15939,2
15940,0
15941,2
15942,0
15943,2
15944,0
15945,2
15946,0
15947,0
15948,0
15949,0
15950,0
15951,2
15952,2
15953,1
15954,2
15955,1
15956,2
15957,1
15958,0
15959,0
15960,2
15961,0
15962,2
15963,1
15964,2
15965,2
15966,0
15967,0
15968,1
15969,2
15970,0
15971,0
15972,0
15973,0
15974,0
15975,2
15976,2
15977,0
15978,0
15979,2
15980,2
15981,2
15982,2
15983,0
15984,1
15985,0
15986,1
15987,0
15988,1
15989,1
15990,0
15991,1
15992,1
15993,1
15994,0
15995,0
15996,1
15997,0
15998,1
15999,0
16000,1
16001,1
16002,0
16003,0
16004,2
16005,0
16006,1
16007,0
16008,0
16009,0
16010,1
16011,1
16012,2
16013,0
16014,0
16015,0
16016,0
16017,1
16018,0
16019,2
16020,0
16021,0
16022,0
16023,0
16024,0
16025,1
16026,0
16027,2
16028,2
16029,2
16030,0
16031,2
16032,0
16033,0
16034,2
16035,1
16036,2
16037,2
16038,2
16039,0
16040,1
16041,0
16042,0
16043,2
16044,1
16045,0
16046,2
16047,0
16048,1
16049,2
16050,1
16051,2
16052,2
16053,0
16054,0
16055,0
16056,2
16057,0
16058,2
16059,0
16060,0
16061,0
16062,0
16063,1
16064,0
16065,2
16066,2
16067,1
16068,2
16069,1
16070,1
16071,2
16072,1
16073,2
16074,1
16075,2
16076,2
16077,1
16078,2
16079,2
16080,0
16081,2
16082,0
16083,2
16084,2
16085,2
16086,1
16087,1
16088,0
16089,2
16090,0
16091,0
16092,2
16093,0
16094,0
16095,1
16096,2
16097,0
16098,2
16099,0
16100,0
16101,2
16102,0
16103,1
16104,0
16105,0
16106,2
16107,0
16108,0
16109,0
16110,0
16111,2
16112,2
16113,2
16114,2
16115,1
16116,0
16117,0
16118,0
16119,0
16120,2
16121,0
16122,2
16123,0
16124,1
16125,1
16126,2
16127,1
16128,0
16129,2
16130,2
16131,0
16132,0
16133,0
16134,1
16135,0
16136,2
16137,0
16138,2
16139,1
16140,2
16141,0
16142,0
16143,1
16144,0
16145,0
16146,0
16147,1
16148,1
16149,0
16150,0
16151,0
16152,0
16153,2
16154,0
16155,0
16156,1
16157,1
16158,0
16159,2
16160,2
16161,2
16162,2
16163,2
16164,2
16165,0
16166,2
16167,2
16168,1
16169,1
16170,0
16171,1
16172,0
16173,0
16174,2
16175,2
16176,2
16177,1
16178,2
16179,2
16180,0
16181,1
16182,0
16183,2
16184,1
16185,2
16186,0
16187,1
16188,2
16189,2
16190,0
16191,1
16192,0
16193,0
16194,2
16195,0
16196,0
16197,1
16198,1
16199,0
16200,2
16201,0
16202,1
16203,2
16204,0
16205,1
16206,2
16207,0
16208,2
16209,2
16210,0
16211,1
16212,2
16213,0
16214,2
16215,2
16216,2
16217,0
16218,1
16219,0
16220,1
16221,1
16222,0
16223,0
16224,2
16225,2
16226,1
16227,0
16228,2
16229,0
16230,0
16231,1
16232,2
16233,0
16234,2
16235,2
16236,0
16237,1
16238,2
16239,2
16240,0
16241,2
16242,1
16243,2
16244,2
16245,2
16246,2
16247,0
16248,0
16249,2
16250,0
16251,1
16252,1
16253,1
16254,1
16255,1
16256,0
16257,1
16258,1
16259,0
16260,2
16261,0
16262,1
16263,1
16264,1
16265,1
16266,1
16267,2
16268,2
16269,0
16270,2
16271,0
16272,2
16273,1
16274,0
16275,1
16276,1
16277,0
16278,2
16279,2
16280,0
16281,1
16282,0
16283,0
16284,1
16285,0
16286,0
16287,0
16288,0
16289,0
16290,2
16291,0
16292,2
16293,1
16294,2
16295,0
16296,0
16297,1
16298,2
16299,1
16300,0
16301,2
16302,2
16303,1
16304,2
16305,2
16306,1
16307,0
16308,2
16309,2
16310,1
16311,1
16312,2
16313,0
16314,0
16315,2
16316,2
16317,0
16318,2
16319,1
16320,2
16321,2
16322,1
16323,2
16324,2
16325,2
16326,2
16327,2
16328,2
16329,0
16330,1
16331,1
16332,2
16333,2
16334,2
16335,2
16336,0
16337,1
16338,2
16339,1
16340,0
16341,0
16342,0
16343,0
16344,0
16345,1
16346,1
16347,2
16348,1
16349,2
16350,2
16351,2
16352,1
16353,0
16354,0
16355,2
16356,0
16357,0
16358,1
16359,0
16360,0
16361,0
16362,0
16363,0
16364,2
16365,0
16366,0
16367,0
16368,2
16369,0
16370,0
16371,0
16372,2
16373,1
16374,1
16375,0
16376,0
16377,1
16378,1
16379,0
16380,0
16381,0
16382,0
16383,0
16384,0
16385,0
16386,2
16387,1
16388,1
16389,1
16390,1
16391,2
16392,0
16393,0
16394,0
16395,1
16396,0
16397,1
16398,0
16399,0
16400,2
16401,0
16402,1
16403,2
16404,0
16405,1
16406,0
16407,1
16408,2
16409,0
16410,0
16411,0
16412,0
16413,2
16414,2
16415,0
16416,1
16417,0
16418,2
16419,0
16420,2
16421,1
16422,1
16423,0
16424,2
16425,2
16426,1
16427,1
16428,2
16429,0
16430,0
16431,1
16432,1
16433,1
16434,2
16435,0
16436,0
16437,2
16438,1
16439,0
16440,2
16441,0
16442,0
16443,0
16444,2
16445,1
16446,2
16447,0
16448,1
16449,0
16450,0
16451,0
16452,0
16453,2
16454,0
16455,0
16456,0
16457,1
16458,1
16459,2
16460,0
16461,1
16462,0
16463,1
16464,0
16465,2
16466,2
16467,0
16468,1
16469,2
16470,0
16471,0
16472,0
16473,2
16474,2
16475,1
16476,1
16477,1
16478,0
16479,0
16480,0
16481,2
16482,2
16483,2
16484,1
16485,0
16486,2
16487,1
16488,1
16489,2
16490,0
16491,2
16492,0
16493,0
16494,1
16495,2
16496,1
16497,2
16498,2
16499,0
16500,2
16501,1
16502,2
16503,0
16504,0
16505,2
16506,2
16507,0
16508,1
16509,0
16510,0
16511,2
16512,0
16513,0
16514,2
16515,1
16516,0
16517,0
16518,0
16519,2
16520,0
16521,2
16522,2
16523,1
16524,0
16525,0
16526,2
16527,0
16528,0
16529,1
16530,2
16531,1
16532,2
16533,0
16534,0
16535,0
16536,2
16537,0
16538,2
16539,0
16540,0
16541,0
16542,1
16543,2
16544,1
16545,0
16546,1
16547,2
16548,2
16549,2
16550,2
16551,0
16552,1
16553,2
16554,0
16555,1
16556,1
16557,2
16558,0
16559,0
16560,0
16561,0
16562,0
16563,2
16564,2
16565,0
16566,1
16567,1
16568,1
16569,0
16570,0
16571,0
16572,1
16573,0
16574,0
16575,0
16576,0
16577,0
16578,0
16579,2
16580,2
16581,0
16582,1
16583,1
16584,2
16585,0
16586,0
16587,0
16588,2
16589,2
16590,1
16591,1
16592,1
16593,1
16594,1
16595,2
16596,0
16597,2
16598,2
16599,2
16600,2
16601,0
16602,0
16603,2
16604,0
16605,0
16606,0
16607,0
16608,2
16609,2
16610,2
16611,0
16612,0
16613,0
16614,0
16615,0
16616,2
16617,0
16618,0
16619,1
16620,1
16621,2
16622,2
16623,2
16624,2
16625,1
16626,0
16627,0
16628,0
16629,0
16630,1
16631,0
16632,2
16633,0
16634,2
16635,0
16636,0
16637,0
16638,0
16639,1
16640,2
16641,0
16642,0
16643,0
16644,2
16645,2
16646,0
16647,2
16648,0
16649,1
16650,2
16651,0
16652,1
16653,2
16654,2
16655,0
16656,0
16657,2
16658,0
16659,0
16660,2
16661,2
16662,0
16663,1
16664,0
16665,0
16666,2
16667,0
16668,2
16669,2
16670,0
16671,0
16672,2
16673,1
16674,1
16675,1
16676,0
16677,2
16678,0
16679,0
16680,2
16681,0
16682,0
16683,0
16684,2
16685,2
16686,0
16687,0
16688,0
16689,1
16690,2
16691,0
16692,2
16693,0
16694,0
16695,0
16696,1
16697,0
16698,0
16699,0
16700,2
16701,2
16702,0
16703,1
16704,0
16705,0
16706,0
16707,0
16708,1
16709,0
16710,2
16711,1
16712,0
16713,0
16714,2
16715,2
16716,0
16717,0
16718,0
16719,0
16720,2
16721,0
16722,2
16723,1
16724,2
16725,0
16726,0
16727,0
16728,0
16729,0
16730,1
16731,2
16732,0
16733,0
16734,0
16735,2
16736,0
16737,0
16738,0
16739,2
16740,0
16741,0
16742,0
16743,0
16744,2
16745,0
16746,1
16747,2
16748,0
16749,2
16750,0
16751,0
16752,0
16753,0
16754,1
16755,0
16756,0
16757,0
16758,0
16759,0
16760,1
16761,0
16762,1
16763,0
16764,2
16765,1
16766,1
16767,1
16768,2
16769,0
16770,0
16771,0
16772,0
16773,0
16774,0
16775,0
16776,2
16777,2
16778,1
16779,2
16780,0
16781,0
16782,0
16783,0
16784,0
16785,2
16786,1
16787,0
16788,0
16789,0
16790,0
16791,1
16792,1
16793,0
16794,1
16795,1
16796,0
16797,0
16798,2
16799,0
16800,0
16801,0
16802,1
16803,2
16804,0
16805,0
16806,2
16807,2
16808,0
16809,0
16810,2
16811,2
16812,1
16813,2
16814,0
16815,0
16816,2
16817,0
16818,0
16819,0
16820,2
16821,0
16822,0
16823,0
16824,2
16825,0
16826,2
16827,1
16828,0
16829,0
16830,1
16831,1
16832,0
16833,2
16834,1
16835,1
16836,2
16837,0
16838,0
16839,2
16840,0
16841,2
16842,1
16843,0
16844,0
16845,1
16846,1
16847,2
16848,2
16849,0
16850,0
16851,1
16852,2
16853,0
16854,2
16855,2
16856,2
16857,0
16858,0
16859,0
16860,0
16861,1
16862,0
16863,0
16864,1
16865,1
16866,0
16867,2
16868,0
16869,2
16870,1
16871,0
16872,1
16873,2
16874,2
16875,1
16876,0
16877,0
16878,2
16879,2
16880,2
16881,1
16882,0
16883,2
16884,1
16885,0
16886,0
16887,2
16888,0
16889,0
16890,0
16891,2
16892,2
16893,2
16894,0
16895,2
16896,2
16897,2
16898,2
16899,2
16900,1
16901,1
16902,1
16903,1
16904,0
16905,1
16906,0
16907,2
16908,1
16909,2
16910,2
16911,0
16912,1
16913,0
16914,0
16915,2
16916,0
16917,2
16918,2
16919,0
16920,0
16921,0
16922,2
16923,0
16924,2
16925,2
16926,0
16927,0
16928,0
16929,0
16930,1
16931,2
16932,0
16933,0
16934,0
16935,0
16936,0
16937,2
16938,1
16939,0
16940,0
16941,0
16942,1
16943,2
16944,0
16945,2
16946,2
16947,2
16948,0
16949,0
16950,0
16951,2
16952,2
16953,1
16954,0
16955,0
16956,2
16957,2
16958,0
16959,0
16960,2
16961,1
16962,0
16963,2
16964,0
16965,0
16966,1
16967,2
16968,1
16969,0
16970,0
16971,1
16972,1
16973,2
16974,1
16975,2
16976,2
16977,2
16978,2
16979,1
16980,0
16981,0
16982,0
16983,1
16984,0
16985,0
16986,2
16987,2
16988,0
16989,1
16990,1
16991,0
16992,2
16993,0
16994,2
16995,2
16996,0
16997,1
16998,0
16999,0
17000,0
17001,0
17002,2
17003,0
17004,2
17005,0
17006,2
17007,0
17008,1
17009,0
17010,0
17011,1
17012,2
17013,2
17014,1
17015,0
17016,0
17017,2
17018,2
17019,2
17020,2
17021,2
17022,0
17023,2
17024,0
17025,2
17026,0
17027,2
17028,2
17029,2
17030,0
17031,2
17032,0
17033,0
17034,0
17035,1
17036,1
17037,0
17038,2
17039,0
17040,2
17041,1
17042,2
17043,0
17044,2
17045,1
17046,0
17047,0
17048,0
17049,2
17050,2
17051,2
17052,0
17053,1
17054,2
17055,0
17056,2
17057,1
17058,1
17059,0
17060,1
17061,0
17062,0
17063,1
17064,0
17065,2
17066,1
17067,2
17068,0
17069,1
17070,1
17071,0
17072,1
17073,2
17074,0
17075,1
17076,0
17077,1
17078,2
17079,2
17080,1
17081,2
17082,0
17083,2
17084,1
17085,2
17086,2
17087,0
17088,2
17089,2
17090,0
17091,2
17092,0
17093,1
17094,2
17095,1
17096,0
17097,0
17098,0
17099,0
17100,0
17101,0
17102,0
17103,2
17104,0
17105,0
17106,2
17107,2
17108,2
17109,0
17110,0
17111,1
17112,2
17113,0
17114,0
17115,2
17116,0
17117,2
17118,0
17119,2
17120,0
17121,0
17122,2
17123,1
17124,0
17125,1
17126,0
17127,1
17128,0
17129,0
17130,2
17131,0
17132,2
17133,0
17134,2
17135,2
17136,0
17137,2
17138,0
17139,2
17140,2
17141,0
17142,2
17143,2
17144,0
17145,0
17146,1
17147,1
17148,1
17149,0
17150,2
17151,1
17152,2
17153,1
17154,0
17155,0
17156,2
17157,0
17158,1
17159,2
17160,2
17161,1
17162,1
17163,0
17164,2
17165,2
17166,1
17167,0
17168,0
17169,1
17170,2
17171,0
17172,0
17173,0
17174,1
17175,0
17176,0
17177,2
17178,2
17179,0
17180,1
17181,0
17182,1
17183,0
17184,0
17185,2
17186,0
17187,0
17188,2
17189,1
17190,0
17191,1
17192,1
17193,2
17194,0
17195,0
17196,1
17197,0
17198,1
17199,0
17200,0
17201,0
17202,0
17203,0
17204,1
17205,1
17206,0
17207,2
17208,1
17209,0
17210,0
17211,0
17212,0
17213,0
17214,0
17215,2
17216,2
17217,2
17218,0
17219,2
17220,0
17221,1
17222,1
17223,0
17224,1
17225,0
17226,0
17227,2
17228,1
17229,1
17230,0
17231,0
17232,2
17233,2
17234,2
17235,1
17236,0
17237,1
17238,0
17239,1
17240,0
17241,2
17242,0
17243,1
17244,0
17245,1
17246,0
17247,2
17248,0
17249,0
17250,2
17251,2
17252,1
17253,0
17254,2
17255,2
17256,2
17257,0
17258,1
17259,0
17260,0
17261,0
17262,0
17263,0
17264,2
17265,2
17266,0
17267,0
17268,2
17269,0
17270,2
17271,1
17272,1
17273,0
17274,0
17275,0
17276,2
17277,2
17278,2
17279,0
17280,2
17281,0
17282,1
17283,0
17284,0
17285,2
17286,0
17287,2
17288,2
17289,2
17290,0
17291,2
17292,1
17293,0
17294,0
17295,0
17296,2
17297,2
17298,2
17299,1
17300,1
17301,0
17302,0
17303,0
17304,0
17305,0
17306,0
17307,2
17308,0
17309,0
17310,1
17311,2
17312,0
17313,0
17314,0
17315,0
17316,2
17317,0
17318,0
17319,0
17320,1
17321,2
17322,0
17323,2
17324,2
17325,0
17326,0
17327,0
17328,0
17329,0
17330,2
17331,1
17332,2
17333,2
17334,2
17335,0
17336,1
17337,1
17338,2
17339,1
17340,2
17341,0
17342,1
17343,2
17344,0
17345,0
17346,1
17347,2
17348,2
17349,1
17350,0
17351,2
17352,1
17353,1
17354,1
17355,0
17356,1
17357,1
17358,0
17359,2
17360,2
17361,0
17362,0
17363,2
17364,0
17365,0
17366,0
17367,1
17368,1
17369,2
17370,2
17371,2
17372,0
17373,0
17374,0
17375,0
17376,0
17377,0
17378,0
17379,0
17380,0
17381,0
17382,0
17383,2
17384,1
17385,2
17386,0
17387,0
17388,0
17389,0
17390,0
17391,0
17392,2
17393,2
17394,1
17395,0
17396,0
17397,0
17398,2
17399,2
17400,1
17401,2
17402,0
17403,2
17404,2
17405,0
17406,0
17407,0
17408,0
17409,0
17410,0
17411,1
17412,2
17413,0
17414,0
17415,0
17416,0
17417,1
17418,0
17419,1
17420,2
17421,2
17422,0
17423,1
17424,0
17425,0
17426,2
17427,0
17428,0
17429,0
17430,0
17431,2
17432,0
17433,0
17434,0
17435,2
17436,0
17437,2
17438,2
17439,0
17440,0
17441,2
17442,2
17443,0
17444,2
17445,1
17446,2
17447,0
17448,0
17449,2
17450,1
17451,0
17452,2
17453,2
17454,0
17455,0
17456,2
17457,1
17458,0
17459,2
17460,1
17461,1
17462,2
17463,2
17464,1
17465,0
17466,2
17467,2
17468,0
17469,0
17470,0
17471,1
17472,0
17473,0
17474,1
17475,0
17476,1
17477,0
17478,0
17479,0
17480,0
17481,0
17482,0
17483,2
17484,0
17485,0
17486,0
17487,0
17488,1
17489,2
17490,2
17491,1
17492,2
17493,1
17494,2
17495,0
17496,1
17497,0
17498,2
17499,2
17500,0
17501,2
17502,2
17503,0
17504,1
17505,2
17506,0
17507,2
17508,0
17509,0
17510,2
17511,0
17512,2
17513,0
17514,1
17515,0
17516,1
17517,2
17518,1
17519,1
17520,0
17521,0
17522,2
17523,2
17524,1
17525,1
17526,1
17527,2
17528,1
17529,0
17530,2
17531,2
17532,2
17533,0
17534,0
17535,0
17536,1
17537,0
17538,1
17539,0
17540,0
17541,2
17542,0
17543,0
17544,0
17545,0
17546,0
17547,1
17548,0
17549,1
17550,0
17551,2
17552,2
17553,1
17554,0
17555,0
17556,0
17557,1
17558,2
17559,0
17560,0
17561,0
17562,2
17563,2
17564,2
17565,0
17566,2
17567,2
17568,2
17569,2
17570,2
17571,2
17572,1
17573,2
17574,2
17575,2
17576,1
17577,0
17578,0
17579,0
17580,2
17581,1
17582,1
17583,0
17584,0
17585,0
17586,0
17587,0
17588,1
17589,2
17590,2
17591,1
17592,2
17593,0
17594,1
17595,1
17596,2
17597,1
17598,2
17599,0
17600,0
17601,0
17602,2
17603,0
17604,2
17605,0
17606,0
17607,1
17608,1
17609,1
17610,0
17611,0
17612,0
17613,1
17614,0
17615,0
17616,0
17617,1
17618,2
17619,0
17620,1
17621,0
17622,0
17623,0
17624,0
17625,0
17626,0
17627,0
17628,0
17629,0
17630,2
17631,0
17632,0
17633,0
17634,2
17635,2
17636,2
17637,1
17638,1
17639,1
17640,2
17641,0
17642,1
17643,0
17644,2
17645,1
17646,0
17647,0
17648,0
17649,2
17650,2
17651,2
17652,1
17653,0
17654,1
17655,2
17656,0
17657,0
17658,0
17659,1
17660,2
17661,0
17662,1
17663,2
17664,1
17665,0
17666,2
17667,2
17668,0
17669,0
17670,2
17671,2
17672,0
17673,1
17674,0
17675,2
17676,2
17677,2
17678,1
17679,2
17680,1
17681,0
17682,2
17683,1
17684,0
17685,0
17686,0
17687,2
17688,0
17689,2
17690,0
17691,0
17692,2
17693,2
17694,2
17695,0
17696,0
17697,0
17698,1
17699,0
17700,0
17701,1
17702,1
17703,1
17704,1
17705,0
17706,1
17707,1
17708,0
17709,0
17710,2
17711,1
17712,2
17713,0
17714,2
17715,1
17716,0
17717,0
17718,0
17719,0
17720,2
17721,0
17722,0
17723,2
17724,0
17725,2
17726,0
17727,2
17728,1
17729,0
17730,2
17731,0
17732,1
17733,0
17734,0
17735,1
17736,0
17737,0
17738,2
17739,0
17740,2
17741,1
17742,0
17743,0
17744,0
17745,0
17746,0
17747,2
17748,0
17749,2
17750,0
17751,1
17752,1
17753,2
17754,0
17755,2
17756,1
17757,2
17758,0
17759,0
17760,1
17761,2
17762,0
17763,0
17764,0
17765,1
17766,0
17767,0
17768,1
17769,0
17770,0
17771,0
17772,2
17773,1
17774,2
17775,0
17776,0
17777,0
17778,0
17779,2
17780,0
17781,2
17782,0
17783,1
17784,0
17785,2
17786,1
17787,2
17788,1
17789,0
17790,1
17791,2
17792,0
17793,2
17794,2
17795,0
17796,0
17797,1
17798,1
17799,0
17800,0
17801,1
17802,0
17803,0
17804,0
17805,2
17806,2
17807,0
17808,0
17809,1
17810,0
17811,0
17812,0
17813,0
17814,0
17815,2
17816,2
17817,0
17818,2
17819,2
17820,2
17821,1
17822,0
17823,1
17824,0
17825,0
17826,1
17827,0
17828,1
17829,0
17830,0
17831,2
17832,2
17833,0
17834,0
17835,2
17836,0
17837,0
17838,0
17839,2
17840,0
17841,0
17842,1
17843,0
17844,0
17845,0
17846,0
17847,0
17848,0
17849,0
17850,1
17851,2
17852,0
17853,2
17854,1
17855,0
17856,0
17857,2
17858,0
17859,0
17860,2
17861,0
17862,0
17863,2
17864,2
17865,0
17866,2
17867,1
17868,2
17869,0
17870,2
17871,1
17872,1
17873,0
17874,0
17875,0
17876,1
17877,1
17878,2
17879,1
17880,0
17881,0
17882,1
17883,0
17884,2
17885,0
17886,0
17887,0
17888,0
17889,1
17890,2
17891,0
17892,1
17893,2
17894,0
17895,2
17896,0
17897,2
17898,1
17899,2
17900,0
17901,0
17902,2
17903,1
17904,1
17905,0
17906,2
17907,2
17908,2
17909,2
17910,2
17911,2
17912,1
17913,0
17914,2
17915,2
17916,0
17917,2
17918,2
17919,0
17920,0
17921,0
17922,2
17923,1
17924,2
17925,2
17926,0
17927,2
17928,2
17929,0
17930,1
17931,2
17932,2
17933,2
17934,0
17935,0
17936,0
17937,0
17938,2
17939,2
17940,2
17941,2
17942,2
17943,1
17944,2
17945,1
17946,2
17947,0
17948,1
17949,0
17950,2
17951,2
17952,0
17953,1
17954,0
17955,0
17956,2
17957,1
17958,2
17959,1
17960,0
17961,2
17962,1
17963,1
17964,2
17965,2
17966,2
17967,0
17968,1
17969,0
17970,1
17971,1
17972,2
17973,2
17974,1
17975,0
17976,1
17977,1
17978,0
17979,1
17980,0
17981,0
17982,0
17983,0
17984,2
17985,0
17986,0
17987,0
17988,2
17989,0
17990,0
17991,0
17992,2
17993,0
17994,2
17995,1
17996,1
17997,0
17998,0
17999,0
18000,1
18001,0
18002,2
18003,2
18004,0
18005,0
18006,2
18007,0
18008,0
18009,2
18010,1
18011,2
18012,1
18013,2
18014,0
18015,0
18016,0
18017,1
18018,0
18019,2
18020,2
18021,0
18022,0
18023,2
18024,0
18025,0
18026,1
18027,2
18028,2
18029,0
18030,0
18031,1
18032,1
18033,0
18034,2
18035,1
18036,0
18037,2
18038,0
18039,0
18040,0
18041,2
18042,1
18043,2
18044,0
18045,2
18046,2
18047,1
18048,0
18049,0
18050,2
18051,2
18052,2
18053,1
18054,1
18055,2
18056,0
18057,2
18058,2
18059,0
18060,2
18061,2
18062,0
18063,2
18064,1
18065,2
18066,0
18067,1
18068,1
18069,0
18070,0
18071,1
18072,2
18073,2
18074,1
18075,0
18076,2
18077,0
18078,0
18079,0
18080,1
18081,2
18082,2
18083,2
18084,1
18085,2
18086,2
18087,1
18088,2
18089,1
18090,2
18091,1
18092,2
18093,1
18094,0
18095,1
18096,1
18097,0
18098,0
18099,1
18100,2
18101,2
18102,0
18103,0
18104,2
18105,1
18106,2
18107,0
18108,2
18109,1
18110,0
18111,2
18112,0
18113,2
18114,2
18115,0
18116,2
18117,2
18118,2
18119,0
18120,2
18121,0
18122,2
18123,2
18124,2
18125,2
18126,1
18127,0
18128,0
18129,0
18130,2
18131,0
18132,2
18133,0
18134,1
18135,1
18136,0
18137,1
18138,2
18139,0
18140,0
18141,2
18142,1
18143,1
18144,0
18145,0
18146,1
18147,2
18148,2
18149,2
18150,2
18151,0
18152,2
18153,0
18154,1
18155,1
18156,2
18157,2
18158,0
18159,0
18160,0
18161,0
18162,0
18163,0
18164,0
18165,0
18166,0
18167,0
18168,0
18169,1
18170,1
18171,0
18172,1
18173,1
18174,0
18175,0
18176,0
18177,0
18178,2
18179,0
18180,1
18181,2
18182,1
18183,0
18184,2
18185,0
18186,2
18187,2
18188,1
18189,1
18190,2
18191,2
18192,2
18193,2
18194,2
18195,0
18196,0
18197,0
18198,0
18199,1
18200,2
18201,0
18202,0
18203,0
18204,0
18205,1
18206,0
18207,1
18208,0
18209,0
18210,2
18211,2
18212,0
18213,2
18214,0
18215,0
18216,2
18217,0
18218,2
18219,0
18220,0
18221,1
18222,0
18223,0
18224,0
18225,0
18226,1
18227,2
18228,2
18229,0
18230,2
18231,2
18232,2
18233,2
18234,0
18235,1
18236,0
18237,0
18238,2
18239,2
18240,2
18241,0
18242,1
18243,0
18244,2
18245,2
18246,2
18247,2
18248,2
18249,2
18250,0
18251,2
18252,1
18253,0
18254,0
18255,2
18256,2
18257,2
18258,0
18259,0
18260,2
18261,0
18262,2
18263,0
18264,2
18265,2
18266,0
18267,0
18268,1
18269,1
18270,1
18271,1
18272,0
18273,0
18274,0
18275,0
18276,1
18277,2
18278,0
18279,0
18280,0
18281,0
18282,1
18283,0
18284,0
18285,0
18286,0
18287,2
18288,0
18289,2
18290,2
18291,1
18292,0
18293,0
18294,0
18295,2
18296,0
18297,0
18298,2
18299,1
18300,0
18301,0
18302,0
18303,0
18304,0
18305,2
18306,0
18307,0
18308,0
18309,0
18310,2
18311,0
18312,1
18313,2
18314,1
18315,0
18316,0
18317,2
18318,0
18319,2
18320,1
18321,2
18322,2
18323,0
18324,0
18325,0
18326,0
18327,2
18328,2
18329,0
18330,0
18331,2
18332,2
18333,0
18334,0
18335,2
18336,0
18337,0
18338,0
18339,2
18340,1
18341,2
18342,2
18343,1
18344,0
18345,0
18346,1
18347,0
18348,2
18349,0
18350,0
18351,2
18352,2
18353,2
18354,0
18355,0
18356,2
18357,0
18358,0
18359,1
18360,0
18361,0
18362,0
18363,0
18364,1
18365,0
18366,1
18367,1
18368,0
18369,1
18370,1
18371,0
18372,1
18373,2
18374,1
18375,0
18376,1
18377,2
18378,1
18379,2
18380,1
18381,0
18382,0
18383,2
18384,0
18385,0
18386,0
18387,0
18388,0
18389,0
18390,0
18391,1
18392,0
18393,0
18394,1
18395,0
18396,0
18397,1
18398,0
18399,0
18400,2
18401,0
18402,2
18403,0
18404,0
18405,0
18406,2
18407,2
18408,2
18409,1
18410,2
18411,0
18412,1
18413,0
18414,2
18415,2
18416,0
18417,1
18418,0
18419,0
18420,0
18421,2
18422,0
18423,2
18424,0
18425,2
18426,0
18427,0
18428,0
18429,0
18430,1
18431,0
18432,0
18433,0
18434,2
18435,0
18436,0
18437,2
18438,2
18439,2
18440,1
18441,0
18442,2
18443,0
18444,1
18445,0
18446,2
18447,0
18448,0
18449,0
18450,2
18451,2
18452,0
18453,0
18454,0
18455,0
18456,0
18457,0
18458,2
18459,0
18460,2
18461,1
18462,0
18463,0
18464,1
18465,0
18466,1
18467,1
18468,0
18469,0
18470,1
18471,0
18472,0
18473,1
18474,0
18475,1
18476,2
18477,0
18478,0
18479,1
18480,0
18481,2
18482,1
18483,2
18484,0
18485,0
18486,1
18487,0
18488,0
18489,0
18490,0
18491,0
18492,0
18493,1
18494,2
18495,0
18496,0
18497,0
18498,0
18499,0
18500,0
18501,0
18502,0
18503,1
18504,0
18505,0
18506,0
18507,0
18508,2
18509,0
18510,0
18511,0
18512,2
18513,0
18514,0
18515,0
18516,0
18517,0
18518,2
18519,0
18520,2
18521,2
18522,2
18523,0
18524,2
18525,0
18526,1
18527,2
18528,2
18529,2
18530,0
18531,2
18532,1
18533,2
18534,1
18535,0
18536,2
18537,2
18538,0
18539,2
18540,1
18541,0
18542,0
18543,1
18544,2
18545,2
18546,2
18547,0
18548,1
18549,1
18550,0
18551,0
18552,0
18553,0
18554,0
18555,0
18556,2
18557,0
18558,0
18559,0
18560,0
18561,0
18562,2
18563,0
18564,2
18565,0
18566,0
18567,0
18568,1
18569,0
18570,0
18571,1
18572,1
18573,0
18574,2
18575,2
18576,2
18577,0
18578,1
18579,2
18580,2
18581,0
18582,0
18583,0
18584,0
18585,0
18586,0
18587,2
18588,0
18589,0
18590,0
18591,2
18592,2
18593,0
18594,0
18595,1
18596,0
18597,2
18598,0
18599,0
18600,2
18601,0
18602,0
18603,1
18604,2
18605,0
18606,0
18607,0
18608,1
18609,1
18610,0
18611,0
18612,2
18613,1
18614,1
18615,1
18616,1
18617,0
18618,0
18619,1
18620,0
18621,2
18622,2
18623,2
18624,0
18625,1
18626,0
18627,1
18628,1
18629,1
18630,0
18631,2
18632,0
18633,2
18634,2
18635,0
18636,0
18637,0
18638,0
18639,2
18640,0
18641,0
18642,0
18643,2
18644,0
18645,0
18646,0
18647,1
18648,2
18649,1
18650,1
18651,1
18652,2
18653,0
18654,2
18655,1
18656,1
18657,2
18658,1
18659,0
18660,2
18661,2
18662,1
18663,0
18664,0
18665,2
18666,0
18667,0
18668,0
18669,2
18670,1
18671,2
18672,2
18673,1
18674,1
18675,0
18676,0
18677,0
18678,0
18679,0
18680,0
18681,2
18682,0
18683,2
18684,0
18685,0
18686,2
18687,1
18688,0
18689,2
18690,1
18691,0
18692,1
18693,0
18694,0
18695,0
18696,2
18697,0
18698,0
18699,2
18700,1
18701,1
18702,0
18703,0
18704,0
18705,0
18706,1
18707,1
18708,2
18709,2
18710,0
18711,0
18712,2
18713,2
18714,2
18715,1
18716,1
18717,2
18718,2
18719,2
18720,2
18721,1
18722,2
18723,2
18724,2
18725,0
18726,0
18727,0
18728,0
18729,0
18730,2
18731,2
18732,2
18733,0
18734,2
18735,1
18736,2
18737,1
18738,1
18739,0
18740,1
18741,0
18742,0
18743,2
18744,0
18745,0
18746,0
18747,1
18748,0
18749,1
18750,0
18751,0
18752,1
18753,2
18754,2
18755,1
18756,2
18757,0
18758,2
18759,1
18760,0
18761,2
18762,2
18763,2
18764,1
18765,2
18766,2
18767,2
18768,0
18769,0
18770,0
18771,0
18772,2
18773,2
18774,0
18775,2
18776,0
18777,0
18778,0
18779,1
18780,0
18781,1
18782,1
18783,0
18784,2
18785,1
18786,0
18787,0
18788,2
18789,1
18790,0
18791,1
18792,0
18793,0
18794,1
18795,1
18796,2
18797,2
18798,2
18799,1
18800,2
18801,1
18802,2
18803,0
18804,0
18805,0
18806,0
18807,0
18808,2
18809,2
18810,2
18811,1
18812,0
18813,0
18814,0
18815,1
18816,0
18817,0
18818,2
18819,2
18820,1
18821,0
18822,1
18823,0
18824,0
18825,0
18826,2
18827,0
18828,0
18829,1
18830,2
18831,0
18832,0
18833,1
18834,0
18835,2
18836,2
18837,0
18838,2
18839,1
18840,0
18841,0
18842,1
18843,0
18844,2
18845,2
18846,1
18847,1
18848,2
18849,0
18850,2
18851,1
18852,2
18853,1
18854,1
18855,1
18856,0
18857,0
18858,0
18859,1
18860,2
18861,0
18862,2
18863,1
18864,0
18865,0
18866,2
18867,0
18868,1
18869,0
18870,2
18871,0
18872,0
18873,2
18874,2
18875,0
18876,0
18877,1
18878,0
18879,2
18880,0
18881,0
18882,1
18883,2
18884,2
18885,1
18886,2
18887,2
18888,1
18889,2
18890,0
18891,0
18892,1
18893,1
18894,1
18895,0
18896,1
18897,0
18898,0
18899,0
18900,0
18901,1
18902,2
18903,0
18904,1
18905,0
18906,0
18907,0
18908,0
18909,1
18910,2
18911,0
18912,0
18913,2
18914,0
18915,0
18916,1
18917,0
18918,0
18919,0
18920,0
18921,0
18922,1
18923,1
18924,2
18925,2
18926,0
18927,0
18928,0
18929,2
18930,1
18931,2
18932,0
18933,1
18934,2
18935,0
18936,0
18937,2
18938,0
18939,0
18940,0
18941,2
18942,0
18943,0
18944,2
18945,0
18946,0
18947,0
18948,2
18949,0
18950,2
18951,1
18952,2
18953,0
18954,0
18955,1
18956,0
18957,1
18958,0
18959,0
18960,0
18961,1
18962,0
18963,1
18964,2
18965,0
18966,0
18967,2
18968,2
18969,0
18970,2
18971,0
18972,0
18973,2
18974,1
18975,1
18976,2
18977,1
18978,0
18979,0
18980,2
18981,2
18982,0
18983,0
18984,1
18985,0
18986,0
18987,1
18988,2
18989,0
18990,0
18991,0
18992,1
18993,2
18994,0
18995,0
18996,0
18997,2
18998,0
18999,1
19000,2
19001,1
19002,2
19003,2
19004,1
19005,0
19006,0
19007,0
19008,0
19009,0
19010,0
19011,1
19012,2
19013,2
19014,0
19015,1
19016,1
19017,0
19018,0
19019,0
19020,1
19021,2
19022,0
19023,2
19024,0
19025,0
19026,0
19027,0
19028,2
19029,0
19030,2
19031,2
19032,2
19033,2
19034,2
19035,1
19036,0
19037,2
19038,1
19039,1
19040,2
19041,0
19042,2
19043,0
19044,0
19045,2
19046,0
19047,0
19048,2
19049,2
19050,1
19051,0
19052,0
19053,0
19054,2
19055,0
19056,2
19057,2
19058,0
19059,0
19060,2
19061,2
19062,1
19063,1
19064,0
19065,1
19066,2
19067,0
19068,2
19069,1
19070,1
19071,2
19072,0
19073,0
19074,1
19075,0
19076,2
19077,1
19078,0
19079,0
19080,1
19081,0
19082,2
19083,0
19084,1
19085,0
19086,2
19087,0
19088,2
19089,0
19090,0
19091,0
19092,0
19093,2
19094,1
19095,1
19096,0
19097,0
19098,1
19099,0
19100,0
19101,0
19102,1
19103,0
19104,0
19105,2
19106,1
19107,0
19108,0
19109,2
19110,0
19111,0
19112,1
19113,1
19114,0
19115,1
19116,2
19117,0
19118,0
19119,0
19120,2
19121,1
19122,1
19123,2
19124,0
19125,2
19126,2
19127,0
19128,2
19129,0
19130,0
19131,1
19132,1
19133,1
19134,1
19135,2
19136,1
19137,1
19138,0
19139,0
19140,1
19141,2
19142,2
19143,1
19144,2
19145,0
19146,0
19147,0
19148,1
19149,1
19150,2
19151,0
19152,0
19153,0
19154,0
19155,1
19156,2
19157,0
19158,2
19159,2
19160,0
19161,2
19162,2
19163,1
19164,0
19165,2
19166,1
19167,0
19168,1
19169,2
19170,2
19171,2
19172,0
19173,2
19174,2
19175,1
19176,0
19177,0
19178,0
19179,2
19180,0
19181,2
19182,2
19183,0
19184,1
19185,0
19186,0
19187,0
19188,2
19189,0
19190,1
19191,0
19192,2
19193,0
19194,2
19195,0
19196,2
19197,0
19198,0
19199,0
19200,2
19201,0
19202,1
19203,2
19204,0
19205,0
19206,0
19207,2
19208,2
19209,1
19210,0
19211,1
19212,0
19213,0
19214,2
19215,0
19216,2
19217,1
19218,0
19219,2
19220,1
19221,0
19222,0
19223,1
19224,1
19225,0
19226,1
19227,0
19228,0
19229,2
19230,1
19231,2
19232,2
19233,0
19234,0
19235,0
19236,1
19237,0
19238,2
19239,0
19240,1
19241,0
19242,2
19243,1
19244,2
19245,0
19246,0
19247,1
19248,1
19249,2
19250,1
19251,0
19252,0
19253,0
19254,0
19255,0
19256,2
19257,0
19258,0
19259,0
19260,0
19261,1
19262,0
19263,0
19264,2
19265,0
19266,0
19267,0
19268,2
19269,0
19270,2
19271,0
19272,0
19273,2
19274,0
19275,0
19276,2
19277,1
19278,2
19279,0
19280,0
19281,0
19282,2
19283,2
19284,0
19285,2
19286,1
19287,2
19288,0
19289,2
19290,0
19291,0
19292,0
19293,2
19294,2
19295,0
19296,0
19297,0
19298,1
19299,0
19300,0
19301,0
19302,0
19303,0
19304,1
19305,0
19306,2
19307,1
19308,0
19309,0
19310,1
19311,0
19312,0
19313,0
19314,0
19315,0
19316,2
19317,0
19318,1
19319,1
19320,2
19321,2
19322,2
19323,2
19324,0
19325,1
19326,2
19327,1
19328,2
19329,0
19330,1
19331,0
19332,1
19333,1
19334,1
19335,2
19336,1
19337,0
19338,1
19339,2
19340,2
19341,1
19342,0
19343,0
19344,0
19345,2
19346,1
19347,0
19348,0
19349,0
19350,0
19351,0
19352,0
19353,0
19354,2
19355,1
19356,1
19357,1
19358,1
19359,2
19360,1
19361,0
19362,1
19363,1
19364,2
19365,0
19366,1
19367,1
19368,2
19369,0
19370,0
19371,0
19372,0
19373,2
19374,2
19375,0
19376,0
19377,0
19378,0
19379,1
19380,2
19381,2
19382,0
19383,0
19384,2
19385,2
19386,2
19387,0
19388,0
19389,0
19390,2
19391,1
19392,2
19393,0
19394,0
19395,2
19396,1
19397,0
19398,0
19399,0
19400,1
19401,1
19402,1
19403,0
19404,1
19405,0
19406,0
19407,0
19408,2
19409,0
19410,2
19411,0
19412,0
19413,1
19414,0
19415,0
19416,0
19417,2
19418,0
19419,0
19420,0
19421,0
19422,2
19423,0
19424,0
19425,1
19426,0
19427,2
19428,2
19429,2
19430,0
19431,0
19432,2
19433,0
19434,0
19435,2
19436,0
19437,1
19438,1
19439,1
19440,0
19441,2
19442,0
19443,0
19444,2
19445,0
19446,2
19447,0
19448,2
19449,0
19450,0
19451,0
19452,2
19453,0
19454,1
19455,0
19456,1
19457,0
19458,0
19459,0
19460,2
19461,0
19462,0
19463,0
19464,1
19465,0
19466,0
19467,2
19468,1
19469,2
19470,0
19471,0
19472,0
19473,0
19474,2
19475,0
19476,1
19477,0
19478,0
19479,2
19480,2
19481,1
19482,0
19483,2
19484,0
19485,0
19486,2
19487,2
19488,0
19489,2
19490,0
19491,1
19492,0
19493,0
19494,0
19495,0
19496,0
19497,0
19498,0
19499,0
19500,0
19501,1
19502,0
19503,2
19504,1
19505,0
19506,1
19507,1
19508,2
19509,1
19510,2
19511,1
19512,0
19513,2
19514,0
19515,1
19516,0
19517,2
19518,2
19519,0
19520,2
19521,1
19522,0
19523,0
19524,1
19525,1
19526,1
19527,0
19528,2
19529,0
19530,0
19531,2
19532,2
19533,1
19534,2
19535,0
19536,2
19537,0
19538,0
19539,2
19540,2
19541,2
19542,2
19543,0
19544,2
19545,2
19546,2
19547,0
19548,0
19549,0
19550,1
19551,0
19552,2
19553,2
19554,1
19555,0
19556,0
19557,0
19558,2
19559,0
19560,0
19561,2
19562,0
19563,0
19564,2
19565,0
19566,2
19567,0
19568,0
19569,1
19570,0
19571,0
19572,0
19573,2
19574,1
19575,0
19576,2
19577,0
19578,1
19579,1
19580,0
19581,2
19582,0
19583,0
19584,0
19585,0
19586,0
19587,0
19588,0
19589,2
19590,2
19591,1
19592,1
19593,1
19594,0
19595,0
19596,0
19597,2
19598,0
19599,1
19600,2
19601,2
19602,0
19603,0
19604,0
19605,2
19606,1
19607,1
19608,2
19609,0
19610,2
19611,0
19612,0
19613,1
19614,2
19615,2
19616,0
19617,2
19618,1
19619,0
19620,0
19621,0
19622,0
19623,1
19624,1
19625,2
19626,2
19627,0
19628,2
19629,2
19630,0
19631,0
19632,0
19633,2
19634,0
19635,0
19636,0
19637,0
19638,1
19639,0
19640,0
19641,2
19642,2
19643,0
19644,1
19645,0
19646,0
19647,2
19648,1
19649,0
19650,2
19651,0
19652,0
19653,0
19654,0
19655,0
19656,0
19657,0
19658,2
19659,1
19660,2
19661,0
19662,0
19663,2
19664,1
19665,2
19666,1
19667,0
19668,2
19669,1
19670,0
19671,0
19672,1
19673,2
19674,0
19675,1
19676,0
19677,2
19678,1
19679,1
19680,2
19681,0
19682,2
19683,0
19684,2
19685,0
19686,0
19687,1
19688,2
19689,0
19690,0
19691,1
19692,2
19693,1
19694,2
19695,0
19696,2
19697,1
19698,0
19699,0
19700,1
19701,0
19702,1
19703,0
19704,0
19705,0
19706,0
19707,0
19708,2
19709,2
19710,0
19711,2
19712,0
19713,2
19714,0
19715,1
19716,0
19717,2
19718,2
19719,2
19720,1
19721,2
19722,1
19723,1
19724,0
19725,0
19726,2
19727,0
19728,0
19729,0
19730,0
19731,0
19732,2
19733,2
19734,2
19735,1
19736,2
19737,0
19738,0
19739,0
19740,0
19741,0
19742,0
19743,0
19744,1
19745,0
19746,0
19747,1
19748,0
19749,0
19750,2
19751,2
19752,1
19753,2
19754,0
19755,0
19756,0
19757,2
19758,2
19759,2
19760,1
19761,2
19762,1
19763,2
19764,1
19765,2
19766,0
19767,1
19768,0
19769,0
19770,0
19771,0
19772,0
19773,1
19774,2
19775,0
19776,0
19777,1
19778,0
19779,1
19780,2
19781,0
19782,0
19783,2
19784,0
19785,0
19786,1
19787,2
19788,2
19789,0
19790,2
19791,0
19792,2
19793,2
19794,1
19795,1
19796,0
19797,0
19798,1
19799,0
19800,0
19801,0
19802,2
19803,0
19804,0
19805,0
19806,0
19807,2
19808,0
19809,0
19810,0
19811,0
19812,2
19813,0
19814,1
19815,1
19816,1
19817,0
19818,0
19819,2
19820,1
19821,0
19822,0
19823,2
19824,2
19825,2
19826,1
19827,0
19828,0
19829,2
19830,0
19831,2
19832,0
19833,1
19834,2
19835,0
19836,0
19837,0
19838,2
19839,0
19840,2
19841,0
19842,0
19843,0
19844,0
19845,1
19846,1
19847,0
19848,1
19849,1
19850,2
19851,1
19852,2
19853,1
19854,0
19855,0
19856,1
19857,0
19858,2
19859,1
19860,0
19861,1
19862,0
19863,0
19864,0
19865,2
19866,1
19867,1
19868,2
19869,1
19870,0
19871,2
19872,0
19873,2
19874,0
19875,0
19876,0
19877,0
19878,0
19879,0
19880,2
19881,1
19882,2
19883,0
19884,1
19885,2
19886,2
19887,2
19888,0
19889,0
19890,0
19891,2
19892,1
19893,2
19894,1
19895,0
19896,2
19897,0
19898,2
19899,0
19900,0
19901,0
19902,2
19903,0
19904,2
19905,0
19906,0
19907,2
19908,2
19909,2
19910,1
19911,1
19912,2
19913,0
19914,2
19915,2
19916,0
19917,2
19918,1
19919,1
19920,2
19921,2
19922,0
19923,1
19924,0
19925,2
19926,2
19927,1
19928,0
19929,1
19930,1
19931,1
19932,0
19933,0
19934,2
19935,2
19936,2
19937,2
19938,2
19939,0
19940,2
19941,1
19942,2
19943,2
19944,0
19945,1
19946,1
19947,2
19948,2
19949,0
19950,0
19951,2
19952,0
19953,1
19954,0
19955,0
19956,0
19957,1
19958,2
19959,0
19960,2
19961,0
19962,0
19963,0
19964,1
19965,1
19966,0
19967,0
19968,0
19969,2
19970,2
19971,0
19972,0
19973,2
19974,1
19975,0
19976,0
19977,1
19978,2
19979,1
19980,1
19981,2
19982,2
19983,1
19984,2
19985,0
19986,2
19987,1
19988,1
19989,2
19990,2
19991,1
19992,0
19993,0
19994,0
19995,2
19996,0
19997,1
19998,1
19999,0
20000,2
20001,1
20002,2
20003,0
20004,0
20005,1
20006,0
20007,0
20008,0
20009,0
20010,0
20011,0
20012,1
20013,1
20014,0
20015,0
20016,0
20017,0
20018,2
20019,0
20020,1
20021,0
20022,1
20023,0
20024,2
20025,2
20026,0
20027,2
20028,2
20029,0
20030,1
20031,0
20032,0
20033,0
20034,2
20035,0
20036,1
20037,0
20038,2
20039,0
20040,2
20041,2
20042,0
20043,0
20044,2
20045,1
20046,2
20047,0
20048,2
20049,2
20050,2
20051,0
20052,1
20053,0
20054,0
20055,2
20056,0
20057,1
20058,0
20059,2
20060,1
20061,0
20062,0
20063,2
20064,1
20065,0
20066,0
20067,2
20068,1
20069,0
20070,2
20071,0
20072,0
20073,2
20074,0
20075,2
20076,1
20077,0
20078,1
20079,0
20080,0
20081,2
20082,1
20083,0
20084,0
20085,0
20086,0
20087,2
20088,0
20089,0
20090,2
20091,0
20092,1
20093,1
20094,2
20095,0
20096,0
20097,0
20098,2
20099,0
20100,2
20101,0
20102,0
20103,1
20104,2
20105,1
20106,2
20107,0
20108,0
20109,2
20110,0
20111,1
20112,0
20113,1
20114,2
20115,0
20116,0
20117,1
20118,0
20119,2
20120,1
20121,2
20122,2
20123,0
20124,1
20125,2
20126,0
20127,2
20128,0
20129,0
20130,2
20131,1
20132,2
20133,2
20134,1
20135,2
20136,0
20137,2
20138,2
20139,1
20140,0
20141,0
20142,0
20143,0
20144,2
20145,2
20146,0
20147,2
20148,1
20149,0
20150,2
20151,0
20152,0
20153,2
20154,1
20155,0
20156,0
20157,0
20158,0
20159,0
20160,1
20161,2
20162,2
20163,1
20164,2
20165,0
20166,0
20167,1
20168,0
20169,0
20170,1
20171,0
20172,1
20173,0
20174,1
20175,0
20176,1
20177,0
20178,1
20179,1
20180,1
20181,0
20182,0
20183,2
20184,0
20185,2
20186,0
20187,1
20188,0
20189,0
20190,0
20191,2
20192,1
20193,2
20194,2
20195,0
20196,0
20197,0
20198,0
20199,2
20200,0
20201,0
20202,1
20203,1
20204,0
20205,2
20206,0
20207,2
20208,0
20209,0
20210,1
20211,2
20212,0
20213,0
20214,0
20215,1
20216,2
20217,0
20218,2
20219,0
20220,2
20221,0
20222,0
20223,1
20224,2
20225,2
20226,0
20227,0
20228,1
20229,0
20230,2
20231,0
20232,2
20233,0
20234,1
20235,0
20236,2
20237,0
20238,1
20239,2
20240,2
20241,0
20242,0
20243,1
20244,0
20245,1
20246,2
20247,0
20248,2
20249,1
20250,1
20251,0
20252,0
20253,0
20254,0
20255,0
20256,2
20257,0
20258,0
20259,2
20260,1
20261,2
20262,1
20263,1
20264,2
20265,0
20266,2
20267,0
20268,2
20269,2
20270,0
20271,0
20272,0
20273,1
20274,2
20275,0
20276,1
20277,2
20278,2
20279,2
20280,1
20281,1
20282,2
20283,2
20284,0
20285,0
20286,0
20287,2
20288,0
20289,0
20290,0
20291,2
20292,1
20293,1
20294,2
20295,2
20296,0
20297,0
20298,1
20299,1
20300,0
20301,2
20302,0
20303,0
20304,1
20305,0
20306,1
20307,2
20308,0
20309,2
20310,0
20311,0
20312,1
20313,1
20314,0
20315,1
20316,1
20317,0
20318,0
20319,2
20320,2
20321,1
20322,0
20323,2
20324,0
20325,2
20326,0
20327,1
20328,1
20329,0
20330,0
20331,0
20332,0
20333,0
20334,0
20335,1
20336,1
20337,0
20338,0
20339,2
20340,1
20341,2
20342,0
20343,0
20344,0
20345,0
20346,0
20347,0
20348,0
20349,2
20350,0
20351,1
20352,0
20353,0
20354,0
20355,0
20356,2
20357,2
20358,0
20359,0
20360,2
20361,0
20362,2
20363,2
20364,2
20365,1
20366,0
20367,0
20368,0
20369,0
20370,2
20371,0
20372,1
20373,2
20374,2
20375,1
20376,0
20377,0
20378,2
20379,0
20380,0
20381,2
20382,2
20383,2
20384,0
20385,0
20386,2
20387,1
20388,0
20389,0
20390,0
20391,1
20392,1
20393,0
20394,1
20395,2
20396,2
20397,1
20398,2
20399,1
20400,0
20401,2
20402,1
20403,2
20404,0
20405,0
20406,1
20407,0
20408,1
20409,0
20410,0
20411,0
20412,2
20413,0
20414,0
20415,0
20416,2
20417,0
20418,0
20419,0
20420,2
20421,0
20422,2
20423,0
20424,0
20425,0
20426,0
20427,0
20428,0
20429,2
20430,2
20431,0
20432,2
20433,2
20434,0
20435,1
20436,0
20437,0
20438,2
20439,2
20440,1
20441,0
20442,0
20443,1
20444,2
20445,0
20446,2
20447,0
20448,2
20449,0
20450,2
20451,0
20452,0
20453,0
20454,1
20455,1
20456,0
20457,0
20458,0
20459,0
20460,1
20461,0
20462,2
20463,0
20464,1
20465,0
20466,0
20467,1
20468,0
20469,0
20470,2
20471,1
20472,1
20473,1
20474,0
20475,0
20476,1
20477,0
20478,0
20479,1
20480,0
20481,2
20482,0
20483,0
20484,0
20485,0
20486,1
20487,0
20488,0
20489,1
20490,0
20491,0
20492,2
20493,0
20494,2
20495,0
20496,0
20497,0
20498,1
20499,0
20500,0
20501,2
20502,2
20503,0
20504,0
20505,1
20506,0
20507,0
20508,0
20509,2
20510,1
20511,0
20512,1
20513,2
20514,2
20515,0
20516,1
20517,1
20518,1
20519,1
20520,2
20521,0
20522,2
20523,0
20524,2
20525,1
20526,2
20527,0
20528,1
20529,0
20530,0
20531,0
20532,0
20533,0
20534,0
20535,0
20536,0
20537,2
20538,1
20539,2
20540,0
20541,0
20542,0
20543,1
20544,1
20545,0
20546,1
20547,2
20548,2
20549,1
20550,0
20551,1
20552,2
20553,2
20554,2
20555,1
20556,2
20557,0
20558,1
20559,1
20560,1
20561,1
20562,0
20563,1
20564,0
20565,1
20566,0
20567,2
20568,0
20569,1
20570,2
20571,0
20572,0
20573,1
20574,0
20575,1
20576,2
20577,0
20578,0
20579,0
20580,2
20581,1
20582,1
20583,0
20584,1
20585,0
20586,0
20587,1
20588,1
20589,0
20590,1
20591,0
20592,0
20593,0
20594,0
20595,0
20596,0
20597,0
20598,0
20599,0
20600,2
20601,1
20602,0
20603,0
20604,1
20605,0
20606,1
20607,2
20608,0
20609,1
20610,0
20611,0
20612,1
20613,0
20614,0
20615,0
20616,0
20617,0
20618,1
20619,0
20620,0
20621,1
20622,2
20623,2
20624,1
20625,2
20626,0
20627,2
20628,0
20629,1
20630,1
20631,1
20632,2
20633,0
20634,0
20635,0
20636,0
20637,2
20638,1
20639,1
20640,2
20641,0
20642,2
20643,0
20644,0
20645,2
20646,0
20647,0
20648,0
20649,2
20650,0
20651,0
20652,0
20653,0
20654,2
20655,2
20656,0
20657,0
20658,2
20659,0
20660,0
20661,0
20662,0
20663,0
20664,1
20665,0
20666,0
20667,0
20668,2
20669,0
20670,0
20671,0
20672,0
20673,1
20674,1
20675,2
20676,2
20677,1
20678,0
20679,2
20680,1
20681,0
20682,2
20683,0
20684,0
20685,0
20686,1
20687,0
20688,0
20689,1
20690,1
20691,0
20692,2
20693,2
20694,0
20695,2
20696,1
20697,1
20698,0
20699,1
20700,1
20701,2
20702,0
20703,2
20704,0
20705,0
20706,2
20707,2
20708,1
20709,2
20710,2
20711,0
20712,0
20713,2
20714,2
20715,0
20716,0
20717,0
20718,2
20719,0
20720,2
20721,0
20722,0
20723,0
20724,1
20725,2
20726,1
20727,0
20728,2
20729,0
20730,2
20731,0
20732,2
20733,2
20734,0
20735,2
20736,1
20737,0
20738,0
20739,1
20740,2
20741,2
20742,0
20743,1
20744,2
20745,0
20746,2
20747,1
20748,2
20749,0
20750,0
20751,0
20752,0
20753,2
20754,0
20755,2
20756,2
20757,1
20758,0
20759,0
20760,0
20761,2
20762,2
20763,1
20764,0
20765,0
20766,1
20767,0
20768,2
20769,2
20770,0
20771,2
20772,2
20773,2
20774,0
20775,0
20776,0
20777,2
20778,2
20779,2
20780,2
20781,0
20782,0
20783,0
20784,2
20785,0
20786,0
20787,2
20788,1
20789,0
20790,1
20791,0
20792,2
20793,1
20794,1
20795,2
20796,1
20797,0
20798,0
20799,2
20800,0
20801,1
20802,0
20803,0
20804,0
20805,2
20806,0
20807,0
20808,0
20809,0
20810,0
20811,2
20812,1
20813,0
20814,0
20815,0
20816,2
20817,0
20818,0
20819,0
20820,0
20821,2
20822,0
20823,0
20824,0
20825,0
20826,2
20827,1
20828,1
20829,1
20830,1
20831,2
20832,0
20833,2
20834,0
20835,0
20836,2
20837,0
20838,0
20839,2
20840,2
20841,0
20842,2
20843,0
20844,1
20845,0
20846,0
20847,2
20848,0
20849,2
20850,0
20851,2
20852,2
20853,0
20854,2
20855,2
20856,0
20857,1
20858,2
20859,2
20860,2
20861,1
20862,0
20863,2
20864,2
20865,0
20866,2
20867,1
20868,1
20869,0
20870,1
20871,0
20872,2
20873,2
20874,0
20875,1
20876,1
20877,0
20878,0
20879,1
20880,0
20881,0
20882,0
20883,0
20884,1
20885,2
20886,0
20887,0
20888,0
20889,2
20890,1
20891,1
20892,2
20893,1
20894,0
20895,2
20896,0
20897,0
20898,1
20899,0
20900,1
20901,2
20902,1
20903,0
20904,2
20905,0
20906,0
20907,1
20908,0
20909,0
20910,0
20911,0
20912,2
20913,1
20914,0
20915,0
20916,0
20917,2
20918,0
20919,0
20920,0
20921,0
20922,2
20923,2
20924,1
20925,0
20926,2
20927,1
20928,0
20929,0
20930,2
20931,0
20932,1
20933,1
20934,0
20935,0
20936,0
20937,0
20938,2
20939,2
20940,0
20941,2
20942,0
20943,0
20944,1
20945,0
20946,1
20947,0
20948,2
20949,2
20950,2
20951,0
20952,0
20953,1
20954,2
20955,2
20956,0
20957,0
20958,2
20959,0
20960,2
20961,1
20962,0
20963,0
20964,1
20965,0
20966,1
20967,0
20968,2
20969,2
20970,1
20971,0
20972,1
20973,1
20974,1
20975,2
20976,2
20977,0
20978,2
20979,2
20980,1
20981,0
20982,1
20983,2
20984,1
20985,2
20986,0
20987,1
20988,0
20989,0
20990,2
20991,0
20992,0
20993,0
20994,2
20995,0
20996,1
20997,2
20998,0
20999,0
21000,2
21001,0
21002,2
21003,2
21004,1
21005,0
21006,0
21007,1
21008,0
21009,0
21010,2
21011,2
21012,1
21013,0
21014,1
21015,0
21016,0
21017,1
21018,0
21019,0
21020,0
21021,0
21022,0
21023,0
21024,0
21025,0
21026,2
21027,0
21028,0
21029,2
21030,2
21031,1
21032,1
21033,0
21034,0
21035,0
21036,0
21037,0
21038,1
21039,0
21040,2
21041,2
21042,0
21043,1
21044,0
21045,0
21046,1
21047,2
21048,1
21049,2
21050,2
21051,0
21052,2
21053,1
21054,2
21055,2
21056,2
21057,2
21058,2
21059,0
21060,1
21061,2
21062,1
21063,0
21064,1
21065,2
21066,0
21067,2
21068,2
21069,1
21070,2
21071,0
21072,2
21073,0
21074,0
21075,2
21076,0
21077,1
21078,1
21079,1
21080,0
21081,1
21082,1
21083,2
21084,0
21085,1
21086,1
21087,0
21088,0
21089,2
21090,0
21091,1
21092,2
21093,0
21094,0
21095,0
21096,0
21097,0
21098,2
21099,1
21100,0
21101,1
21102,2
21103,0
21104,0
21105,1
21106,2
21107,1
21108,0
21109,2
21110,2
21111,0
21112,0
21113,2
21114,2
21115,2
21116,2
21117,0
21118,1
21119,1
21120,2
21121,1
21122,0
21123,0
21124,2
21125,0
21126,2
21127,0
21128,0
21129,0
21130,0
21131,0
21132,2
21133,0
21134,2
21135,2
21136,1
21137,0
21138,2
21139,2
21140,2
21141,0
21142,2
21143,0
21144,1
21145,0
21146,2
21147,2
21148,0
21149,0
21150,2
21151,1
21152,2
21153,0
21154,2
21155,2
21156,2
21157,0
21158,2
21159,2
21160,1
21161,0
21162,0
21163,1
21164,2
21165,2
21166,2
21167,1
21168,0
21169,1
21170,0
21171,1
21172,2
21173,2
21174,0
21175,1
21176,1
21177,0
21178,1
21179,0
21180,1
21181,2
21182,0
21183,2
21184,1
21185,0
21186,2
21187,2
21188,0
21189,0
21190,1
21191,2
21192,2
21193,2
21194,2
21195,0
21196,0
21197,0
21198,0
21199,0
21200,0
21201,0
21202,0
21203,2
21204,0
21205,1
21206,1
21207,0
21208,0
21209,1
21210,1
21211,1
21212,0
21213,1
21214,2
21215,0
21216,0
21217,0
21218,0
21219,1
21220,2
21221,0
21222,0
21223,1
21224,1
21225,2
21226,0
21227,0
21228,2
21229,0
21230,0
21231,2
21232,0
21233,0
21234,2
21235,1
21236,0
21237,2
21238,0
21239,0
21240,2
21241,2
21242,0
21243,0
21244,1
21245,1
21246,2
21247,1
21248,1
21249,0
21250,0
21251,2
21252,2
21253,1
21254,0
21255,0
21256,1
21257,2
21258,2
21259,1
21260,2
21261,2
21262,0
21263,0
21264,0
21265,0
21266,0
21267,0
21268,1
21269,0
21270,2
21271,0
21272,0
21273,2
21274,0
21275,1
21276,0
21277,0
21278,1
21279,0
21280,0
21281,1
21282,0
21283,2
21284,1
21285,1
21286,0
21287,0
21288,1
21289,1
21290,0
21291,0
21292,2
21293,1
21294,1
21295,2
21296,0
21297,2
21298,2
21299,1
21300,0
21301,0
21302,0
21303,1
21304,0
21305,1
21306,0
21307,0
21308,2
21309,1
21310,0
21311,0
21312,1
21313,0
21314,2
21315,0
21316,1
21317,2
21318,0
21319,2
21320,0
21321,2
21322,0
21323,1
21324,2
21325,0
21326,0
21327,1
21328,0
21329,0
21330,2
21331,0
21332,1
21333,2
21334,0
21335,2
21336,0
21337,1
21338,0
21339,2
21340,0
21341,1
21342,0
21343,0
21344,0
21345,0
21346,0
21347,1
21348,0
21349,0
21350,0
21351,1
21352,0
21353,0
21354,0
21355,2
21356,0
21357,0
21358,0
21359,2
21360,2
21361,0
21362,2
21363,0
21364,1
21365,2
21366,2
21367,2
21368,0
21369,0
21370,0
21371,1
21372,0
21373,1
21374,2
21375,0
21376,0
21377,2
21378,0
21379,2
21380,2
21381,0
21382,0
21383,2
21384,2
21385,1
21386,0
21387,0
21388,2
21389,1
21390,0
21391,0
21392,2
21393,1
21394,2
21395,2
21396,2
21397,2
21398,0
21399,2
21400,1
21401,2
21402,1
21403,1
21404,0
21405,1
21406,1
21407,0
21408,0
21409,0
21410,2
21411,0
21412,2
21413,0
21414,2
21415,2
21416,1
21417,2
21418,1
21419,2
21420,2
21421,1
21422,1
21423,0
21424,1
21425,1
21426,2
21427,0
21428,1
21429,0
21430,2
21431,0
21432,0
21433,2
21434,2
21435,2
21436,2
21437,1
21438,0
21439,2
21440,0
21441,2
21442,0
21443,0
21444,2
21445,0
21446,0
21447,2
21448,1
21449,0
21450,2
21451,0
21452,2
21453,1
21454,1
21455,0
21456,2
21457,1
21458,2
21459,0
21460,0
21461,0
21462,0
21463,0
21464,0
21465,0
21466,0
21467,0
21468,1
21469,1
21470,2
21471,0
21472,1
21473,0
21474,2
21475,0
21476,0
21477,0
21478,1
21479,0
21480,0
21481,0
21482,2
21483,0
21484,2
21485,0
21486,0
21487,0
21488,2
21489,0
21490,1
21491,2
21492,0
21493,0
21494,0
21495,2
21496,2
21497,2
21498,0
21499,1
21500,2
21501,2
21502,1
21503,1
21504,0
21505,0
21506,2
21507,1
21508,2
21509,1
21510,1
21511,1
21512,0
21513,0
21514,1
21515,2
21516,0
21517,1
21518,2
21519,0
21520,1
21521,0
21522,0
21523,0
21524,0
21525,2
21526,0
21527,0
21528,1
21529,0
21530,0
21531,0
21532,0
21533,0
21534,0
21535,1
21536,1
21537,1
21538,0
21539,0
21540,1
21541,0
21542,0
21543,0
21544,0
21545,0
21546,0
21547,0
21548,1
21549,1
21550,2
21551,2
21552,0
21553,0
21554,1
21555,2
21556,2
21557,1
21558,0
21559,0
21560,1
21561,0
21562,0
21563,2
21564,2
21565,2
21566,0
21567,2
21568,2
21569,0
21570,1
21571,0
21572,0
21573,0
21574,0
21575,2
21576,1
21577,2
21578,1
21579,0
21580,2
21581,1
21582,0
21583,0
21584,2
21585,0
21586,2
21587,0
21588,2
21589,0
21590,2
21591,0
21592,0
21593,0
21594,0
21595,0
21596,2
21597,0
21598,2
21599,2
21600,0
21601,0
21602,1
21603,1
21604,0
21605,1
21606,1
21607,0
21608,0
21609,0
21610,0
21611,0
21612,0
21613,0
21614,2
21615,2
21616,1
21617,1
21618,1
21619,1
21620,0
21621,1
21622,2
21623,0
21624,2
21625,0
21626,0
21627,0
21628,0
21629,2
21630,0
21631,2
21632,0
21633,2
21634,0
21635,0
21636,0
21637,0
21638,0
21639,2
21640,0
21641,2
21642,1
21643,0
21644,0
21645,2
21646,2
21647,2
21648,2
21649,2
21650,1
21651,2
21652,2
21653,1
21654,2
21655,1
21656,0
21657,1
21658,2
21659,0
21660,1
21661,0
21662,0
21663,2
21664,0
21665,1
21666,0
21667,0
21668,1
21669,0
21670,0
21671,1
21672,2
21673,2
21674,1
21675,1
21676,2
21677,0
21678,2
21679,0
21680,0
21681,0
21682,2
21683,0
21684,2
21685,0
21686,1
21687,2
21688,2
21689,0
21690,0
21691,1
21692,1
21693,0
21694,0
21695,2
21696,0
21697,1
21698,0
21699,2
21700,2
21701,2
21702,0
21703,2
21704,0
21705,1
21706,0
21707,0
21708,0
21709,0
21710,2
21711,2
21712,2
21713,2
21714,0
21715,2
21716,0
21717,1
21718,1
21719,0
21720,2
21721,2
21722,0
21723,1
21724,2
21725,1
21726,0
21727,1
21728,1
21729,0
21730,1
21731,0
21732,0
21733,2
21734,0
21735,0
21736,0
21737,0
21738,2
21739,1
21740,2
21741,0
21742,0
21743,1
21744,0
21745,0
21746,1
21747,0
21748,2
21749,1
21750,0
21751,2
21752,0
21753,1
21754,2
21755,0
21756,0
21757,1
21758,0
21759,1
21760,0
21761,1
21762,1
21763,0
21764,0
21765,2
21766,0
21767,1
21768,1
21769,1
21770,0
21771,0
21772,0
21773,2
21774,2
21775,2
21776,2
21777,0
21778,0
21779,0
21780,1
21781,1
21782,0
21783,0
21784,0
21785,0
21786,2
21787,0
21788,2
21789,1
21790,0
21791,0
21792,2
21793,1
21794,0
21795,0
21796,2
21797,0
21798,0
21799,0
21800,1
21801,2
21802,1
21803,1
21804,0
21805,1
21806,2
21807,2
21808,1
21809,2
21810,0
21811,2
21812,0
21813,0
21814,1
21815,1
21816,0
21817,0
21818,2
21819,2
21820,2
21821,1
21822,1
21823,1
21824,2
21825,1
21826,2
21827,0
21828,1
21829,1
21830,2
21831,2
21832,1
21833,2
21834,2
21835,0
21836,2
21837,2
21838,0
21839,2
21840,0
21841,1
21842,1
21843,2
21844,2
21845,2
21846,0
21847,2
21848,0
21849,0
21850,2
21851,0
21852,1
21853,1
21854,0
21855,0
21856,0
21857,0
21858,1
21859,0
21860,2
21861,1
21862,0
21863,2
21864,2
21865,0
21866,0
21867,1
21868,0
21869,1
21870,1
21871,1
21872,0
21873,2
21874,1
21875,2
21876,1
21877,2
21878,0
21879,0
21880,2
21881,2
21882,2
21883,0
21884,1
21885,1
21886,2
21887,2
21888,2
21889,0
21890,0
21891,0
21892,1
21893,0
21894,0
21895,2
21896,2
21897,2
21898,2
21899,2
21900,0
21901,1
21902,0
21903,0
21904,0
21905,0
21906,0
21907,1
21908,0
21909,0
21910,0
21911,0
21912,1
21913,0
21914,0
21915,2
21916,0
21917,0
21918,1
21919,1
21920,1
21921,0
21922,0
21923,2
21924,0
21925,2
21926,0
21927,0
21928,0
21929,0
21930,2
21931,0
21932,0
21933,0
21934,2
21935,1
21936,2
21937,0
21938,0
21939,0
21940,2
21941,2
21942,0
21943,2
21944,1
21945,2
21946,0
21947,0
21948,0
21949,1
21950,0
21951,0
21952,2
21953,2
21954,2
21955,0
21956,0
21957,1
21958,2
21959,2
21960,0
21961,0
21962,2
21963,1
21964,0
21965,2
21966,1
21967,0
21968,2
21969,1
21970,0
21971,2
21972,1
21973,0
21974,2
21975,0
21976,1
21977,0
21978,0
21979,0
21980,0
21981,0
21982,2
21983,1
21984,1
21985,1
21986,0
21987,1
21988,1
21989,2
21990,0
21991,1
21992,0
21993,1
21994,2
21995,0
21996,2
21997,2
21998,2
21999,1
22000,1
22001,1
22002,1
22003,0
22004,2
22005,0
22006,2
22007,0
22008,2
22009,2
22010,2
22011,0
22012,2
22013,0
22014,2
22015,0
22016,0
22017,2
22018,0
22019,0
22020,1
22021,0
22022,0
22023,1
22024,0
22025,0
22026,2
22027,1
22028,2
22029,2
22030,2
22031,0
22032,1
22033,0
22034,2
22035,2
22036,2
22037,0
22038,1
22039,0
22040,2
22041,0
22042,1
22043,2
22044,0
22045,1
22046,2
22047,0
22048,1
22049,2
22050,1
22051,2
22052,0
22053,1
22054,2
22055,1
22056,0
22057,0
22058,2
22059,0
22060,1
22061,2
22062,1
22063,2
22064,1
22065,0
22066,2
22067,2
22068,0
22069,0
22070,0
22071,0
22072,0
22073,1
22074,0
22075,1
22076,1
22077,1
22078,0
22079,0
22080,2
22081,2
22082,1
22083,0
22084,1
22085,2
22086,2
22087,1
22088,1
22089,0
22090,0
22091,0
22092,0
22093,1
22094,0
22095,1
22096,2
22097,1
22098,0
22099,0
22100,1
22101,0
22102,1
22103,2
22104,1
22105,2
22106,2
22107,1
22108,0
22109,2
22110,0
22111,1
22112,2
22113,2
22114,0
22115,1
22116,1
22117,0
22118,1
22119,0
22120,0
22121,0
22122,1
22123,2
22124,0
22125,1
22126,1
22127,1
22128,1
22129,0
22130,0
22131,0
22132,1
22133,0
22134,1
22135,0
22136,0
22137,1
22138,2
22139,0
22140,2
22141,0
22142,0
22143,1
22144,0
22145,1
22146,0
22147,0
22148,1
22149,0
22150,0
22151,0
22152,0
22153,0
22154,0
22155,1
22156,0
22157,0
22158,2
22159,2
22160,2
22161,2
22162,0
22163,0
22164,0
22165,0
22166,1
22167,1
22168,1
22169,2
22170,2
22171,0
22172,2
22173,0
22174,1
22175,2
22176,2
22177,2
22178,2
22179,0
22180,2
22181,2
22182,0
22183,1
22184,2
22185,0
22186,2
22187,2
22188,0
22189,1
22190,0
22191,0
22192,0
22193,0
22194,0
22195,0
22196,0
22197,2
22198,0
22199,1
22200,2
22201,2
22202,1
22203,0
22204,1
22205,2
22206,2
22207,2
22208,1
22209,0
22210,2
22211,2
22212,1
22213,2
22214,2
22215,0
22216,2
22217,1
22218,0
22219,2
22220,0
22221,1
22222,1
22223,0
22224,0
22225,1
22226,1
22227,1
22228,1
22229,0
22230,2
22231,1
22232,1
22233,0
22234,2
22235,1
22236,0
22237,0
22238,2
22239,0
22240,2
22241,1
22242,2
22243,1
22244,1
22245,1
22246,0
22247,0
22248,2
22249,0
22250,2
22251,0
22252,1
22253,0
22254,2
22255,1
22256,1
22257,1
22258,1
22259,0
22260,1
22261,2
22262,2
22263,1
22264,0
22265,0
22266,2
22267,0
22268,0
22269,0
22270,0
22271,2
22272,1
22273,1
22274,0
22275,2
22276,1
22277,0
22278,1
22279,1
22280,1
22281,2
22282,2
22283,1
22284,1
22285,0
22286,0
22287,0
22288,0
22289,0
22290,0
22291,2
22292,0
22293,2
22294,2
22295,0
22296,0
22297,1
22298,2
22299,2
22300,2
22301,0
22302,1
22303,1
22304,1
22305,0
22306,2
22307,1
22308,0
22309,1
22310,0
22311,2
22312,1
22313,0
22314,1
22315,0
22316,1
22317,1
22318,2
22319,0
22320,0
22321,1
22322,2
22323,0
22324,1
22325,1
22326,0
22327,2
22328,0
22329,1
22330,2
22331,2
22332,1
22333,1
22334,0
22335,1
22336,2
22337,0
22338,2
22339,0
22340,0
22341,0
22342,2
22343,0
22344,0
22345,0
22346,0
22347,1
22348,2
22349,2
22350,0
22351,1
22352,0
22353,2
22354,1
22355,0
22356,1
22357,0
22358,2
22359,0
22360,0
22361,2
22362,1
22363,0
22364,0
22365,0
22366,1
22367,1
22368,1
22369,0
22370,1
22371,2
22372,0
22373,0
22374,0
22375,1
22376,0
22377,1
22378,0
22379,2
22380,0
22381,0
22382,0
22383,1
22384,2
22385,0
22386,2
22387,0
22388,0
22389,0
22390,0
22391,0
22392,0
22393,1
22394,1
22395,1
22396,2
22397,1
22398,1
22399,2
22400,1
22401,1
22402,0
22403,2
22404,1
22405,1
22406,1
22407,1
22408,0
22409,0
22410,0
22411,2
22412,0
22413,1
22414,0
22415,0
22416,2
22417,1
22418,1
22419,1
22420,0
22421,2
22422,0
22423,0
22424,2
22425,2
22426,0
22427,0
22428,0
22429,0
22430,0
22431,1
22432,2
22433,2
22434,1
22435,0
22436,2
22437,1
22438,2
22439,2
22440,1
22441,0
22442,0
22443,2
22444,2
22445,2
22446,1
22447,2
22448,1
22449,0
22450,1
22451,0
22452,1
22453,1
22454,0
22455,2
22456,0
22457,1
22458,0
22459,0
22460,1
22461,0
22462,2
22463,1
22464,1
22465,1
22466,2
22467,0
22468,2
22469,2
22470,2
22471,0
22472,0
22473,2
22474,1
22475,0
22476,2
22477,2
22478,2
22479,0
22480,2
22481,1
22482,0
22483,0
22484,0
22485,0
22486,0
22487,1
22488,0
22489,1
22490,2
22491,2
22492,2
22493,1
22494,0
22495,0
22496,0
22497,0
22498,0
22499,2
22500,0
22501,2
22502,1
22503,1
22504,1
22505,0
22506,0
22507,0
22508,2
22509,0
22510,2
22511,0
22512,1
22513,1
22514,2
22515,0
22516,0
22517,0
22518,2
22519,1
22520,0
22521,0
22522,2
22523,0
22524,1
22525,1
22526,2
22527,1
22528,1
22529,0
22530,2
22531,1
22532,1
22533,1
22534,1
22535,0
22536,0
22537,2
22538,0
22539,1
22540,1
22541,0
22542,2
22543,2
22544,2
22545,0
22546,0
22547,0
22548,0
22549,2
22550,2
22551,0
22552,0
22553,2
22554,2
22555,2
22556,1
22557,2
22558,0
22559,0
22560,0
22561,2
22562,0
22563,0
22564,1
22565,1
22566,0
22567,2
22568,2
22569,0
22570,0
22571,0
22572,1
22573,0
22574,1
22575,0
22576,2
22577,0
22578,1
22579,1
22580,2
22581,2
22582,2
22583,0
22584,0
22585,0
22586,2
22587,0
22588,0
22589,2
22590,1
22591,1
22592,1
22593,0
22594,1
22595,1
22596,1
22597,0
22598,0
22599,1
22600,2
22601,0
22602,1
22603,1
22604,1
22605,0
22606,0
22607,2
22608,2
22609,0
22610,2
22611,0
22612,1
22613,1
22614,2
22615,1
22616,2
22617,0
22618,2
22619,2
22620,1
22621,1
22622,2
22623,0
22624,2
22625,1
22626,2
22627,1
22628,0
22629,2
22630,2
22631,0
22632,2
22633,2
22634,0
22635,0
22636,0
22637,0
22638,1
22639,0
22640,2
22641,0
22642,2
22643,0
22644,0
22645,2
22646,2
22647,0
22648,0
22649,0
22650,2
22651,1
22652,0
22653,0
22654,0
22655,0
22656,0
22657,2
22658,0
22659,2
22660,0
22661,0
22662,0
22663,2
22664,0
22665,0
22666,0
22667,2
22668,0
22669,2
22670,2
22671,2
22672,0
22673,2
22674,2
22675,1
22676,2
22677,2
22678,0
22679,2
22680,0
22681,0
22682,2
22683,1
22684,0
22685,2
22686,2
22687,0
22688,0
22689,1
22690,0
22691,0
22692,0
22693,2
22694,2
22695,2
22696,0
22697,1
22698,2
22699,0
22700,2
22701,1
22702,0
22703,0
22704,1
22705,0
22706,1
22707,0
22708,2
22709,0
22710,0
22711,0
22712,0
22713,2
22714,2
22715,0
22716,0
22717,2
22718,0
22719,0
22720,2
22721,0
22722,2
22723,0
22724,0
22725,0
22726,1
22727,0
22728,0
22729,2
22730,2
22731,0
22732,0
22733,0
22734,0
22735,0
22736,0
22737,2
22738,1
22739,0
22740,0
22741,0
22742,2
22743,0
22744,2
22745,2
22746,0
22747,2
22748,0
22749,0
22750,0
22751,1
22752,1
22753,0
22754,0
22755,0
22756,1
22757,0
22758,0
22759,0
22760,2
22761,2
22762,0
22763,1
22764,0
22765,1
22766,0
22767,2
22768,0
22769,2
22770,0
22771,2
22772,2
22773,2
22774,0
22775,2
22776,2
22777,0
22778,2
22779,0
22780,1
22781,1
22782,1
22783,2
22784,2
22785,0
22786,0
22787,0
22788,1
22789,2
22790,1
22791,2
22792,2
22793,1
22794,1
22795,0
22796,0
22797,2
22798,1
22799,1
22800,0
22801,1
22802,2
22803,2
22804,0
22805,0
22806,2
22807,1
22808,2
22809,1
22810,2
22811,0
22812,0
22813,0
22814,1
22815,2
22816,1
22817,0
22818,2
22819,0
22820,0
22821,2
22822,2
22823,2
22824,0
22825,1
22826,0
22827,0
22828,2
22829,0
22830,2
22831,0
22832,2
22833,1
22834,2
22835,1
22836,2
22837,0
22838,2
22839,2
22840,0
22841,2
22842,0
22843,2
22844,2
22845,2
22846,0
22847,2
22848,1
22849,0
22850,0
22851,2
22852,0
22853,0
22854,2
22855,2
22856,2
22857,1
22858,2
22859,2
22860,0
22861,2
22862,1
22863,0
22864,0
22865,1
22866,2
22867,2
22868,2
22869,2
22870,0
22871,2
22872,0
22873,1
22874,2
22875,0
22876,2
22877,2
22878,1
22879,1
22880,2
22881,0
22882,2
22883,0
22884,0
22885,1
22886,0
22887,0
22888,2
22889,1
22890,2
22891,0
22892,1
22893,0
22894,0
22895,1
22896,1
22897,0
22898,0
22899,0
22900,1
22901,1
22902,2
22903,2
22904,1
22905,2
22906,1
22907,1
22908,1
22909,0
22910,0
22911,0
22912,2
22913,0
22914,0
22915,0
22916,0
22917,0
22918,0
22919,2
22920,0
22921,0
22922,0
22923,0
22924,2
22925,0
22926,1
22927,2
22928,1
22929,0
22930,2
22931,0
22932,2
22933,1
22934,2
22935,2
22936,2
22937,0
22938,1
22939,0
22940,2
22941,0
22942,2
22943,0
22944,0
22945,0
22946,0
22947,2
22948,2
22949,0
22950,0
22951,0
22952,0
22953,0
22954,0
22955,1
22956,0
22957,0
22958,0
22959,0
22960,2
22961,1
22962,2
22963,1
22964,0
22965,2
22966,0
22967,1
22968,0
22969,0
22970,0
22971,2
22972,1
22973,2
22974,2
22975,1
22976,0
22977,0
22978,0
22979,0
22980,0
22981,0
22982,0
22983,1
22984,0
22985,0
22986,0
22987,0
22988,1
22989,0
22990,0
22991,0
22992,0
22993,1
22994,0
22995,2
22996,1
22997,0
22998,0
22999,0
23000,1
23001,0
23002,0
23003,0
23004,1
23005,1
23006,0
23007,1
23008,0
23009,1
23010,0
23011,0
23012,0
23013,0
23014,0
23015,0
23016,0
23017,0
23018,1
23019,0
23020,0
23021,2
23022,0
23023,2
23024,0
23025,0
23026,1
23027,0
23028,1
23029,2
23030,0
23031,2
23032,0
23033,0
23034,0
23035,2
23036,0
23037,0
23038,0
23039,1
23040,2
23041,2
23042,2
23043,2
23044,0
23045,0
23046,1
23047,2
23048,2
23049,2
23050,0
23051,0
23052,0
23053,1
23054,0
23055,1
23056,0
23057,1
23058,1
23059,0
23060,1
23061,2
23062,2
23063,2
23064,2
23065,0
23066,2
23067,1
23068,0
23069,2
23070,2
23071,1
23072,0
23073,1
23074,1
23075,0
23076,2
23077,1
23078,1
23079,0
23080,0
23081,1
23082,0
23083,0
23084,0
23085,1
23086,1
23087,1
23088,0
23089,1
23090,2
23091,0
23092,1
23093,2
23094,2
23095,2
23096,2
23097,0
23098,2
23099,2
23100,2
23101,0
23102,0
23103,2
23104,0
23105,0
23106,0
23107,0
23108,0
23109,0
23110,2
23111,1
23112,1
23113,0
23114,1
23115,0
23116,1
23117,0
23118,0
23119,0
23120,0
23121,0
23122,2
23123,2
23124,1
23125,0
23126,0
23127,2
23128,2
23129,1
23130,1
23131,2
23132,2
23133,0
23134,2
23135,1
23136,1
23137,0
23138,2
23139,0
23140,2
23141,2
23142,1
23143,2
23144,0
23145,2
23146,2
23147,2
23148,2
23149,0
23150,0
23151,1
23152,0
23153,0
23154,0
23155,2
23156,0
23157,0
23158,1
23159,0
23160,2
23161,1
23162,1
23163,1
23164,0
23165,2
23166,2
23167,0
23168,0
23169,0
23170,2
23171,1
23172,2
23173,2
23174,2
23175,1
23176,0
23177,0
23178,2
23179,1
23180,1
23181,1
23182,0
23183,0
23184,2
23185,0
23186,0
23187,0
23188,2
23189,0
23190,0
23191,0
23192,1
23193,1
23194,0
23195,0
23196,1
23197,1
23198,0
23199,1
23200,0
23201,0
23202,0
23203,0
23204,0
23205,2
23206,0
23207,2
23208,1
23209,2
23210,0
23211,0
23212,0
23213,0
23214,1
23215,0
23216,0
23217,0
23218,1
23219,2
23220,2
23221,0
23222,2
23223,2
23224,0
23225,0
23226,1
23227,0
23228,2
23229,2
23230,2
23231,0
23232,0
23233,2
23234,0
23235,2
23236,0
23237,2
23238,0
23239,0
23240,0
23241,2
23242,2
23243,1
23244,1
23245,1
23246,0
23247,0
23248,1
23249,2
23250,1
23251,2
23252,0
23253,0
23254,2
23255,0
23256,1
23257,2
23258,0
23259,0
23260,0
23261,2
23262,2
23263,2
23264,2
23265,2
23266,0
23267,2
23268,1
23269,0
23270,0
23271,2
23272,0
23273,2
23274,2
23275,1
23276,0
23277,0
23278,2
23279,2
23280,1
23281,2
23282,2
23283,2
23284,0
23285,2
23286,0
23287,0
23288,0
23289,0
23290,2
23291,0
23292,0
23293,0
23294,2
23295,0
23296,1
23297,1
23298,2
23299,2
23300,1
23301,0
23302,0
23303,2
23304,2
23305,0
23306,2
23307,1
23308,1
23309,0
23310,0
23311,0
23312,1
23313,2
23314,0
23315,2
23316,2
23317,0
23318,2
23319,2
23320,2
23321,2
23322,1
23323,1
23324,0
23325,0
23326,2
23327,0
23328,0
23329,0
23330,1
23331,1
23332,1
23333,1
23334,1
23335,1
23336,0
23337,0
23338,0
23339,2
23340,0
23341,2
23342,2
23343,0
23344,2
23345,0
23346,0
23347,0
23348,0
23349,2
23350,0
23351,0
23352,0
23353,2
23354,0
23355,1
23356,2
23357,2
23358,0
23359,2
23360,2
23361,0
23362,1
23363,2
23364,2
23365,2
23366,2
23367,0
23368,1
23369,0
23370,0
23371,1
23372,0
23373,0
23374,0
23375,1
23376,0
23377,2
23378,1
23379,2
23380,1
23381,2
23382,1
23383,0
23384,2
23385,1
23386,0
23387,2
23388,0
23389,1
23390,0
23391,1
23392,0
23393,2
23394,1
23395,2
23396,0
23397,0
23398,0
23399,0
23400,1
23401,1
23402,0
23403,1
23404,0
23405,0
23406,0
23407,2
23408,0
23409,0
23410,0
23411,2
23412,0
23413,0
23414,1
23415,2
23416,2
23417,1
23418,0
23419,0
23420,0
23421,2
23422,0
23423,0
23424,0
23425,1
23426,1
23427,2
23428,2
23429,1
23430,2
23431,2
23432,2
23433,2
23434,1
23435,2
23436,1
23437,2
23438,2
23439,0
23440,1
23441,2
23442,0
23443,2
23444,1
23445,0
23446,0
23447,2
23448,0
23449,1
23450,0
23451,2
23452,1
23453,0
23454,0
23455,1
23456,0
23457,1
23458,0
23459,0
23460,1
23461,1
23462,2
23463,1
23464,0
23465,2
23466,0
23467,0
23468,0
23469,0
23470,0
23471,1
23472,1
23473,2
23474,2
23475,0
23476,0
23477,0
23478,0
