index,cluster
0,0
1,1
2,1
3,0
4,1
5,0
6,0
7,0
8,1
9,1
10,0
11,0
12,0
13,1
14,1
15,0
16,0
17,0
18,1
19,0
20,0
21,0
22,0
23,0
24,0
25,1
26,0
27,2
28,0
29,1
30,0
31,1
32,0
33,1
34,2
35,0
36,2
37,0
38,1
39,0
40,1
41,0
42,1
43,0
44,1
45,1
46,0
47,1
48,0
49,0
50,1
51,1
52,0
53,0
54,1
55,0
56,1
57,1
58,1
59,2
60,1
61,0
62,0
63,1
64,0
65,0
66,1
67,0
68,0
69,0
70,1
71,1
72,1
73,0
74,1
75,0
76,0
77,1
78,0
79,0
80,0
81,0
82,0
83,0
84,0
85,0
86,1
87,1
88,1
89,1
90,2
91,0
92,1
93,0
94,0
95,0
96,0
97,1
98,0
99,0
100,0
101,1
102,0
103,0
104,0
105,2
106,0
107,0
108,1
109,0
110,1
111,0
112,0
113,1
114,0
115,1
116,1
117,0
118,0
119,0
120,1
121,0
122,0
123,1
124,1
125,1
126,1
127,1
128,0
129,0
130,1
131,1
132,1
133,0
134,1
135,1
136,0
137,0
138,1
139,0
140,0
141,0
142,0
143,0
144,0
145,1
146,1
147,0
148,0
149,0
150,0
151,1
152,0
153,1
154,2
155,1
156,1
157,0
158,0
159,0
160,0
161,1
162,1
163,0
164,1
165,0
166,2
167,0
168,0
169,0
170,0
171,1
172,0
173,0
174,1
175,0
176,1
177,1
178,0
179,0
180,1
181,0
182,1
183,0
184,1
185,2
186,0
187,0
188,1
189,0
190,0
191,1
192,2
193,1
194,0
195,0
196,0
197,1
198,0
199,0
200,0
201,0
202,1
203,1
204,0
205,0
206,1
207,1
208,0
209,0
210,1
211,1
212,0
213,0
214,0
215,1
216,1
217,1
218,1
219,0
220,1
221,1
222,1
223,0
224,0
225,0
226,0
227,2
228,1
229,0
230,1
231,0
232,0
233,0
234,0
235,0
236,1
237,0
238,0
239,0
240,0
241,0
242,0
243,2
244,1
245,1
246,0
247,1
248,0
249,1
250,0
251,0
252,1
253,0
254,0
255,2
256,0
257,0
258,0
259,0
260,1
261,0
262,1
263,1
264,1
265,0
266,0
267,0
268,2
269,1
270,0
271,0
272,0
273,0
274,1
275,0
276,0
277,1
278,0
279,1
280,1
281,1
282,1
283,0
284,0
285,1
286,1
287,0
288,0
289,1
290,0
291,1
292,0
293,0
294,1
295,0
296,1
297,1
298,0
299,1
300,1
301,0
302,0
303,0
304,1
305,0
306,1
307,0
308,0
309,0
310,1
311,0
312,0
313,1
314,0
315,2
316,0
317,0
318,1
319,1
320,1
321,2
322,1
323,1
324,1
325,0
326,1
327,1
328,0
329,0
330,0
331,0
332,1
333,0
334,0
335,1
336,0
337,1
338,1
339,1
340,1
341,0
342,1
343,1
344,1
345,1
346,0
347,0
348,1
349,0
350,0
351,1
352,0
353,0
354,0
355,1
356,1
357,1
358,1
359,0
360,0
361,0
362,0
363,0
364,1
365,2
366,0
367,0
368,1
369,0
370,0
371,0
372,1
373,1
374,0
375,1
376,0
377,0
378,1
379,0
380,1
381,0
382,1
383,2
384,0
385,0
386,1
387,0
388,1
389,0
390,0
391,0
392,1
393,1
394,0
395,0
396,1
397,1
398,1
399,1
400,1
401,1
402,1
403,0
404,0
405,1
406,0
407,0
408,1
409,1
410,0
411,0
412,1
413,1
414,0
415,1
416,2
417,1
418,1
419,1
420,1
421,0
422,1
423,1
424,1
425,0
426,1
427,0
428,0
429,0
430,0
431,0
432,0
433,0
434,0
435,0
436,0
437,2
438,0
439,1
440,0
441,0
442,0
443,0
444,0
445,0
446,0
447,0
448,1
449,0
450,0
451,1
452,0
453,1
454,1
455,1
456,0
457,1
458,1
459,0
460,1
461,0
462,0
463,1
464,1
465,0
466,0
467,0
468,1
469,0
470,0
471,0
472,0
473,0
474,0
475,0
476,1
477,0
478,0
479,1
480,0
481,1
482,1
483,0
484,0
485,0
486,1
487,0
488,0
489,1
490,0
491,0
492,0
493,0
494,0
495,0
496,0
497,1
498,2
499,0
500,1
501,0
502,0
503,0
504,0
505,0
506,0
507,1
508,0
509,0
510,0
511,1
512,0
513,0
514,0
515,0
516,1
517,2
518,1
519,1
520,1
521,1
522,0
523,0
524,1
525,0
526,0
527,0
528,0
529,0
530,1
531,1
532,1
533,0
534,1
535,1
536,0
537,1
538,0
539,1
540,0
541,1
542,0
543,0
544,1
545,0
546,1
547,0
548,1
549,0
550,1
551,0
552,1
553,1
554,2
555,0
556,1
557,0
558,0
559,1
560,0
561,2
562,1
563,0
564,0
565,0
566,0
567,1
568,0
569,0
570,2
571,0
572,0
573,1
574,1
575,0
576,0
577,0
578,0
579,0
580,0
581,0
582,0
583,0
584,0
585,1
586,2
587,1
588,0
589,0
590,0
591,0
592,1
593,1
594,0
595,0
596,1
597,0
598,1
599,0
600,1
601,1
602,1
603,0
604,1
605,2
606,0
607,1
608,0
609,1
610,0
611,0
612,0
613,0
614,0
615,0
616,1
617,1
618,1
619,0
620,0
621,0
622,1
623,1
624,0
625,1
626,0
627,0
628,1
629,1
630,1
631,1
632,0
633,2
634,2
635,0
636,0
637,2
638,2
639,1
640,0
641,0
642,1
643,0
644,1
645,1
646,0
647,0
648,0
649,1
650,1
651,1
652,1
653,0
654,0
655,0
656,0
657,0
658,0
659,1
660,2
661,0
662,0
663,0
664,1
665,1
666,0
667,1
668,0
669,0
670,1
671,0
672,0
673,0
674,1
675,1
676,0
677,0
678,1
679,1
680,1
681,0
682,0
683,0
684,1
685,2
686,1
687,2
688,0
689,0
690,1
691,1
692,1
693,0
694,1
695,0
696,0
697,0
698,0
699,1
700,1
701,0
702,1
703,1
704,1
705,0
706,1
707,1
708,0
709,0
710,0
711,0
712,0
713,1
714,1
715,0
716,1
717,1
718,1
719,0
720,1
721,1
722,0
723,2
724,1
725,1
726,0
727,0
728,0
729,1
730,0
731,1
732,0
733,0
734,0
735,1
736,0
737,0
738,1
739,0
740,0
741,0
742,0
743,0
744,1
745,0
746,1
747,1
748,1
749,0
750,0
751,0
752,0
753,0
754,0
755,0
756,0
757,0
758,0
759,1
760,0
761,0
762,0
763,1
764,0
765,1
766,1
767,0
768,0
769,0
770,0
771,1
772,1
773,1
774,1
775,1
776,0
777,1
778,1
779,0
780,0
781,0
782,0
783,1
784,0
785,1
786,1
787,1
788,0
789,0
790,1
791,2
792,0
793,2
794,1
795,1
796,1
797,0
798,1
799,0
800,0
801,0
802,0
803,1
804,2
805,1
806,0
807,1
808,1
809,0
810,1
811,1
812,1
813,0
814,1
815,1
816,1
817,1
818,1
819,0
820,0
821,2
822,1
823,1
824,1
825,0
826,0
827,0
828,0
829,2
830,0
831,1
832,0
833,0
834,0
835,1
836,0
837,0
838,0
839,0
840,1
841,0
842,0
843,0
844,1
845,1
846,1
847,1
848,0
849,0
850,1
851,0
852,1
853,0
854,1
855,0
856,0
857,0
858,0
859,0
860,1
861,2
862,0
863,0
864,1
865,0
866,0
867,1
868,0
869,0
870,0
871,0
872,0
873,0
874,2
875,0
876,0
877,0
878,2
879,0
880,0
881,1
882,1
883,1
884,1
885,1
886,1
887,1
888,0
889,1
890,0
891,1
892,1
893,0
894,1
895,0
896,0
897,0
898,0
899,1
900,1
901,2
902,0
903,1
904,0
905,0
906,1
907,1
908,0
909,0
910,0
911,0
912,0
913,0
914,0
915,0
916,0
917,0
918,1
919,0
920,0
921,0
922,1
923,0
924,2
925,2
926,0
927,0
928,0
929,1
930,1
931,1
932,1
933,0
934,0
935,0
936,0
937,1
938,1
939,0
940,1
941,0
942,0
943,0
944,0
945,0
946,0
947,0
948,0
949,0
950,0
951,1
952,1
953,0
954,0
955,1
956,0
957,0
958,0
959,0
960,0
961,0
962,0
963,0
964,0
965,0
966,0
967,0
968,1
969,2
970,1
971,1
972,0
973,1
974,0
975,0
976,1
977,0
978,1
979,0
980,0
981,1
982,1
983,1
984,1
985,0
986,1
987,0
988,0
989,1
990,2
991,1
992,0
993,0
994,1
995,1
996,0
997,0
998,1
999,0
1000,1
1001,1
1002,0
1003,1
1004,0
1005,0
1006,0
1007,1
1008,1
1009,1
1010,1
1011,0
1012,0
1013,1
1014,1
1015,0
1016,0
1017,0
1018,0
1019,1
1020,0
1021,1
1022,1
1023,0
1024,0
1025,0
1026,1
1027,0
1028,0
1029,1
1030,0
1031,1
1032,1
1033,2
1034,1
1035,0
1036,0
1037,1
1038,1
1039,0
1040,0
1041,1
1042,0
1043,1
1044,0
1045,1
1046,2
1047,0
1048,1
1049,1
1050,1
1051,1
1052,0
1053,0
1054,2
1055,0
1056,2
1057,1
1058,1
1059,0
1060,0
1061,1
1062,0
1063,0
1064,2
1065,0
1066,1
1067,1
1068,0
1069,0
1070,1
1071,1
1072,0
1073,1
1074,0
1075,0
1076,0
1077,0
1078,0
1079,0
1080,1
1081,0
1082,1
1083,1
1084,0
1085,0
1086,0
1087,1
1088,1
1089,0
1090,0
1091,0
1092,0
1093,2
1094,0
1095,1
1096,1
1097,1
1098,0
1099,1
1100,0
1101,0
1102,0
1103,1
1104,1
1105,2
1106,0
1107,1
1108,1
1109,1
1110,1
1111,0
1112,0
1113,1
1114,0
1115,2
1116,0
1117,2
1118,0
1119,0
1120,1
1121,0
1122,2
1123,1
1124,0
1125,0
1126,0
1127,0
1128,0
1129,0
1130,0
1131,0
1132,0
1133,0
1134,1
1135,2
1136,0
1137,0
1138,2
1139,1
1140,0
1141,1
1142,1
1143,0
1144,0
1145,0
1146,1
1147,0
1148,0
1149,0
1150,0
1151,1
1152,0
1153,1
1154,2
1155,1
1156,1
1157,0
1158,1
1159,0
1160,0
1161,1
1162,1
1163,0
1164,0
1165,1
1166,0
1167,1
1168,0
1169,1
1170,0
1171,1
1172,0
1173,0
1174,0
1175,0
1176,1
1177,1
1178,1
1179,0
1180,0
1181,0
1182,1
1183,0
1184,1
1185,0
1186,0
1187,0
1188,1
1189,0
1190,1
1191,1
1192,1
1193,1
1194,0
1195,0
1196,0
1197,0
1198,0
1199,0
1200,0
1201,1
1202,1
1203,0
1204,1
1205,0
1206,0
1207,0
1208,1
1209,1
1210,0
1211,0
1212,0
1213,1
1214,0
1215,1
1216,0
1217,0
1218,0
1219,0
1220,1
1221,0
1222,0
1223,0
1224,1
1225,1
1226,1
1227,1
1228,0
1229,0
1230,0
1231,1
1232,1
1233,1
1234,1
1235,0
1236,0
1237,0
1238,0
1239,0
1240,1
1241,0
1242,0
1243,1
1244,0
1245,0
1246,0
1247,1
1248,0
1249,0
1250,2
1251,0
1252,0
1253,0
1254,0
1255,1
1256,1
1257,1
1258,0
1259,0
1260,0
1261,0
1262,0
1263,1
1264,1
1265,0
1266,0
1267,0
1268,0
1269,0
1270,1
1271,0
1272,1
1273,1
1274,0
1275,1
1276,1
1277,0
1278,0
1279,0
1280,0
1281,0
1282,0
1283,1
1284,1
1285,0
1286,1
1287,1
1288,0
1289,1
1290,1
1291,0
1292,0
1293,0
1294,2
1295,0
1296,0
1297,0
1298,1
1299,0
1300,2
1301,0
1302,0
1303,0
1304,0
1305,1
1306,0
1307,0
1308,0
1309,0
1310,1
1311,0
1312,1
1313,1
1314,1
1315,0
1316,2
1317,0
1318,1
1319,0
1320,0
1321,1
1322,1
1323,1
1324,0
1325,1
1326,0
1327,1
1328,0
1329,0
1330,0
1331,0
1332,0
1333,0
1334,1
1335,1
1336,1
1337,1
1338,1
1339,1
1340,0
1341,0
1342,1
1343,1
1344,2
1345,0
1346,1
1347,0
1348,1
1349,2
1350,1
1351,0
1352,2
1353,0
1354,1
1355,0
1356,0
1357,1
1358,0
1359,0
1360,0
1361,0
1362,0
1363,2
1364,0
1365,0
1366,1
1367,0
1368,1
1369,0
1370,0
1371,0
1372,0
1373,1
1374,1
1375,0
1376,1
1377,1
1378,1
1379,1
1380,1
1381,1
1382,1
1383,1
1384,0
1385,1
1386,2
1387,1
1388,1
1389,1
1390,0
1391,1
1392,0
1393,0
1394,1
1395,0
1396,0
1397,0
1398,1
1399,0
1400,0
1401,0
1402,1
1403,1
1404,1
1405,0
1406,1
1407,1
1408,0
1409,0
1410,0
1411,2
1412,1
1413,1
1414,1
1415,0
1416,1
1417,1
1418,0
1419,0
1420,0
1421,0
1422,0
1423,1
1424,1
1425,1
1426,0
1427,0
1428,1
1429,0
1430,0
1431,1
1432,0
1433,0
1434,0
1435,0
1436,1
1437,1
1438,1
1439,1
1440,0
1441,0
1442,0
1443,1
1444,0
1445,0
1446,0
1447,0
1448,0
1449,0
1450,0
1451,0
1452,1
1453,1
1454,1
1455,1
1456,0
1457,1
1458,0
1459,0
1460,1
1461,0
1462,0
1463,0
1464,0
1465,0
1466,0
1467,1
1468,1
1469,0
1470,0
1471,0
1472,0
1473,1
1474,1
1475,0
1476,0
1477,0
1478,1
1479,1
1480,2
1481,1
1482,2
1483,1
1484,0
1485,0
1486,1
1487,0
1488,0
1489,0
1490,0
1491,2
1492,0
1493,1
1494,0
1495,0
1496,1
1497,1
1498,0
1499,1
1500,0
1501,0
1502,0
1503,0
1504,0
1505,0
1506,1
1507,1
1508,0
1509,0
1510,0
1511,0
1512,1
1513,0
1514,1
1515,0
1516,1
1517,1
1518,0
1519,0
1520,1
1521,0
1522,0
1523,0
1524,0
1525,1
1526,0
1527,1
1528,0
1529,2
1530,0
1531,0
1532,0
1533,1
1534,1
1535,1
1536,1
1537,1
1538,0
1539,0
1540,0
1541,0
1542,0
1543,1
1544,1
1545,0
1546,0
1547,0
1548,1
1549,1
1550,1
1551,1
1552,1
1553,0
1554,0
1555,1
1556,1
1557,0
1558,0
1559,0
1560,0
1561,0
1562,1
1563,1
1564,1
1565,1
1566,0
1567,0
1568,0
1569,2
1570,0
1571,0
1572,1
1573,0
1574,1
1575,0
1576,1
1577,1
1578,0
1579,2
1580,1
1581,1
1582,1
1583,1
1584,1
1585,0
1586,1
1587,2
1588,1
1589,0
1590,0
1591,0
1592,0
1593,1
1594,1
1595,1
1596,0
1597,0
1598,1
1599,0
1600,1
1601,0
1602,1
1603,1
1604,1
1605,0
1606,0
1607,0
1608,1
1609,0
1610,0
1611,1
1612,1
1613,1
1614,1
1615,0
1616,1
1617,1
1618,0
1619,0
1620,1
1621,1
1622,1
1623,0
1624,1
1625,0
1626,0
1627,0
1628,1
1629,0
1630,0
1631,1
1632,1
1633,1
1634,0
1635,0
1636,0
1637,1
1638,0
1639,1
1640,0
1641,0
1642,0
1643,0
1644,1
1645,0
1646,0
1647,1
1648,2
1649,1
1650,0
1651,0
1652,0
1653,0
1654,1
1655,1
1656,1
1657,0
1658,0
1659,0
1660,1
1661,0
1662,0
1663,1
1664,2
1665,0
1666,0
1667,0
1668,0
1669,1
1670,0
1671,1
1672,1
1673,1
1674,0
1675,1
1676,0
1677,2
1678,0
1679,1
1680,0
1681,0
1682,1
1683,0
1684,1
1685,1
1686,1
1687,1
1688,1
1689,2
1690,0
1691,0
1692,1
1693,0
1694,1
1695,2
1696,0
1697,1
1698,0
1699,0
1700,0
1701,1
1702,1
1703,0
1704,0
1705,1
1706,1
1707,0
1708,0
1709,1
1710,1
1711,0
1712,0
1713,1
1714,0
1715,0
1716,1
1717,1
1718,1
1719,0
1720,1
1721,0
1722,1
1723,2
1724,0
1725,2
1726,1
1727,0
1728,1
1729,0
1730,0
1731,0
1732,0
1733,1
1734,2
1735,1
1736,0
1737,0
1738,0
1739,1
1740,2
1741,0
1742,0
1743,1
1744,0
1745,0
1746,1
1747,1
1748,0
1749,1
1750,0
1751,1
1752,1
1753,0
1754,0
1755,2
1756,0
1757,0
1758,0
1759,0
1760,0
1761,0
1762,0
1763,1
1764,1
1765,0
1766,1
1767,0
1768,1
1769,0
1770,1
1771,1
1772,1
1773,0
1774,0
1775,0
1776,0
1777,0
1778,1
1779,1
1780,0
1781,1
1782,0
1783,0
1784,0
1785,0
1786,0
1787,0
1788,1
1789,0
1790,0
1791,0
1792,0
1793,1
1794,1
1795,1
1796,0
1797,0
1798,0
1799,1
1800,0
1801,0
1802,1
1803,0
1804,2
1805,0
1806,1
1807,0
1808,0
1809,0
1810,0
1811,1
1812,0
1813,0
1814,0
1815,0
1816,0
1817,1
1818,0
1819,1
1820,0
1821,1
1822,0
1823,0
1824,1
1825,1
1826,0
1827,1
1828,0
1829,0
1830,1
1831,2
1832,0
1833,0
1834,1
1835,0
1836,1
1837,1
1838,0
1839,0
1840,0
1841,1
1842,0
1843,0
1844,0
1845,1
1846,1
1847,0
1848,1
1849,0
1850,1
1851,1
1852,0
1853,0
1854,1
1855,2
1856,1
1857,1
1858,0
1859,1
1860,0
1861,0
1862,0
1863,1
1864,0
1865,1
1866,0
1867,0
1868,1
1869,1
1870,0
1871,1
1872,0
1873,1
1874,0
1875,1
1876,1
1877,0
1878,0
1879,0
1880,0
1881,0
1882,1
1883,0
1884,0
1885,1
1886,0
1887,1
1888,0
1889,0
1890,1
1891,0
1892,0
1893,0
1894,1
1895,0
1896,1
1897,0
1898,0
1899,0
1900,1
1901,1
1902,1
1903,0
1904,0
1905,2
1906,1
1907,1
1908,0
1909,0
1910,0
1911,0
1912,0
1913,0
1914,1
1915,0
1916,0
1917,1
1918,0
1919,0
1920,1
1921,1
1922,0
1923,1
1924,1
1925,0
1926,1
1927,0
1928,1
1929,0
1930,0
1931,1
1932,0
1933,1
1934,1
1935,0
1936,0
1937,1
1938,1
1939,1
1940,0
1941,1
1942,1
1943,0
1944,0
1945,1
1946,1
1947,0
1948,0
1949,2
1950,1
1951,0
1952,0
1953,1
1954,1
1955,2
1956,1
1957,0
1958,1
1959,0
1960,0
1961,0
1962,1
1963,1
1964,0
1965,0
1966,0
1967,0
1968,1
1969,1
1970,1
1971,1
1972,0
1973,1
1974,0
1975,1
1976,0
1977,2
1978,1
1979,1
1980,1
1981,0
1982,0
1983,0
1984,0
1985,0
1986,1
1987,1
1988,1
1989,1
1990,0
1991,2
1992,0
1993,1
1994,0
1995,1
1996,1
1997,0
1998,0
1999,0
2000,1
2001,1
2002,1
2003,0
2004,1
2005,1
2006,1
2007,1
2008,1
2009,1
2010,0
2011,0
2012,1
2013,0
2014,2
2015,0
2016,1
2017,0
2018,0
2019,0
2020,2
2021,0
2022,1
2023,0
2024,0
2025,0
2026,0
2027,0
2028,1
2029,0
2030,0
2031,1
2032,0
2033,0
2034,1
2035,0
2036,0
2037,0
2038,1
2039,1
2040,0
2041,1
2042,1
2043,0
2044,1
2045,0
2046,2
2047,0
2048,0
2049,1
2050,0
2051,0
2052,0
2053,0
2054,0
2055,0
2056,1
2057,0
2058,0
2059,0
2060,1
2061,0
2062,0
2063,0
2064,0
2065,0
2066,1
2067,1
2068,0
2069,1
2070,0
2071,1
2072,1
2073,0
2074,0
2075,2
2076,1
2077,0
2078,0
2079,1
2080,1
2081,0
2082,0
2083,0
2084,0
2085,0
2086,0
2087,1
2088,0
2089,0
2090,0
2091,0
2092,0
2093,0
2094,0
2095,0
2096,0
2097,1
2098,0
2099,1
2100,0
2101,0
2102,1
2103,0
2104,1
2105,1
2106,0
2107,1
2108,0
2109,0
2110,0
2111,0
2112,0
2113,0
2114,0
2115,0
2116,1
2117,1
2118,1
2119,0
2120,0
2121,0
2122,0
2123,1
2124,0
2125,2
2126,0
2127,0
2128,0
2129,0
2130,0
2131,0
2132,1
2133,2
2134,0
2135,0
2136,0
2137,0
2138,0
2139,2
2140,0
2141,1
2142,0
2143,1
2144,1
2145,1
2146,0
2147,1
2148,0
2149,1
2150,1
2151,1
2152,0
2153,1
2154,0
2155,1
2156,1
2157,0
2158,0
2159,0
2160,0
2161,2
2162,0
2163,0
2164,0
2165,0
2166,1
2167,1
2168,0
2169,1
2170,0
2171,0
2172,0
2173,0
2174,0
2175,1
2176,1
2177,0
2178,2
2179,0
2180,1
2181,1
2182,0
2183,0
2184,1
2185,0
2186,1
2187,2
2188,0
2189,1
2190,0
2191,0
2192,0
2193,0
2194,0
2195,1
2196,1
2197,2
2198,0
2199,1
2200,1
2201,1
2202,1
2203,1
2204,0
2205,1
2206,1
2207,1
2208,0
2209,0
2210,0
2211,0
2212,2
2213,1
2214,0
2215,0
2216,0
2217,1
2218,0
2219,1
2220,1
2221,0
2222,1
2223,0
2224,0
2225,0
2226,1
2227,1
2228,1
2229,1
2230,0
2231,0
2232,1
2233,0
2234,1
2235,1
2236,1
2237,1
2238,1
2239,1
2240,0
2241,1
2242,0
2243,0
2244,0
2245,1
2246,1
2247,0
2248,2
2249,0
2250,0
2251,0
2252,1
2253,1
2254,1
2255,0
2256,1
2257,0
2258,0
2259,0
2260,1
2261,2
2262,0
2263,0
2264,1
2265,0
2266,0
2267,1
2268,1
2269,0
2270,0
2271,0
2272,1
2273,0
2274,1
2275,1
2276,1
2277,1
2278,0
2279,0
2280,1
2281,0
2282,1
2283,1
2284,0
2285,0
2286,0
2287,0
2288,0
2289,2
2290,0
2291,1
2292,0
2293,0
2294,2
2295,0
2296,0
2297,1
2298,0
2299,0
2300,1
2301,0
2302,1
2303,1
2304,0
2305,0
2306,2
2307,1
2308,0
2309,1
2310,0
2311,1
2312,1
2313,1
2314,1
2315,0
2316,0
2317,0
2318,0
2319,0
2320,0
2321,0
2322,1
2323,1
2324,0
2325,1
2326,1
2327,1
2328,1
2329,0
2330,1
2331,0
2332,2
2333,1
2334,0
2335,0
2336,1
2337,0
2338,0
2339,0
2340,1
2341,0
2342,0
2343,1
2344,0
2345,1
2346,0
2347,0
2348,0
2349,0
2350,1
2351,0
2352,1
2353,0
2354,2
2355,2
2356,0
2357,1
2358,0
2359,0
2360,0
2361,1
2362,1
2363,1
2364,2
2365,0
2366,1
2367,0
2368,1
2369,0
2370,1
2371,2
2372,1
2373,0
2374,1
2375,0
2376,1
2377,0
2378,0
2379,0
2380,1
2381,1
2382,0
2383,1
2384,0
2385,1
2386,0
2387,0
2388,0
2389,1
2390,0
2391,0
2392,0
2393,0
2394,0
2395,0
2396,0
2397,1
2398,0
2399,0
2400,1
2401,1
2402,1
2403,0
2404,1
2405,0
2406,1
2407,0
2408,1
2409,1
2410,0
2411,0
2412,1
2413,1
2414,2
2415,1
2416,1
2417,1
2418,0
2419,0
2420,0
2421,1
2422,0
2423,0
2424,0
2425,0
2426,1
2427,0
2428,1
2429,0
2430,0
2431,1
2432,2
2433,1
2434,0
2435,0
2436,0
2437,1
2438,0
2439,0
2440,0
2441,2
2442,0
2443,1
2444,1
2445,1
2446,2
2447,1
2448,2
2449,1
2450,1
2451,0
2452,2
2453,0
2454,1
2455,0
2456,1
2457,1
2458,1
2459,1
2460,1
2461,1
2462,1
2463,1
2464,0
2465,0
2466,0
2467,1
2468,0
2469,0
2470,0
2471,0
2472,2
2473,0
2474,2
2475,2
2476,0
2477,0
2478,2
2479,1
2480,0
2481,0
2482,1
2483,0
2484,0
2485,0
2486,0
2487,0
2488,0
2489,1
2490,0
2491,0
2492,1
2493,0
2494,1
2495,0
2496,0
2497,0
2498,1
2499,1
2500,0
2501,2
2502,1
2503,0
2504,0
2505,0
2506,0
2507,1
2508,1
2509,0
2510,1
2511,1
2512,0
2513,1
2514,1
2515,0
2516,0
2517,0
2518,0
2519,1
2520,0
2521,1
2522,1
2523,1
2524,0
2525,0
2526,1
2527,0
2528,0
2529,0
2530,0
2531,1
2532,1
2533,0
2534,0
2535,0
2536,0
2537,0
2538,1
2539,1
2540,0
2541,0
2542,0
2543,1
2544,0
2545,0
2546,0
2547,1
2548,1
2549,0
2550,0
2551,0
2552,1
2553,1
2554,2
2555,1
2556,1
2557,0
2558,1
2559,1
2560,1
2561,1
2562,0
2563,0
2564,0
2565,0
2566,1
2567,1
2568,0
2569,2
2570,1
2571,1
2572,0
2573,1
2574,1
2575,0
2576,1
2577,0
2578,0
2579,0
2580,0
2581,0
2582,0
2583,0
2584,0
2585,1
2586,1
2587,1
2588,1
2589,0
2590,1
2591,0
2592,0
2593,1
2594,0
2595,1
2596,1
2597,1
2598,0
2599,0
2600,1
2601,0
2602,1
2603,1
2604,1
2605,0
2606,0
2607,1
2608,1
2609,1
2610,0
2611,0
2612,1
2613,1
2614,0
2615,1
2616,0
2617,0
2618,0
2619,2
2620,0
2621,1
2622,1
2623,0
2624,0
2625,1
2626,1
2627,1
2628,0
2629,0
2630,1
2631,1
2632,1
2633,0
2634,0
2635,0
2636,0
2637,0
2638,0
2639,0
2640,1
2641,0
2642,0
2643,0
2644,0
2645,1
2646,0
2647,0
2648,0
2649,0
2650,0
2651,1
2652,1
2653,1
2654,0
2655,1
2656,2
2657,2
2658,1
2659,0
2660,0
2661,1
2662,0
2663,0
2664,0
2665,1
2666,0
2667,0
2668,0
2669,1
2670,0
2671,1
2672,0
2673,1
2674,1
2675,1
2676,1
2677,0
2678,0
2679,0
2680,0
2681,0
2682,1
2683,1
2684,0
2685,0
2686,0
2687,1
2688,0
2689,1
2690,0
2691,1
2692,1
2693,1
2694,0
2695,0
2696,0
2697,1
2698,0
2699,0
2700,0
2701,1
2702,1
2703,0
2704,1
2705,0
2706,1
2707,0
2708,0
2709,0
2710,1
2711,0
2712,0
2713,2
2714,0
2715,1
2716,1
2717,0
2718,1
2719,0
2720,1
2721,0
2722,1
2723,0
2724,1
2725,1
2726,1
2727,0
2728,0
2729,0
2730,0
2731,0
2732,0
2733,1
2734,0
2735,0
2736,1
2737,0
2738,1
2739,1
2740,0
2741,0
2742,1
2743,1
2744,0
2745,1
2746,0
2747,0
2748,1
2749,0
2750,0
2751,1
2752,0
2753,0
2754,0
2755,0
2756,0
2757,0
2758,0
2759,0
2760,0
2761,0
2762,0
2763,1
2764,1
2765,0
2766,0
2767,0
2768,0
2769,0
2770,0
2771,1
2772,0
2773,1
2774,0
2775,0
2776,0
2777,1
2778,0
2779,1
2780,1
2781,1
2782,0
2783,0
2784,1
2785,0
2786,1
2787,0
2788,1
2789,0
2790,1
2791,0
2792,0
2793,1
2794,0
2795,0
2796,0
2797,1
2798,0
2799,2
2800,0
2801,0
2802,2
2803,0
2804,0
2805,0
2806,1
2807,0
2808,0
2809,0
2810,1
2811,0
2812,1
2813,0
2814,1
2815,0
2816,0
2817,1
2818,1
2819,2
2820,0
2821,0
2822,0
2823,0
2824,0
2825,0
2826,1
2827,0
2828,0
2829,0
2830,1
2831,1
2832,1
2833,0
2834,0
2835,0
2836,1
2837,0
2838,1
2839,1
2840,1
2841,0
2842,0
2843,1
2844,1
2845,0
2846,0
2847,0
2848,0
2849,0
2850,1
2851,0
2852,0
2853,0
2854,1
2855,1
2856,0
2857,1
2858,0
2859,1
2860,0
2861,0
2862,0
2863,1
2864,1
2865,0
2866,1
2867,0
2868,1
2869,0
2870,2
2871,1
2872,0
2873,0
2874,1
2875,0
2876,0
2877,2
2878,1
2879,0
2880,1
2881,1
2882,0
2883,1
2884,1
2885,1
2886,0
2887,0
2888,0
2889,1
2890,0
2891,2
2892,0
2893,1
2894,1
2895,0
2896,1
2897,0
2898,1
2899,0
2900,0
2901,0
2902,1
2903,0
2904,1
2905,0
2906,2
2907,0
2908,0
2909,1
2910,1
2911,1
2912,1
2913,0
2914,0
2915,0
2916,1
2917,1
2918,0
2919,0
2920,0
2921,0
2922,0
2923,1
2924,0
2925,0
2926,0
2927,0
2928,0
2929,0
2930,0
2931,0
2932,1
2933,0
2934,1
2935,0
2936,0
2937,1
2938,0
2939,0
2940,0
2941,2
2942,0
2943,0
2944,1
2945,2
2946,0
2947,0
2948,0
2949,2
2950,1
2951,0
2952,1
2953,0
2954,1
2955,0
2956,1
2957,1
2958,0
2959,1
2960,0
2961,0
2962,0
2963,1
2964,2
2965,1
2966,1
2967,0
2968,0
2969,0
2970,0
2971,1
2972,0
2973,1
2974,0
2975,1
2976,0
2977,0
2978,1
2979,0
2980,0
2981,0
2982,0
2983,0
2984,1
2985,0
2986,0
2987,1
2988,0
2989,0
2990,0
2991,0
2992,0
2993,1
2994,2
2995,1
2996,0
2997,1
2998,1
2999,2
3000,0
3001,1
3002,1
3003,1
3004,1
3005,0
3006,1
3007,0
3008,0
3009,0
3010,0
3011,1
3012,0
3013,1
3014,1
3015,0
3016,1
3017,0
3018,0
3019,0
3020,1
3021,0
3022,0
3023,1
3024,2
3025,2
3026,1
3027,0
3028,1
3029,0
3030,0
3031,1
3032,1
3033,0
3034,1
3035,1
3036,0
3037,0
3038,0
3039,1
3040,2
3041,0
3042,1
3043,0
3044,1
3045,0
3046,1
3047,1
3048,1
3049,0
3050,0
3051,0
3052,0
3053,2
3054,1
3055,1
3056,0
3057,0
3058,1
3059,0
3060,0
3061,0
3062,1
3063,0
3064,0
3065,0
3066,2
3067,0
3068,0
3069,0
3070,0
3071,0
3072,0
3073,0
3074,0
3075,1
3076,1
3077,1
3078,0
3079,2
3080,1
3081,0
3082,1
3083,0
3084,1
3085,1
3086,1
3087,0
3088,1
3089,1
3090,0
3091,0
3092,0
3093,1
3094,0
3095,0
3096,2
3097,1
3098,0
3099,0
3100,0
3101,0
3102,0
3103,0
3104,1
3105,0
3106,1
3107,0
3108,1
3109,1
3110,1
3111,1
3112,2
3113,0
3114,0
3115,0
3116,1
3117,0
3118,0
3119,1
3120,0
3121,1
3122,0
3123,0
3124,0
3125,0
3126,1
3127,1
3128,0
3129,1
3130,0
3131,1
3132,0
3133,1
3134,2
3135,0
3136,0
3137,0
3138,1
3139,1
3140,1
3141,0
3142,1
3143,1
3144,0
3145,0
3146,1
3147,2
3148,1
3149,0
3150,0
3151,0
3152,0
3153,0
3154,1
3155,0
3156,1
3157,0
3158,0
3159,0
3160,1
3161,0
3162,0
3163,2
3164,0
3165,0
3166,1
3167,1
3168,0
3169,1
3170,0
3171,0
3172,1
3173,1
3174,1
3175,0
3176,0
3177,0
3178,1
3179,0
3180,0
3181,1
3182,1
3183,1
3184,1
3185,1
3186,0
3187,1
3188,1
3189,0
3190,0
3191,1
3192,1
3193,1
3194,1
3195,1
3196,0
3197,0
3198,1
3199,0
3200,0
3201,1
3202,0
3203,2
3204,1
3205,1
3206,0
3207,0
3208,0
3209,0
3210,0
3211,1
3212,2
3213,1
3214,0
3215,1
3216,0
3217,0
3218,0
3219,1
3220,0
3221,1
3222,0
3223,0
3224,1
3225,0
3226,1
3227,0
3228,1
3229,0
3230,1
3231,1
3232,0
3233,0
3234,0
3235,0
3236,0
3237,1
3238,1
3239,1
3240,1
3241,0
3242,0
3243,0
3244,1
3245,0
3246,0
3247,0
3248,0
3249,0
3250,1
3251,1
3252,0
3253,0
3254,0
3255,0
3256,0
3257,1
3258,0
3259,0
3260,1
3261,0
3262,1
3263,1
3264,0
3265,0
3266,0
3267,0
3268,0
3269,0
3270,1
3271,2
3272,1
3273,0
3274,0
3275,0
3276,0
3277,1
3278,0
3279,1
3280,1
3281,0
3282,0
3283,1
3284,0
3285,1
3286,0
3287,0
3288,0
3289,0
3290,1
3291,1
3292,1
3293,2
3294,0
3295,0
3296,0
3297,1
3298,2
3299,1
3300,0
3301,1
3302,0
3303,0
3304,0
3305,0
3306,0
3307,0
3308,1
3309,0
3310,1
3311,2
3312,1
3313,0
3314,0
3315,1
3316,1
3317,1
3318,0
3319,0
3320,1
3321,0
3322,0
3323,0
3324,1
3325,0
3326,0
3327,1
3328,1
3329,1
3330,0
3331,0
3332,1
3333,1
3334,0
3335,1
3336,1
3337,1
3338,0
3339,1
3340,0
3341,1
3342,1
3343,1
3344,1
3345,1
3346,1
3347,1
3348,0
3349,0
3350,0
3351,0
3352,0
3353,0
3354,1
3355,0
3356,0
3357,2
3358,1
3359,0
3360,0
3361,1
3362,1
3363,0
3364,1
3365,0
3366,1
3367,0
3368,0
3369,1
3370,1
3371,1
3372,0
3373,0
3374,1
3375,1
3376,0
3377,0
3378,1
3379,1
3380,0
3381,0
3382,0
3383,1
3384,1
3385,0
3386,0
3387,1
3388,0
3389,0
3390,1
3391,0
3392,0
3393,0
3394,1
3395,0
3396,0
3397,1
3398,1
3399,1
3400,1
3401,0
3402,0
3403,2
3404,0
3405,0
3406,1
3407,0
3408,0
3409,0
3410,0
3411,0
3412,0
3413,0
3414,0
3415,1
3416,0
3417,1
3418,1
3419,1
3420,0
3421,0
3422,0
3423,0
3424,0
3425,0
3426,0
3427,0
3428,1
3429,1
3430,1
3431,0
3432,0
3433,1
3434,0
3435,0
3436,1
3437,2
3438,1
3439,0
3440,0
3441,1
3442,0
3443,1
3444,0
3445,0
3446,0
3447,2
3448,1
3449,0
3450,0
3451,0
3452,1
3453,0
3454,0
3455,0
3456,1
3457,1
3458,0
3459,1
3460,2
3461,1
3462,2
3463,0
3464,0
3465,0
3466,1
3467,0
3468,1
3469,0
3470,0
3471,0
3472,1
3473,2
3474,1
3475,0
3476,0
3477,0
3478,0
3479,1
3480,0
3481,1
3482,0
3483,1
3484,0
3485,0
3486,1
3487,0
3488,0
3489,0
3490,0
3491,0
3492,1
3493,1
3494,2
3495,1
3496,0
3497,0
3498,0
3499,0
3500,0
3501,0
3502,0
3503,2
3504,0
3505,1
3506,0
3507,0
3508,0
3509,0
3510,0
3511,0
3512,0
3513,1
3514,0
3515,2
3516,0
3517,0
3518,0
3519,1
3520,1
3521,1
3522,1
3523,1
3524,1
3525,0
3526,1
3527,1
3528,0
3529,0
3530,0
3531,0
3532,1
3533,0
3534,1
3535,0
3536,1
3537,0
3538,1
3539,0
3540,2
3541,0
3542,2
3543,1
3544,2
3545,0
3546,1
3547,0
3548,0
3549,1
3550,0
3551,0
3552,0
3553,0
3554,0
3555,1
3556,1
3557,0
3558,1
3559,0
3560,0
3561,0
3562,0
3563,1
3564,1
3565,0
3566,0
3567,0
3568,2
3569,0
3570,1
3571,0
3572,0
3573,0
3574,0
3575,0
3576,1
3577,2
3578,0
3579,1
3580,0
3581,0
3582,2
3583,1
3584,1
3585,0
3586,2
3587,0
3588,2
3589,0
3590,0
3591,0
3592,1
3593,0
3594,2
3595,0
3596,1
3597,1
3598,1
3599,0
3600,0
3601,0
3602,1
3603,0
3604,0
3605,1
3606,0
3607,0
3608,0
3609,1
3610,0
3611,1
3612,0
3613,0
3614,0
3615,0
3616,2
3617,1
3618,0
3619,0
3620,0
3621,0
3622,1
3623,0
3624,1
3625,0
3626,1
3627,2
3628,0
3629,0
3630,1
3631,0
3632,0
3633,1
3634,1
3635,1
3636,1
3637,1
3638,0
3639,0
3640,0
3641,0
3642,1
3643,0
3644,0
3645,1
3646,0
3647,1
3648,1
3649,1
3650,0
3651,0
3652,0
3653,0
3654,0
3655,0
3656,1
3657,1
3658,0
3659,1
3660,1
3661,0
3662,0
3663,1
3664,2
3665,0
3666,1
3667,1
3668,0
3669,1
3670,1
3671,0
3672,1
3673,1
3674,0
3675,0
3676,0
3677,0
3678,1
3679,1
3680,1
3681,1
3682,0
3683,2
3684,0
3685,1
3686,0
3687,0
3688,0
3689,2
3690,0
3691,0
3692,1
3693,0
3694,1
3695,0
3696,0
3697,1
3698,0
3699,1
3700,0
3701,0
3702,0
3703,0
3704,2
3705,1
3706,0
3707,1
3708,0
3709,1
3710,1
3711,0
3712,0
3713,1
3714,0
3715,0
3716,0
3717,0
3718,1
3719,1
3720,0
3721,1
3722,1
3723,1
3724,1
3725,1
3726,0
3727,1
3728,1
3729,0
3730,1
3731,0
3732,2
3733,0
3734,0
3735,0
3736,0
3737,2
3738,0
3739,0
3740,1
3741,1
3742,0
3743,0
3744,2
3745,0
3746,1
3747,1
3748,1
3749,1
3750,0
3751,2
3752,1
3753,0
3754,0
3755,1
3756,0
3757,0
3758,1
3759,0
3760,0
3761,2
3762,0
3763,0
3764,1
3765,0
3766,0
3767,0
3768,0
3769,0
3770,1
3771,0
3772,1
3773,0
3774,1
3775,0
3776,0
3777,0
3778,0
3779,0
3780,0
3781,0
3782,2
3783,1
3784,1
3785,1
3786,1
3787,0
3788,1
3789,1
3790,0
3791,0
3792,0
3793,0
3794,0
3795,0
3796,1
3797,1
3798,0
3799,0
3800,1
3801,0
3802,0
3803,1
3804,1
3805,0
3806,0
3807,0
3808,0
3809,2
3810,0
3811,0
3812,0
3813,0
3814,0
3815,1
3816,0
3817,0
3818,0
3819,0
3820,1
3821,0
3822,1
3823,1
3824,0
3825,1
3826,1
3827,1
3828,0
3829,1
3830,1
3831,1
3832,1
3833,0
3834,2
3835,1
3836,0
3837,1
3838,0
3839,1
3840,1
3841,0
3842,2
3843,0
3844,0
3845,1
3846,0
3847,0
3848,0
3849,0
3850,0
3851,0
3852,1
3853,0
3854,1
3855,1
3856,0
3857,1
3858,1
3859,0
3860,0
3861,0
3862,1
3863,0
3864,0
3865,1
3866,0
3867,0
3868,1
3869,0
3870,0
3871,0
3872,1
3873,1
3874,0
3875,0
3876,0
3877,1
3878,0
3879,1
3880,0
3881,0
3882,0
3883,1
3884,0
3885,1
3886,0
3887,0
3888,1
3889,1
3890,1
3891,1
3892,1
3893,0
3894,0
3895,1
3896,1
3897,1
3898,0
3899,0
3900,0
3901,0
3902,1
3903,1
3904,1
3905,1
3906,1
3907,1
3908,1
3909,1
3910,0
3911,0
3912,2
3913,1
3914,0
3915,1
3916,1
3917,1
3918,0
3919,0
3920,1
3921,1
3922,1
3923,0
3924,0
3925,1
3926,0
3927,1
3928,0
3929,0
3930,0
3931,1
3932,1
3933,0
3934,0
3935,1
3936,1
3937,0
3938,1
3939,0
3940,1
3941,1
3942,1
3943,1
3944,1
3945,2
3946,0
3947,0
3948,1
3949,0
3950,0
3951,1
3952,0
3953,0
3954,1
3955,0
3956,1
3957,0
3958,0
3959,1
3960,0
3961,0
3962,0
3963,1
3964,0
3965,0
3966,1
3967,0
3968,0
3969,0
3970,1
3971,0
3972,1
3973,0
3974,0
3975,0
3976,1
3977,0
3978,0
3979,0
3980,0
3981,1
3982,0
3983,0
3984,1
3985,1
3986,0
3987,1
3988,0
3989,0
3990,2
3991,1
3992,0
3993,1
3994,1
3995,0
3996,1
3997,1
3998,2
3999,0
4000,0
4001,0
4002,2
4003,0
4004,0
4005,0
4006,2
4007,1
4008,1
4009,1
4010,0
4011,0
4012,0
4013,0
4014,1
4015,1
4016,0
4017,1
4018,0
4019,0
4020,0
4021,0
4022,0
4023,1
4024,0
4025,0
4026,1
4027,0
4028,0
4029,0
4030,1
4031,1
4032,0
4033,0
4034,0
4035,0
4036,1
4037,0
4038,0
4039,1
4040,0
4041,0
4042,1
4043,0
4044,1
4045,0
4046,0
4047,0
4048,0
4049,1
4050,0
4051,0
4052,1
4053,1
4054,0
4055,1
4056,0
4057,1
4058,0
4059,2
4060,0
4061,1
4062,0
4063,1
4064,1
4065,0
4066,0
4067,1
4068,1
4069,1
4070,0
4071,0
4072,0
4073,0
4074,1
4075,1
4076,0
4077,1
4078,0
4079,2
4080,0
4081,0
4082,1
4083,0
4084,1
4085,2
4086,0
4087,0
4088,2
4089,1
4090,0
4091,0
4092,0
4093,1
4094,1
4095,1
4096,1
4097,1
4098,0
4099,1
4100,0
4101,1
4102,0
4103,0
4104,1
4105,1
4106,1
4107,0
4108,0
4109,1
4110,0
4111,1
4112,1
4113,1
4114,1
4115,0
4116,0
4117,1
4118,0
4119,0
4120,0
4121,0
4122,1
4123,0
4124,0
4125,0
4126,1
4127,1
4128,0
4129,1
4130,1
4131,2
4132,0
4133,0
4134,0
4135,1
4136,0
4137,0
4138,0
4139,0
4140,1
4141,0
4142,0
4143,1
4144,0
4145,1
4146,0
4147,1
4148,0
4149,2
4150,0
4151,0
4152,0
4153,0
4154,1
4155,1
4156,0
4157,1
4158,0
4159,0
4160,1
4161,0
4162,1
4163,0
4164,0
4165,0
4166,0
4167,0
4168,2
4169,2
4170,1
4171,0
4172,2
4173,0
4174,0
4175,0
4176,1
4177,0
4178,1
4179,0
4180,0
4181,0
4182,1
4183,1
4184,1
4185,1
4186,0
4187,1
4188,1
4189,0
4190,1
4191,1
4192,1
4193,0
4194,0
4195,1
4196,1
4197,1
4198,0
4199,0
4200,0
4201,1
4202,1
4203,1
4204,1
4205,1
4206,1
4207,1
4208,0
4209,0
4210,0
4211,1
4212,1
4213,0
4214,0
4215,2
4216,0
4217,0
4218,0
4219,1
4220,0
4221,0
4222,0
4223,1
4224,0
4225,0
4226,0
4227,0
4228,2
4229,2
4230,0
4231,1
4232,2
4233,1
4234,0
4235,1
4236,1
4237,1
4238,0
4239,0
4240,1
4241,1
4242,0
4243,0
4244,0
4245,1
4246,1
4247,1
4248,1
4249,0
4250,0
4251,0
4252,1
4253,0
4254,0
4255,1
4256,0
4257,0
4258,0
4259,1
4260,1
4261,0
4262,0
4263,0
4264,1
4265,0
4266,1
4267,0
4268,0
4269,1
4270,0
4271,0
4272,0
4273,1
4274,1
4275,0
4276,1
4277,0
4278,1
4279,0
4280,0
4281,0
4282,0
4283,0
4284,1
4285,0
4286,0
4287,1
4288,2
4289,0
4290,0
4291,1
4292,0
4293,0
4294,0
4295,1
4296,1
4297,0
4298,1
4299,1
4300,0
4301,0
4302,1
4303,2
4304,0
4305,0
4306,0
4307,0
4308,0
4309,0
4310,1
4311,0
4312,0
4313,0
4314,0
4315,0
4316,0
4317,0
4318,1
4319,0
4320,1
4321,0
4322,0
4323,1
4324,1
4325,0
4326,0
4327,2
4328,0
4329,1
4330,0
4331,0
4332,0
4333,0
4334,1
4335,1
4336,1
4337,0
4338,0
4339,2
4340,0
4341,1
4342,1
4343,0
4344,1
4345,0
4346,1
4347,0
4348,0
4349,0
4350,0
4351,1
4352,0
4353,0
4354,1
4355,1
4356,1
4357,0
4358,1
4359,1
4360,0
4361,1
4362,0
4363,0
4364,0
4365,2
4366,0
4367,2
4368,0
4369,0
4370,1
4371,0
4372,1
4373,0
4374,0
4375,0
4376,2
4377,0
4378,0
4379,1
4380,0
4381,0
4382,0
4383,0
4384,0
4385,1
4386,1
4387,0
4388,1
4389,0
4390,0
4391,0
4392,1
4393,1
4394,0
4395,0
4396,0
4397,0
4398,1
4399,1
4400,1
4401,0
4402,1
4403,1
4404,0
4405,2
4406,1
4407,0
4408,0
4409,0
4410,1
4411,1
4412,0
4413,0
4414,0
4415,0
4416,0
4417,0
4418,0
4419,1
4420,1
4421,1
4422,0
4423,0
4424,1
4425,1
4426,1
4427,1
4428,0
4429,1
4430,1
4431,0
4432,0
4433,2
4434,0
4435,1
4436,1
4437,1
4438,0
4439,0
4440,1
4441,0
4442,1
4443,0
4444,0
4445,1
4446,0
4447,1
4448,1
4449,0
4450,1
4451,2
4452,0
4453,0
4454,0
4455,0
4456,0
4457,0
4458,1
4459,0
4460,1
4461,1
4462,0
4463,0
4464,1
4465,1
4466,0
4467,1
4468,0
4469,1
4470,0
4471,0
4472,0
4473,1
4474,0
4475,1
4476,1
4477,0
4478,0
4479,0
4480,1
4481,0
4482,1
4483,0
4484,0
4485,2
4486,0
4487,0
4488,0
4489,0
4490,0
4491,0
4492,0
4493,1
4494,0
4495,1
4496,0
4497,0
4498,1
4499,1
4500,1
4501,0
4502,1
4503,0
4504,0
4505,0
4506,1
4507,0
4508,0
4509,0
4510,0
4511,0
4512,0
4513,0
4514,2
4515,0
4516,0
4517,0
4518,0
4519,1
4520,1
4521,1
4522,0
4523,1
4524,0
4525,1
4526,0
4527,0
4528,1
4529,0
4530,0
4531,0
4532,0
4533,0
4534,0
4535,0
4536,0
4537,1
4538,0
4539,1
4540,1
4541,0
4542,1
4543,0
4544,0
4545,0
4546,1
4547,0
4548,0
4549,1
4550,0
4551,0
4552,1
4553,0
4554,0
4555,0
4556,1
4557,1
4558,0
4559,0
4560,1
4561,0
4562,2
4563,0
4564,1
4565,0
4566,0
4567,0
4568,0
4569,0
4570,0
4571,0
4572,1
4573,0
4574,0
4575,1
4576,1
4577,1
4578,0
4579,1
4580,0
4581,1
4582,0
4583,0
4584,1
4585,0
4586,1
4587,0
4588,1
4589,2
4590,1
4591,0
4592,0
4593,0
4594,0
4595,0
4596,1
4597,1
4598,1
4599,0
4600,0
4601,0
4602,0
4603,0
4604,1
4605,0
4606,0
4607,0
4608,0
4609,0
4610,0
4611,0
4612,1
4613,1
4614,1
4615,0
4616,0
4617,1
4618,0
4619,1
4620,1
4621,0
4622,1
4623,1
4624,0
4625,1
4626,0
4627,0
4628,1
4629,0
4630,1
4631,1
4632,0
4633,0
4634,1
4635,0
4636,2
4637,1
4638,1
4639,1
4640,0
4641,2
4642,2
4643,1
4644,1
4645,0
4646,1
4647,2
4648,0
4649,0
4650,1
4651,1
4652,0
4653,1
4654,1
4655,1
4656,0
4657,1
4658,1
4659,1
4660,0
4661,0
4662,0
4663,0
4664,0
4665,1
4666,1
4667,0
4668,1
4669,0
4670,1
4671,0
4672,1
4673,1
4674,0
4675,0
4676,1
4677,0
4678,0
4679,1
4680,1
4681,0
4682,0
4683,0
4684,1
4685,1
4686,1
4687,1
4688,0
4689,1
4690,0
4691,0
4692,0
4693,0
4694,1
4695,0
4696,0
4697,1
4698,1
4699,0
4700,1
4701,0
4702,0
4703,0
4704,1
4705,1
4706,0
4707,1
4708,1
4709,2
4710,0
4711,1
4712,0
4713,0
4714,1
4715,0
4716,0
4717,0
4718,1
4719,0
4720,1
4721,1
4722,0
4723,2
4724,1
4725,0
4726,0
4727,0
4728,0
4729,2
4730,1
4731,1
4732,1
4733,0
4734,1
4735,0
4736,1
4737,0
4738,0
4739,1
4740,0
4741,0
4742,1
4743,0
4744,1
4745,0
4746,1
4747,0
4748,1
4749,1
4750,0
4751,0
4752,1
4753,1
4754,1
4755,0
4756,0
4757,0
4758,0
4759,1
4760,0
4761,1
4762,0
4763,0
4764,1
4765,1
4766,1
4767,1
4768,0
4769,1
4770,0
4771,0
4772,0
4773,1
4774,1
4775,0
4776,1
4777,0
4778,0
4779,2
4780,1
4781,0
4782,1
4783,1
4784,1
4785,0
4786,1
4787,0
4788,0
4789,0
4790,1
4791,0
4792,1
4793,0
4794,0
4795,0
4796,0
4797,2
4798,0
4799,0
4800,1
4801,0
4802,0
4803,1
4804,0
4805,0
4806,1
4807,0
4808,0
4809,1
4810,0
4811,0
4812,1
4813,1
4814,0
4815,0
4816,0
4817,0
4818,1
4819,0
4820,0
4821,0
4822,1
4823,0
4824,1
4825,0
4826,0
4827,0
4828,0
4829,0
4830,1
4831,0
4832,0
4833,0
4834,0
4835,1
4836,0
4837,1
4838,0
4839,1
4840,0
4841,0
4842,0
4843,0
4844,0
4845,0
4846,2
4847,0
4848,1
4849,0
4850,0
4851,1
4852,0
4853,0
4854,1
4855,1
4856,0
4857,0
4858,2
4859,0
4860,0
4861,1
4862,1
4863,1
4864,1
4865,0
4866,0
4867,0
4868,0
4869,1
4870,1
4871,0
4872,0
4873,0
4874,1
4875,1
4876,1
4877,0
4878,2
4879,1
4880,1
4881,1
4882,1
4883,1
4884,1
4885,0
4886,0
4887,0
4888,0
4889,0
4890,1
4891,2
4892,1
4893,1
4894,0
4895,0
4896,0
4897,1
4898,0
4899,1
4900,1
4901,1
4902,1
4903,0
4904,0
4905,0
4906,0
4907,1
4908,0
4909,1
4910,1
4911,2
4912,0
4913,1
4914,0
4915,0
4916,0
4917,0
4918,0
4919,1
4920,0
4921,1
4922,0
4923,0
4924,0
4925,1
4926,0
4927,1
4928,0
4929,1
4930,0
4931,1
4932,1
4933,1
4934,2
4935,2
4936,1
4937,0
4938,0
4939,0
4940,1
4941,0
4942,2
4943,0
4944,0
4945,1
4946,0
4947,0
4948,1
4949,1
4950,0
4951,2
4952,0
4953,0
4954,1
4955,0
4956,0
4957,0
4958,0
4959,0
4960,0
4961,0
4962,1
4963,0
4964,0
4965,0
4966,0
4967,0
4968,1
4969,1
4970,1
4971,0
4972,1
4973,0
4974,0
4975,0
4976,1
4977,1
4978,0
4979,0
4980,1
4981,0
4982,0
4983,1
4984,0
4985,1
4986,0
4987,0
4988,0
4989,1
4990,1
4991,1
4992,1
4993,1
4994,1
4995,0
4996,0
4997,0
4998,0
4999,0
5000,1
5001,0
5002,1
5003,0
5004,1
5005,1
5006,1
5007,0
5008,0
5009,1
5010,0
5011,0
5012,0
5013,1
5014,0
5015,0
5016,1
5017,0
5018,1
5019,1
5020,1
5021,1
5022,0
5023,0
5024,0
5025,0
5026,1
5027,2
5028,1
5029,1
5030,0
5031,0
5032,0
5033,1
5034,0
5035,0
5036,0
5037,0
5038,1
5039,1
5040,0
5041,0
5042,1
5043,1
5044,0
5045,0
5046,1
5047,2
5048,1
5049,0
5050,0
5051,0
5052,0
5053,0
5054,0
5055,0
5056,0
5057,1
5058,1
5059,0
5060,0
5061,0
5062,0
5063,0
5064,0
5065,0
5066,1
5067,0
5068,1
5069,1
5070,1
5071,1
5072,0
5073,0
5074,0
5075,0
5076,0
5077,1
5078,0
5079,1
5080,0
5081,0
5082,0
5083,1
5084,0
5085,0
5086,1
5087,0
5088,2
5089,0
5090,1
5091,2
5092,1
5093,1
5094,0
5095,0
5096,2
5097,1
5098,1
5099,1
5100,1
5101,0
5102,1
5103,0
5104,0
5105,0
5106,1
5107,0
5108,0
5109,0
5110,0
5111,1
5112,0
5113,0
5114,0
5115,0
5116,0
5117,1
5118,0
5119,1
5120,0
5121,0
5122,1
5123,1
5124,2
5125,1
5126,1
5127,2
5128,0
5129,1
5130,1
5131,1
5132,1
5133,0
5134,0
5135,0
5136,1
5137,0
5138,0
5139,1
5140,1
5141,1
5142,0
5143,1
5144,1
5145,0
5146,0
5147,1
5148,2
5149,2
5150,1
5151,2
5152,1
5153,1
5154,0
5155,0
5156,0
5157,0
5158,0
5159,0
5160,1
5161,1
5162,0
5163,0
5164,1
5165,0
5166,1
5167,0
5168,0
5169,0
5170,0
5171,1
5172,0
5173,1
5174,1
5175,1
5176,0
5177,1
5178,0
5179,0
5180,0
5181,0
5182,1
5183,0
5184,0
5185,0
5186,0
5187,0
5188,1
5189,0
5190,0
5191,1
5192,1
5193,1
5194,1
5195,0
5196,1
5197,1
5198,1
5199,0
5200,0
5201,1
5202,1
5203,1
5204,1
5205,1
5206,1
5207,1
5208,0
5209,0
5210,1
5211,0
5212,1
5213,0
5214,1
5215,0
5216,1
5217,1
5218,0
5219,0
5220,0
5221,0
5222,1
5223,0
5224,0
5225,0
5226,0
5227,0
5228,2
5229,1
5230,1
5231,0
5232,0
5233,1
5234,1
5235,1
5236,0
5237,0
5238,0
5239,0
5240,1
5241,1
5242,1
5243,0
5244,1
5245,1
5246,2
5247,0
5248,0
5249,1
5250,0
5251,1
5252,0
5253,0
5254,0
5255,0
5256,0
5257,1
5258,1
5259,1
5260,1
5261,2
5262,0
5263,0
5264,1
5265,2
5266,1
5267,0
5268,1
5269,0
5270,0
5271,1
5272,0
5273,1
5274,0
5275,0
5276,1
5277,0
5278,0
5279,1
5280,1
5281,0
5282,0
5283,0
5284,0
5285,1
5286,0
5287,0
5288,0
5289,2
5290,1
5291,2
5292,1
5293,0
5294,0
5295,0
5296,0
5297,0
5298,1
5299,0
5300,1
5301,0
5302,1
5303,1
5304,0
5305,0
5306,0
5307,1
5308,1
5309,2
5310,0
5311,1
5312,1
5313,1
5314,1
5315,0
5316,0
5317,0
5318,1
5319,1
5320,0
5321,1
5322,0
5323,0
5324,0
5325,0
5326,1
5327,0
5328,1
5329,0
5330,0
5331,0
5332,0
5333,0
5334,1
5335,1
5336,0
5337,1
5338,1
5339,0
5340,0
5341,0
5342,0
5343,0
5344,0
5345,1
5346,0
5347,1
5348,0
5349,0
5350,0
5351,1
5352,0
5353,2
5354,1
5355,0
5356,0
5357,0
5358,2
5359,0
5360,0
5361,1
5362,0
5363,0
5364,0
5365,1
5366,0
5367,1
5368,1
5369,1
5370,2
5371,0
5372,0
5373,0
5374,0
5375,1
5376,0
5377,0
5378,0
5379,0
5380,1
5381,0
5382,0
5383,0
5384,1
5385,1
5386,1
5387,0
5388,0
5389,2
5390,1
5391,0
5392,0
5393,2
5394,2
5395,1
5396,0
5397,1
5398,0
5399,0
5400,0
5401,0
5402,0
5403,1
5404,0
5405,0
5406,2
5407,0
5408,1
5409,1
5410,0
5411,1
5412,0
5413,1
5414,1
5415,1
5416,1
5417,1
5418,0
5419,1
5420,1
5421,0
5422,0
5423,0
5424,0
5425,1
5426,0
5427,0
5428,0
5429,0
5430,1
5431,0
5432,2
5433,0
5434,1
5435,1
5436,0
5437,0
5438,0
5439,1
5440,1
5441,0
5442,0
5443,1
5444,1
5445,0
5446,0
5447,0
5448,1
5449,0
5450,0
5451,0
5452,0
5453,2
5454,1
5455,0
5456,0
5457,0
5458,0
5459,0
5460,1
5461,1
5462,0
5463,0
5464,0
5465,1
5466,1
5467,0
5468,0
5469,1
5470,0
5471,1
5472,0
5473,1
5474,0
5475,0
5476,0
5477,0
5478,1
5479,1
5480,2
5481,0
5482,1
5483,0
5484,1
5485,0
5486,1
5487,1
5488,0
5489,0
5490,1
5491,0
5492,0
5493,0
5494,1
5495,1
5496,1
5497,0
5498,1
5499,0
5500,1
5501,0
5502,0
5503,1
5504,1
5505,1
5506,0
5507,0
5508,0
5509,1
5510,1
5511,1
5512,0
5513,0
5514,0
5515,0
5516,1
5517,2
5518,0
5519,0
5520,0
5521,0
5522,0
5523,0
5524,0
5525,1
5526,0
5527,1
5528,1
5529,0
5530,0
5531,0
5532,0
5533,1
5534,0
5535,0
5536,1
5537,0
5538,0
5539,1
5540,0
5541,0
5542,0
5543,0
5544,1
5545,1
5546,0
5547,1
5548,1
5549,0
5550,1
5551,2
5552,1
5553,0
5554,0
5555,0
5556,1
5557,0
5558,1
5559,1
5560,1
5561,0
5562,0
5563,1
5564,0
5565,1
5566,0
5567,1
5568,0
5569,0
5570,0
5571,1
5572,0
5573,0
5574,0
5575,0
5576,0
5577,0
5578,1
5579,0
5580,0
5581,1
5582,0
5583,1
5584,0
5585,0
5586,0
5587,0
5588,1
5589,0
5590,1
5591,1
5592,1
5593,0
5594,1
5595,1
5596,2
5597,0
5598,1
5599,1
5600,1
5601,0
5602,2
5603,0
5604,0
5605,0
5606,1
5607,1
5608,1
5609,1
5610,0
5611,1
5612,0
5613,0
5614,0
5615,0
5616,0
5617,0
5618,0
5619,0
5620,1
5621,0
5622,1
5623,0
5624,1
5625,0
5626,0
5627,0
5628,0
5629,0
5630,0
5631,0
5632,0
5633,1
5634,0
5635,1
5636,0
5637,1
5638,0
5639,0
5640,0
5641,0
5642,0
5643,1
5644,0
5645,0
5646,0
5647,1
5648,0
5649,0
5650,0
5651,1
5652,0
5653,1
5654,1
5655,0
5656,0
5657,0
5658,0
5659,1
5660,0
5661,0
5662,0
5663,1
5664,0
5665,0
5666,0
5667,0
5668,0
5669,2
5670,1
5671,0
5672,1
5673,2
5674,1
5675,1
5676,2
5677,0
5678,0
5679,0
5680,0
5681,1
5682,0
5683,0
5684,0
5685,0
5686,1
5687,1
5688,0
5689,0
5690,0
5691,0
5692,0
5693,1
5694,1
5695,0
5696,0
5697,1
5698,0
5699,0
5700,1
5701,1
5702,1
5703,0
5704,0
5705,0
5706,0
5707,1
5708,1
5709,2
5710,1
5711,0
5712,0
5713,0
5714,1
5715,1
5716,0
5717,1
5718,1
5719,1
5720,1
5721,1
5722,0
5723,0
5724,0
5725,1
5726,0
5727,0
5728,0
5729,1
5730,0
5731,0
5732,2
5733,2
5734,1
5735,1
5736,0
5737,0
5738,0
5739,0
5740,0
5741,0
5742,0
5743,0
5744,0
5745,1
5746,0
5747,1
5748,0
5749,0
5750,2
5751,0
5752,1
5753,1
5754,0
5755,0
5756,0
5757,1
5758,1
5759,0
5760,0
5761,2
5762,1
5763,0
5764,1
5765,1
5766,0
5767,2
5768,0
5769,1
5770,0
5771,1
5772,0
5773,1
5774,0
5775,0
5776,1
5777,1
5778,0
5779,1
5780,1
5781,0
5782,0
5783,0
5784,1
5785,0
5786,0
5787,0
5788,0
5789,1
5790,0
5791,0
5792,1
5793,0
5794,0
5795,0
5796,2
5797,0
5798,0
5799,0
5800,2
5801,0
5802,1
5803,1
5804,0
5805,0
5806,1
5807,1
5808,1
5809,0
5810,0
5811,0
5812,0
5813,0
5814,0
5815,0
5816,1
5817,1
5818,0
5819,1
5820,1
5821,0
5822,0
5823,1
5824,1
5825,0
5826,0
5827,0
5828,1
5829,1
5830,0
5831,1
5832,0
5833,0
5834,1
5835,0
5836,0
5837,0
5838,0
5839,0
5840,0
5841,1
5842,0
5843,0
5844,0
5845,1
5846,0
5847,0
5848,0
5849,1
5850,0
5851,1
5852,1
5853,1
5854,2
5855,2
5856,1
5857,0
5858,0
5859,0
5860,0
5861,1
5862,1
5863,2
5864,0
5865,0
5866,0
5867,1
5868,1
5869,1
5870,1
5871,1
5872,0
5873,0
5874,0
5875,0
5876,0
5877,0
5878,0
5879,0
5880,1
5881,0
5882,2
5883,0
5884,0
5885,1
5886,0
5887,0
5888,0
5889,0
5890,0
5891,0
5892,0
5893,0
5894,0
5895,2
5896,0
5897,0
5898,1
5899,0
5900,0
5901,0
5902,1
5903,1
5904,0
5905,0
5906,0
5907,1
5908,0
5909,1
5910,1
5911,0
5912,1
5913,1
5914,0
5915,0
5916,0
5917,0
5918,0
5919,2
5920,1
5921,0
5922,0
5923,1
5924,1
5925,2
5926,0
5927,1
5928,0
5929,0
5930,0
5931,1
5932,0
5933,0
5934,0
5935,0
5936,1
5937,0
5938,1
5939,1
5940,1
5941,0
5942,1
5943,0
5944,0
5945,0
5946,0
5947,1
5948,0
5949,1
5950,0
5951,1
5952,0
5953,0
5954,1
5955,1
5956,1
5957,1
5958,0
5959,1
5960,1
5961,0
5962,2
5963,1
5964,0
5965,0
5966,1
5967,1
5968,0
5969,0
5970,1
5971,0
5972,0
5973,2
5974,0
5975,0
5976,1
5977,0
5978,1
5979,2
5980,0
5981,2
5982,1
5983,0
5984,0
5985,0
5986,0
5987,0
5988,1
5989,1
5990,1
5991,0
5992,0
5993,0
5994,0
5995,2
5996,1
5997,1
5998,0
5999,0
6000,0
6001,1
6002,0
6003,1
6004,1
6005,0
6006,0
6007,0
6008,0
6009,0
6010,0
6011,0
6012,0
6013,1
6014,2
6015,0
6016,1
6017,0
6018,1
6019,1
6020,0
6021,1
6022,0
6023,0
6024,0
6025,0
6026,0
6027,0
6028,2
6029,0
6030,0
6031,0
6032,0
6033,2
6034,0
6035,0
6036,0
6037,1
6038,0
6039,0
6040,0
6041,1
6042,0
6043,1
6044,0
6045,0
6046,1
6047,0
6048,1
6049,1
6050,0
6051,1
6052,0
6053,0
6054,0
6055,1
6056,1
6057,0
6058,0
6059,0
6060,1
6061,1
6062,0
6063,1
6064,1
6065,0
6066,0
6067,1
6068,0
6069,0
6070,1
6071,1
6072,0
6073,1
6074,0
6075,0
6076,0
6077,0
6078,1
6079,1
6080,0
6081,0
6082,1
6083,0
6084,0
6085,0
6086,1
6087,0
6088,1
6089,1
6090,1
6091,0
6092,0
6093,1
6094,0
6095,0
6096,0
6097,0
6098,0
6099,0
6100,0
6101,0
6102,0
6103,1
6104,0
6105,0
6106,1
6107,1
6108,0
6109,0
6110,0
6111,2
6112,0
6113,0
6114,1
6115,0
6116,1
6117,1
6118,1
6119,1
6120,0
6121,1
6122,0
6123,0
6124,0
6125,1
6126,0
6127,0
6128,2
6129,0
6130,1
6131,0
6132,1
6133,1
6134,0
6135,1
6136,0
6137,1
6138,1
6139,0
6140,1
6141,0
6142,0
6143,0
6144,0
6145,1
6146,0
6147,1
6148,0
6149,0
6150,0
6151,1
6152,1
6153,0
6154,1
6155,1
6156,0
6157,1
6158,0
6159,1
6160,2
6161,1
6162,0
6163,1
6164,0
6165,1
6166,1
6167,1
6168,0
6169,1
6170,0
6171,0
6172,0
6173,0
6174,0
6175,1
6176,1
6177,1
6178,0
6179,1
6180,1
6181,1
6182,0
6183,0
6184,1
6185,2
6186,1
6187,0
6188,1
6189,0
6190,0
6191,1
6192,0
6193,0
6194,1
6195,0
6196,1
6197,1
6198,0
6199,0
6200,1
6201,1
6202,0
6203,0
6204,1
6205,0
6206,0
6207,1
6208,1
6209,0
6210,0
6211,0
6212,0
6213,0
6214,0
6215,1
6216,1
6217,1
6218,1
6219,0
6220,1
6221,0
6222,1
6223,2
6224,0
6225,2
6226,0
6227,0
6228,1
6229,1
6230,1
6231,1
6232,1
6233,0
6234,0
6235,0
6236,1
6237,1
6238,1
6239,0
6240,0
6241,1
6242,0
6243,2
6244,0
6245,1
6246,0
6247,1
6248,0
6249,0
6250,1
6251,1
6252,0
6253,2
6254,0
6255,0
6256,0
6257,1
6258,1
6259,0
6260,1
6261,1
6262,0
6263,0
6264,1
6265,0
6266,0
6267,1
6268,2
6269,1
6270,0
6271,0
6272,0
6273,1
6274,0
6275,1
6276,0
6277,0
6278,0
6279,0
6280,0
6281,1
6282,0
6283,1
6284,0
6285,0
6286,1
6287,0
6288,1
6289,0
6290,1
6291,0
6292,0
6293,1
6294,1
6295,0
6296,0
6297,0
6298,1
6299,0
6300,1
6301,0
6302,1
6303,0
6304,1
6305,0
6306,0
6307,0
6308,0
6309,0
6310,1
6311,2
6312,2
6313,0
6314,0
6315,1
6316,0
6317,0
6318,1
6319,0
6320,0
6321,1
6322,1
6323,2
6324,1
6325,1
6326,1
6327,0
6328,1
6329,0
6330,1
6331,0
6332,0
6333,2
6334,0
6335,1
6336,0
6337,0
6338,1
6339,0
6340,1
6341,0
6342,0
6343,0
6344,0
6345,1
6346,0
6347,1
6348,0
6349,0
6350,0
6351,0
6352,2
6353,1
6354,0
6355,0
6356,0
6357,0
6358,1
6359,2
6360,0
6361,0
6362,0
6363,0
6364,0
6365,1
6366,0
6367,0
6368,1
6369,0
6370,1
6371,0
6372,0
6373,2
6374,1
6375,0
6376,0
6377,0
6378,0
6379,0
6380,1
6381,0
6382,0
6383,0
6384,1
6385,0
6386,1
6387,1
6388,0
6389,1
6390,0
6391,2
6392,0
6393,1
6394,0
6395,0
6396,0
6397,1
6398,1
6399,1
6400,1
6401,1
6402,0
6403,0
6404,0
6405,0
6406,1
6407,1
6408,0
6409,0
6410,0
6411,0
6412,0
6413,0
6414,0
6415,1
6416,0
6417,1
6418,1
6419,0
6420,0
6421,0
6422,0
6423,2
6424,1
6425,0
6426,1
6427,0
6428,0
6429,0
6430,0
6431,0
6432,1
6433,0
6434,0
6435,0
6436,1
6437,0
6438,1
6439,0
6440,0
6441,0
6442,1
6443,1
6444,0
6445,0
6446,1
6447,1
6448,1
6449,1
6450,0
6451,1
6452,1
6453,1
6454,1
6455,1
6456,0
6457,0
6458,1
6459,0
6460,0
6461,1
6462,1
6463,1
6464,1
6465,1
6466,0
6467,1
6468,1
6469,1
6470,0
6471,0
6472,1
6473,1
6474,0
6475,1
6476,0
6477,1
6478,1
6479,1
6480,0
6481,0
6482,1
6483,0
6484,0
6485,0
6486,1
6487,0
6488,1
6489,0
6490,0
6491,0
6492,0
6493,0
6494,0
6495,0
6496,1
6497,0
6498,0
6499,0
6500,1
6501,2
6502,1
6503,1
6504,1
6505,1
6506,0
6507,1
6508,0
6509,0
6510,1
6511,0
6512,1
6513,0
6514,1
6515,1
6516,1
6517,1
6518,1
6519,0
6520,1
6521,1
6522,0
6523,2
6524,1
6525,2
6526,0
6527,0
6528,0
6529,1
6530,0
6531,1
6532,0
6533,0
6534,1
6535,0
6536,1
6537,0
6538,0
6539,0
6540,0
6541,0
6542,1
6543,0
6544,0
6545,1
6546,1
6547,0
6548,1
6549,2
6550,1
6551,0
6552,1
6553,0
6554,0
6555,0
6556,0
6557,0
6558,1
6559,0
6560,1
6561,1
6562,0
6563,0
6564,1
6565,1
6566,1
6567,0
6568,1
6569,0
6570,0
6571,0
6572,1
6573,1
6574,0
6575,1
6576,0
6577,0
6578,2
6579,0
6580,0
6581,0
6582,0
6583,1
6584,0
6585,0
6586,1
6587,0
6588,1
6589,1
6590,1
6591,1
6592,0
6593,0
6594,1
6595,0
6596,1
6597,0
6598,1
6599,0
6600,1
6601,1
6602,0
6603,1
6604,0
6605,1
6606,0
6607,0
6608,0
6609,0
6610,0
6611,1
6612,1
6613,0
6614,0
6615,0
6616,0
6617,1
6618,1
6619,1
6620,0
6621,1
6622,1
6623,1
6624,0
6625,0
6626,1
6627,0
6628,1
6629,0
6630,2
6631,1
6632,1
6633,1
6634,1
6635,1
6636,1
6637,0
6638,1
6639,1
6640,1
6641,0
6642,0
6643,0
6644,0
6645,0
6646,1
6647,1
6648,1
6649,0
6650,0
6651,0
6652,1
6653,0
6654,0
6655,1
6656,0
6657,0
6658,1
6659,1
6660,1
6661,1
6662,1
6663,0
6664,0
6665,0
6666,0
6667,1
6668,0
6669,0
6670,0
6671,1
6672,0
6673,0
6674,1
6675,0
6676,1
6677,0
6678,1
6679,1
6680,1
6681,0
6682,1
6683,1
6684,1
6685,0
6686,0
6687,0
6688,0
6689,0
6690,2
6691,0
6692,0
6693,1
6694,1
6695,0
6696,1
6697,1
6698,0
6699,0
6700,0
6701,0
6702,1
6703,0
6704,0
6705,0
6706,0
6707,0
6708,1
6709,0
6710,0
6711,1
6712,0
6713,0
6714,2
6715,1
6716,0
6717,0
6718,0
6719,0
6720,1
6721,1
6722,1
6723,0
6724,0
6725,0
6726,0
6727,0
6728,1
6729,0
6730,1
6731,0
6732,0
6733,0
6734,1
6735,0
6736,1
6737,1
6738,0
6739,0
6740,0
6741,0
6742,1
6743,1
6744,1
6745,1
6746,1
6747,1
6748,0
6749,0
6750,1
6751,1
6752,0
6753,1
6754,2
6755,0
6756,0
6757,1
6758,1
6759,1
6760,0
6761,0
6762,2
6763,0
6764,1
6765,0
6766,1
6767,0
6768,0
6769,0
6770,1
6771,0
6772,1
6773,1
6774,1
6775,1
6776,1
6777,0
6778,0
6779,0
6780,0
6781,1
6782,0
6783,0
6784,1
6785,2
6786,0
6787,0
6788,0
6789,2
6790,0
6791,0
6792,0
6793,1
6794,1
6795,0
6796,0
6797,1
6798,1
6799,2
6800,1
6801,1
6802,0
6803,2
6804,2
6805,1
6806,0
6807,0
6808,1
6809,1
6810,0
6811,1
6812,0
6813,1
6814,0
6815,1
6816,0
6817,0
6818,1
6819,0
6820,0
6821,1
6822,0
6823,0
6824,1
6825,0
6826,1
6827,1
6828,0
6829,0
6830,0
6831,1
6832,2
6833,0
6834,0
6835,0
6836,0
6837,1
6838,0
6839,0
6840,0
6841,1
6842,1
6843,1
6844,0
6845,1
6846,0
6847,0
6848,1
6849,0
6850,0
6851,2
6852,1
6853,1
6854,1
6855,1
6856,2
6857,1
6858,1
6859,0
6860,1
6861,0
6862,0
6863,0
6864,1
6865,0
6866,0
6867,0
6868,2
6869,1
6870,0
6871,0
6872,0
6873,1
6874,0
6875,1
6876,1
6877,1
6878,1
6879,1
6880,0
6881,1
6882,0
6883,0
6884,0
6885,1
6886,0
6887,0
6888,1
6889,1
6890,0
6891,2
6892,1
6893,1
6894,0
6895,0
6896,1
6897,1
6898,0
6899,1
6900,1
6901,2
6902,1
6903,2
6904,0
6905,1
6906,1
6907,0
6908,0
6909,1
6910,0
6911,0
6912,2
6913,1
6914,0
6915,0
6916,1
6917,0
6918,0
6919,1
6920,1
6921,0
6922,0
6923,1
6924,0
6925,0
6926,0
6927,1
6928,1
6929,0
6930,1
6931,1
6932,1
6933,0
6934,1
6935,1
6936,1
6937,0
6938,0
6939,1
6940,0
6941,1
6942,0
6943,0
6944,0
6945,1
6946,0
6947,0
6948,1
6949,0
6950,1
6951,2
6952,1
6953,0
6954,0
6955,1
6956,0
6957,1
6958,1
6959,1
6960,0
6961,0
6962,1
6963,1
6964,1
6965,0
6966,2
6967,1
6968,0
6969,0
6970,0
6971,1
6972,0
6973,0
6974,1
6975,2
6976,1
6977,0
6978,1
6979,1
6980,1
6981,0
6982,0
6983,1
6984,1
6985,1
6986,2
6987,0
6988,1
6989,0
6990,0
6991,0
6992,0
6993,1
6994,0
6995,0
6996,1
6997,0
6998,0
6999,0
7000,0
7001,0
7002,0
7003,0
7004,1
7005,0
7006,0
7007,0
7008,0
7009,0
7010,1
7011,0
7012,1
7013,1
7014,0
7015,2
7016,0
7017,1
7018,2
7019,0
7020,1
7021,1
7022,1
7023,0
7024,1
7025,0
7026,1
7027,0
7028,0
7029,0
7030,0
7031,0
7032,0
7033,0
7034,0
7035,0
7036,0
7037,1
7038,1
7039,0
7040,0
7041,1
7042,1
7043,0
7044,0
7045,0
7046,1
7047,1
7048,0
7049,1
7050,0
7051,0
7052,2
7053,1
7054,1
7055,0
7056,0
7057,0
7058,1
7059,0
7060,1
7061,0
7062,0
7063,0
7064,0
7065,1
7066,0
7067,0
7068,0
7069,0
7070,0
7071,1
7072,1
7073,1
7074,0
7075,0
7076,0
7077,0
7078,0
7079,0
7080,1
7081,0
7082,1
7083,0
7084,1
7085,1
7086,0
7087,0
7088,1
7089,0
7090,1
7091,0
7092,0
7093,1
7094,1
7095,1
7096,0
7097,0
7098,1
7099,1
7100,1
7101,0
7102,0
7103,0
7104,0
7105,0
7106,0
7107,1
7108,0
7109,0
7110,0
7111,1
7112,0
7113,1
7114,2
7115,0
7116,0
7117,2
7118,1
7119,0
7120,0
7121,0
7122,0
7123,2
7124,0
7125,1
7126,0
7127,0
7128,1
7129,1
7130,0
7131,0
7132,0
7133,0
7134,1
7135,0
7136,0
7137,0
7138,0
7139,0
7140,0
7141,0
7142,1
7143,0
7144,1
7145,1
7146,0
7147,1
7148,1
7149,1
7150,1
7151,0
7152,0
7153,1
7154,0
7155,1
7156,1
7157,0
7158,0
7159,1
7160,0
7161,1
7162,0
7163,1
7164,1
7165,1
7166,0
7167,1
7168,1
7169,0
7170,1
7171,0
7172,0
7173,1
7174,0
7175,1
7176,1
7177,1
7178,1
7179,1
7180,1
7181,0
7182,1
7183,1
7184,1
7185,0
7186,1
7187,1
7188,1
7189,1
7190,0
7191,1
7192,1
7193,0
7194,0
7195,2
7196,0
7197,0
7198,2
7199,2
7200,0
7201,0
7202,1
7203,0
7204,0
7205,2
7206,0
7207,0
7208,0
7209,1
7210,1
7211,0
7212,0
7213,0
7214,1
7215,1
7216,1
7217,0
7218,0
7219,1
7220,0
7221,0
7222,0
7223,1
7224,0
7225,1
7226,2
7227,1
7228,0
7229,1
7230,1
7231,0
7232,0
7233,0
7234,0
7235,0
7236,0
7237,0
7238,0
7239,0
7240,0
7241,1
7242,2
7243,0
7244,1
7245,0
7246,1
7247,0
7248,0
7249,0
7250,2
7251,0
7252,0
7253,1
7254,1
7255,2
7256,0
7257,1
7258,0
7259,1
7260,0
7261,1
7262,0
7263,0
7264,1
7265,1
7266,0
7267,0
7268,1
7269,0
7270,1
7271,0
7272,1
7273,0
7274,0
7275,0
7276,1
7277,0
7278,0
7279,1
7280,0
7281,2
7282,0
7283,1
7284,0
7285,0
7286,0
7287,1
7288,1
7289,0
7290,1
7291,1
7292,1
7293,0
7294,0
7295,1
7296,0
7297,1
7298,0
7299,0
7300,2
7301,1
7302,0
7303,0
7304,1
7305,1
7306,1
7307,1
7308,0
7309,1
7310,1
7311,0
7312,0
7313,0
7314,0
7315,1
7316,0
7317,0
7318,1
7319,2
7320,0
7321,0
7322,1
7323,0
7324,0
7325,1
7326,0
7327,1
7328,0
7329,1
7330,1
7331,1
7332,0
7333,1
7334,1
7335,0
7336,1
7337,0
7338,0
7339,1
7340,1
7341,1
7342,0
7343,1
7344,0
7345,1
7346,0
7347,1
7348,0
7349,0
7350,1
7351,0
7352,0
7353,1
7354,0
7355,0
7356,0
7357,1
7358,1
7359,1
7360,0
7361,0
7362,0
7363,0
7364,0
7365,1
7366,0
7367,0
7368,1
7369,0
7370,0
7371,1
7372,1
7373,2
7374,0
7375,1
7376,0
7377,1
7378,0
7379,0
7380,1
7381,0
7382,1
7383,0
7384,2
7385,2
7386,0
7387,0
7388,1
7389,2
7390,1
7391,0
7392,1
7393,0
7394,2
7395,0
7396,1
7397,0
7398,1
7399,0
7400,1
7401,0
7402,0
7403,2
7404,0
7405,0
7406,1
7407,0
7408,0
7409,0
7410,0
7411,0
7412,0
7413,0
7414,1
7415,0
7416,0
7417,1
7418,0
7419,0
7420,1
7421,1
7422,0
7423,1
7424,0
7425,0
7426,0
7427,1
7428,0
7429,0
7430,0
7431,0
7432,0
7433,1
7434,1
7435,0
7436,0
7437,0
7438,0
7439,0
7440,0
7441,0
7442,0
7443,0
7444,1
7445,0
7446,0
7447,2
7448,0
7449,1
7450,1
7451,1
7452,0
7453,0
7454,1
7455,0
7456,0
7457,1
7458,0
7459,0
7460,0
7461,0
7462,0
7463,1
7464,0
7465,0
7466,0
7467,1
7468,1
7469,0
7470,1
7471,1
7472,0
7473,1
7474,1
7475,0
7476,0
7477,0
7478,0
7479,1
7480,0
7481,1
7482,0
7483,1
7484,0
7485,1
7486,1
7487,0
7488,2
7489,1
7490,0
7491,0
7492,1
7493,2
7494,1
7495,0
7496,0
7497,0
7498,1
7499,0
7500,1
7501,0
7502,0
7503,0
7504,0
7505,1
7506,0
7507,1
7508,1
7509,0
7510,1
7511,0
7512,0
7513,0
7514,1
7515,0
7516,2
7517,0
7518,1
7519,1
7520,1
7521,1
7522,1
7523,1
7524,0
7525,0
7526,1
7527,1
7528,1
7529,1
7530,0
7531,0
7532,1
7533,0
7534,1
7535,0
7536,0
7537,0
7538,0
7539,0
7540,1
7541,0
7542,0
7543,0
7544,0
7545,0
7546,0
7547,2
7548,0
7549,1
7550,0
7551,1
7552,0
7553,0
7554,0
7555,1
7556,0
7557,0
7558,1
7559,0
7560,1
7561,1
7562,1
7563,0
7564,2
7565,1
7566,1
7567,0
7568,1
7569,1
7570,1
7571,0
7572,1
7573,1
7574,0
7575,0
7576,2
7577,1
7578,0
7579,1
7580,0
7581,0
7582,0
7583,0
7584,1
7585,1
7586,0
7587,0
7588,1
7589,2
7590,0
7591,0
7592,0
7593,1
7594,1
7595,0
7596,1
7597,0
7598,0
7599,1
7600,0
7601,1
7602,0
7603,1
7604,2
7605,1
7606,1
7607,0
7608,0
7609,0
7610,0
7611,1
7612,1
7613,0
7614,0
7615,1
7616,0
7617,0
7618,1
7619,0
7620,0
7621,1
7622,0
7623,0
7624,0
7625,0
7626,0
7627,0
7628,0
7629,0
7630,0
7631,1
7632,1
7633,0
7634,1
7635,0
7636,1
7637,0
7638,0
7639,1
7640,1
7641,0
7642,0
7643,0
7644,1
7645,0
7646,0
7647,1
7648,1
7649,1
7650,1
7651,1
7652,2
7653,0
7654,0
7655,0
7656,1
7657,0
7658,0
7659,0
7660,1
7661,1
7662,1
7663,1
7664,2
7665,0
7666,1
7667,1
7668,1
7669,0
7670,2
7671,0
7672,0
7673,1
7674,0
7675,0
7676,1
7677,0
7678,0
7679,1
7680,1
7681,0
7682,1
7683,0
7684,0
7685,0
7686,0
7687,1
7688,1
7689,1
7690,0
7691,0
7692,0
7693,1
7694,1
7695,0
7696,0
7697,0
7698,1
7699,1
7700,2
7701,1
7702,0
7703,0
7704,1
7705,0
7706,1
7707,1
7708,0
7709,0
7710,1
7711,1
7712,1
7713,0
7714,1
7715,0
7716,0
7717,1
7718,0
7719,1
7720,0
7721,0
7722,2
7723,0
7724,0
7725,0
7726,0
7727,0
7728,0
7729,0
7730,0
7731,0
7732,0
7733,0
7734,2
7735,1
7736,2
7737,0
7738,2
7739,1
7740,0
7741,0
7742,0
7743,1
7744,1
7745,1
7746,0
7747,1
7748,1
7749,1
7750,1
7751,0
7752,1
7753,1
7754,1
7755,0
7756,0
7757,1
7758,0
7759,1
7760,0
7761,0
7762,0
7763,0
7764,0
7765,2
7766,1
7767,0
7768,1
7769,0
7770,1
7771,1
7772,0
7773,1
7774,0
7775,1
7776,1
7777,0
7778,0
7779,0
7780,1
7781,1
7782,0
7783,0
7784,0
7785,0
7786,0
7787,1
7788,0
7789,0
7790,0
7791,1
7792,0
7793,0
7794,1
7795,0
7796,0
7797,1
7798,0
7799,0
7800,0
7801,0
7802,0
7803,0
7804,2
7805,2
7806,1
7807,0
7808,0
7809,1
7810,1
7811,1
7812,1
7813,0
7814,0
7815,0
7816,1
7817,1
7818,0
7819,0
7820,2
7821,0
7822,0
7823,1
7824,0
7825,1
7826,0
7827,1
7828,0
7829,0
7830,0
7831,1
7832,2
7833,0
7834,0
7835,0
7836,0
7837,0
7838,1
7839,1
7840,1
7841,0
7842,1
7843,1
7844,0
7845,0
7846,0
7847,0
7848,1
7849,0
7850,0
7851,0
7852,2
7853,1
7854,0
7855,1
7856,1
7857,1
7858,2
7859,0
7860,1
7861,0
7862,1
7863,1
7864,0
7865,0
7866,0
7867,1
7868,0
7869,1
7870,0
7871,1
7872,1
7873,1
7874,1
7875,1
7876,0
7877,0
7878,0
7879,0
7880,1
7881,0
7882,1
7883,0
7884,0
7885,0
7886,0
7887,0
7888,1
7889,1
7890,0
7891,0
7892,1
7893,1
7894,1
7895,0
7896,0
7897,0
7898,0
7899,1
7900,0
7901,1
7902,1
7903,1
7904,0
7905,0
7906,0
7907,0
7908,1
7909,1
7910,0
7911,0
7912,1
7913,1
7914,0
7915,0
7916,0
7917,0
7918,0
7919,0
7920,1
7921,0
7922,0
7923,1
7924,0
7925,1
7926,2
7927,1
7928,0
7929,1
7930,1
7931,1
7932,1
7933,0
7934,0
7935,1
7936,1
7937,0
7938,0
7939,0
7940,1
7941,1
7942,1
7943,0
7944,0
7945,0
7946,0
7947,1
7948,1
7949,0
7950,2
7951,0
7952,0
7953,1
7954,0
7955,0
7956,1
7957,0
7958,0
7959,0
7960,0
7961,1
7962,1
7963,0
7964,0
7965,0
7966,0
7967,0
7968,0
7969,0
7970,1
7971,1
7972,0
7973,0
7974,0
7975,1
7976,0
7977,0
7978,0
7979,1
7980,0
7981,1
7982,0
7983,1
7984,1
7985,0
7986,0
7987,0
7988,1
7989,1
7990,1
7991,0
7992,0
7993,0
7994,2
7995,0
7996,0
7997,1
7998,0
7999,0
8000,0
8001,0
8002,0
8003,0
8004,0
8005,1
8006,0
8007,2
8008,0
8009,0
8010,0
8011,0
8012,1
8013,0
8014,0
8015,1
8016,0
8017,0
8018,1
8019,0
8020,1
8021,0
8022,0
8023,2
8024,0
8025,0
8026,1
8027,0
8028,0
8029,1
8030,0
8031,0
8032,1
8033,0
8034,2
8035,1
8036,0
8037,1
8038,0
8039,1
8040,0
8041,0
8042,0
8043,1
8044,0
8045,0
8046,0
8047,0
8048,0
8049,0
8050,1
8051,1
8052,1
8053,1
8054,0
8055,0
8056,0
8057,1
8058,0
8059,0
8060,0
8061,1
8062,1
8063,0
8064,1
8065,0
8066,1
8067,0
8068,1
8069,1
8070,0
8071,0
8072,0
8073,0
8074,0
8075,1
8076,0
8077,2
8078,0
8079,1
8080,0
8081,1
8082,1
8083,1
8084,0
8085,1
8086,0
8087,0
8088,0
8089,0
8090,1
8091,0
8092,1
8093,1
8094,0
8095,0
8096,0
8097,0
8098,0
8099,1
8100,1
8101,0
8102,0
8103,1
8104,0
8105,1
8106,1
8107,0
8108,0
8109,1
8110,1
8111,1
8112,1
8113,1
8114,1
8115,1
8116,0
8117,0
8118,0
8119,0
8120,1
8121,0
8122,0
8123,1
8124,0
8125,0
8126,1
8127,0
8128,1
8129,0
8130,2
8131,1
8132,0
8133,0
8134,0
8135,0
8136,0
8137,0
8138,0
8139,0
8140,0
8141,2
8142,1
8143,0
8144,0
8145,1
8146,1
8147,1
8148,1
8149,2
8150,0
8151,0
8152,0
8153,0
8154,0
8155,0
8156,0
8157,1
8158,0
8159,1
8160,0
8161,1
8162,1
8163,0
8164,1
8165,0
8166,1
8167,0
8168,1
8169,0
8170,0
8171,0
8172,1
8173,1
8174,0
8175,2
8176,1
8177,0
8178,0
8179,0
8180,0
8181,1
8182,0
8183,0
8184,1
8185,0
8186,0
8187,0
8188,1
8189,0
8190,0
8191,0
8192,0
8193,0
8194,0
8195,1
8196,0
8197,0
8198,1
8199,1
8200,0
8201,0
8202,2
8203,1
8204,1
8205,1
8206,1
8207,0
8208,0
8209,1
8210,0
8211,2
8212,0
8213,0
8214,1
8215,0
8216,1
8217,1
8218,1
8219,1
8220,0
8221,1
8222,0
8223,0
8224,0
8225,1
8226,1
8227,0
8228,0
8229,0
8230,1
8231,2
8232,0
8233,1
8234,0
8235,0
8236,0
8237,0
8238,0
8239,1
8240,1
8241,1
8242,0
8243,0
8244,1
8245,0
8246,0
8247,0
8248,0
8249,0
8250,0
8251,2
8252,0
8253,2
8254,1
8255,0
8256,0
8257,0
8258,1
8259,0
8260,0
8261,0
8262,1
8263,1
8264,1
8265,1
8266,0
8267,0
8268,1
8269,1
8270,1
8271,2
8272,1
8273,1
8274,1
8275,0
8276,0
8277,0
8278,0
8279,0
8280,0
8281,1
8282,0
8283,0
8284,0
8285,1
8286,0
8287,0
8288,1
8289,0
8290,1
8291,0
8292,1
8293,1
8294,0
8295,0
8296,1
8297,2
8298,0
8299,1
8300,0
8301,0
8302,1
8303,1
8304,0
8305,0
8306,0
8307,0
8308,0
8309,0
8310,1
8311,0
8312,0
8313,0
8314,0
8315,1
8316,0
8317,0
8318,0
8319,0
8320,1
8321,1
8322,1
8323,0
8324,0
8325,0
8326,0
8327,0
8328,0
8329,1
8330,0
8331,1
8332,0
8333,0
8334,2
8335,1
8336,0
8337,1
8338,0
8339,0
8340,1
8341,1
8342,0
8343,1
8344,1
8345,0
8346,0
8347,1
8348,0
8349,0
8350,0
8351,0
8352,0
8353,0
8354,1
8355,1
8356,1
8357,0
8358,0
8359,2
8360,0
8361,1
8362,2
8363,0
8364,0
8365,1
8366,1
8367,1
8368,0
8369,0
8370,0
8371,0
8372,0
8373,0
8374,1
8375,0
8376,0
8377,0
8378,0
8379,0
8380,0
8381,0
8382,1
8383,0
8384,0
8385,0
8386,0
8387,1
8388,0
8389,0
8390,1
8391,1
8392,1
8393,1
8394,1
8395,0
8396,0
8397,1
8398,0
8399,0
8400,0
8401,1
8402,0
8403,0
8404,0
8405,0
8406,0
8407,1
8408,2
8409,0
8410,0
8411,0
8412,0
8413,1
8414,0
8415,0
8416,0
8417,1
8418,0
8419,1
8420,1
8421,1
8422,1
8423,1
8424,0
8425,0
8426,0
8427,0
8428,1
8429,0
8430,0
8431,0
8432,1
8433,0
8434,0
8435,1
8436,1
8437,0
8438,1
8439,0
8440,1
8441,0
8442,0
8443,1
8444,0
8445,0
8446,0
8447,0
8448,0
8449,1
8450,0
8451,0
8452,0
8453,1
8454,0
8455,0
8456,0
8457,0
8458,0
8459,0
8460,0
8461,0
8462,0
8463,1
8464,2
8465,0
8466,0
8467,1
8468,2
8469,0
8470,0
8471,1
8472,0
8473,0
8474,1
8475,0
8476,1
8477,1
8478,1
8479,0
8480,0
8481,1
8482,0
8483,0
8484,0
8485,1
8486,1
8487,0
8488,0
8489,0
8490,0
8491,0
8492,1
8493,2
8494,0
8495,0
8496,1
8497,0
8498,0
8499,0
8500,2
8501,2
8502,1
8503,1
8504,0
8505,0
8506,2
8507,1
8508,0
8509,0
8510,0
8511,1
8512,0
8513,0
8514,0
8515,0
8516,0
8517,1
8518,1
8519,1
8520,1
8521,0
8522,0
8523,0
8524,1
8525,1
8526,0
8527,0
8528,1
8529,0
8530,1
8531,0
8532,0
8533,2
8534,1
8535,1
8536,0
8537,2
8538,1
8539,0
8540,0
8541,1
8542,0
8543,0
8544,0
8545,1
8546,0
8547,1
8548,2
8549,0
8550,0
8551,1
8552,0
8553,0
8554,0
8555,1
8556,1
8557,0
8558,1
8559,1
8560,0
8561,0
8562,2
8563,0
8564,0
8565,0
8566,1
8567,1
8568,0
8569,0
8570,1
8571,0
8572,0
8573,0
8574,0
8575,0
8576,1
8577,0
8578,0
8579,0
8580,1
8581,1
8582,0
8583,2
8584,0
8585,1
8586,0
8587,0
8588,0
8589,0
8590,1
8591,1
8592,0
8593,0
8594,0
8595,0
8596,1
8597,0
8598,0
8599,1
8600,1
8601,0
8602,0
8603,1
8604,0
8605,0
8606,0
8607,0
8608,0
8609,0
8610,1
8611,1
8612,0
8613,0
8614,1
8615,0
8616,2
8617,0
8618,0
8619,1
8620,1
8621,1
8622,1
8623,0
8624,1
8625,0
8626,1
8627,0
8628,0
8629,0
8630,0
8631,1
8632,0
8633,0
8634,1
8635,0
8636,0
8637,0
8638,1
8639,1
8640,0
8641,1
8642,1
8643,1
8644,1
8645,0
8646,1
8647,1
8648,0
8649,1
8650,0
8651,0
8652,1
8653,1
8654,0
8655,1
8656,0
8657,0
8658,1
8659,1
8660,1
8661,2
8662,0
8663,0
8664,0
8665,1
8666,0
8667,0
8668,0
8669,0
8670,0
8671,0
8672,1
8673,0
8674,0
8675,0
8676,1
8677,0
8678,0
8679,1
8680,1
8681,2
8682,0
8683,0
8684,1
8685,0
8686,0
8687,1
8688,0
8689,0
8690,0
8691,0
8692,0
8693,1
8694,1
8695,0
8696,1
8697,1
8698,1
8699,1
8700,0
8701,1
8702,0
8703,1
8704,0
8705,0
8706,1
8707,0
8708,1
8709,0
8710,0
8711,1
8712,0
8713,0
8714,0
8715,0
8716,2
8717,0
8718,1
8719,1
8720,0
8721,1
8722,0
8723,1
8724,0
8725,1
8726,0
8727,1
8728,0
8729,0
8730,0
8731,1
8732,0
8733,0
8734,1
8735,1
8736,0
8737,0
8738,0
8739,1
8740,1
8741,2
8742,1
8743,1
8744,1
8745,2
8746,2
8747,2
8748,1
8749,1
8750,0
8751,1
8752,0
8753,0
8754,0
8755,0
8756,0
8757,1
8758,1
8759,0
8760,0
8761,1
8762,1
8763,0
8764,0
8765,0
8766,0
8767,1
8768,0
8769,1
8770,0
8771,0
8772,1
8773,0
8774,1
8775,0
8776,0
8777,2
8778,0
8779,2
8780,0
8781,0
8782,0
8783,1
8784,1
8785,1
8786,1
8787,1
8788,1
8789,1
8790,0
8791,2
8792,1
8793,0
8794,0
8795,0
8796,1
8797,0
8798,2
8799,1
8800,2
8801,1
8802,0
8803,1
8804,0
8805,1
8806,1
8807,0
8808,1
8809,2
8810,0
8811,0
8812,0
8813,0
8814,0
8815,0
8816,0
8817,1
8818,0
8819,0
8820,0
8821,1
8822,0
8823,1
8824,0
8825,0
8826,0
8827,1
8828,0
8829,1
8830,1
8831,1
8832,0
8833,0
8834,0
8835,0
8836,1
8837,0
8838,1
8839,0
8840,1
8841,1
8842,1
8843,0
8844,0
8845,1
8846,1
8847,0
8848,0
8849,0
8850,2
8851,0
8852,0
8853,1
8854,0
8855,1
8856,0
8857,0
8858,1
8859,0
8860,0
8861,0
8862,1
8863,1
8864,0
8865,1
8866,1
8867,1
8868,0
8869,1
8870,0
8871,0
8872,0
8873,0
8874,0
8875,0
8876,1
8877,1
8878,0
8879,1
8880,0
8881,2
8882,1
8883,0
8884,0
8885,0
8886,0
8887,2
8888,0
8889,1
8890,0
8891,1
8892,0
8893,1
8894,0
8895,1
8896,0
8897,0
8898,1
8899,0
8900,1
8901,0
8902,1
8903,0
8904,1
8905,2
8906,0
8907,1
8908,1
8909,1
8910,1
8911,0
8912,0
8913,1
8914,0
8915,1
8916,1
8917,0
8918,0
8919,0
8920,0
8921,1
8922,0
8923,0
8924,0
8925,0
8926,0
8927,0
8928,0
8929,1
8930,1
8931,1
8932,0
8933,2
8934,0
8935,0
8936,0
8937,1
8938,1
8939,1
8940,1
8941,0
8942,0
8943,0
8944,0
8945,1
8946,0
8947,1
8948,0
8949,0
8950,2
8951,0
8952,1
8953,0
8954,0
8955,0
8956,1
8957,0
8958,1
8959,1
8960,0
8961,0
8962,1
8963,1
8964,1
8965,0
8966,1
8967,0
8968,2
8969,1
8970,0
8971,1
8972,0
8973,0
8974,0
8975,1
8976,0
8977,0
8978,1
8979,1
8980,0
8981,0
8982,1
8983,1
8984,0
8985,0
8986,1
8987,1
8988,1
8989,0
8990,0
8991,0
8992,1
8993,1
8994,0
8995,0
8996,1
8997,0
8998,2
8999,1
9000,1
9001,1
9002,0
9003,1
9004,0
9005,0
9006,0
9007,0
9008,1
9009,2
9010,1
9011,0
9012,0
9013,0
9014,0
9015,1
9016,1
9017,1
9018,0
9019,1
9020,1
9021,0
9022,1
9023,1
9024,0
9025,1
9026,0
9027,1
9028,0
9029,0
9030,1
9031,0
9032,0
9033,0
9034,1
9035,0
9036,0
9037,0
9038,0
9039,0
9040,0
9041,0
9042,1
9043,0
9044,1
9045,1
9046,0
9047,0
9048,1
9049,1
9050,1
9051,0
9052,1
9053,0
9054,0
9055,0
9056,1
9057,0
9058,0
9059,1
9060,0
9061,0
9062,1
9063,1
9064,0
9065,0
9066,1
9067,2
9068,1
9069,1
9070,0
9071,1
9072,2
9073,0
9074,0
9075,1
9076,0
9077,0
9078,0
9079,0
9080,0
9081,0
9082,0
9083,0
9084,1
9085,0
9086,0
9087,1
9088,0
9089,0
9090,2
9091,2
9092,0
9093,0
9094,0
9095,0
9096,0
9097,0
9098,0
9099,0
9100,0
9101,0
9102,0
9103,1
9104,1
9105,0
9106,0
9107,0
9108,1
9109,0
9110,1
9111,0
9112,0
9113,0
9114,1
9115,1
9116,0
9117,1
9118,0
9119,1
9120,1
9121,1
9122,0
9123,1
9124,0
9125,0
9126,1
9127,2
9128,1
9129,0
9130,0
9131,0
9132,0
9133,1
9134,0
9135,0
9136,1
9137,1
9138,0
9139,0
9140,1
9141,0
9142,0
9143,1
9144,1
9145,1
9146,0
9147,1
9148,2
9149,0
9150,1
9151,0
9152,1
9153,0
9154,0
9155,1
9156,1
9157,1
9158,1
9159,0
9160,0
9161,1
9162,0
9163,0
9164,1
9165,1
9166,2
9167,1
9168,0
9169,1
9170,1
9171,0
9172,0
9173,0
9174,0
9175,1
9176,1
9177,0
9178,1
9179,1
9180,1
9181,0
9182,0
9183,0
9184,1
9185,1
9186,0
9187,0
9188,0
9189,1
9190,1
9191,0
9192,0
9193,0
9194,0
9195,1
9196,0
9197,1
9198,1
9199,0
9200,1
9201,0
9202,1
9203,0
9204,1
9205,1
9206,1
9207,1
9208,0
9209,1
9210,0
9211,0
9212,0
9213,0
9214,1
9215,0
9216,0
9217,1
9218,1
9219,0
9220,0
9221,1
9222,0
9223,0
9224,0
9225,0
9226,1
9227,0
9228,0
9229,0
9230,2
9231,0
9232,0
9233,1
9234,1
9235,1
9236,0
9237,1
9238,0
9239,1
9240,0
9241,1
9242,0
9243,0
9244,1
9245,1
9246,0
9247,0
9248,1
9249,0
9250,0
9251,0
9252,1
9253,1
9254,1
9255,1
9256,1
9257,0
9258,0
9259,1
9260,1
9261,0
9262,0
9263,2
9264,1
9265,0
9266,0
9267,0
9268,0
9269,1
9270,0
9271,0
9272,1
9273,0
9274,0
9275,0
9276,0
9277,1
9278,0
9279,0
9280,1
9281,0
9282,1
9283,1
9284,1
9285,0
9286,0
9287,0
9288,1
9289,2
9290,1
9291,1
9292,1
9293,1
9294,0
9295,1
9296,0
9297,1
9298,0
9299,0
9300,0
9301,1
9302,0
9303,1
9304,2
9305,1
9306,1
9307,0
9308,1
9309,0
9310,0
9311,0
9312,0
9313,1
9314,0
9315,0
9316,1
9317,0
9318,0
9319,0
9320,0
9321,0
9322,1
9323,2
9324,1
9325,0
9326,1
9327,1
9328,0
9329,0
9330,2
9331,0
9332,0
9333,0
9334,0
9335,0
9336,0
9337,0
9338,0
9339,1
9340,1
9341,1
9342,0
9343,1
9344,0
9345,0
9346,1
9347,0
9348,0
9349,1
9350,1
9351,0
9352,1
9353,2
9354,0
9355,2
9356,0
9357,1
9358,0
9359,0
9360,1
9361,1
9362,1
9363,1
9364,1
9365,1
9366,1
9367,0
9368,1
9369,0
9370,1
9371,1
9372,0
9373,1
9374,0
9375,0
9376,1
9377,0
9378,1
9379,0
9380,0
9381,1
9382,0
9383,0
9384,0
9385,1
9386,0
9387,0
9388,0
9389,1
9390,0
9391,0
9392,1
9393,0
9394,0
9395,0
9396,2
9397,1
9398,1
9399,2
9400,1
9401,0
9402,0
9403,0
9404,0
9405,0
9406,1
9407,0
9408,1
9409,1
9410,2
9411,1
9412,0
9413,1
9414,0
9415,0
9416,0
9417,1
9418,1
9419,2
9420,1
9421,0
9422,0
9423,0
9424,1
9425,0
9426,0
9427,1
9428,0
9429,1
9430,1
9431,0
9432,0
9433,1
9434,1
9435,0
9436,0
9437,0
9438,1
9439,0
9440,0
9441,0
9442,1
9443,0
9444,0
9445,1
9446,1
9447,1
9448,0
9449,1
9450,0
9451,0
9452,1
9453,0
9454,0
9455,0
9456,0
9457,0
9458,1
9459,0
9460,1
9461,0
9462,0
9463,0
9464,1
9465,0
9466,1
9467,0
9468,0
9469,1
9470,1
9471,1
9472,0
9473,1
9474,2
9475,0
9476,1
9477,0
9478,1
9479,0
9480,1
9481,0
9482,0
9483,1
9484,1
9485,2
9486,0
9487,1
9488,1
9489,0
9490,1
9491,0
9492,1
9493,0
9494,0
9495,0
9496,0
9497,0
9498,0
9499,2
9500,0
9501,0
9502,0
9503,1
9504,0
9505,0
9506,1
9507,1
9508,0
9509,1
9510,0
9511,0
9512,0
9513,0
9514,1
9515,0
9516,1
9517,0
9518,0
9519,0
9520,1
9521,0
9522,0
9523,0
9524,1
9525,1
9526,1
9527,1
9528,1
9529,1
9530,0
9531,0
9532,0
9533,0
9534,1
9535,0
9536,0
9537,0
9538,0
9539,1
9540,1
9541,0
9542,1
9543,1
9544,0
9545,0
9546,0
9547,1
9548,0
9549,1
9550,1
9551,1
9552,1
9553,1
9554,1
9555,0
9556,0
9557,0
9558,0
9559,0
9560,0
9561,1
9562,1
9563,0
9564,0
9565,1
9566,0
9567,0
9568,0
9569,1
9570,0
9571,0
9572,2
9573,1
9574,2
9575,0
9576,0
9577,0
9578,2
9579,1
9580,1
9581,0
9582,1
9583,0
9584,0
9585,1
9586,1
9587,1
9588,0
9589,1
9590,1
9591,0
9592,0
9593,1
9594,0
9595,1
9596,1
9597,1
9598,0
9599,1
9600,0
9601,1
9602,0
9603,1
9604,0
9605,0
9606,1
9607,0
9608,1
9609,1
9610,1
9611,1
9612,1
9613,0
9614,1
9615,0
9616,1
9617,0
9618,1
9619,0
9620,0
9621,1
9622,1
9623,0
9624,0
9625,1
9626,0
9627,1
9628,1
9629,0
9630,0
9631,0
9632,1
9633,0
9634,0
9635,0
9636,0
9637,2
9638,0
9639,1
9640,0
9641,0
9642,2
9643,0
9644,1
9645,0
9646,0
9647,0
9648,1
9649,0
9650,0
9651,1
9652,0
9653,0
9654,1
9655,0
9656,1
9657,0
9658,0
9659,0
9660,1
9661,0
9662,0
9663,1
9664,1
9665,0
9666,0
9667,1
9668,2
9669,0
9670,1
9671,1
9672,1
9673,0
9674,0
9675,1
9676,0
9677,1
9678,0
9679,0
9680,1
9681,0
9682,0
9683,1
9684,1
9685,0
9686,0
9687,1
9688,0
9689,0
9690,0
9691,0
9692,0
9693,1
9694,1
9695,0
9696,0
9697,0
9698,0
9699,0
9700,1
9701,0
9702,0
9703,0
9704,0
9705,1
9706,1
9707,0
9708,0
9709,0
9710,0
9711,0
9712,0
9713,2
9714,1
9715,0
9716,1
9717,0
9718,1
9719,1
9720,2
9721,0
9722,0
9723,0
9724,1
9725,0
9726,0
9727,0
9728,0
9729,0
9730,1
9731,0
9732,0
9733,0
9734,0
9735,0
9736,1
9737,0
9738,1
9739,0
9740,1
9741,1
9742,0
9743,1
9744,1
9745,0
9746,2
9747,2
9748,1
9749,1
9750,0
9751,1
9752,0
9753,1
9754,1
9755,0
9756,2
9757,0
9758,1
9759,0
9760,1
9761,0
9762,0
9763,1
9764,0
9765,1
9766,1
9767,0
9768,0
9769,1
9770,0
9771,0
9772,0
9773,1
9774,1
9775,0
9776,0
9777,1
9778,1
9779,0
9780,1
9781,2
9782,0
9783,0
9784,1
9785,0
9786,0
9787,2
9788,1
9789,0
9790,0
9791,0
9792,1
9793,1
9794,0
9795,1
9796,1
9797,2
9798,1
9799,2
9800,0
9801,0
9802,0
9803,1
9804,0
9805,0
9806,0
9807,2
9808,0
9809,0
9810,1
9811,1
9812,1
9813,1
9814,0
9815,2
9816,1
9817,1
9818,0
9819,0
9820,1
9821,1
9822,0
9823,0
9824,0
9825,0
9826,0
9827,0
9828,1
9829,1
9830,1
9831,1
9832,0
9833,1
9834,0
9835,1
9836,1
9837,0
9838,0
9839,1
9840,0
9841,0
9842,0
9843,0
9844,1
9845,1
9846,1
9847,0
9848,1
9849,0
9850,0
9851,1
9852,0
9853,1
9854,0
9855,0
9856,1
9857,2
9858,0
9859,0
9860,1
9861,0
9862,1
9863,1
9864,1
9865,1
9866,1
9867,0
9868,1
9869,1
9870,1
9871,0
9872,0
9873,1
9874,0
9875,0
9876,0
9877,1
9878,0
9879,1
9880,0
9881,1
9882,0
9883,1
9884,1
9885,0
9886,1
9887,0
9888,0
9889,1
9890,1
9891,1
9892,0
9893,1
9894,1
9895,1
9896,1
9897,1
9898,1
9899,0
9900,1
9901,0
9902,0
9903,0
9904,1
9905,0
9906,0
9907,1
9908,1
9909,0
9910,0
9911,1
9912,0
9913,1
9914,0
9915,1
9916,1
9917,0
9918,0
9919,1
9920,0
9921,0
9922,1
9923,0
9924,1
9925,0
9926,1
9927,1
9928,0
9929,0
9930,0
9931,0
9932,1
9933,0
9934,1
9935,1
9936,0
9937,1
9938,0
9939,1
9940,0
9941,0
9942,1
9943,0
9944,1
9945,1
9946,1
9947,1
9948,1
9949,0
9950,2
9951,1
9952,0
9953,0
9954,0
9955,0
9956,0
9957,1
9958,0
9959,1
9960,1
9961,0
9962,0
9963,1
9964,0
9965,0
9966,0
9967,0
9968,1
9969,1
9970,0
9971,1
9972,0
9973,0
9974,1
9975,0
9976,1
9977,0
9978,1
9979,0
9980,1
9981,0
9982,0
9983,0
9984,0
9985,1
9986,0
9987,0
9988,1
9989,0
9990,1
9991,0
9992,1
9993,0
9994,1
9995,1
9996,1
9997,0
9998,1
9999,1
10000,0
10001,1
10002,0
10003,0
10004,1
10005,0
10006,0
10007,0
10008,1
10009,1
10010,0
10011,0
10012,1
10013,0
10014,0
10015,0
10016,0
10017,1
10018,0
10019,0
10020,0
10021,0
10022,0
10023,0
10024,1
10025,0
10026,0
10027,1
10028,0
10029,2
10030,1
10031,0
10032,0
10033,0
10034,1
10035,1
10036,1
10037,1
10038,0
10039,1
10040,1
10041,1
10042,2
10043,1
10044,0
10045,1
10046,0
10047,0
10048,1
10049,0
10050,0
10051,1
10052,0
10053,1
10054,0
10055,1
10056,0
10057,1
10058,1
10059,0
10060,0
10061,1
10062,0
10063,0
10064,0
10065,0
10066,0
10067,0
10068,0
10069,0
10070,2
10071,0
10072,0
10073,0
10074,0
10075,0
10076,0
10077,0
10078,1
10079,1
10080,0
10081,1
10082,0
10083,1
10084,0
10085,1
10086,0
10087,0
10088,0
10089,1
10090,0
10091,1
10092,1
10093,1
10094,0
10095,1
10096,2
10097,0
10098,0
10099,0
10100,0
10101,0
10102,1
10103,0
10104,0
10105,1
10106,0
10107,0
10108,0
10109,1
10110,0
10111,1
10112,1
10113,0
10114,0
10115,0
10116,1
10117,1
10118,0
10119,0
10120,0
10121,1
10122,1
10123,0
10124,0
10125,1
10126,0
10127,0
10128,1
10129,0
10130,0
10131,1
10132,0
10133,0
10134,1
10135,1
10136,0
10137,1
10138,1
10139,0
10140,0
10141,1
10142,0
10143,0
10144,0
10145,0
10146,0
10147,2
10148,1
10149,0
10150,0
10151,0
10152,0
10153,0
10154,2
10155,1
10156,0
10157,1
10158,1
10159,1
10160,2
10161,0
10162,0
10163,1
10164,1
10165,0
10166,0
10167,1
10168,1
10169,0
10170,1
10171,1
10172,0
10173,0
10174,0
10175,0
10176,0
10177,0
10178,1
10179,1
10180,0
10181,0
10182,1
10183,0
10184,0
10185,1
10186,0
10187,1
10188,1
10189,0
10190,0
10191,0
10192,0
10193,0
10194,0
10195,0
10196,1
10197,1
10198,0
10199,0
10200,1
10201,0
10202,0
10203,1
10204,0
10205,1
10206,1
10207,1
10208,1
10209,1
10210,0
10211,1
10212,1
10213,1
10214,0
10215,0
10216,1
10217,0
10218,0
10219,1
10220,1
10221,0
10222,0
10223,0
10224,0
10225,0
10226,0
10227,0
10228,1
10229,1
10230,1
10231,1
10232,0
10233,0
10234,1
10235,0
10236,0
10237,0
10238,0
10239,0
10240,0
10241,1
10242,1
10243,1
10244,0
10245,1
10246,1
10247,1
10248,0
10249,0
10250,0
10251,1
10252,1
10253,1
10254,2
10255,0
10256,1
10257,1
10258,1
10259,1
10260,0
10261,1
10262,1
10263,1
10264,1
10265,0
10266,1
10267,0
10268,0
10269,0
10270,1
10271,2
10272,1
10273,2
10274,0
10275,2
10276,0
10277,0
10278,0
10279,0
10280,1
10281,1
10282,1
10283,0
10284,1
10285,0
10286,1
10287,2
10288,1
10289,0
10290,1
10291,0
10292,0
10293,1
10294,1
10295,1
10296,1
10297,0
10298,0
10299,1
10300,0
10301,2
10302,1
10303,0
10304,2
10305,1
10306,0
10307,1
10308,1
10309,0
10310,1
10311,1
10312,1
10313,0
10314,0
10315,1
10316,1
10317,0
10318,1
10319,1
10320,0
10321,0
10322,1
10323,0
10324,1
10325,0
10326,0
10327,0
10328,1
10329,0
10330,0
10331,0
10332,1
10333,0
10334,0
10335,0
10336,0
10337,1
10338,0
10339,1
10340,1
10341,1
10342,0
10343,0
10344,0
10345,1
10346,1
10347,1
10348,0
10349,1
10350,1
10351,0
10352,0
10353,0
10354,1
10355,2
10356,0
10357,1
10358,0
10359,0
10360,0
10361,0
10362,1
10363,0
10364,0
10365,1
10366,1
10367,0
10368,1
10369,0
10370,1
10371,1
10372,0
10373,0
10374,0
10375,0
10376,2
10377,0
10378,0
10379,0
10380,0
10381,1
10382,0
10383,1
10384,0
10385,0
10386,0
10387,0
10388,1
10389,0
10390,0
10391,0
10392,1
10393,0
10394,0
10395,1
10396,0
10397,1
10398,1
10399,0
10400,0
10401,0
10402,0
10403,0
10404,0
10405,0
10406,1
10407,0
10408,0
10409,0
10410,0
10411,0
10412,1
10413,0
10414,0
10415,0
10416,2
10417,0
10418,0
10419,0
10420,0
10421,0
10422,0
10423,0
10424,1
10425,0
10426,0
10427,1
10428,1
10429,1
10430,1
10431,0
10432,0
10433,1
10434,0
10435,2
10436,1
10437,1
10438,0
10439,2
10440,1
10441,1
10442,1
10443,0
10444,0
10445,0
10446,2
10447,2
10448,0
10449,0
10450,1
10451,0
10452,0
10453,0
10454,1
10455,0
10456,0
10457,1
10458,1
10459,1
10460,0
10461,1
10462,1
10463,0
10464,0
10465,1
10466,0
10467,0
10468,0
10469,0
10470,0
10471,0
10472,0
10473,0
10474,0
10475,1
10476,0
10477,0
10478,0
10479,0
10480,1
10481,1
10482,0
10483,0
10484,0
10485,1
10486,0
10487,0
10488,1
10489,2
10490,0
10491,0
10492,1
10493,1
10494,0
10495,1
10496,0
10497,0
10498,1
10499,1
10500,0
10501,1
10502,0
10503,0
10504,0
10505,1
10506,1
10507,0
10508,1
10509,0
10510,0
10511,1
10512,0
10513,0
10514,1
10515,0
10516,0
10517,0
10518,0
10519,0
10520,1
10521,0
10522,0
10523,0
10524,1
10525,1
10526,1
10527,0
10528,0
10529,0
10530,1
10531,0
10532,0
10533,1
10534,1
10535,0
10536,1
10537,0
10538,1
10539,0
10540,0
10541,0
10542,0
10543,2
10544,0
10545,0
10546,0
10547,0
10548,1
10549,1
10550,2
10551,1
10552,1
10553,0
10554,0
10555,1
10556,1
10557,1
10558,0
10559,0
10560,0
10561,0
10562,0
10563,1
10564,2
10565,2
10566,1
10567,0
10568,0
10569,1
10570,1
10571,0
10572,0
10573,0
10574,0
10575,1
10576,0
10577,0
10578,1
10579,0
10580,0
10581,0
10582,1
10583,0
10584,1
10585,0
10586,0
10587,1
10588,1
10589,0
10590,0
10591,1
10592,0
10593,1
10594,0
10595,1
10596,1
10597,0
10598,0
10599,1
10600,0
10601,0
10602,1
10603,0
10604,0
10605,1
10606,0
10607,1
10608,0
10609,0
10610,1
10611,1
10612,1
10613,1
10614,1
10615,0
10616,0
10617,0
10618,1
10619,0
10620,0
10621,1
10622,2
10623,0
10624,1
10625,0
10626,0
10627,1
10628,0
10629,0
10630,2
10631,0
10632,1
10633,1
10634,1
10635,1
10636,0
10637,0
10638,0
10639,1
10640,1
10641,1
10642,0
10643,0
10644,1
10645,1
10646,1
10647,0
10648,1
10649,1
10650,1
10651,1
10652,0
10653,2
10654,0
10655,2
10656,1
10657,0
10658,1
10659,1
10660,0
10661,2
10662,0
10663,1
10664,0
10665,0
10666,0
10667,1
10668,0
10669,0
10670,0
10671,0
10672,1
10673,0
10674,1
10675,1
10676,1
10677,0
10678,0
10679,0
10680,0
10681,1
10682,1
10683,1
10684,0
10685,1
10686,2
10687,1
10688,0
10689,0
10690,0
10691,1
10692,0
10693,1
10694,0
10695,0
10696,0
10697,0
10698,0
10699,1
10700,0
10701,0
10702,0
10703,0
10704,0
10705,1
10706,0
10707,0
10708,0
10709,1
10710,0
10711,1
10712,1
10713,0
10714,0
10715,1
10716,1
10717,0
10718,1
10719,0
10720,0
10721,1
10722,1
10723,0
10724,2
10725,0
10726,0
10727,0
10728,0
10729,0
10730,0
10731,0
10732,1
10733,0
10734,0
10735,0
10736,0
10737,1
10738,0
10739,0
10740,1
10741,0
10742,1
10743,1
10744,0
10745,0
10746,0
10747,0
10748,1
10749,1
10750,1
10751,0
10752,1
10753,0
10754,0
10755,1
10756,1
10757,1
10758,1
10759,1
10760,0
10761,1
10762,0
10763,1
10764,1
10765,0
10766,0
10767,1
10768,1
10769,1
10770,0
10771,1
10772,0
10773,0
10774,0
10775,0
10776,0
10777,1
10778,2
10779,0
10780,1
10781,0
10782,0
10783,0
10784,0
10785,0
10786,1
10787,0
10788,0
10789,1
10790,0
10791,0
10792,1
10793,2
10794,0
10795,0
10796,0
10797,0
10798,0
10799,1
10800,0
10801,0
10802,0
10803,1
10804,1
10805,0
10806,2
10807,0
10808,0
10809,0
10810,1
10811,0
10812,0
10813,0
10814,0
10815,1
10816,2
10817,2
10818,1
10819,0
10820,1
10821,1
10822,1
10823,1
10824,0
10825,1
10826,1
10827,0
10828,0
10829,1
10830,0
10831,1
10832,1
10833,0
10834,1
10835,0
10836,0
10837,0
10838,1
10839,1
10840,0
10841,1
10842,0
10843,1
10844,0
10845,0
10846,1
10847,0
10848,0
10849,1
10850,0
10851,1
10852,1
10853,0
10854,0
10855,0
10856,0
10857,1
10858,1
10859,2
10860,0
10861,0
10862,0
10863,0
10864,1
10865,1
10866,0
10867,1
10868,1
10869,0
10870,1
10871,0
10872,1
10873,0
10874,1
10875,0
10876,1
10877,0
10878,0
10879,0
10880,1
10881,0
10882,0
10883,0
10884,0
10885,0
10886,1
10887,0
10888,0
10889,0
10890,1
10891,1
10892,0
10893,1
10894,1
10895,1
10896,0
10897,0
10898,0
10899,1
10900,0
10901,1
10902,1
10903,0
10904,1
10905,0
10906,0
10907,1
10908,0
10909,1
10910,1
10911,1
10912,0
10913,0
10914,0
10915,0
10916,0
10917,0
10918,0
10919,0
10920,0
10921,1
10922,0
10923,1
10924,0
10925,1
10926,1
10927,0
10928,0
10929,0
10930,0
10931,1
10932,1
10933,0
10934,0
10935,1
10936,0
10937,0
10938,0
10939,1
10940,1
10941,0
10942,1
10943,1
10944,0
10945,0
10946,2
10947,0
10948,0
10949,0
10950,1
10951,0
10952,0
10953,0
10954,0
10955,0
10956,2
10957,0
10958,2
10959,0
10960,1
10961,2
10962,0
10963,1
10964,0
10965,1
10966,2
10967,2
10968,0
10969,1
10970,1
10971,0
10972,0
10973,0
10974,0
10975,0
10976,1
10977,0
10978,0
10979,0
10980,1
10981,0
10982,0
10983,1
10984,0
10985,0
10986,0
10987,0
10988,0
10989,0
10990,0
10991,0
10992,0
10993,1
10994,1
10995,0
10996,2
10997,2
10998,0
10999,0
11000,0
11001,0
11002,1
11003,1
11004,1
11005,1
11006,0
11007,1
11008,1
11009,1
11010,1
11011,1
11012,0
11013,0
11014,0
11015,0
11016,0
11017,0
11018,0
11019,1
11020,1
11021,0
11022,0
11023,0
11024,1
11025,1
11026,1
11027,1
11028,1
11029,2
11030,0
11031,0
11032,0
11033,0
11034,0
11035,0
11036,1
11037,1
11038,0
11039,1
11040,2
11041,2
11042,0
11043,0
11044,1
11045,0
11046,0
11047,1
11048,1
11049,0
11050,0
11051,0
11052,0
11053,0
11054,0
11055,1
11056,0
11057,0
11058,1
11059,0
11060,0
11061,0
11062,0
11063,1
11064,1
11065,1
11066,0
11067,0
11068,0
11069,0
11070,0
11071,0
11072,0
11073,1
11074,1
11075,0
11076,1
11077,0
11078,1
11079,0
11080,1
11081,1
11082,1
11083,0
11084,0
11085,0
11086,1
11087,0
11088,0
11089,1
11090,1
11091,1
11092,0
11093,1
11094,0
11095,0
11096,1
11097,1
11098,0
11099,0
11100,0
11101,1
11102,0
11103,0
11104,1
11105,1
11106,1
11107,0
11108,1
11109,1
11110,1
11111,0
11112,0
11113,0
11114,0
11115,1
11116,0
11117,0
11118,1
11119,1
11120,0
11121,1
11122,1
11123,0
11124,1
11125,0
11126,1
11127,0
11128,0
11129,0
11130,0
11131,0
11132,1
11133,0
11134,1
11135,0
11136,1
11137,0
11138,0
11139,0
11140,1
11141,0
11142,0
11143,0
11144,0
11145,1
11146,0
11147,0
11148,0
11149,2
11150,0
11151,0
11152,0
11153,1
11154,0
11155,1
11156,0
11157,0
11158,0
11159,0
11160,0
11161,0
11162,0
11163,0
11164,1
11165,1
11166,0
11167,0
11168,0
11169,1
11170,0
11171,0
11172,2
11173,1
11174,1
11175,1
11176,1
11177,1
11178,1
11179,1
11180,0
11181,0
11182,0
11183,1
11184,0
11185,2
11186,1
11187,1
11188,0
11189,1
11190,1
11191,2
11192,1
11193,1
11194,0
11195,1
11196,1
11197,0
11198,0
11199,0
11200,0
11201,0
11202,0
11203,1
11204,1
11205,1
11206,0
11207,0
11208,0
11209,0
11210,1
11211,0
11212,0
11213,0
11214,0
11215,1
11216,1
11217,0
11218,0
11219,0
11220,0
11221,1
11222,1
11223,1
11224,2
11225,0
11226,0
11227,0
11228,1
11229,1
11230,0
11231,0
11232,0
11233,1
11234,2
11235,0
11236,1
11237,1
11238,1
11239,0
11240,0
11241,0
11242,0
11243,0
11244,1
11245,0
11246,0
11247,1
11248,0
11249,1
11250,0
11251,0
11252,0
11253,0
11254,1
11255,1
11256,0
11257,0
11258,1
11259,1
11260,0
11261,1
11262,0
11263,1
11264,0
11265,1
11266,1
11267,0
11268,0
11269,1
11270,0
11271,0
11272,0
11273,0
11274,0
11275,1
11276,1
11277,0
11278,1
11279,0
11280,0
11281,0
11282,1
11283,0
11284,1
11285,0
11286,1
11287,1
11288,0
11289,1
11290,0
11291,1
11292,0
11293,1
11294,1
11295,1
11296,0
11297,0
11298,0
11299,0
11300,1
11301,0
11302,1
11303,2
11304,0
11305,1
11306,0
11307,0
11308,1
11309,1
11310,1
11311,0
11312,0
11313,0
11314,0
11315,0
11316,0
11317,0
11318,1
11319,0
11320,1
11321,1
11322,1
11323,1
11324,0
11325,1
11326,1
11327,0
11328,0
11329,0
11330,1
11331,1
11332,1
11333,0
11334,1
11335,0
11336,0
11337,1
11338,0
11339,0
11340,1
11341,0
11342,1
11343,0
11344,1
11345,0
11346,0
11347,0
11348,1
11349,2
11350,0
11351,1
11352,0
11353,0
11354,1
11355,0
11356,1
11357,1
11358,0
11359,1
11360,0
11361,1
11362,1
11363,0
11364,1
11365,1
11366,0
11367,1
11368,1
11369,0
11370,0
11371,1
11372,0
11373,0
11374,1
11375,1
11376,2
11377,0
11378,1
11379,2
11380,0
11381,0
11382,1
11383,0
11384,0
11385,0
11386,1
11387,2
11388,2
11389,1
11390,1
11391,1
11392,0
11393,0
11394,1
11395,1
11396,0
11397,0
11398,0
11399,1
11400,0
11401,0
11402,0
11403,0
11404,0
11405,0
11406,0
11407,0
11408,1
11409,0
11410,0
11411,0
11412,0
11413,1
11414,1
11415,1
11416,0
11417,0
11418,1
11419,0
11420,0
11421,1
11422,0
11423,0
11424,0
11425,0
11426,0
11427,0
11428,1
11429,2
11430,0
11431,0
11432,2
11433,1
11434,1
11435,1
11436,1
11437,1
11438,0
11439,2
11440,1
11441,0
11442,2
11443,0
11444,0
11445,1
11446,1
11447,1
11448,0
11449,1
11450,0
11451,0
11452,0
11453,0
11454,1
11455,0
11456,0
11457,2
11458,0
11459,1
11460,0
11461,0
11462,0
11463,0
11464,0
11465,0
11466,1
11467,0
11468,0
11469,0
11470,0
11471,0
11472,2
11473,1
11474,0
11475,2
11476,0
11477,1
11478,0
11479,1
11480,0
11481,0
11482,1
11483,0
11484,1
11485,0
11486,1
11487,0
11488,1
11489,1
11490,0
11491,1
11492,2
11493,0
11494,1
11495,0
11496,1
11497,1
11498,0
11499,0
11500,1
11501,0
11502,0
11503,0
11504,0
11505,0
11506,0
11507,0
11508,1
11509,0
11510,1
11511,0
11512,0
11513,0
11514,1
11515,0
11516,1
11517,0
11518,1
11519,0
11520,0
11521,1
11522,1
11523,1
11524,1
11525,2
11526,0
11527,0
11528,1
11529,0
11530,0
11531,0
11532,0
11533,0
11534,0
11535,1
11536,0
11537,1
11538,0
11539,1
11540,2
11541,0
11542,0
11543,0
11544,2
11545,0
11546,0
11547,1
11548,0
11549,0
11550,0
11551,1
11552,0
11553,1
11554,0
11555,0
11556,0
11557,0
11558,1
11559,0
11560,0
11561,2
11562,1
11563,0
11564,0
11565,0
11566,1
11567,1
11568,1
11569,0
11570,0
11571,1
11572,1
11573,1
11574,0
11575,0
11576,1
11577,1
11578,0
11579,0
11580,1
11581,0
11582,0
11583,0
11584,0
11585,1
11586,0
11587,0
11588,0
11589,0
11590,0
11591,1
11592,1
11593,0
11594,0
11595,0
11596,1
11597,1
11598,0
11599,1
11600,1
11601,0
11602,1
11603,1
11604,0
11605,0
11606,1
11607,1
11608,2
11609,0
11610,0
11611,0
11612,0
11613,0
11614,1
11615,1
11616,0
11617,1
11618,0
11619,0
11620,1
11621,0
11622,0
11623,0
11624,1
11625,1
11626,1
11627,0
11628,1
11629,1
11630,0
11631,1
11632,0
11633,0
11634,1
11635,0
11636,1
11637,0
11638,1
11639,1
11640,2
11641,0
11642,0
11643,1
11644,0
11645,0
11646,0
11647,0
11648,0
11649,0
11650,2
11651,0
11652,0
11653,0
11654,1
11655,0
11656,0
11657,1
11658,0
11659,1
11660,1
11661,0
11662,1
11663,1
11664,0
11665,1
11666,0
11667,0
11668,0
11669,0
11670,0
11671,0
11672,1
11673,1
11674,0
11675,0
11676,0
11677,1
11678,0
11679,1
11680,0
11681,0
11682,2
11683,0
11684,1
11685,0
11686,1
11687,0
11688,0
11689,0
11690,0
11691,0
11692,0
11693,1
11694,0
11695,0
11696,0
11697,0
11698,0
11699,1
11700,1
11701,0
11702,1
11703,0
11704,0
11705,1
11706,1
11707,1
11708,0
11709,0
11710,1
11711,0
11712,0
11713,0
11714,0
11715,1
11716,1
11717,1
11718,0
11719,0
11720,0
11721,1
11722,1
11723,1
11724,1
11725,0
11726,0
11727,0
11728,0
11729,0
11730,0
11731,0
11732,1
11733,1
11734,0
11735,0
11736,1
11737,0
11738,0
11739,1
11740,0
11741,0
11742,1
11743,0
11744,2
11745,1
11746,0
11747,1
11748,1
11749,1
11750,0
11751,1
11752,0
11753,0
11754,0
11755,1
11756,0
11757,0
11758,0
11759,0
11760,1
11761,1
11762,0
11763,0
11764,1
11765,1
11766,0
11767,1
11768,2
11769,1
11770,0
11771,1
11772,0
11773,0
11774,0
11775,0
11776,1
11777,0
11778,1
11779,1
11780,0
11781,1
11782,0
11783,0
11784,1
11785,0
11786,1
11787,0
11788,0
11789,0
11790,0
11791,2
11792,1
11793,1
11794,0
11795,1
11796,1
11797,0
11798,0
11799,1
11800,1
11801,0
11802,0
11803,0
11804,0
11805,0
11806,0
11807,0
11808,0
11809,0
11810,0
11811,1
11812,0
11813,0
11814,0
11815,1
11816,0
11817,2
11818,0
11819,1
11820,0
11821,1
11822,0
11823,0
11824,0
11825,1
11826,0
11827,1
11828,1
11829,0
11830,0
11831,2
11832,0
11833,1
11834,0
11835,1
11836,0
11837,0
11838,0
11839,0
11840,1
11841,1
11842,0
11843,0
11844,1
11845,0
11846,1
11847,1
11848,0
11849,1
11850,1
11851,0
11852,0
11853,0
11854,0
11855,0
11856,0
11857,0
11858,1
11859,0
11860,0
11861,0
11862,1
11863,2
11864,0
11865,0
11866,0
11867,1
11868,0
11869,0
11870,0
11871,0
11872,1
11873,0
11874,0
11875,0
11876,0
11877,0
11878,0
11879,0
11880,0
11881,1
11882,1
11883,0
11884,1
11885,0
11886,1
11887,0
11888,1
11889,0
11890,0
11891,0
11892,0
11893,1
11894,0
11895,2
11896,0
11897,0
11898,1
11899,0
11900,0
11901,0
11902,0
11903,0
11904,0
11905,0
11906,1
11907,0
11908,0
11909,2
11910,1
11911,0
11912,0
11913,0
11914,1
11915,0
11916,0
11917,0
11918,0
11919,0
11920,0
11921,0
11922,0
11923,1
11924,0
11925,0
11926,1
11927,0
11928,1
11929,1
11930,0
11931,0
11932,0
11933,0
11934,0
11935,1
11936,0
11937,0
11938,1
11939,0
11940,0
11941,0
11942,0
11943,1
11944,0
11945,0
11946,1
11947,2
11948,0
11949,2
11950,0
11951,0
11952,1
11953,0
11954,0
11955,1
11956,0
11957,0
11958,0
11959,0
11960,1
11961,0
11962,0
11963,0
11964,0
11965,0
11966,0
11967,1
11968,0
11969,1
11970,1
11971,1
11972,1
11973,0
11974,0
11975,0
11976,1
11977,0
11978,0
11979,0
11980,1
11981,0
11982,1
11983,2
11984,1
11985,1
11986,0
11987,1
11988,0
11989,1
11990,1
11991,1
11992,0
11993,0
11994,0
11995,0
11996,0
11997,1
11998,1
11999,0
12000,0
12001,0
12002,1
12003,0
12004,0
12005,0
12006,0
12007,0
12008,0
12009,1
12010,0
12011,0
12012,0
12013,1
12014,0
12015,0
12016,1
12017,0
12018,0
12019,0
12020,1
12021,0
12022,1
12023,0
12024,0
12025,0
12026,2
12027,0
12028,1
12029,1
12030,1
12031,0
12032,0
12033,2
12034,0
12035,0
12036,0
12037,0
12038,0
12039,0
12040,0
12041,1
12042,0
12043,2
12044,1
12045,1
12046,1
12047,1
12048,0
12049,1
12050,0
12051,0
12052,0
12053,0
12054,2
12055,1
12056,0
12057,0
12058,0
12059,0
12060,0
12061,1
12062,0
12063,0
12064,1
12065,0
12066,0
12067,2
12068,0
12069,1
12070,0
12071,1
12072,1
12073,0
12074,1
12075,0
12076,1
12077,0
12078,0
12079,0
12080,0
12081,1
12082,0
12083,0
12084,0
12085,1
12086,2
12087,0
12088,1
12089,1
12090,0
12091,0
12092,0
12093,1
12094,1
12095,1
12096,1
12097,0
12098,0
12099,0
12100,1
12101,1
12102,1
12103,1
12104,1
12105,1
12106,0
12107,0
12108,1
12109,1
12110,0
12111,1
12112,1
12113,0
12114,0
12115,0
12116,0
12117,0
12118,0
12119,0
12120,1
12121,1
12122,1
12123,1
12124,0
12125,1
12126,0
12127,1
12128,1
12129,1
12130,0
12131,1
12132,0
12133,1
12134,1
12135,0
12136,0
12137,0
12138,0
12139,0
12140,1
12141,1
12142,0
12143,0
12144,0
12145,1
12146,1
12147,1
12148,1
12149,2
12150,1
12151,0
12152,1
12153,1
12154,1
12155,0
12156,1
12157,0
12158,0
12159,0
12160,1
12161,0
12162,0
12163,0
12164,1
12165,2
12166,1
12167,0
12168,1
12169,1
12170,1
12171,0
12172,1
12173,0
12174,0
12175,0
12176,1
12177,0
12178,1
12179,0
12180,0
12181,1
12182,0
12183,1
12184,0
12185,1
12186,1
12187,1
12188,2
12189,0
12190,0
12191,1
12192,1
12193,0
12194,1
12195,0
12196,1
12197,1
12198,2
12199,1
12200,1
12201,0
12202,1
12203,0
12204,0
12205,1
12206,1
12207,0
12208,0
12209,0
12210,1
12211,2
12212,0
12213,0
12214,0
12215,1
12216,0
12217,1
12218,0
12219,1
12220,0
12221,1
12222,0
12223,1
12224,1
12225,1
12226,0
12227,0
12228,1
12229,0
12230,0
12231,0
12232,1
12233,1
12234,1
12235,0
12236,0
12237,1
12238,0
12239,1
12240,1
12241,1
12242,0
12243,0
12244,0
12245,0
12246,0
12247,0
12248,1
12249,0
12250,1
12251,0
12252,0
12253,1
12254,1
12255,1
12256,0
12257,1
12258,0
12259,0
12260,1
12261,0
12262,0
12263,2
12264,0
12265,1
12266,2
12267,0
12268,1
12269,1
12270,1
12271,0
12272,1
12273,0
12274,1
12275,0
12276,0
12277,1
12278,1
12279,1
12280,1
12281,0
12282,1
12283,0
12284,0
12285,2
12286,1
12287,0
12288,0
12289,1
12290,0
12291,1
12292,1
12293,1
12294,0
12295,1
12296,1
12297,1
12298,1
12299,0
12300,0
12301,2
12302,1
12303,0
12304,1
12305,0
12306,0
12307,0
12308,0
12309,1
12310,0
12311,0
12312,1
12313,0
12314,0
12315,1
12316,0
12317,0
12318,0
12319,1
12320,0
12321,1
12322,0
12323,1
12324,0
12325,0
12326,0
12327,0
12328,0
12329,2
12330,0
12331,0
12332,0
12333,0
12334,0
12335,1
12336,0
12337,0
12338,1
12339,0
12340,0
12341,1
12342,1
12343,1
12344,0
12345,0
12346,2
12347,2
12348,0
12349,0
12350,2
12351,0
12352,0
12353,0
12354,0
12355,1
12356,1
12357,1
12358,0
12359,0
12360,1
12361,0
12362,1
12363,0
12364,2
12365,1
12366,0
12367,0
12368,1
12369,0
12370,0
12371,0
12372,0
12373,0
12374,1
12375,2
12376,2
12377,0
12378,1
12379,1
12380,0
12381,1
12382,0
12383,1
12384,1
12385,1
12386,1
12387,0
12388,0
12389,0
12390,1
12391,0
12392,0
12393,1
12394,1
12395,0
12396,0
12397,0
12398,0
12399,0
12400,1
12401,2
12402,0
12403,0
12404,0
12405,1
12406,0
12407,0
12408,0
12409,1
12410,1
12411,0
12412,1
12413,0
12414,1
12415,0
12416,1
12417,1
12418,1
12419,1
12420,0
12421,1
12422,1
12423,0
12424,1
12425,1
12426,1
12427,1
12428,2
12429,0
12430,0
12431,0
12432,0
12433,0
12434,0
12435,1
12436,1
12437,1
12438,0
12439,1
12440,1
12441,1
12442,0
12443,1
12444,0
12445,1
12446,1
12447,2
12448,0
12449,1
12450,0
12451,1
12452,0
12453,0
12454,0
12455,0
12456,0
12457,1
12458,0
12459,1
12460,0
12461,0
12462,0
12463,0
12464,1
12465,0
12466,1
12467,0
12468,1
12469,0
12470,0
12471,0
12472,0
12473,0
12474,1
12475,1
12476,0
12477,0
12478,1
12479,0
12480,1
12481,1
12482,1
12483,1
12484,0
12485,0
12486,0
12487,0
12488,1
12489,0
12490,0
12491,1
12492,0
12493,1
12494,0
12495,1
12496,1
12497,0
12498,1
12499,0
12500,1
12501,0
12502,0
12503,0
12504,0
12505,0
12506,1
12507,0
12508,1
12509,1
12510,1
12511,0
12512,0
12513,0
12514,1
12515,0
12516,0
12517,1
12518,0
12519,0
12520,1
12521,1
12522,1
12523,2
12524,0
12525,0
12526,0
12527,0
12528,0
12529,0
12530,0
12531,1
12532,1
12533,0
12534,1
12535,0
12536,1
12537,0
12538,0
12539,2
12540,1
12541,0
12542,0
12543,0
12544,0
12545,1
12546,0
12547,2
12548,1
12549,1
12550,0
12551,0
12552,0
12553,0
12554,0
12555,0
12556,1
12557,0
12558,1
12559,1
12560,1
12561,0
12562,1
12563,1
12564,0
12565,0
12566,0
12567,0
12568,1
12569,0
12570,1
12571,0
12572,0
12573,0
12574,0
12575,1
12576,1
12577,0
12578,0
12579,0
12580,0
12581,0
12582,1
12583,1
12584,1
12585,1
12586,1
12587,1
12588,1
12589,0
12590,1
12591,1
12592,0
12593,1
12594,1
12595,2
12596,0
12597,0
12598,0
12599,0
12600,1
12601,0
12602,1
12603,0
12604,0
12605,0
12606,1
12607,0
12608,0
12609,0
12610,1
12611,0
12612,1
12613,0
12614,0
12615,1
12616,0
12617,1
12618,1
12619,0
12620,1
12621,0
12622,0
12623,0
12624,2
12625,1
12626,0
12627,0
12628,1
12629,1
12630,1
12631,1
12632,0
12633,0
12634,0
12635,0
12636,2
12637,2
12638,1
12639,1
12640,1
12641,1
12642,2
12643,1
12644,0
12645,0
12646,0
12647,0
12648,0
12649,0
12650,0
12651,1
12652,0
12653,0
12654,0
12655,0
12656,0
12657,1
12658,0
12659,2
12660,1
12661,1
12662,1
12663,0
12664,0
12665,2
12666,1
12667,1
12668,1
12669,0
12670,0
12671,0
12672,1
12673,1
12674,0
12675,0
12676,0
12677,1
12678,0
12679,0
12680,1
12681,1
12682,1
12683,0
12684,0
12685,2
12686,0
12687,0
12688,2
12689,1
12690,1
12691,2
12692,1
12693,1
12694,0
12695,1
12696,1
12697,0
12698,0
12699,0
12700,0
12701,1
12702,2
12703,0
12704,1
12705,0
12706,0
12707,1
12708,0
12709,1
12710,0
12711,1
12712,0
12713,1
12714,0
12715,0
12716,1
12717,0
12718,0
12719,0
12720,2
12721,0
12722,0
12723,0
12724,0
12725,0
12726,0
12727,1
12728,0
12729,0
12730,0
12731,0
12732,0
12733,1
12734,0
12735,0
12736,0
12737,1
12738,0
12739,0
12740,1
12741,0
12742,0
12743,0
12744,0
12745,2
12746,0
12747,1
12748,0
12749,0
12750,0
12751,0
12752,0
12753,0
12754,0
12755,0
12756,1
12757,1
12758,1
12759,0
12760,1
12761,1
12762,1
12763,1
12764,0
12765,0
12766,0
12767,1
12768,1
12769,2
12770,0
12771,1
12772,1
12773,1
12774,0
12775,1
12776,1
12777,1
12778,0
12779,0
12780,0
12781,1
12782,1
12783,0
12784,1
12785,2
12786,0
12787,1
12788,0
12789,1
12790,0
12791,1
12792,0
12793,0
12794,0
12795,1
12796,0
12797,1
12798,1
12799,0
12800,1
12801,0
12802,0
12803,1
12804,1
12805,0
12806,0
12807,1
12808,0
12809,1
12810,0
12811,0
12812,0
12813,0
12814,1
12815,2
12816,1
12817,0
12818,0
12819,0
12820,0
12821,0
12822,1
12823,1
12824,1
12825,1
12826,0
12827,1
12828,0
12829,0
12830,0
12831,1
12832,1
12833,0
12834,1
12835,1
12836,0
12837,1
12838,0
12839,0
12840,1
12841,1
12842,1
12843,0
12844,2
12845,1
12846,0
12847,0
12848,1
12849,0
12850,2
12851,0
12852,0
12853,0
12854,2
12855,2
12856,1
12857,2
12858,0
12859,0
12860,1
12861,0
12862,0
12863,0
12864,1
12865,1
12866,1
12867,0
12868,1
12869,0
12870,1
12871,2
12872,1
12873,1
12874,1
12875,1
12876,0
12877,2
12878,0
12879,0
12880,0
12881,1
12882,0
12883,1
12884,0
12885,1
12886,0
12887,0
12888,0
12889,0
12890,0
12891,1
12892,0
12893,0
12894,2
12895,1
12896,1
12897,0
12898,2
12899,0
12900,1
12901,1
12902,0
12903,1
12904,0
12905,2
12906,1
12907,0
12908,0
12909,1
12910,0
12911,0
12912,0
12913,0
12914,2
12915,2
12916,0
12917,1
12918,0
12919,1
12920,1
12921,0
12922,1
12923,0
12924,1
12925,0
12926,1
12927,0
12928,0
12929,1
12930,0
12931,0
12932,1
12933,1
12934,0
12935,0
12936,1
12937,1
12938,0
12939,1
12940,0
12941,0
12942,0
12943,1
12944,0
12945,1
12946,0
12947,1
12948,0
12949,0
12950,0
12951,0
12952,1
12953,1
12954,0
12955,0
12956,2
12957,0
12958,2
12959,1
12960,1
12961,0
12962,1
12963,1
12964,1
12965,0
12966,0
12967,1
12968,0
12969,0
12970,0
12971,0
12972,0
12973,0
12974,0
12975,1
12976,0
12977,0
12978,0
12979,1
12980,1
12981,0
12982,0
12983,2
12984,1
12985,0
12986,1
12987,2
12988,1
12989,1
12990,1
12991,0
12992,0
12993,1
12994,0
12995,0
12996,0
12997,1
12998,0
12999,0
13000,0
13001,0
13002,0
13003,1
13004,0
13005,1
13006,0
13007,2
13008,0
13009,0
13010,0
13011,0
13012,0
13013,0
13014,1
13015,0
13016,1
13017,1
13018,0
13019,0
13020,2
13021,1
13022,0
13023,0
13024,0
13025,0
13026,0
13027,0
13028,0
13029,1
13030,0
13031,0
13032,0
13033,0
13034,0
13035,1
13036,0
13037,0
13038,0
13039,1
13040,1
13041,1
13042,0
13043,1
13044,0
13045,0
13046,1
13047,0
13048,0
13049,1
13050,0
13051,0
13052,0
13053,0
13054,1
13055,1
13056,1
13057,1
13058,1
13059,0
13060,1
13061,0
13062,0
13063,0
13064,0
13065,1
13066,0
13067,1
13068,1
13069,1
13070,0
13071,0
13072,0
13073,0
13074,0
13075,0
13076,1
13077,0
13078,1
13079,0
13080,0
13081,0
13082,1
13083,1
13084,0
13085,1
13086,1
13087,0
13088,1
13089,1
13090,0
13091,1
13092,2
13093,0
13094,2
13095,0
13096,0
13097,0
13098,2
13099,1
13100,1
13101,2
13102,1
13103,2
13104,1
13105,1
13106,0
13107,2
13108,0
13109,2
13110,1
13111,1
13112,1
13113,1
13114,0
13115,0
13116,1
13117,2
13118,1
13119,1
13120,0
13121,0
13122,0
13123,0
13124,0
13125,1
13126,0
13127,0
13128,0
13129,1
13130,1
13131,0
13132,0
13133,0
13134,1
13135,0
13136,0
13137,1
13138,0
13139,0
13140,1
13141,0
13142,0
13143,0
13144,0
13145,0
13146,0
13147,0
13148,0
13149,1
13150,0
13151,1
13152,0
13153,1
13154,1
13155,0
13156,1
13157,0
13158,1
13159,0
13160,1
13161,0
13162,0
13163,0
13164,2
13165,0
13166,1
13167,0
13168,1
13169,1
13170,0
13171,0
13172,1
13173,1
13174,0
13175,1
13176,1
13177,0
13178,0
13179,0
13180,0
13181,0
13182,0
13183,0
13184,1
13185,0
13186,1
13187,0
13188,0
13189,1
13190,0
13191,0
13192,2
13193,0
13194,0
13195,2
13196,0
13197,1
13198,0
13199,1
13200,0
13201,1
13202,1
13203,0
13204,1
13205,0
13206,0
13207,1
13208,1
13209,1
13210,0
13211,1
13212,2
13213,1
13214,2
13215,1
13216,1
13217,0
13218,0
13219,0
13220,1
13221,1
13222,0
13223,1
13224,1
13225,1
13226,0
13227,0
13228,0
13229,1
13230,0
13231,1
13232,2
13233,0
13234,0
13235,0
13236,0
13237,0
13238,0
13239,1
13240,0
13241,1
13242,1
13243,0
13244,1
13245,1
13246,0
13247,0
13248,1
13249,0
13250,0
13251,1
13252,0
13253,1
13254,1
13255,0
13256,1
13257,1
13258,1
13259,1
13260,0
13261,0
13262,0
13263,0
13264,0
13265,0
13266,1
13267,1
13268,0
13269,0
13270,0
13271,0
13272,1
13273,1
13274,0
13275,0
13276,0
13277,2
13278,1
13279,0
13280,0
13281,1
13282,0
13283,0
13284,1
13285,0
13286,0
13287,0
13288,1
13289,1
13290,1
13291,2
13292,0
13293,1
13294,1
13295,0
13296,1
13297,2
13298,0
13299,2
13300,0
13301,0
13302,1
13303,1
13304,0
13305,1
13306,1
13307,0
13308,0
13309,0
13310,0
13311,1
13312,1
13313,0
13314,0
13315,0
13316,2
13317,0
13318,0
13319,0
13320,0
13321,2
13322,0
13323,0
13324,0
13325,0
13326,1
13327,1
13328,1
13329,1
13330,2
13331,0
13332,1
13333,0
13334,0
13335,1
13336,1
13337,0
13338,0
13339,1
13340,0
13341,2
13342,0
13343,0
13344,0
13345,1
13346,1
13347,0
13348,1
13349,1
13350,0
13351,0
13352,0
13353,1
13354,1
13355,0
13356,0
13357,1
13358,0
13359,0
13360,0
13361,0
13362,0
13363,1
13364,2
13365,0
13366,1
13367,1
13368,1
13369,1
13370,2
13371,1
13372,1
13373,0
13374,0
13375,0
13376,0
13377,1
13378,0
13379,0
13380,0
13381,0
13382,1
13383,0
13384,2
13385,0
13386,2
13387,1
13388,0
13389,0
13390,2
13391,0
13392,0
13393,0
13394,0
13395,0
13396,1
13397,0
13398,0
13399,0
13400,1
13401,2
13402,1
13403,1
13404,1
13405,1
13406,0
13407,0
13408,1
13409,1
13410,0
13411,0
13412,0
13413,0
13414,0
13415,0
13416,1
13417,0
13418,0
13419,0
13420,1
13421,1
13422,0
13423,1
13424,1
13425,1
13426,0
13427,0
13428,0
13429,0
13430,1
13431,0
13432,0
13433,1
13434,1
13435,0
13436,0
13437,0
13438,0
13439,0
13440,1
13441,1
13442,0
13443,0
13444,0
13445,0
13446,0
13447,0
13448,0
13449,0
13450,0
13451,0
13452,1
13453,1
13454,0
13455,1
13456,0
13457,0
13458,0
13459,1
13460,1
13461,1
13462,1
13463,1
13464,0
13465,0
13466,0
13467,0
13468,0
13469,0
13470,0
13471,0
13472,1
13473,1
13474,1
13475,1
13476,0
13477,1
13478,0
13479,1
13480,0
13481,1
13482,1
13483,1
13484,0
13485,0
13486,1
13487,0
13488,1
13489,1
13490,0
13491,0
13492,1
13493,0
13494,0
13495,0
13496,0
13497,1
13498,0
13499,0
13500,1
13501,1
13502,1
13503,1
13504,0
13505,0
13506,2
13507,0
13508,0
13509,1
13510,0
13511,1
13512,0
13513,0
13514,1
13515,1
13516,0
13517,1
13518,0
13519,1
13520,0
13521,0
13522,1
13523,1
13524,1
13525,0
13526,0
13527,0
13528,0
13529,1
13530,0
13531,0
13532,0
13533,1
13534,0
13535,1
13536,0
13537,2
13538,0
13539,0
13540,0
13541,0
13542,0
13543,1
13544,0
13545,1
13546,0
13547,0
13548,1
13549,1
13550,0
13551,1
13552,0
13553,0
13554,1
13555,0
13556,1
13557,0
13558,1
13559,0
13560,0
13561,0
13562,2
13563,2
13564,0
13565,0
13566,0
13567,0
13568,0
13569,0
13570,0
13571,1
13572,0
13573,0
13574,1
13575,0
13576,1
13577,0
13578,1
13579,1
13580,1
13581,1
13582,1
13583,0
13584,1
13585,0
13586,0
13587,1
13588,0
13589,1
13590,0
13591,0
13592,1
13593,1
13594,0
13595,1
13596,0
13597,0
13598,2
13599,1
13600,0
13601,0
13602,1
13603,0
13604,1
13605,2
13606,1
13607,1
13608,1
13609,0
13610,1
13611,0
13612,0
13613,0
13614,1
13615,1
13616,1
13617,1
13618,1
13619,0
13620,0
13621,0
13622,0
13623,1
13624,1
13625,0
13626,0
13627,1
13628,0
13629,1
13630,0
13631,0
13632,0
13633,1
13634,0
13635,0
13636,0
13637,1
13638,0
13639,0
13640,1
13641,2
13642,0
13643,0
13644,1
13645,0
13646,0
13647,1
13648,0
13649,0
13650,0
13651,0
13652,0
13653,1
13654,1
13655,0
13656,0
13657,1
13658,0
13659,0
13660,1
13661,0
13662,0
13663,1
13664,0
13665,1
13666,1
13667,1
13668,0
13669,1
13670,1
13671,1
13672,0
13673,1
13674,0
13675,1
13676,0
13677,1
13678,1
13679,1
13680,0
13681,1
13682,1
13683,2
13684,0
13685,1
13686,0
13687,1
13688,0
13689,1
13690,2
13691,0
13692,1
13693,0
13694,0
13695,0
13696,0
13697,0
13698,0
13699,0
13700,1
13701,2
13702,1
13703,0
13704,0
13705,1
13706,1
13707,0
13708,0
13709,1
13710,0
13711,0
13712,0
13713,0
13714,1
13715,0
13716,0
13717,1
13718,1
13719,1
13720,0
13721,0
13722,1
13723,0
13724,2
13725,1
13726,0
13727,1
13728,0
13729,1
13730,0
13731,0
13732,0
13733,0
13734,0
13735,1
13736,1
13737,1
13738,0
13739,1
13740,0
13741,0
13742,0
13743,0
13744,0
13745,1
13746,0
13747,0
13748,1
13749,0
13750,1
13751,0
13752,0
13753,0
13754,0
13755,0
13756,0
13757,1
13758,1
13759,0
13760,1
13761,1
13762,1
13763,2
13764,0
13765,0
13766,1
13767,0
13768,2
13769,0
13770,0
13771,0
13772,0
13773,2
13774,1
13775,0
13776,1
13777,0
13778,0
13779,0
13780,1
13781,2
13782,0
13783,1
13784,1
13785,0
13786,1
13787,1
13788,1
13789,0
13790,0
13791,0
13792,1
13793,0
13794,0
13795,0
13796,1
13797,0
13798,1
13799,0
13800,1
13801,1
13802,1
13803,0
13804,1
13805,1
13806,1
13807,0
13808,1
13809,1
13810,0
13811,0
13812,1
13813,0
13814,1
13815,1
13816,1
13817,0
13818,0
13819,1
13820,0
13821,2
13822,2
13823,0
13824,2
13825,1
13826,1
13827,0
13828,0
13829,1
13830,1
13831,0
13832,0
13833,2
13834,1
13835,1
13836,0
13837,1
13838,1
13839,0
13840,0
13841,0
13842,2
13843,1
13844,0
13845,0
13846,0
13847,0
13848,0
13849,1
13850,0
13851,0
13852,0
13853,1
13854,0
13855,1
13856,2
13857,1
13858,0
13859,2
13860,2
13861,0
13862,0
13863,0
13864,1
13865,2
13866,2
13867,0
13868,0
13869,2
13870,0
13871,0
13872,0
13873,1
13874,0
13875,0
13876,1
13877,1
13878,0
13879,0
13880,0
13881,0
13882,0
13883,1
13884,1
13885,2
13886,0
13887,0
13888,0
13889,1
13890,1
13891,0
13892,1
13893,0
13894,1
13895,1
13896,0
13897,1
13898,0
13899,0
13900,2
13901,0
13902,1
13903,1
13904,1
13905,1
13906,0
13907,1
13908,0
13909,0
13910,0
13911,1
13912,0
13913,0
13914,1
13915,0
13916,0
13917,1
13918,0
13919,0
13920,0
13921,0
13922,0
13923,1
13924,0
13925,1
13926,0
13927,0
13928,1
13929,1
13930,0
13931,0
13932,0
13933,1
13934,0
13935,0
13936,0
13937,1
13938,2
13939,1
13940,0
13941,1
13942,0
13943,0
13944,1
13945,0
13946,0
13947,1
13948,1
13949,0
13950,0
13951,0
13952,0
13953,0
13954,0
13955,2
13956,0
13957,1
13958,0
13959,1
13960,0
13961,1
13962,0
13963,0
13964,0
13965,0
13966,2
13967,1
13968,1
13969,0
13970,2
13971,1
13972,1
13973,2
13974,0
13975,1
13976,0
13977,1
13978,1
13979,0
13980,1
13981,1
13982,0
13983,0
13984,0
13985,1
13986,0
13987,0
13988,0
13989,0
13990,0
13991,0
13992,0
13993,1
13994,1
13995,0
13996,0
13997,1
13998,1
13999,1
14000,0
14001,1
14002,1
14003,1
14004,0
14005,1
14006,0
14007,0
14008,1
14009,0
14010,1
14011,2
14012,0
14013,1
14014,1
14015,0
14016,1
14017,1
14018,0
14019,0
14020,1
14021,1
14022,1
14023,1
14024,1
14025,0
14026,0
14027,0
14028,0
14029,0
14030,0
14031,0
14032,0
14033,0
14034,2
14035,1
14036,0
14037,0
14038,0
14039,1
14040,0
14041,0
14042,0
14043,0
14044,1
14045,1
14046,1
14047,1
14048,0
14049,0
14050,0
14051,0
14052,0
14053,1
14054,0
14055,0
14056,1
14057,0
14058,0
14059,2
14060,0
14061,1
14062,0
14063,0
14064,0
14065,0
14066,0
14067,0
14068,1
14069,1
14070,0
14071,0
14072,1
14073,1
14074,0
14075,1
14076,1
14077,1
14078,0
14079,0
14080,0
14081,0
14082,1
14083,2
14084,0
14085,0
14086,0
14087,0
14088,2
14089,1
14090,0
14091,0
14092,1
14093,1
14094,0
14095,1
14096,0
14097,0
14098,1
14099,0
14100,1
14101,1
14102,0
14103,1
14104,1
14105,0
14106,0
14107,0
14108,0
14109,0
14110,1
14111,0
14112,1
14113,1
14114,1
14115,1
14116,1
14117,1
14118,0
14119,0
14120,1
14121,1
14122,0
14123,0
14124,0
14125,0
14126,0
14127,0
14128,0
14129,0
14130,0
14131,0
14132,1
14133,0
14134,1
14135,0
14136,0
14137,1
14138,0
14139,1
14140,0
14141,1
14142,0
14143,0
14144,0
14145,1
14146,1
14147,1
14148,1
14149,0
14150,2
14151,0
14152,0
14153,0
14154,1
14155,0
14156,1
14157,0
14158,1
14159,1
14160,1
14161,0
14162,0
14163,0
14164,1
14165,2
14166,1
14167,1
14168,0
14169,1
14170,1
14171,0
14172,1
14173,1
14174,0
14175,0
14176,0
14177,1
14178,0
14179,0
14180,1
14181,0
14182,0
14183,0
14184,1
14185,0
14186,1
14187,1
14188,0
14189,0
14190,0
14191,2
14192,0
14193,1
14194,1
14195,0
14196,0
14197,1
14198,0
14199,1
14200,1
14201,1
14202,1
14203,1
14204,0
14205,0
14206,1
14207,1
14208,1
14209,0
14210,0
14211,1
14212,0
14213,0
14214,0
14215,1
14216,1
14217,1
14218,1
14219,0
14220,1
14221,0
14222,1
14223,1
14224,0
14225,0
14226,0
14227,0
14228,1
14229,1
14230,1
14231,0
14232,0
14233,1
14234,1
14235,1
14236,1
14237,0
14238,0
14239,1
14240,0
14241,1
14242,0
14243,1
14244,0
14245,0
14246,0
14247,0
14248,0
14249,0
14250,1
14251,0
14252,1
14253,0
14254,0
14255,0
14256,0
14257,1
14258,0
14259,0
14260,0
14261,0
14262,0
14263,1
14264,0
14265,1
14266,0
14267,0
14268,2
14269,0
14270,1
14271,1
14272,1
14273,0
14274,1
14275,1
14276,0
14277,0
14278,0
14279,0
14280,2
14281,0
14282,0
14283,0
14284,1
14285,0
14286,1
14287,0
14288,1
14289,1
14290,0
14291,0
14292,0
14293,1
14294,0
14295,1
14296,1
14297,0
14298,1
14299,1
14300,1
14301,0
14302,0
14303,1
14304,1
14305,1
14306,1
14307,0
14308,0
14309,0
14310,2
14311,0
14312,0
14313,2
14314,1
14315,0
14316,2
14317,2
14318,0
14319,1
14320,0
14321,1
14322,0
14323,0
14324,0
14325,1
14326,0
14327,0
14328,0
14329,1
14330,1
14331,0
14332,0
14333,1
14334,0
14335,0
14336,0
14337,1
14338,0
14339,0
14340,0
14341,1
14342,1
14343,1
14344,0
14345,1
14346,0
14347,1
14348,0
14349,1
14350,1
14351,0
14352,0
14353,1
14354,1
14355,1
14356,1
14357,0
14358,1
14359,0
14360,1
14361,1
14362,1
14363,0
14364,0
14365,0
14366,2
14367,2
14368,1
14369,0
14370,0
14371,0
14372,1
14373,1
14374,0
14375,1
14376,2
14377,0
14378,0
14379,0
14380,1
14381,1
14382,0
14383,0
14384,0
14385,1
14386,2
14387,1
14388,1
14389,0
14390,1
14391,1
14392,1
14393,0
14394,0
14395,0
14396,0
14397,0
14398,0
14399,1
14400,1
14401,1
14402,0
14403,1
14404,1
14405,0
14406,1
14407,0
14408,0
14409,0
14410,1
14411,0
14412,1
14413,1
14414,0
14415,2
14416,1
14417,0
14418,1
14419,0
14420,1
14421,0
14422,0
14423,0
14424,1
14425,1
14426,0
14427,1
14428,0
14429,0
14430,0
14431,0
14432,0
14433,0
14434,0
14435,0
14436,0
14437,1
14438,1
14439,0
14440,2
14441,0
14442,1
14443,1
14444,2
14445,0
14446,1
14447,0
14448,2
14449,0
14450,0
14451,0
14452,1
14453,0
14454,1
14455,1
14456,1
14457,0
14458,2
14459,0
14460,0
14461,0
14462,1
14463,1
14464,0
14465,1
14466,0
14467,0
14468,0
14469,1
14470,0
14471,1
14472,1
14473,1
14474,2
14475,0
14476,2
14477,0
14478,1
14479,0
14480,0
14481,0
14482,0
14483,0
14484,0
14485,0
14486,0
14487,0
14488,0
14489,0
14490,0
14491,1
14492,0
14493,1
14494,0
14495,0
14496,0
14497,0
14498,0
14499,1
14500,1
14501,1
14502,0
14503,0
14504,1
14505,1
14506,1
14507,1
14508,0
14509,1
14510,0
14511,0
14512,1
14513,0
14514,0
14515,1
14516,0
14517,0
14518,1
14519,0
14520,1
14521,0
14522,0
14523,1
14524,0
14525,0
14526,1
14527,0
14528,0
14529,0
14530,1
14531,1
14532,1
14533,0
14534,0
14535,2
14536,1
14537,0
14538,0
14539,1
14540,0
14541,1
14542,1
14543,0
14544,0
14545,0
14546,0
14547,0
14548,0
14549,0
14550,1
14551,1
14552,1
14553,0
14554,1
14555,1
14556,0
14557,0
14558,1
14559,0
14560,1
14561,0
14562,0
14563,0
14564,0
14565,1
14566,0
14567,1
14568,0
14569,1
14570,1
14571,0
14572,0
14573,1
14574,0
14575,1
14576,0
14577,1
14578,1
14579,0
14580,0
14581,0
14582,1
14583,0
14584,0
14585,0
14586,2
14587,1
14588,1
14589,0
14590,2
14591,1
14592,1
14593,0
14594,0
14595,0
14596,0
14597,0
14598,0
14599,1
14600,1
14601,1
14602,0
14603,0
14604,1
14605,1
14606,0
14607,1
14608,0
14609,0
14610,0
14611,0
14612,0
14613,1
14614,0
14615,1
14616,0
14617,1
14618,1
14619,0
14620,1
14621,1
14622,1
14623,0
14624,1
14625,0
14626,0
14627,1
14628,0
14629,0
14630,1
14631,0
14632,1
14633,0
14634,0
14635,2
14636,0
14637,0
14638,1
14639,0
14640,1
14641,0
14642,1
14643,0
14644,0
14645,0
14646,0
14647,1
14648,0
14649,1
14650,1
14651,0
14652,1
14653,0
14654,0
14655,1
14656,0
14657,0
14658,0
14659,0
14660,1
14661,0
14662,1
14663,0
14664,0
14665,2
14666,1
14667,1
14668,0
14669,1
14670,0
14671,0
14672,1
14673,1
14674,0
14675,1
14676,0
14677,0
14678,0
14679,0
14680,1
14681,1
14682,0
14683,0
14684,0
14685,1
14686,0
14687,0
14688,0
14689,1
14690,0
14691,1
14692,0
14693,1
14694,1
14695,0
14696,2
14697,1
14698,1
14699,0
14700,1
14701,0
14702,0
14703,2
14704,1
14705,2
14706,0
14707,1
14708,1
14709,0
14710,1
14711,1
14712,1
14713,1
14714,2
14715,0
14716,0
14717,0
14718,0
14719,0
14720,0
14721,0
14722,0
14723,0
14724,1
14725,0
14726,0
14727,2
14728,1
14729,1
14730,1
14731,1
14732,0
14733,0
14734,0
14735,0
14736,2
14737,2
14738,0
14739,0
14740,1
14741,1
14742,1
14743,0
14744,2
14745,1
14746,0
14747,0
14748,1
14749,1
14750,0
14751,0
14752,0
14753,1
14754,1
14755,0
14756,0
14757,1
14758,0
14759,0
14760,1
14761,0
14762,0
14763,0
14764,0
14765,1
14766,0
14767,0
14768,0
14769,0
14770,0
14771,2
14772,1
14773,1
14774,0
14775,0
14776,2
14777,1
14778,0
14779,1
14780,0
14781,0
14782,1
14783,1
14784,0
14785,1
14786,0
14787,0
14788,1
14789,1
14790,0
14791,0
14792,0
14793,0
14794,1
14795,1
14796,1
14797,0
14798,2
14799,1
14800,1
14801,1
14802,0
14803,0
14804,0
14805,0
14806,0
14807,1
14808,0
14809,0
14810,1
14811,0
14812,0
14813,0
14814,0
14815,1
14816,1
14817,0
14818,0
14819,1
14820,1
14821,2
14822,0
14823,0
14824,1
14825,0
14826,0
14827,1
14828,1
14829,0
14830,1
14831,0
14832,0
14833,0
14834,0
14835,0
14836,0
14837,0
14838,1
14839,0
14840,1
14841,0
14842,1
14843,0
14844,0
14845,1
14846,1
14847,0
14848,0
14849,0
14850,0
14851,1
14852,1
14853,1
14854,1
14855,0
14856,1
14857,1
14858,0
14859,0
14860,0
14861,0
14862,0
14863,1
14864,1
14865,0
14866,0
14867,0
14868,1
14869,0
14870,1
14871,0
14872,1
14873,0
14874,1
14875,1
14876,1
14877,0
14878,0
14879,0
14880,2
14881,1
14882,0
14883,0
14884,0
14885,0
14886,1
14887,1
14888,0
14889,1
14890,0
14891,1
14892,0
14893,1
14894,0
14895,0
14896,0
14897,0
14898,1
14899,0
14900,0
14901,0
14902,0
14903,0
14904,1
14905,0
14906,0
14907,0
14908,1
14909,0
14910,0
14911,2
14912,0
14913,0
14914,1
14915,1
14916,0
14917,1
14918,0
14919,0
14920,1
14921,0
14922,1
14923,1
14924,0
14925,0
14926,1
14927,0
14928,1
14929,1
14930,0
14931,0
14932,1
14933,0
14934,0
14935,0
14936,0
14937,0
14938,1
14939,0
14940,0
14941,0
14942,2
14943,0
14944,0
14945,0
14946,1
14947,2
14948,0
14949,0
14950,1
14951,1
14952,0
14953,0
14954,0
14955,2
14956,1
14957,1
14958,1
14959,1
14960,0
14961,1
14962,1
14963,2
14964,1
14965,1
14966,0
14967,1
14968,0
14969,0
14970,2
14971,1
14972,0
14973,1
14974,0
14975,2
14976,0
14977,0
14978,0
14979,1
14980,0
14981,1
14982,0
14983,0
14984,1
14985,0
14986,0
14987,1
14988,0
14989,0
14990,0
14991,0
14992,0
14993,0
14994,0
14995,1
14996,0
14997,0
14998,2
14999,1
15000,0
15001,1
15002,0
15003,0
15004,1
15005,1
15006,1
15007,1
15008,0
15009,1
15010,0
15011,0
15012,1
15013,1
15014,1
15015,1
15016,0
15017,1
15018,1
15019,1
15020,1
15021,0
15022,1
15023,2
15024,1
15025,0
15026,0
15027,1
15028,1
15029,0
15030,0
15031,1
15032,0
15033,1
15034,0
15035,0
15036,1
15037,0
15038,1
15039,1
15040,2
15041,0
15042,0
15043,0
15044,0
15045,1
15046,0
15047,1
15048,0
15049,1
15050,1
15051,1
15052,0
15053,0
15054,1
15055,0
15056,1
15057,1
15058,1
15059,0
15060,1
15061,0
15062,0
15063,1
15064,1
15065,0
15066,0
15067,0
15068,1
15069,1
15070,1
15071,1
15072,1
15073,0
15074,0
15075,1
15076,1
15077,0
15078,1
15079,1
15080,0
15081,0
15082,1
15083,0
15084,0
15085,0
15086,1
15087,1
15088,0
15089,1
15090,0
15091,0
15092,1
15093,1
15094,0
15095,0
15096,1
15097,0
15098,1
15099,0
15100,1
15101,1
15102,1
15103,0
15104,0
15105,0
15106,2
15107,0
15108,0
15109,1
15110,1
15111,0
15112,1
15113,0
15114,1
15115,1
15116,0
15117,0
15118,1
15119,1
15120,1
15121,0
15122,0
15123,0
15124,0
15125,0
15126,0
15127,0
15128,1
15129,0
15130,0
15131,0
15132,0
15133,1
15134,0
15135,1
15136,0
15137,1
15138,0
15139,2
15140,0
15141,0
15142,0
15143,0
15144,0
15145,1
15146,0
15147,0
15148,0
15149,0
15150,0
15151,0
15152,0
15153,0
15154,0
15155,0
15156,0
15157,0
15158,0
15159,0
15160,0
15161,1
15162,1
15163,0
15164,1
15165,0
15166,0
15167,0
15168,1
15169,1
15170,1
15171,0
15172,0
15173,0
15174,0
15175,1
15176,0
15177,1
15178,1
15179,1
15180,0
15181,0
15182,0
15183,1
15184,1
15185,0
15186,0
15187,0
15188,0
15189,0
15190,0
15191,0
15192,2
15193,1
15194,0
15195,0
15196,0
15197,0
15198,0
15199,0
15200,1
15201,1
15202,1
15203,0
15204,0
15205,0
15206,0
15207,1
15208,0
15209,1
15210,0
15211,2
15212,0
15213,2
15214,1
15215,0
15216,0
15217,0
15218,0
15219,1
15220,0
15221,1
15222,1
15223,1
15224,1
15225,0
15226,0
15227,0
15228,1
15229,1
15230,1
15231,0
15232,0
15233,0
15234,2
15235,2
15236,1
15237,0
15238,0
15239,0
15240,0
15241,2
15242,0
15243,1
15244,0
15245,1
15246,0
15247,0
15248,1
15249,1
15250,1
15251,0
15252,0
15253,1
15254,1
15255,0
15256,1
15257,1
15258,0
15259,0
15260,1
15261,1
15262,1
15263,1
15264,0
15265,0
15266,1
15267,0
15268,0
15269,0
15270,1
15271,0
15272,1
15273,0
15274,1
15275,1
15276,0
15277,1
15278,0
15279,1
15280,1
15281,0
15282,0
15283,1
15284,1
15285,0
15286,0
15287,1
15288,1
15289,1
15290,1
15291,1
15292,0
15293,0
15294,0
15295,1
15296,1
15297,0
15298,1
15299,0
15300,0
15301,1
15302,1
15303,1
15304,1
15305,1
15306,0
15307,1
15308,0
15309,1
15310,0
15311,2
15312,0
15313,2
15314,1
15315,2
15316,1
15317,1
15318,0
15319,1
15320,1
15321,0
15322,1
15323,1
15324,1
15325,0
15326,1
15327,1
15328,0
15329,0
15330,0
15331,0
15332,0
15333,0
15334,0
15335,1
15336,0
15337,0
15338,0
15339,0
15340,0
15341,1
15342,0
15343,0
15344,1
15345,2
15346,1
15347,1
15348,2
15349,1
15350,0
15351,0
15352,0
15353,1
15354,1
15355,0
15356,1
15357,1
15358,1
15359,0
15360,0
15361,0
15362,0
15363,0
15364,0
15365,1
15366,0
15367,0
15368,1
15369,0
15370,0
15371,1
15372,1
15373,0
15374,1
15375,0
15376,0
15377,1
15378,1
15379,0
15380,0
15381,2
15382,0
15383,0
15384,0
15385,2
15386,0
15387,0
15388,0
15389,1
15390,0
15391,0
15392,1
15393,0
15394,1
15395,1
15396,1
15397,1
15398,1
15399,0
15400,0
15401,1
15402,1
15403,0
15404,0
15405,0
15406,0
15407,0
15408,1
15409,0
15410,0
15411,0
15412,0
15413,0
15414,1
15415,1
15416,1
15417,0
15418,0
15419,1
15420,1
15421,0
15422,1
15423,1
15424,1
15425,2
15426,1
15427,0
15428,1
15429,0
15430,1
15431,0
15432,2
15433,1
15434,0
15435,0
15436,1
15437,0
15438,1
15439,0
15440,1
15441,1
15442,0
15443,1
15444,0
15445,1
15446,0
15447,1
15448,1
15449,1
15450,1
15451,1
15452,0
15453,1
15454,0
15455,0
15456,1
15457,1
15458,0
15459,0
15460,0
15461,0
15462,0
15463,0
15464,1
15465,1
15466,0
15467,1
15468,0
15469,1
15470,1
15471,1
15472,1
15473,0
15474,0
15475,0
15476,1
15477,1
15478,0
15479,2
15480,1
15481,1
15482,2
15483,0
15484,0
15485,1
15486,0
15487,1
15488,1
15489,0
15490,0
15491,1
15492,1
15493,0
15494,0
15495,0
15496,1
15497,0
15498,0
15499,1
15500,1
15501,0
15502,1
15503,0
15504,1
15505,0
15506,1
15507,0
15508,0
15509,0
15510,0
15511,0
15512,0
15513,0
15514,0
15515,0
15516,0
15517,1
15518,0
15519,0
15520,2
15521,0
15522,0
15523,0
15524,1
15525,1
15526,1
15527,1
15528,0
15529,0
15530,0
15531,0
15532,0
15533,1
15534,0
15535,0
15536,0
15537,1
15538,1
15539,0
15540,0
15541,0
15542,0
15543,1
15544,1
15545,0
15546,1
15547,0
15548,1
15549,1
15550,0
15551,0
15552,2
15553,1
15554,1
15555,2
15556,0
15557,1
15558,1
15559,2
15560,1
15561,0
15562,2
15563,1
15564,1
15565,0
15566,2
15567,0
15568,0
15569,0
15570,1
15571,1
15572,0
15573,0
15574,0
15575,0
15576,0
15577,1
15578,2
15579,0
15580,0
15581,0
15582,0
15583,0
15584,1
15585,0
15586,0
15587,0
15588,0
15589,0
15590,0
15591,0
15592,1
15593,0
15594,1
15595,1
15596,0
15597,0
15598,0
15599,1
15600,0
15601,0
15602,1
15603,1
15604,0
15605,0
15606,0
15607,2
15608,0
15609,1
15610,1
15611,0
15612,1
15613,1
15614,0
15615,1
15616,1
15617,0
15618,0
15619,0
15620,0
15621,0
15622,0
15623,0
15624,1
15625,1
15626,1
15627,0
15628,0
15629,0
15630,0
15631,0
15632,1
15633,1
15634,0
15635,0
15636,1
15637,2
15638,1
15639,0
15640,0
15641,0
15642,1
15643,0
15644,0
15645,1
15646,1
15647,1
15648,1
15649,1
15650,1
15651,0
15652,1
15653,1
15654,0
15655,1
15656,0
15657,1
15658,1
15659,0
15660,0
15661,1
15662,1
15663,0
15664,0
15665,0
15666,0
15667,1
15668,0
15669,0
15670,0
15671,0
15672,1
15673,0
15674,1
15675,0
15676,1
15677,0
15678,0
15679,1
15680,0
15681,0
15682,1
15683,0
15684,0
15685,0
15686,0
15687,0
15688,0
15689,0
15690,0
15691,2
15692,0
15693,1
15694,1
15695,0
15696,2
15697,1
15698,0
15699,0
15700,1
15701,0
15702,0
15703,1
15704,0
15705,1
15706,0
15707,1
15708,1
15709,0
15710,1
15711,0
15712,1
15713,0
15714,0
15715,0
15716,1
15717,1
15718,1
15719,0
15720,0
15721,0
15722,0
15723,1
15724,0
15725,0
15726,0
15727,0
15728,1
15729,0
15730,2
15731,1
15732,0
15733,0
15734,1
15735,0
15736,0
15737,1
15738,1
15739,0
15740,1
15741,0
15742,1
15743,0
15744,0
15745,0
15746,0
15747,0
15748,0
15749,2
15750,0
15751,1
15752,0
15753,0
15754,0
15755,1
15756,0
15757,1
15758,0
15759,1
15760,1
15761,1
15762,0
15763,0
15764,0
15765,0
15766,1
15767,1
15768,1
15769,1
15770,1
15771,1
15772,1
15773,1
15774,2
15775,1
15776,1
15777,0
15778,1
15779,0
15780,1
15781,2
15782,0
15783,0
15784,1
15785,0
15786,0
15787,1
15788,1
15789,1
15790,0
15791,0
15792,0
15793,0
15794,0
15795,0
15796,1
15797,1
15798,0
15799,0
15800,0
15801,0
15802,0
15803,0
15804,0
15805,2
15806,0
15807,0
15808,0
15809,1
15810,0
15811,0
15812,0
15813,1
15814,1
15815,1
15816,0
15817,0
15818,1
15819,0
15820,1
15821,0
15822,0
15823,0
15824,1
15825,0
15826,0
15827,0
15828,0
15829,0
15830,0
15831,0
15832,0
15833,1
15834,1
15835,1
15836,1
15837,1
15838,0
15839,2
15840,0
15841,0
15842,0
15843,1
15844,1
15845,0
15846,0
15847,1
15848,1
15849,0
15850,1
15851,2
15852,0
15853,1
15854,1
15855,0
15856,0
15857,0
15858,1
15859,0
15860,1
15861,0
15862,1
15863,2
15864,0
15865,0
15866,1
15867,1
15868,1
15869,1
15870,0
15871,1
15872,1
15873,0
15874,0
15875,0
15876,0
15877,0
15878,1
15879,0
15880,0
15881,1
15882,1
15883,0
15884,0
15885,1
15886,1
15887,2
15888,0
15889,1
15890,1
15891,1
15892,1
15893,0
15894,1
15895,1
15896,1
15897,0
15898,2
15899,0
15900,1
15901,0
15902,1
15903,0
15904,1
15905,1
15906,1
15907,0
15908,0
15909,0
15910,0
15911,1
15912,0
15913,0
15914,1
15915,0
15916,0
15917,0
15918,1
15919,0
15920,0
15921,0
15922,0
15923,2
15924,0
15925,2
15926,0
15927,0
15928,0
15929,0
15930,0
15931,0
15932,1
15933,0
15934,2
15935,0
15936,0
15937,0
15938,0
15939,0
15940,1
15941,0
15942,1
15943,0
15944,0
15945,0
15946,1
15947,2
15948,0
15949,1
15950,2
15951,0
15952,0
15953,0
15954,0
15955,0
15956,0
15957,0
15958,1
15959,1
15960,0
15961,1
15962,0
15963,1
15964,0
15965,0
15966,0
15967,1
15968,0
15969,0
15970,0
15971,1
15972,2
15973,0
15974,0
15975,1
15976,0
15977,1
15978,1
15979,0
15980,0
15981,0
15982,0
15983,1
15984,0
15985,0
15986,0
15987,1
15988,1
15989,1
15990,1
15991,0
15992,1
15993,1
15994,1
15995,0
15996,2
15997,1
15998,0
15999,1
16000,0
16001,0
16002,1
16003,0
16004,0
16005,1
16006,1
16007,1
16008,1
16009,0
16010,1
16011,0
16012,0
16013,0
16014,2
16015,1
16016,1
16017,0
16018,0
16019,0
16020,1
16021,0
16022,1
16023,0
16024,0
16025,2
16026,0
16027,0
16028,0
16029,0
16030,1
16031,0
16032,1
16033,1
16034,0
16035,0
16036,0
16037,0
16038,0
16039,1
16040,0
16041,0
16042,1
16043,0
16044,1
16045,1
16046,0
16047,0
16048,1
16049,0
16050,1
16051,0
16052,0
16053,1
16054,1
16055,1
16056,0
16057,1
16058,0
16059,1
16060,1
16061,1
16062,0
16063,0
16064,1
16065,0
16066,0
16067,0
16068,0
16069,2
16070,0
16071,0
16072,1
16073,0
16074,0
16075,0
16076,0
16077,1
16078,0
16079,0
16080,1
16081,0
16082,1
16083,2
16084,0
16085,0
16086,1
16087,0
16088,1
16089,0
16090,0
16091,0
16092,0
16093,1
16094,1
16095,0
16096,0
16097,1
16098,0
16099,1
16100,1
16101,2
16102,0
16103,0
16104,1
16105,1
16106,0
16107,0
16108,1
16109,2
16110,1
16111,0
16112,0
16113,0
16114,0
16115,0
16116,1
16117,1
16118,0
16119,1
16120,0
16121,2
16122,0
16123,1
16124,0
16125,0
16126,0
16127,1
16128,1
16129,2
16130,0
16131,1
16132,0
16133,1
16134,0
16135,1
16136,0
16137,0
16138,0
16139,0
16140,0
16141,1
16142,1
16143,0
16144,1
16145,0
16146,1
16147,0
16148,0
16149,1
16150,1
16151,1
16152,1
16153,0
16154,1
16155,1
16156,0
16157,0
16158,1
16159,0
16160,0
16161,0
16162,0
16163,0
16164,0
16165,0
16166,0
16167,0
16168,0
16169,0
16170,1
16171,0
16172,1
16173,1
16174,0
16175,0
16176,0
16177,0
16178,0
16179,0
16180,0
16181,2
16182,0
16183,0
16184,0
16185,0
16186,0
16187,0
16188,0
16189,0
16190,1
16191,0
16192,0
16193,1
16194,0
16195,1
16196,1
16197,0
16198,1
16199,0
16200,0
16201,1
16202,0
16203,0
16204,2
16205,1
16206,1
16207,1
16208,0
16209,0
16210,1
16211,0
16212,2
16213,1
16214,0
16215,0
16216,0
16217,1
16218,0
16219,1
16220,0
16221,1
16222,0
16223,1
16224,0
16225,0
16226,0
16227,1
16228,0
16229,1
16230,1
16231,0
16232,0
16233,0
16234,1
16235,0
16236,1
16237,0
16238,0
16239,0
16240,2
16241,0
16242,1
16243,0
16244,2
16245,0
16246,0
16247,1
16248,1
16249,0
16250,1
16251,0
16252,0
16253,0
16254,0
16255,0
16256,1
16257,0
16258,0
16259,1
16260,0
16261,0
16262,0
16263,2
16264,0
16265,0
16266,0
16267,0
16268,0
16269,1
16270,0
16271,1
16272,0
16273,0
16274,1
16275,0
16276,1
16277,1
16278,0
16279,0
16280,0
16281,0
16282,1
16283,1
16284,0
16285,1
16286,1
16287,1
16288,2
16289,1
16290,0
16291,0
16292,0
16293,0
16294,0
16295,1
16296,0
16297,0
16298,0
16299,0
16300,1
16301,0
16302,0
16303,0
16304,0
16305,0
16306,0
16307,0
16308,0
16309,0
16310,1
16311,1
16312,0
16313,1
16314,1
16315,0
16316,0
16317,1
16318,0
16319,1
16320,0
16321,0
16322,0
16323,0
16324,0
16325,0
16326,0
16327,2
16328,0
16329,1
16330,0
16331,1
16332,0
16333,0
16334,0
16335,0
16336,0
16337,0
16338,0
16339,0
16340,1
16341,1
16342,1
16343,1
16344,1
16345,0
16346,2
16347,0
16348,0
16349,2
16350,0
16351,0
16352,0
16353,1
16354,0
16355,0
16356,1
16357,1
16358,0
16359,1
16360,1
16361,1
16362,1
16363,2
16364,0
16365,0
16366,1
16367,0
16368,0
16369,1
16370,1
16371,1
16372,0
16373,0
16374,0
16375,0
16376,1
16377,0
16378,0
16379,1
16380,1
16381,1
16382,1
16383,1
16384,2
16385,1
16386,0
16387,0
16388,0
16389,0
16390,0
16391,0
16392,1
16393,0
16394,0
16395,1
16396,1
16397,0
16398,1
16399,2
16400,0
16401,1
16402,1
16403,0
16404,1
16405,0
16406,0
16407,0
16408,0
16409,1
16410,0
16411,1
16412,1
16413,0
16414,0
16415,1
16416,1
16417,1
16418,0
16419,1
16420,0
16421,1
16422,0
16423,1
16424,0
16425,0
16426,0
16427,0
16428,0
16429,1
16430,1
16431,0
16432,0
16433,0
16434,0
16435,0
16436,0
16437,2
16438,1
16439,1
16440,0
16441,1
16442,1
16443,2
16444,0
16445,0
16446,0
16447,1
16448,0
16449,2
16450,1
16451,1
16452,1
16453,0
16454,0
16455,1
16456,1
16457,0
16458,0
16459,0
16460,0
16461,0
16462,1
16463,2
16464,1
16465,0
16466,0
16467,1
16468,0
16469,0
16470,0
16471,1
16472,1
16473,0
16474,0
16475,0
16476,0
16477,1
16478,1
16479,1
16480,0
16481,2
16482,0
16483,0
16484,0
16485,1
16486,0
16487,0
16488,0
16489,0
16490,1
16491,0
16492,0
16493,0
16494,0
16495,0
16496,0
16497,0
16498,0
16499,0
16500,0
16501,2
16502,0
16503,1
16504,1
16505,0
16506,0
16507,1
16508,0
16509,0
16510,1
16511,0
16512,0
16513,1
16514,2
16515,1
16516,1
16517,0
16518,1
16519,0
16520,0
16521,0
16522,2
16523,0
16524,1
16525,1
16526,0
16527,1
16528,1
16529,1
16530,0
16531,1
16532,0
16533,1
16534,0
16535,1
16536,0
16537,1
16538,0
16539,1
16540,1
16541,1
16542,0
16543,2
16544,1
16545,1
16546,0
16547,0
16548,0
16549,0
16550,0
16551,1
16552,0
16553,0
16554,1
16555,2
16556,0
16557,0
16558,1
16559,2
16560,1
16561,1
16562,0
16563,0
16564,0
16565,2
16566,1
16567,0
16568,1
16569,1
16570,1
16571,1
16572,0
16573,0
16574,1
16575,0
16576,0
16577,1
16578,2
16579,0
16580,0
16581,1
16582,0
16583,0
16584,0
16585,1
16586,1
16587,0
16588,0
16589,0
16590,2
16591,0
16592,1
16593,0
16594,0
16595,0
16596,2
16597,0
16598,0
16599,0
16600,0
16601,1
16602,1
16603,1
16604,1
16605,0
16606,1
16607,0
16608,0
16609,0
16610,0
16611,0
16612,1
16613,1
16614,2
16615,0
16616,0
16617,0
16618,0
16619,0
16620,0
16621,1
16622,0
16623,0
16624,0
16625,1
16626,1
16627,1
16628,1
16629,1
16630,0
16631,1
16632,0
16633,0
16634,0
16635,0
16636,1
16637,2
16638,1
16639,0
16640,0
16641,1
16642,1
16643,1
16644,0
16645,0
16646,1
16647,0
16648,0
16649,0
16650,0
16651,1
16652,0
16653,0
16654,0
16655,1
16656,1
16657,0
16658,1
16659,1
16660,0
16661,0
16662,1
16663,1
16664,1
16665,1
16666,0
16667,1
16668,0
16669,0
16670,1
16671,1
16672,0
16673,0
16674,1
16675,1
16676,0
16677,0
16678,1
16679,0
16680,0
16681,0
16682,1
16683,0
16684,1
16685,0
16686,1
16687,1
16688,1
16689,1
16690,0
16691,0
16692,0
16693,1
16694,0
16695,1
16696,0
16697,1
16698,1
16699,1
16700,0
16701,0
16702,1
16703,0
16704,1
16705,1
16706,1
16707,0
16708,0
16709,1
16710,0
16711,0
16712,2
16713,0
16714,0
16715,0
16716,1
16717,2
16718,1
16719,0
16720,0
16721,1
16722,0
16723,1
16724,0
16725,1
16726,1
16727,0
16728,0
16729,1
16730,2
16731,0
16732,0
16733,1
16734,0
16735,1
16736,0
16737,0
16738,0
16739,0
16740,1
16741,1
16742,2
16743,2
16744,0
16745,1
16746,0
16747,0
16748,1
16749,0
16750,0
16751,1
16752,0
16753,1
16754,1
16755,2
16756,1
16757,1
16758,0
16759,0
16760,0
16761,1
16762,1
16763,1
16764,0
16765,0
16766,0
16767,0
16768,0
16769,0
16770,1
16771,1
16772,1
16773,1
16774,1
16775,1
16776,0
16777,0
16778,1
16779,0
16780,1
16781,1
16782,1
16783,0
16784,1
16785,0
16786,0
16787,1
16788,1
16789,0
16790,1
16791,0
16792,1
16793,0
16794,0
16795,0
16796,0
16797,1
16798,0
16799,1
16800,1
16801,1
16802,0
16803,0
16804,1
16805,1
16806,0
16807,0
16808,1
16809,1
16810,0
16811,0
16812,0
16813,0
16814,1
16815,1
16816,0
16817,0
16818,1
16819,1
16820,0
16821,1
16822,1
16823,1
16824,0
16825,1
16826,0
16827,1
16828,1
16829,0
16830,1
16831,2
16832,0
16833,0
16834,0
16835,1
16836,0
16837,1
16838,2
16839,0
16840,2
16841,0
16842,1
16843,1
16844,1
16845,0
16846,0
16847,0
16848,0
16849,0
16850,1
16851,0
16852,0
16853,0
16854,0
16855,0
16856,0
16857,0
16858,1
16859,1
16860,0
16861,0
16862,0
16863,1
16864,0
16865,1
16866,0
16867,0
16868,1
16869,0
16870,0
16871,0
16872,0
16873,0
16874,0
16875,0
16876,1
16877,1
16878,0
16879,0
16880,0
16881,0
16882,0
16883,0
16884,0
16885,0
16886,0
16887,0
16888,2
16889,1
16890,1
16891,0
16892,0
16893,0
16894,0
16895,0
16896,0
16897,0
16898,0
16899,0
16900,0
16901,1
16902,2
16903,1
16904,1
16905,1
16906,0
16907,0
16908,0
16909,0
16910,0
16911,0
16912,2
16913,1
16914,0
16915,0
16916,0
16917,0
16918,0
16919,0
16920,1
16921,1
16922,0
16923,2
16924,0
16925,0
16926,0
16927,0
16928,1
16929,0
16930,1
16931,0
16932,1
16933,0
16934,1
16935,1
16936,0
16937,0
16938,0
16939,1
16940,1
16941,1
16942,0
16943,0
16944,1
16945,0
16946,0
16947,0
16948,2
16949,1
16950,1
16951,1
16952,0
16953,1
16954,1
16955,1
16956,0
16957,0
16958,0
16959,2
16960,1
16961,2
16962,0
16963,0
16964,1
16965,1
16966,1
16967,0
16968,0
16969,1
16970,1
16971,0
16972,0
16973,0
16974,0
16975,0
16976,0
16977,0
16978,0
16979,0
16980,1
16981,0
16982,0
16983,1
16984,1
16985,2
16986,0
16987,0
16988,1
16989,0
16990,0
16991,0
16992,0
16993,0
16994,0
16995,0
16996,0
16997,0
16998,0
16999,0
17000,1
17001,1
17002,0
17003,1
17004,0
17005,2
17006,0
17007,0
17008,0
17009,1
17010,1
17011,1
17012,0
17013,0
17014,0
17015,1
17016,1
17017,0
17018,0
17019,0
17020,0
17021,0
17022,1
17023,0
17024,1
17025,0
17026,1
17027,0
17028,0
17029,0
17030,0
17031,0
17032,1
17033,1
17034,1
17035,0
17036,0
17037,1
17038,0
17039,0
17040,0
17041,0
17042,0
17043,0
17044,0
17045,0
17046,0
17047,1
17048,1
17049,0
17050,0
17051,2
17052,0
17053,0
17054,0
17055,1
17056,0
17057,0
17058,0
17059,0
17060,0
17061,1
17062,1
17063,0
17064,1
17065,0
17066,1
17067,0
17068,2
17069,1
17070,1
17071,1
17072,0
17073,0
17074,0
17075,0
17076,1
17077,0
17078,0
17079,0
17080,0
17081,0
17082,1
17083,0
17084,1
17085,0
17086,0
17087,2
17088,0
17089,0
17090,0
17091,0
17092,1
17093,0
17094,0
17095,0
17096,1
17097,1
17098,1
17099,1
17100,1
17101,0
17102,1
17103,0
17104,1
17105,1
17106,0
17107,0
17108,0
17109,1
17110,0
17111,1
17112,0
17113,1
17114,1
17115,0
17116,1
17117,0
17118,1
17119,0
17120,1
17121,0
17122,1
17123,1
17124,0
17125,1
17126,1
17127,0
17128,0
17129,1
17130,0
17131,0
17132,0
17133,0
17134,0
17135,0
17136,1
17137,0
17138,0
17139,0
17140,0
17141,1
17142,0
17143,0
17144,0
17145,1
17146,0
17147,0
17148,0
17149,0
17150,0
17151,0
17152,2
17153,0
17154,0
17155,1
17156,0
17157,0
17158,0
17159,0
17160,0
17161,1
17162,0
17163,0
17164,0
17165,0
17166,0
17167,1
17168,1
17169,0
17170,0
17171,0
17172,0
17173,1
17174,0
17175,2
17176,1
17177,0
17178,0
17179,1
17180,0
17181,1
17182,0
17183,0
17184,1
17185,0
17186,1
17187,0
17188,1
17189,1
17190,1
17191,0
17192,0
17193,0
17194,1
17195,2
17196,0
17197,0
17198,0
17199,1
17200,1
17201,2
17202,1
17203,1
17204,1
17205,0
17206,1
17207,0
17208,0
17209,1
17210,1
17211,1
17212,2
17213,0
17214,1
17215,0
17216,0
17217,0
17218,1
17219,0
17220,1
17221,0
17222,0
17223,1
17224,1
17225,0
17226,1
17227,0
17228,0
17229,0
17230,1
17231,1
17232,0
17233,0
17234,0
17235,1
17236,1
17237,1
17238,0
17239,1
17240,0
17241,0
17242,1
17243,0
17244,1
17245,0
17246,1
17247,0
17248,0
17249,0
17250,0
17251,0
17252,0
17253,1
17254,0
17255,0
17256,0
17257,1
17258,0
17259,0
17260,1
17261,1
17262,1
17263,1
17264,0
17265,0
17266,1
17267,1
17268,0
17269,1
17270,0
17271,1
17272,1
17273,2
17274,1
17275,1
17276,0
17277,0
17278,0
17279,1
17280,0
17281,0
17282,0
17283,1
17284,1
17285,0
17286,1
17287,0
17288,0
17289,0
17290,0
17291,0
17292,0
17293,1
17294,0
17295,0
17296,0
17297,0
17298,0
17299,1
17300,0
17301,1
17302,1
17303,1
17304,1
17305,1
17306,0
17307,0
17308,1
17309,0
17310,0
17311,0
17312,1
17313,1
17314,1
17315,1
17316,0
17317,1
17318,1
17319,1
17320,0
17321,2
17322,2
17323,0
17324,0
17325,0
17326,1
17327,1
17328,0
17329,1
17330,0
17331,1
17332,0
17333,0
17334,0
17335,1
17336,1
17337,1
17338,0
17339,0
17340,0
17341,2
17342,0
17343,0
17344,1
17345,1
17346,0
17347,0
17348,0
17349,0
17350,1
17351,0
17352,1
17353,2
17354,0
17355,1
17356,0
17357,0
17358,1
17359,1
17360,0
17361,0
17362,1
17363,0
17364,1
17365,1
17366,1
17367,1
17368,0
17369,0
17370,0
17371,0
17372,1
17373,1
17374,1
17375,0
17376,1
17377,1
17378,0
17379,0
17380,0
17381,1
17382,0
17383,0
17384,0
17385,0
17386,1
17387,1
17388,1
17389,0
17390,0
17391,1
17392,0
17393,0
17394,1
17395,1
17396,1
17397,1
17398,0
17399,0
17400,0
17401,0
17402,1
17403,0
17404,0
17405,0
17406,1
17407,1
17408,1
17409,1
17410,1
17411,0
17412,0
17413,0
17414,1
17415,2
17416,1
17417,1
17418,1
17419,1
17420,0
17421,2
17422,0
17423,0
17424,1
17425,1
17426,0
17427,1
17428,0
17429,0
17430,1
17431,0
17432,1
17433,1
17434,1
17435,0
17436,1
17437,0
17438,0
17439,0
17440,1
17441,0
17442,0
17443,1
17444,0
17445,1
17446,0
17447,0
17448,1
17449,0
17450,0
17451,0
17452,0
17453,0
17454,0
17455,1
17456,0
17457,0
17458,1
17459,0
17460,1
17461,0
17462,0
17463,0
17464,1
17465,0
17466,0
17467,0
17468,0
17469,0
17470,1
17471,1
17472,0
17473,1
17474,0
17475,0
17476,1
17477,0
17478,1
17479,1
17480,1
17481,0
17482,1
17483,0
17484,1
17485,1
17486,1
17487,1
17488,0
17489,0
17490,0
17491,0
17492,0
17493,0
17494,0
17495,1
17496,0
17497,0
17498,2
17499,0
17500,1
17501,0
17502,0
17503,1
17504,1
17505,0
17506,1
17507,0
17508,1
17509,0
17510,0
17511,1
17512,0
17513,1
17514,0
17515,0
17516,0
17517,0
17518,1
17519,0
17520,1
17521,1
17522,0
17523,0
17524,0
17525,0
17526,0
17527,0
17528,1
17529,1
17530,0
17531,0
17532,0
17533,1
17534,1
17535,0
17536,0
17537,0
17538,1
17539,1
17540,2
17541,0
17542,0
17543,2
17544,1
17545,1
17546,1
17547,0
17548,1
17549,0
17550,0
17551,0
17552,0
17553,0
17554,1
17555,0
17556,0
17557,0
17558,0
17559,0
17560,1
17561,1
17562,0
17563,0
17564,0
17565,1
17566,0
17567,0
17568,0
17569,0
17570,0
17571,0
17572,0
17573,0
17574,0
17575,0
17576,1
17577,0
17578,1
17579,1
17580,0
17581,0
17582,0
17583,1
17584,1
17585,1
17586,2
17587,1
17588,1
17589,0
17590,0
17591,0
17592,0
17593,1
17594,0
17595,0
17596,0
17597,0
17598,1
17599,0
17600,0
17601,0
17602,0
17603,2
17604,0
17605,2
17606,1
17607,0
17608,1
17609,1
17610,0
17611,1
17612,0
17613,1
17614,1
17615,1
17616,1
17617,1
17618,0
17619,0
17620,1
17621,0
17622,0
17623,1
17624,1
17625,1
17626,1
17627,2
17628,1
17629,1
17630,0
17631,0
17632,1
17633,1
17634,0
17635,0
17636,0
17637,2
17638,0
17639,0
17640,0
17641,0
17642,1
17643,1
17644,0
17645,0
17646,1
17647,1
17648,1
17649,0
17650,0
17651,0
17652,0
17653,0
17654,2
17655,0
17656,1
17657,1
17658,0
17659,0
17660,0
17661,1
17662,1
17663,0
17664,0
17665,1
17666,0
17667,0
17668,1
17669,2
17670,0
17671,0
17672,0
17673,0
17674,0
17675,0
17676,0
17677,0
17678,0
17679,0
17680,1
17681,0
17682,0
17683,1
17684,0
17685,0
17686,1
17687,0
17688,0
17689,0
17690,0
17691,0
17692,0
17693,0
17694,0
17695,0
17696,1
17697,1
17698,0
17699,0
17700,1
17701,0
17702,0
17703,1
17704,0
17705,1
17706,0
17707,0
17708,1
17709,1
17710,0
17711,0
17712,0
17713,0
17714,0
17715,2
17716,1
17717,1
17718,1
17719,0
17720,0
17721,1
17722,2
17723,0
17724,2
17725,0
17726,0
17727,0
17728,0
17729,1
17730,0
17731,1
17732,0
17733,0
17734,1
17735,0
17736,0
17737,1
17738,0
17739,0
17740,0
17741,0
17742,0
17743,1
17744,2
17745,0
17746,1
17747,0
17748,1
17749,0
17750,1
17751,1
17752,1
17753,0
17754,1
17755,0
17756,1
17757,0
17758,1
17759,1
17760,1
17761,0
17762,1
17763,1
17764,1
17765,0
17766,0
17767,1
17768,0
17769,1
17770,1
17771,1
17772,0
17773,2
17774,0
17775,1
17776,1
17777,1
17778,1
17779,0
17780,1
17781,0
17782,1
17783,0
17784,0
17785,0
17786,0
17787,0
17788,0
17789,1
17790,1
17791,0
17792,1
17793,0
17794,0
17795,1
17796,1
17797,0
17798,1
17799,0
17800,1
17801,1
17802,1
17803,0
17804,1
17805,0
17806,0
17807,0
17808,1
17809,0
17810,1
17811,2
17812,1
17813,0
17814,1
17815,0
17816,0
17817,1
17818,0
17819,0
17820,0
17821,1
17822,1
17823,0
17824,1
17825,0
17826,0
17827,1
17828,0
17829,0
17830,1
17831,0
17832,2
17833,0
17834,0
17835,0
17836,0
17837,1
17838,1
17839,0
17840,0
17841,0
17842,0
17843,0
17844,1
17845,0
17846,1
17847,0
17848,1
17849,2
17850,0
17851,0
17852,1
17853,0
17854,0
17855,1
17856,1
17857,0
17858,0
17859,1
17860,0
17861,1
17862,1
17863,0
17864,0
17865,0
17866,0
17867,0
17868,0
17869,0
17870,0
17871,1
17872,0
17873,1
17874,1
17875,0
17876,0
17877,0
17878,0
17879,1
17880,1
17881,1
17882,0
17883,1
17884,0
17885,0
17886,1
17887,1
17888,1
17889,0
17890,0
17891,1
17892,0
17893,0
17894,1
17895,0
17896,1
17897,0
17898,0
17899,0
17900,0
17901,1
17902,0
17903,0
17904,0
17905,0
17906,0
17907,0
17908,0
17909,0
17910,0
17911,0
17912,0
17913,1
17914,0
17915,0
17916,0
17917,0
17918,0
17919,0
17920,0
17921,1
17922,0
17923,0
17924,0
17925,2
17926,0
17927,2
17928,0
17929,1
17930,0
17931,0
17932,0
17933,0
17934,2
17935,0
17936,1
17937,1
17938,0
17939,0
17940,0
17941,0
17942,0
17943,0
17944,0
17945,0
17946,0
17947,1
17948,0
17949,1
17950,0
17951,0
17952,0
17953,1
17954,1
17955,1
17956,0
17957,0
17958,0
17959,0
17960,1
17961,0
17962,0
17963,0
17964,0
17965,0
17966,0
17967,1
17968,1
17969,2
17970,0
17971,0
17972,0
17973,0
17974,0
17975,0
17976,1
17977,1
17978,1
17979,1
17980,1
17981,1
17982,0
17983,0
17984,0
17985,1
17986,1
17987,1
17988,0
17989,2
17990,1
17991,1
17992,2
17993,1
17994,0
17995,0
17996,0
17997,1
17998,1
17999,1
18000,1
18001,1
18002,0
18003,0
18004,1
18005,1
18006,2
18007,1
18008,1
18009,2
18010,1
18011,0
18012,1
18013,0
18014,1
18015,2
18016,1
18017,0
18018,0
18019,0
18020,0
18021,0
18022,1
18023,0
18024,0
18025,1
18026,1
18027,0
18028,0
18029,1
18030,1
18031,0
18032,0
18033,1
18034,0
18035,0
18036,1
18037,0
18038,1
18039,2
18040,0
18041,0
18042,0
18043,0
18044,1
18045,0
18046,0
18047,0
18048,1
18049,1
18050,0
18051,0
18052,0
18053,1
18054,0
18055,0
18056,1
18057,0
18058,0
18059,2
18060,0
18061,0
18062,1
18063,0
18064,0
18065,0
18066,1
18067,1
18068,0
18069,1
18070,1
18071,0
18072,0
18073,0
18074,0
18075,1
18076,0
18077,1
18078,1
18079,1
18080,1
18081,0
18082,0
18083,0
18084,0
18085,0
18086,0
18087,0
18088,0
18089,1
18090,0
18091,0
18092,0
18093,0
18094,0
18095,1
18096,1
18097,0
18098,0
18099,0
18100,0
18101,0
18102,1
18103,1
18104,0
18105,0
18106,0
18107,1
18108,0
18109,0
18110,1
18111,0
18112,1
18113,0
18114,0
18115,0
18116,0
18117,0
18118,0
18119,0
18120,0
18121,0
18122,0
18123,0
18124,0
18125,0
18126,1
18127,1
18128,1
18129,1
18130,0
18131,1
18132,0
18133,0
18134,1
18135,1
18136,1
18137,0
18138,0
18139,0
18140,2
18141,1
18142,0
18143,0
18144,0
18145,0
18146,1
18147,0
18148,0
18149,1
18150,0
18151,1
18152,0
18153,1
18154,0
18155,0
18156,0
18157,0
18158,1
18159,0
18160,0
18161,1
18162,1
18163,1
18164,2
18165,1
18166,1
18167,1
18168,0
18169,1
18170,1
18171,1
18172,0
18173,0
18174,0
18175,0
18176,0
18177,0
18178,0
18179,1
18180,1
18181,0
18182,0
18183,0
18184,0
18185,0
18186,0
18187,0
18188,1
18189,0
18190,0
18191,0
18192,0
18193,0
18194,0
18195,1
18196,1
18197,2
18198,1
18199,0
18200,0
18201,0
18202,1
18203,1
18204,0
18205,0
18206,1
18207,0
18208,1
18209,1
18210,0
18211,0
18212,1
18213,0
18214,0
18215,0
18216,0
18217,0
18218,0
18219,1
18220,1
18221,0
18222,1
18223,0
18224,1
18225,0
18226,0
18227,0
18228,0
18229,1
18230,0
18231,0
18232,0
18233,0
18234,2
18235,0
18236,0
18237,1
18238,0
18239,0
18240,0
18241,1
18242,1
18243,0
18244,0
18245,0
18246,0
18247,0
18248,0
18249,2
18250,0
18251,0
18252,2
18253,2
18254,2
18255,2
18256,0
18257,0
18258,1
18259,0
18260,0
18261,1
18262,0
18263,0
18264,0
18265,0
18266,1
18267,2
18268,0
18269,2
18270,0
18271,1
18272,1
18273,0
18274,2
18275,1
18276,0
18277,0
18278,0
18279,1
18280,1
18281,0
18282,0
18283,1
18284,1
18285,1
18286,1
18287,0
18288,1
18289,0
18290,0
18291,0
18292,1
18293,2
18294,0
18295,0
18296,1
18297,0
18298,0
18299,2
18300,1
18301,0
18302,1
18303,1
18304,2
18305,0
18306,0
18307,0
18308,1
18309,0
18310,0
18311,0
18312,1
18313,0
18314,0
18315,0
18316,1
18317,0
18318,1
18319,0
18320,0
18321,0
18322,0
18323,0
18324,1
18325,1
18326,2
18327,0
18328,0
18329,1
18330,0
18331,0
18332,0
18333,0
18334,0
18335,0
18336,1
18337,1
18338,0
18339,0
18340,0
18341,0
18342,0
18343,0
18344,1
18345,0
18346,0
18347,0
18348,0
18349,1
18350,1
18351,0
18352,0
18353,0
18354,1
18355,1
18356,0
18357,1
18358,1
18359,1
18360,1
18361,0
18362,0
18363,0
18364,1
18365,0
18366,0
18367,0
18368,1
18369,0
18370,1
18371,1
18372,0
18373,0
18374,0
18375,1
18376,0
18377,0
18378,1
18379,0
18380,0
18381,0
18382,1
18383,0
18384,0
18385,1
18386,1
18387,1
18388,0
18389,1
18390,1
18391,1
18392,1
18393,0
18394,0
18395,1
18396,0
18397,0
18398,0
18399,1
18400,0
18401,0
18402,0
18403,1
18404,2
18405,1
18406,2
18407,0
18408,0
18409,0
18410,0
18411,1
18412,1
18413,1
18414,0
18415,0
18416,0
18417,0
18418,1
18419,0
18420,0
18421,0
18422,1
18423,0
18424,0
18425,0
18426,0
18427,0
18428,0
18429,1
18430,0
18431,1
18432,0
18433,1
18434,0
18435,1
18436,1
18437,0
18438,0
18439,0
18440,2
18441,1
18442,0
18443,0
18444,1
18445,0
18446,0
18447,1
18448,1
18449,1
18450,0
18451,0
18452,1
18453,2
18454,1
18455,1
18456,1
18457,0
18458,0
18459,1
18460,0
18461,1
18462,1
18463,1
18464,1
18465,1
18466,0
18467,1
18468,1
18469,0
18470,0
18471,1
18472,1
18473,0
18474,2
18475,1
18476,0
18477,1
18478,0
18479,1
18480,0
18481,0
18482,0
18483,0
18484,1
18485,1
18486,0
18487,0
18488,1
18489,0
18490,1
18491,0
18492,1
18493,0
18494,0
18495,1
18496,1
18497,1
18498,1
18499,1
18500,1
18501,1
18502,0
18503,0
18504,0
18505,0
18506,1
18507,1
18508,0
18509,1
18510,0
18511,1
18512,0
18513,1
18514,1
18515,1
18516,1
18517,1
18518,0
18519,0
18520,0
18521,2
18522,0
18523,1
18524,0
18525,2
18526,1
18527,0
18528,0
18529,0
18530,0
18531,0
18532,0
18533,0
18534,2
18535,0
18536,0
18537,0
18538,1
18539,0
18540,0
18541,1
18542,0
18543,0
18544,0
18545,0
18546,0
18547,1
18548,0
18549,0
18550,1
18551,1
18552,1
18553,1
18554,0
18555,0
18556,0
18557,0
18558,1
18559,0
18560,1
18561,0
18562,2
18563,1
18564,0
18565,1
18566,0
18567,1
18568,0
18569,0
18570,1
18571,0
18572,0
18573,1
18574,0
18575,0
18576,0
18577,1
18578,0
18579,0
18580,0
18581,0
18582,0
18583,1
18584,1
18585,1
18586,0
18587,0
18588,1
18589,1
18590,1
18591,0
18592,0
18593,1
18594,0
18595,0
18596,0
18597,0
18598,1
18599,0
18600,0
18601,1
18602,0
18603,0
18604,0
18605,1
18606,0
18607,0
18608,0
18609,0
18610,0
18611,1
18612,0
18613,0
18614,2
18615,1
18616,0
18617,1
18618,1
18619,0
18620,1
18621,0
18622,2
18623,2
18624,1
18625,0
18626,1
18627,0
18628,0
18629,0
18630,1
18631,0
18632,1
18633,0
18634,0
18635,1
18636,1
18637,1
18638,1
18639,1
18640,0
18641,1
18642,1
18643,1
18644,1
18645,0
18646,1
18647,0
18648,0
18649,0
18650,1
18651,0
18652,0
18653,0
18654,0
18655,1
18656,1
18657,0
18658,0
18659,1
18660,0
18661,0
18662,0
18663,1
18664,1
18665,0
18666,0
18667,2
18668,1
18669,0
18670,1
18671,0
18672,0
18673,0
18674,1
18675,1
18676,1
18677,0
18678,1
18679,2
18680,1
18681,0
18682,0
18683,0
18684,2
18685,2
18686,0
18687,0
18688,0
18689,0
18690,1
18691,0
18692,0
18693,1
18694,1
18695,1
18696,0
18697,1
18698,1
18699,0
18700,1
18701,0
18702,1
18703,0
18704,0
18705,1
18706,2
18707,0
18708,0
18709,0
18710,1
18711,1
18712,0
18713,0
18714,0
18715,2
18716,0
18717,0
18718,0
18719,2
18720,0
18721,0
18722,0
18723,0
18724,0
18725,0
18726,1
18727,1
18728,0
18729,1
18730,0
18731,0
18732,0
18733,1
18734,0
18735,0
18736,0
18737,1
18738,0
18739,0
18740,0
18741,1
18742,1
18743,0
18744,0
18745,1
18746,0
18747,0
18748,1
18749,0
18750,1
18751,0
18752,0
18753,0
18754,0
18755,2
18756,0
18757,1
18758,0
18759,0
18760,0
18761,0
18762,0
18763,0
18764,0
18765,0
18766,0
18767,0
18768,1
18769,1
18770,1
18771,1
18772,0
18773,0
18774,1
18775,2
18776,1
18777,1
18778,0
18779,0
18780,1
18781,0
18782,0
18783,1
18784,0
18785,0
18786,0
18787,1
18788,0
18789,0
18790,2
18791,0
18792,1
18793,0
18794,0
18795,0
18796,0
18797,0
18798,0
18799,0
18800,0
18801,0
18802,0
18803,1
18804,1
18805,2
18806,2
18807,0
18808,0
18809,0
18810,0
18811,0
18812,1
18813,0
18814,1
18815,0
18816,0
18817,1
18818,0
18819,0
18820,0
18821,1
18822,0
18823,1
18824,1
18825,1
18826,0
18827,1
18828,0
18829,1
18830,0
18831,1
18832,1
18833,0
18834,1
18835,0
18836,0
18837,1
18838,0
18839,1
18840,1
18841,0
18842,0
18843,0
18844,0
18845,0
18846,1
18847,0
18848,0
18849,1
18850,0
18851,0
18852,0
18853,0
18854,1
18855,0
18856,1
18857,1
18858,1
18859,0
18860,0
18861,1
18862,0
18863,0
18864,1
18865,1
18866,0
18867,1
18868,1
18869,1
18870,0
18871,1
18872,1
18873,0
18874,0
18875,1
18876,0
18877,0
18878,2
18879,0
18880,0
18881,2
18882,1
18883,0
18884,0
18885,1
18886,0
18887,0
18888,0
18889,0
18890,1
18891,0
18892,1
18893,0
18894,0
18895,1
18896,0
18897,1
18898,1
18899,0
18900,1
18901,1
18902,0
18903,1
18904,0
18905,1
18906,1
18907,0
18908,0
18909,0
18910,0
18911,1
18912,0
18913,0
18914,0
18915,2
18916,1
18917,2
18918,1
18919,1
18920,1
18921,0
18922,0
18923,1
18924,0
18925,0
18926,1
18927,1
18928,1
18929,0
18930,0
18931,2
18932,1
18933,0
18934,0
18935,0
18936,2
18937,0
18938,1
18939,1
18940,0
18941,0
18942,1
18943,1
18944,0
18945,0
18946,1
18947,1
18948,0
18949,1
18950,0
18951,0
18952,0
18953,1
18954,1
18955,0
18956,0
18957,1
18958,1
18959,2
18960,0
18961,0
18962,1
18963,0
18964,0
18965,1
18966,1
18967,0
18968,0
18969,1
18970,0
18971,1
18972,1
18973,0
18974,1
18975,1
18976,0
18977,2
18978,1
18979,1
18980,0
18981,0
18982,1
18983,0
18984,0
18985,1
18986,2
18987,0
18988,0
18989,0
18990,1
18991,1
18992,0
18993,0
18994,1
18995,1
18996,0
18997,0
18998,0
18999,0
19000,1
19001,0
19002,0
19003,0
19004,0
19005,0
19006,1
19007,1
19008,1
19009,0
19010,1
19011,1
19012,0
19013,0
19014,1
19015,0
19016,0
19017,0
19018,1
19019,1
19020,1
19021,0
19022,1
19023,0
19024,0
19025,0
19026,0
19027,1
19028,0
19029,1
19030,0
19031,0
19032,0
19033,0
19034,0
19035,0
19036,1
19037,0
19038,0
19039,0
19040,0
19041,1
19042,0
19043,2
19044,1
19045,0
19046,2
19047,1
19048,0
19049,0
19050,0
19051,2
19052,0
19053,1
19054,0
19055,2
19056,0
19057,0
19058,1
19059,0
19060,0
19061,0
19062,0
19063,0
19064,0
19065,0
19066,0
19067,1
19068,0
19069,1
19070,1
19071,0
19072,1
19073,1
19074,0
19075,1
19076,0
19077,0
19078,1
19079,1
19080,1
19081,0
19082,0
19083,0
19084,0
19085,1
19086,0
19087,0
19088,0
19089,2
19090,1
19091,1
19092,1
19093,0
19094,0
19095,0
19096,1
19097,1
19098,0
19099,1
19100,1
19101,0
19102,1
19103,0
19104,0
19105,0
19106,0
19107,1
19108,0
19109,0
19110,2
19111,1
19112,1
19113,1
19114,0
19115,1
19116,0
19117,1
19118,1
19119,1
19120,0
19121,0
19122,1
19123,0
19124,1
19125,0
19126,0
19127,1
19128,0
19129,1
19130,1
19131,0
19132,1
19133,1
19134,0
19135,0
19136,0
19137,0
19138,0
19139,0
19140,1
19141,0
19142,0
19143,0
19144,0
19145,0
19146,0
19147,1
19148,0
19149,1
19150,0
19151,0
19152,0
19153,0
19154,0
19155,0
19156,0
19157,1
19158,0
19159,0
19160,1
19161,0
19162,2
19163,1
19164,1
19165,0
19166,1
19167,1
19168,0
19169,0
19170,0
19171,0
19172,1
19173,0
19174,0
19175,0
19176,0
19177,1
19178,1
19179,0
19180,1
19181,0
19182,0
19183,1
19184,0
19185,1
19186,0
19187,1
19188,0
19189,2
19190,1
19191,1
19192,0
19193,1
19194,0
19195,1
19196,0
19197,0
19198,1
19199,1
19200,0
19201,0
19202,0
19203,0
19204,1
19205,1
19206,1
19207,0
19208,0
19209,0
19210,1
19211,0
19212,1
19213,1
19214,0
19215,1
19216,0
19217,0
19218,1
19219,0
19220,1
19221,0
19222,1
19223,0
19224,0
19225,0
19226,0
19227,2
19228,0
19229,0
19230,0
19231,0
19232,0
19233,1
19234,1
19235,1
19236,0
19237,1
19238,1
19239,1
19240,0
19241,1
19242,0
19243,0
19244,1
19245,1
19246,1
19247,0
19248,0
19249,0
19250,0
19251,1
19252,1
19253,1
19254,1
19255,1
19256,0
19257,1
19258,0
19259,1
19260,1
19261,1
19262,1
19263,0
19264,0
19265,0
19266,1
19267,2
19268,0
19269,0
19270,0
19271,0
19272,2
19273,0
19274,1
19275,1
19276,0
19277,0
19278,0
19279,1
19280,1
19281,2
19282,2
19283,0
19284,0
19285,0
19286,0
19287,0
19288,1
19289,0
19290,1
19291,1
19292,1
19293,0
19294,0
19295,1
19296,1
19297,0
19298,2
19299,1
19300,0
19301,0
19302,1
19303,1
19304,1
19305,0
19306,0
19307,1
19308,1
19309,1
19310,2
19311,0
19312,1
19313,1
19314,0
19315,0
19316,0
19317,0
19318,0
19319,0
19320,0
19321,0
19322,0
19323,0
19324,1
19325,0
19326,0
19327,1
19328,0
19329,0
19330,0
19331,1
19332,0
19333,0
19334,0
19335,0
19336,0
19337,1
19338,0
19339,0
19340,0
19341,0
19342,1
19343,1
19344,1
19345,0
19346,0
19347,1
19348,0
19349,0
19350,1
19351,1
19352,0
19353,1
19354,0
19355,0
19356,0
19357,0
19358,1
19359,0
19360,0
19361,1
19362,1
19363,0
19364,0
19365,1
19366,0
19367,1
19368,0
19369,0
19370,1
19371,1
19372,1
19373,0
19374,0
19375,0
19376,1
19377,0
19378,1
19379,0
19380,0
19381,0
19382,1
19383,1
19384,0
19385,0
19386,0
19387,1
19388,1
19389,0
19390,0
19391,0
19392,0
19393,1
19394,1
19395,0
19396,0
19397,0
19398,1
19399,1
19400,0
19401,1
19402,1
19403,1
19404,1
19405,1
19406,1
19407,2
19408,0
19409,1
19410,0
19411,0
19412,1
19413,0
19414,1
19415,1
19416,0
19417,0
19418,1
19419,0
19420,0
19421,0
19422,0
19423,1
19424,1
19425,0
19426,1
19427,0
19428,0
19429,0
19430,0
19431,1
19432,0
19433,1
19434,0
19435,0
19436,1
19437,1
19438,0
19439,1
19440,1
19441,0
19442,1
19443,0
19444,0
19445,0
19446,0
19447,1
19448,0
19449,2
19450,2
19451,0
19452,0
19453,0
19454,0
19455,1
19456,0
19457,0
19458,1
19459,1
19460,0
19461,1
19462,1
19463,1
19464,0
19465,1
19466,1
19467,2
19468,2
19469,0
19470,1
19471,1
19472,1
19473,1
19474,0
19475,1
19476,0
19477,1
19478,1
19479,0
19480,0
19481,0
19482,0
19483,0
19484,1
19485,1
19486,0
19487,0
19488,2
19489,0
19490,1
19491,0
19492,1
19493,0
19494,1
19495,1
19496,2
19497,0
19498,2
19499,1
19500,0
19501,0
19502,1
19503,0
19504,0
19505,0
19506,0
19507,1
19508,0
19509,0
19510,0
19511,0
19512,0
19513,0
19514,1
19515,0
19516,1
19517,1
19518,0
19519,1
19520,1
19521,0
19522,1
19523,1
19524,0
19525,0
19526,0
19527,0
19528,0
19529,1
19530,1
19531,2
19532,0
19533,1
19534,0
19535,0
19536,0
19537,1
19538,1
19539,0
19540,0
19541,0
19542,0
19543,2
19544,0
19545,1
19546,0
19547,2
19548,0
19549,1
19550,0
19551,1
19552,0
19553,0
19554,0
19555,0
19556,1
19557,1
19558,0
19559,0
19560,0
19561,0
19562,0
19563,1
19564,0
19565,1
19566,0
19567,1
19568,2
19569,0
19570,1
19571,1
19572,0
19573,0
19574,0
19575,1
19576,0
19577,0
19578,1
19579,0
19580,1
19581,0
19582,1
19583,1
19584,0
19585,0
19586,0
19587,1
19588,0
19589,0
19590,0
19591,0
19592,1
19593,1
19594,1
19595,1
19596,0
19597,0
19598,1
19599,0
19600,0
19601,0
19602,0
19603,1
19604,1
19605,0
19606,1
19607,0
19608,0
19609,0
19610,0
19611,1
19612,0
19613,1
19614,0
19615,0
19616,1
19617,0
19618,1
19619,1
19620,1
19621,1
19622,0
19623,0
19624,0
19625,0
19626,0
19627,1
19628,0
19629,0
19630,0
19631,1
19632,1
19633,0
19634,1
19635,1
19636,0
19637,1
19638,0
19639,1
19640,1
19641,0
19642,0
19643,1
19644,1
19645,1
19646,1
19647,0
19648,0
19649,1
19650,0
19651,0
19652,1
19653,1
19654,0
19655,1
19656,1
19657,1
19658,0
19659,0
19660,0
19661,1
19662,1
19663,0
19664,0
19665,0
19666,1
19667,0
19668,0
19669,0
19670,1
19671,1
19672,0
19673,0
19674,1
19675,0
19676,2
19677,0
19678,0
19679,0
19680,0
19681,1
19682,0
19683,0
19684,0
19685,0
19686,1
19687,0
19688,0
19689,0
19690,1
19691,0
19692,0
19693,0
19694,0
19695,1
19696,0
19697,0
19698,0
19699,1
19700,2
19701,0
19702,0
19703,1
19704,1
19705,0
19706,2
19707,1
19708,0
19709,0
19710,1
19711,0
19712,0
19713,0
19714,0
19715,0
19716,1
19717,0
19718,0
19719,0
19720,0
19721,0
19722,0
19723,1
19724,1
19725,1
19726,0
19727,1
19728,0
19729,1
19730,2
19731,2
19732,0
19733,0
19734,0
19735,1
19736,0
19737,1
19738,0
19739,1
19740,0
19741,0
19742,1
19743,0
19744,1
19745,1
19746,1
19747,0
19748,0
19749,0
19750,0
19751,0
19752,0
19753,0
19754,1
19755,1
19756,0
19757,0
19758,0
19759,0
19760,1
19761,0
19762,0
19763,0
19764,0
19765,0
19766,1
19767,1
19768,1
19769,2
19770,1
19771,0
19772,0
19773,0
19774,0
19775,1
19776,1
19777,0
19778,1
19779,2
19780,0
19781,0
19782,1
19783,0
19784,0
19785,0
19786,0
19787,0
19788,0
19789,0
19790,0
19791,1
19792,0
19793,0
19794,0
19795,0
19796,0
19797,2
19798,1
19799,1
19800,1
19801,1
19802,0
19803,1
19804,0
19805,0
19806,1
19807,0
19808,1
19809,0
19810,1
19811,1
19812,0
19813,1
19814,0
19815,0
19816,1
19817,1
19818,1
19819,0
19820,0
19821,1
19822,1
19823,0
19824,0
19825,0
19826,0
19827,1
19828,1
19829,0
19830,2
19831,0
19832,1
19833,0
19834,0
19835,0
19836,1
19837,1
19838,0
19839,1
19840,0
19841,1
19842,2
19843,0
19844,1
19845,0
19846,1
19847,1
19848,0
19849,0
19850,0
19851,1
19852,1
19853,1
19854,0
19855,1
19856,0
19857,0
19858,0
19859,0
19860,1
19861,0
19862,1
19863,1
19864,0
19865,0
19866,0
19867,0
19868,0
19869,2
19870,1
19871,0
19872,0
19873,0
19874,1
19875,1
19876,1
19877,1
19878,0
19879,2
19880,1
19881,1
19882,0
19883,1
19884,1
19885,0
19886,0
19887,0
19888,0
19889,0
19890,0
19891,0
19892,0
19893,0
19894,0
19895,2
19896,0
19897,1
19898,0
19899,0
19900,1
19901,0
19902,0
19903,0
19904,0
19905,0
19906,1
19907,0
19908,0
19909,0
19910,0
19911,0
19912,0
19913,1
19914,0
19915,0
19916,0
19917,0
19918,0
19919,0
19920,0
19921,0
19922,0
19923,0
19924,1
19925,0
19926,0
19927,0
19928,1
19929,0
19930,0
19931,0
19932,1
19933,1
19934,0
19935,0
19936,0
19937,0
19938,0
19939,1
19940,0
19941,0
19942,0
19943,0
19944,1
19945,0
19946,0
19947,0
19948,0
19949,1
19950,0
19951,2
19952,0
19953,1
19954,0
19955,1
19956,1
19957,0
19958,0
19959,1
19960,0
19961,1
19962,0
19963,1
19964,0
19965,0
19966,1
19967,0
19968,0
19969,0
19970,0
19971,0
19972,0
19973,0
19974,0
19975,1
19976,1
19977,0
19978,0
19979,1
19980,1
19981,0
19982,0
19983,0
19984,0
19985,1
19986,0
19987,1
19988,0
19989,0
19990,0
19991,1
19992,1
19993,1
19994,1
19995,0
19996,1
19997,0
19998,0
19999,1
20000,0
20001,0
20002,0
20003,1
20004,0
20005,0
20006,0
20007,1
20008,0
20009,0
20010,0
20011,1
20012,1
20013,0
20014,1
20015,1
20016,1
20017,1
20018,0
20019,0
20020,0
20021,1
20022,0
20023,2
20024,0
20025,0
20026,2
20027,0
20028,0
20029,1
20030,0
20031,0
20032,1
20033,0
20034,0
20035,0
20036,2
20037,1
20038,0
20039,1
20040,0
20041,0
20042,1
20043,0
20044,0
20045,0
20046,0
20047,1
20048,0
20049,0
20050,0
20051,0
20052,0
20053,1
20054,0
20055,0
20056,1
20057,0
20058,1
20059,0
20060,1
20061,2
20062,0
20063,0
20064,1
20065,1
20066,1
20067,0
20068,0
20069,1
20070,0
20071,1
20072,1
20073,0
20074,1
20075,0
20076,0
20077,1
20078,0
20079,1
20080,0
20081,0
20082,2
20083,1
20084,1
20085,1
20086,1
20087,0
20088,1
20089,0
20090,0
20091,1
20092,0
20093,1
20094,0
20095,1
20096,0
20097,0
20098,0
20099,1
20100,0
20101,2
20102,0
20103,0
20104,0
20105,0
20106,0
20107,0
20108,0
20109,0
20110,1
20111,0
20112,1
20113,1
20114,0
20115,0
20116,1
20117,2
20118,1
20119,0
20120,0
20121,0
20122,0
20123,1
20124,0
20125,0
20126,0
20127,0
20128,1
20129,1
20130,0
20131,1
20132,0
20133,0
20134,0
20135,0
20136,0
20137,0
20138,0
20139,0
20140,2
20141,1
20142,2
20143,0
20144,0
20145,0
20146,0
20147,0
20148,0
20149,1
20150,0
20151,1
20152,0
20153,0
20154,0
20155,1
20156,1
20157,1
20158,1
20159,0
20160,0
20161,0
20162,0
20163,0
20164,0
20165,2
20166,0
20167,0
20168,1
20169,1
20170,0
20171,1
20172,0
20173,0
20174,0
20175,1
20176,1
20177,1
20178,0
20179,0
20180,0
20181,1
20182,0
20183,0
20184,1
20185,2
20186,1
20187,0
20188,0
20189,1
20190,1
20191,0
20192,0
20193,0
20194,0
20195,1
20196,2
20197,0
20198,1
20199,0
20200,1
20201,1
20202,0
20203,1
20204,0
20205,0
20206,0
20207,0
20208,1
20209,1
20210,0
20211,0
20212,1
20213,1
20214,1
20215,0
20216,0
20217,0
20218,0
20219,1
20220,0
20221,1
20222,1
20223,1
20224,0
20225,0
20226,1
20227,0
20228,1
20229,0
20230,0
20231,1
20232,0
20233,0
20234,0
20235,0
20236,0
20237,1
20238,0
20239,0
20240,0
20241,2
20242,0
20243,0
20244,1
20245,0
20246,0
20247,1
20248,0
20249,1
20250,0
20251,1
20252,0
20253,1
20254,1
20255,1
20256,0
20257,1
20258,1
20259,0
20260,0
20261,0
20262,0
20263,0
20264,0
20265,1
20266,0
20267,1
20268,0
20269,0
20270,1
20271,0
20272,1
20273,0
20274,0
20275,0
20276,0
20277,0
20278,0
20279,0
20280,0
20281,1
20282,0
20283,0
20284,1
20285,2
20286,0
20287,0
20288,0
20289,1
20290,1
20291,2
20292,1
20293,0
20294,0
20295,0
20296,1
20297,1
20298,0
20299,0
20300,0
20301,0
20302,1
20303,1
20304,1
20305,1
20306,1
20307,0
20308,1
20309,0
20310,1
20311,0
20312,1
20313,0
20314,1
20315,0
20316,2
20317,0
20318,1
20319,0
20320,0
20321,1
20322,0
20323,0
20324,1
20325,0
20326,1
20327,1
20328,0
20329,0
20330,0
20331,1
20332,0
20333,0
20334,1
20335,0
20336,0
20337,1
20338,0
20339,0
20340,0
20341,0
20342,1
20343,0
20344,0
20345,0
20346,1
20347,1
20348,1
20349,0
20350,0
20351,0
20352,0
20353,2
20354,1
20355,0
20356,0
20357,0
20358,1
20359,0
20360,0
20361,0
20362,0
20363,0
20364,0
20365,0
20366,0
20367,2
20368,1
20369,1
20370,0
20371,1
20372,0
20373,0
20374,0
20375,0
20376,0
20377,1
20378,0
20379,1
20380,1
20381,2
20382,0
20383,0
20384,1
20385,1
20386,0
20387,1
20388,0
20389,0
20390,1
20391,0
20392,0
20393,1
20394,0
20395,0
20396,0
20397,0
20398,0
20399,0
20400,1
20401,0
20402,0
20403,0
20404,1
20405,0
20406,0
20407,1
20408,0
20409,0
20410,1
20411,0
20412,0
20413,0
20414,1
20415,0
20416,0
20417,1
20418,1
20419,0
20420,0
20421,0
20422,0
20423,0
20424,0
20425,1
20426,1
20427,1
20428,2
20429,0
20430,0
20431,0
20432,0
20433,0
20434,2
20435,0
20436,2
20437,1
20438,0
20439,0
20440,0
20441,2
20442,0
20443,1
20444,0
20445,1
20446,0
20447,1
20448,0
20449,0
20450,0
20451,2
20452,1
20453,1
20454,0
20455,0
20456,1
20457,0
20458,0
20459,1
20460,2
20461,1
20462,0
20463,0
20464,0
20465,0
20466,1
20467,1
20468,0
20469,0
20470,0
20471,1
20472,0
20473,0
20474,1
20475,1
20476,1
20477,2
20478,1
20479,0
20480,1
20481,0
20482,0
20483,2
20484,1
20485,1
20486,0
20487,0
20488,1
20489,0
20490,1
20491,1
20492,0
20493,1
20494,0
20495,1
20496,0
20497,1
20498,0
20499,1
20500,1
20501,0
20502,0
20503,0
20504,1
20505,0
20506,2
20507,1
20508,1
20509,0
20510,0
20511,0
20512,0
20513,0
20514,1
20515,1
20516,0
20517,1
20518,0
20519,2
20520,0
20521,1
20522,0
20523,0
20524,0
20525,0
20526,0
20527,0
20528,0
20529,0
20530,1
20531,0
20532,1
20533,0
20534,0
20535,1
20536,1
20537,0
20538,1
20539,1
20540,2
20541,0
20542,0
20543,0
20544,0
20545,1
20546,1
20547,0
20548,0
20549,0
20550,1
20551,0
20552,0
20553,0
20554,0
20555,0
20556,0
20557,0
20558,0
20559,0
20560,0
20561,0
20562,1
20563,0
20564,1
20565,1
20566,2
20567,0
20568,0
20569,0
20570,0
20571,1
20572,1
20573,0
20574,0
20575,1
20576,0
20577,1
20578,1
20579,1
20580,0
20581,0
20582,0
20583,1
20584,1
20585,1
20586,1
20587,0
20588,0
20589,0
20590,0
20591,0
20592,1
20593,1
20594,1
20595,1
20596,0
20597,1
20598,1
20599,0
20600,0
20601,2
20602,1
20603,1
20604,0
20605,2
20606,0
20607,1
20608,1
20609,0
20610,1
20611,1
20612,1
20613,2
20614,2
20615,0
20616,1
20617,2
20618,1
20619,1
20620,0
20621,2
20622,0
20623,0
20624,0
20625,1
20626,0
20627,0
20628,1
20629,0
20630,0
20631,1
20632,0
20633,0
20634,1
20635,1
20636,1
20637,0
20638,1
20639,0
20640,0
20641,1
20642,0
20643,0
20644,1
20645,0
20646,1
20647,1
20648,0
20649,0
20650,0
20651,1
20652,1
20653,1
20654,0
20655,1
20656,1
20657,1
20658,1
20659,1
20660,0
20661,0
20662,1
20663,1
20664,0
20665,0
20666,1
20667,1
20668,0
20669,0
20670,1
20671,1
20672,1
20673,1
20674,0
20675,0
20676,0
20677,0
20678,1
20679,1
20680,0
20681,1
20682,0
20683,1
20684,1
20685,1
20686,0
20687,1
20688,1
20689,0
20690,0
20691,1
20692,0
20693,0
20694,0
20695,0
20696,1
20697,0
20698,1
20699,0
20700,1
20701,0
20702,1
20703,0
20704,0
20705,0
20706,0
20707,0
20708,0
20709,0
20710,0
20711,0
20712,0
20713,0
20714,0
20715,1
20716,1
20717,1
20718,0
20719,0
20720,0
20721,1
20722,2
20723,0
20724,0
20725,0
20726,0
20727,1
20728,0
20729,1
20730,0
20731,2
20732,0
20733,0
20734,1
20735,0
20736,0
20737,1
20738,1
20739,0
20740,0
20741,0
20742,1
20743,2
20744,0
20745,1
20746,0
20747,0
20748,0
20749,1
20750,1
20751,1
20752,1
20753,0
20754,1
20755,0
20756,0
20757,0
20758,0
20759,1
20760,1
20761,0
20762,0
20763,0
20764,1
20765,1
20766,2
20767,1
20768,0
20769,0
20770,0
20771,0
20772,0
20773,0
20774,1
20775,0
20776,1
20777,0
20778,0
20779,0
20780,0
20781,2
20782,1
20783,1
20784,0
20785,1
20786,2
20787,0
20788,1
20789,0
20790,0
20791,0
20792,0
20793,2
20794,1
20795,0
20796,0
20797,2
20798,1
20799,0
20800,1
20801,0
20802,1
20803,0
20804,1
20805,0
20806,2
20807,0
20808,1
20809,1
20810,1
20811,0
20812,0
20813,1
20814,1
20815,1
20816,0
20817,1
20818,1
20819,1
20820,1
20821,0
20822,1
20823,1
20824,1
20825,1
20826,0
20827,0
20828,0
20829,0
20830,0
20831,0
20832,0
20833,0
20834,1
20835,1
20836,0
20837,1
20838,0
20839,0
20840,0
20841,1
20842,0
20843,1
20844,0
20845,1
20846,1
20847,0
20848,1
20849,2
20850,1
20851,0
20852,0
20853,1
20854,0
20855,0
20856,1
20857,0
20858,0
20859,0
20860,0
20861,0
20862,2
20863,0
20864,0
20865,1
20866,0
20867,0
20868,1
20869,0
20870,2
20871,1
20872,0
20873,2
20874,2
20875,0
20876,0
20877,1
20878,1
20879,0
20880,1
20881,1
20882,1
20883,0
20884,1
20885,0
20886,1
20887,0
20888,2
20889,0
20890,1
20891,0
20892,0
20893,2
20894,0
20895,0
20896,0
20897,1
20898,0
20899,0
20900,1
20901,0
20902,0
20903,0
20904,0
20905,1
20906,1
20907,0
20908,0
20909,1
20910,0
20911,2
20912,0
20913,0
20914,0
20915,1
20916,0
20917,0
20918,0
20919,0
20920,1
20921,1
20922,0
20923,0
20924,1
20925,2
20926,0
20927,0
20928,2
20929,1
20930,0
20931,1
20932,0
20933,0
20934,2
20935,1
20936,1
20937,1
20938,0
20939,0
20940,1
20941,0
20942,1
20943,1
20944,1
20945,0
20946,0
20947,0
20948,0
20949,0
20950,0
20951,2
20952,1
20953,0
20954,1
20955,0
20956,1
20957,0
20958,0
20959,0
20960,0
20961,0
20962,1
20963,0
20964,0
20965,1
20966,0
20967,1
20968,0
20969,0
20970,0
20971,1
20972,0
20973,0
20974,1
20975,0
20976,0
20977,0
20978,0
20979,0
20980,0
20981,1
20982,1
20983,0
20984,0
20985,0
20986,1
20987,0
20988,1
20989,2
20990,0
20991,1
20992,1
20993,1
20994,0
20995,1
20996,1
20997,2
20998,1
20999,0
21000,0
21001,1
21002,0
21003,0
21004,1
21005,1
21006,1
21007,0
21008,0
21009,1
21010,0
21011,0
21012,0
21013,1
21014,1
21015,1
21016,1
21017,1
21018,1
21019,0
21020,1
21021,1
21022,0
21023,1
21024,1
21025,0
21026,1
21027,1
21028,1
21029,0
21030,0
21031,1
21032,0
21033,1
21034,0
21035,1
21036,0
21037,1
21038,0
21039,0
21040,0
21041,0
21042,1
21043,0
21044,1
21045,1
21046,2
21047,0
21048,0
21049,0
21050,0
21051,1
21052,0
21053,1
21054,0
21055,0
21056,0
21057,0
21058,0
21059,1
21060,0
21061,0
21062,0
21063,1
21064,0
21065,0
21066,1
21067,0
21068,0
21069,0
21070,0
21071,1
21072,0
21073,0
21074,0
21075,0
21076,0
21077,1
21078,0
21079,0
21080,1
21081,0
21082,1
21083,0
21084,1
21085,0
21086,0
21087,1
21088,1
21089,0
21090,1
21091,0
21092,0
21093,1
21094,1
21095,0
21096,1
21097,0
21098,0
21099,0
21100,1
21101,0
21102,0
21103,1
21104,1
21105,0
21106,0
21107,0
21108,0
21109,0
21110,2
21111,0
21112,0
21113,0
21114,0
21115,0
21116,0
21117,1
21118,0
21119,0
21120,0
21121,0
21122,1
21123,1
21124,0
21125,2
21126,0
21127,1
21128,1
21129,1
21130,1
21131,1
21132,0
21133,2
21134,0
21135,0
21136,0
21137,1
21138,0
21139,0
21140,0
21141,0
21142,0
21143,1
21144,0
21145,1
21146,0
21147,0
21148,1
21149,1
21150,0
21151,0
21152,0
21153,1
21154,0
21155,0
21156,0
21157,0
21158,0
21159,0
21160,0
21161,0
21162,1
21163,0
21164,0
21165,0
21166,0
21167,0
21168,2
21169,1
21170,1
21171,0
21172,0
21173,0
21174,1
21175,1
21176,0
21177,1
21178,0
21179,1
21180,0
21181,0
21182,1
21183,1
21184,2
21185,1
21186,0
21187,0
21188,1
21189,1
21190,0
21191,0
21192,0
21193,0
21194,0
21195,1
21196,1
21197,1
21198,1
21199,0
21200,0
21201,0
21202,1
21203,0
21204,1
21205,1
21206,0
21207,0
21208,1
21209,0
21210,0
21211,0
21212,1
21213,1
21214,0
21215,0
21216,0
21217,2
21218,1
21219,0
21220,0
21221,0
21222,1
21223,0
21224,0
21225,0
21226,0
21227,1
21228,0
21229,1
21230,1
21231,0
21232,1
21233,1
21234,1
21235,0
21236,1
21237,0
21238,1
21239,0
21240,0
21241,0
21242,1
21243,1
21244,1
21245,0
21246,0
21247,1
21248,0
21249,1
21250,1
21251,0
21252,0
21253,0
21254,0
21255,1
21256,0
21257,0
21258,0
21259,0
21260,0
21261,0
21262,1
21263,1
21264,0
21265,0
21266,1
21267,1
21268,0
21269,1
21270,0
21271,1
21272,1
21273,0
21274,1
21275,1
21276,0
21277,1
21278,0
21279,0
21280,1
21281,0
21282,1
21283,0
21284,0
21285,1
21286,0
21287,0
21288,1
21289,0
21290,0
21291,1
21292,0
21293,0
21294,0
21295,0
21296,0
21297,0
21298,0
21299,0
21300,1
21301,0
21302,0
21303,1
21304,1
21305,0
21306,1
21307,0
21308,2
21309,0
21310,1
21311,1
21312,0
21313,0
21314,0
21315,1
21316,0
21317,1
21318,1
21319,0
21320,0
21321,0
21322,0
21323,0
21324,0
21325,1
21326,1
21327,0
21328,1
21329,1
21330,0
21331,1
21332,0
21333,0
21334,1
21335,0
21336,1
21337,1
21338,1
21339,2
21340,0
21341,0
21342,2
21343,1
21344,1
21345,1
21346,0
21347,0
21348,1
21349,0
21350,1
21351,2
21352,2
21353,1
21354,0
21355,0
21356,0
21357,0
21358,1
21359,0
21360,0
21361,1
21362,0
21363,1
21364,0
21365,0
21366,0
21367,0
21368,1
21369,1
21370,0
21371,0
21372,1
21373,0
21374,0
21375,0
21376,1
21377,0
21378,1
21379,0
21380,2
21381,1
21382,1
21383,0
21384,0
21385,0
21386,1
21387,1
21388,0
21389,0
21390,1
21391,1
21392,0
21393,0
21394,0
21395,0
21396,0
21397,0
21398,1
21399,0
21400,1
21401,0
21402,0
21403,2
21404,1
21405,1
21406,0
21407,0
21408,0
21409,0
21410,0
21411,0
21412,0
21413,0
21414,0
21415,0
21416,0
21417,0
21418,0
21419,0
21420,0
21421,2
21422,0
21423,1
21424,0
21425,0
21426,0
21427,0
21428,1
21429,1
21430,0
21431,1
21432,1
21433,0
21434,1
21435,0
21436,0
21437,1
21438,0
21439,2
21440,1
21441,0
21442,0
21443,0
21444,0
21445,0
21446,1
21447,0
21448,0
21449,1
21450,0
21451,1
21452,0
21453,0
21454,0
21455,0
21456,0
21457,0
21458,0
21459,1
21460,1
21461,2
21462,1
21463,1
21464,0
21465,1
21466,2
21467,1
21468,1
21469,2
21470,0
21471,1
21472,1
21473,0
21474,0
21475,0
21476,0
21477,1
21478,0
21479,1
21480,1
21481,1
21482,0
21483,1
21484,0
21485,1
21486,1
21487,1
21488,0
21489,1
21490,0
21491,0
21492,1
21493,1
21494,1
21495,0
21496,0
21497,0
21498,2
21499,1
21500,0
21501,0
21502,0
21503,0
21504,2
21505,1
21506,0
21507,0
21508,0
21509,0
21510,0
21511,0
21512,1
21513,1
21514,1
21515,0
21516,1
21517,1
21518,0
21519,0
21520,1
21521,0
21522,1
21523,1
21524,2
21525,0
21526,1
21527,1
21528,0
21529,0
21530,1
21531,1
21532,1
21533,1
21534,1
21535,0
21536,0
21537,1
21538,0
21539,0
21540,0
21541,1
21542,1
21543,1
21544,1
21545,1
21546,1
21547,1
21548,1
21549,0
21550,0
21551,0
21552,1
21553,0
21554,0
21555,0
21556,0
21557,0
21558,1
21559,1
21560,0
21561,0
21562,1
21563,0
21564,0
21565,0
21566,0
21567,0
21568,0
21569,1
21570,0
21571,1
21572,1
21573,1
21574,0
21575,0
21576,0
21577,0
21578,0
21579,0
21580,0
21581,0
21582,1
21583,1
21584,0
21585,1
21586,0
21587,1
21588,0
21589,1
21590,2
21591,1
21592,1
21593,0
21594,0
21595,0
21596,0
21597,1
21598,0
21599,0
21600,1
21601,1
21602,0
21603,0
21604,1
21605,0
21606,1
21607,1
21608,0
21609,1
21610,1
21611,1
21612,1
21613,1
21614,0
21615,0
21616,1
21617,1
21618,1
21619,1
21620,0
21621,0
21622,0
21623,2
21624,0
21625,1
21626,0
21627,0
21628,1
21629,0
21630,1
21631,0
21632,1
21633,0
21634,1
21635,1
21636,1
21637,1
21638,1
21639,0
21640,1
21641,0
21642,2
21643,1
21644,0
21645,0
21646,0
21647,0
21648,0
21649,0
21650,0
21651,0
21652,0
21653,0
21654,0
21655,0
21656,1
21657,0
21658,0
21659,1
21660,0
21661,0
21662,1
21663,0
21664,1
21665,1
21666,1
21667,1
21668,1
21669,1
21670,1
21671,1
21672,0
21673,0
21674,0
21675,0
21676,0
21677,1
21678,0
21679,1
21680,1
21681,1
21682,0
21683,1
21684,0
21685,0
21686,1
21687,0
21688,0
21689,1
21690,0
21691,0
21692,0
21693,1
21694,1
21695,0
21696,0
21697,0
21698,1
21699,0
21700,0
21701,0
21702,1
21703,0
21704,1
21705,1
21706,0
21707,1
21708,1
21709,0
21710,0
21711,0
21712,0
21713,0
21714,0
21715,0
21716,1
21717,0
21718,1
21719,0
21720,0
21721,0
21722,2
21723,0
21724,0
21725,0
21726,1
21727,0
21728,0
21729,0
21730,0
21731,0
21732,1
21733,0
21734,2
21735,1
21736,0
21737,2
21738,0
21739,0
21740,0
21741,1
21742,0
21743,0
21744,1
21745,1
21746,0
21747,1
21748,0
21749,0
21750,0
21751,0
21752,1
21753,0
21754,0
21755,0
21756,0
21757,1
21758,1
21759,0
21760,1
21761,1
21762,1
21763,0
21764,1
21765,0
21766,0
21767,0
21768,0
21769,0
21770,1
21771,0
21772,1
21773,0
21774,0
21775,0
21776,0
21777,1
21778,0
21779,1
21780,1
21781,0
21782,1
21783,0
21784,0
21785,0
21786,0
21787,1
21788,0
21789,0
21790,1
21791,1
21792,0
21793,0
21794,1
21795,1
21796,0
21797,0
21798,1
21799,1
21800,0
21801,0
21802,0
21803,1
21804,2
21805,2
21806,0
21807,0
21808,0
21809,0
21810,2
21811,0
21812,1
21813,1
21814,0
21815,0
21816,1
21817,1
21818,0
21819,0
21820,0
21821,0
21822,1
21823,0
21824,0
21825,0
21826,0
21827,1
21828,0
21829,0
21830,0
21831,0
21832,0
21833,0
21834,2
21835,1
21836,0
21837,0
21838,1
21839,0
21840,1
21841,0
21842,0
21843,0
21844,0
21845,0
21846,1
21847,0
21848,0
21849,1
21850,0
21851,1
21852,0
21853,1
21854,1
21855,1
21856,1
21857,1
21858,1
21859,1
21860,0
21861,0
21862,1
21863,0
21864,0
21865,1
21866,1
21867,1
21868,1
21869,0
21870,1
21871,0
21872,0
21873,0
21874,0
21875,0
21876,0
21877,0
21878,1
21879,1
21880,0
21881,0
21882,0
21883,0
21884,0
21885,1
21886,0
21887,0
21888,0
21889,1
21890,1
21891,1
21892,1
21893,1
21894,1
21895,0
21896,0
21897,0
21898,0
21899,0
21900,1
21901,0
21902,1
21903,1
21904,0
21905,1
21906,1
21907,1
21908,0
21909,1
21910,1
21911,1
21912,0
21913,1
21914,2
21915,0
21916,1
21917,1
21918,0
21919,1
21920,0
21921,0
21922,1
21923,0
21924,1
21925,0
21926,0
21927,0
21928,1
21929,1
21930,0
21931,1
21932,1
21933,0
21934,0
21935,0
21936,0
21937,1
21938,0
21939,1
21940,0
21941,0
21942,1
21943,0
21944,0
21945,0
21946,2
21947,0
21948,0
21949,0
21950,1
21951,1
21952,0
21953,0
21954,0
21955,2
21956,1
21957,0
21958,0
21959,0
21960,0
21961,1
21962,0
21963,1
21964,1
21965,0
21966,0
21967,0
21968,0
21969,0
21970,1
21971,0
21972,0
21973,1
21974,0
21975,1
21976,2
21977,1
21978,1
21979,0
21980,1
21981,1
21982,0
21983,1
21984,0
21985,0
21986,1
21987,0
21988,1
21989,0
21990,1
21991,2
21992,1
21993,0
21994,0
21995,1
21996,0
21997,0
21998,0
21999,0
22000,0
22001,0
22002,0
22003,1
22004,0
22005,1
22006,0
22007,1
22008,0
22009,0
22010,0
22011,1
22012,0
22013,0
22014,0
22015,0
22016,1
22017,0
22018,1
22019,0
22020,0
22021,1
22022,1
22023,2
22024,0
22025,0
22026,0
22027,0
22028,0
22029,0
22030,0
22031,1
22032,0
22033,2
22034,0
22035,0
22036,0
22037,0
22038,1
22039,1
22040,0
22041,1
22042,1
22043,0
22044,1
22045,1
22046,0
22047,1
22048,0
22049,0
22050,1
22051,0
22052,1
22053,0
22054,0
22055,1
22056,2
22057,1
22058,0
22059,1
22060,0
22061,0
22062,1
22063,0
22064,0
22065,1
22066,0
22067,2
22068,0
22069,1
22070,1
22071,2
22072,1
22073,0
22074,1
22075,1
22076,1
22077,0
22078,0
22079,1
22080,0
22081,0
22082,0
22083,0
22084,0
22085,0
22086,2
22087,0
22088,1
22089,1
22090,1
22091,1
22092,2
22093,1
22094,1
22095,0
22096,0
22097,0
22098,1
22099,1
22100,0
22101,1
22102,1
22103,0
22104,0
22105,0
22106,0
22107,1
22108,1
22109,0
22110,2
22111,0
22112,0
22113,0
22114,1
22115,0
22116,0
22117,1
22118,1
22119,1
22120,1
22121,0
22122,1
22123,0
22124,1
22125,0
22126,1
22127,1
22128,0
22129,1
22130,0
22131,1
22132,0
22133,1
22134,0
22135,0
22136,1
22137,0
22138,0
22139,1
22140,0
22141,1
22142,1
22143,1
22144,1
22145,0
22146,1
22147,1
22148,0
22149,1
22150,1
22151,1
22152,1
22153,1
22154,1
22155,2
22156,1
22157,1
22158,0
22159,0
22160,0
22161,0
22162,1
22163,1
22164,1
22165,1
22166,0
22167,1
22168,0
22169,0
22170,0
22171,1
22172,0
22173,1
22174,1
22175,0
22176,0
22177,0
22178,0
22179,1
22180,0
22181,0
22182,2
22183,0
22184,0
22185,1
22186,0
22187,0
22188,1
22189,0
22190,1
22191,0
22192,1
22193,1
22194,1
22195,0
22196,1
22197,0
22198,1
22199,0
22200,0
22201,0
22202,0
22203,1
22204,0
22205,0
22206,0
22207,0
22208,1
22209,0
22210,2
22211,0
22212,0
22213,2
22214,0
22215,1
22216,0
22217,0
22218,0
22219,0
22220,1
22221,1
22222,0
22223,1
22224,1
22225,0
22226,0
22227,0
22228,2
22229,1
22230,0
22231,0
22232,0
22233,0
22234,0
22235,0
22236,1
22237,1
22238,0
22239,2
22240,0
22241,0
22242,2
22243,0
22244,0
22245,0
22246,0
22247,1
22248,0
22249,1
22250,0
22251,1
22252,0
22253,0
22254,0
22255,1
22256,1
22257,0
22258,0
22259,1
22260,0
22261,0
22262,0
22263,0
22264,0
22265,0
22266,2
22267,1
22268,1
22269,1
22270,1
22271,0
22272,1
22273,1
22274,0
22275,0
22276,2
22277,1
22278,0
22279,0
22280,0
22281,0
22282,0
22283,1
22284,0
22285,0
22286,1
22287,0
22288,1
22289,0
22290,1
22291,0
22292,0
22293,0
22294,0
22295,0
22296,1
22297,0
22298,0
22299,0
22300,0
22301,0
22302,0
22303,0
22304,0
22305,1
22306,0
22307,0
22308,1
22309,0
22310,1
22311,0
22312,0
22313,1
22314,0
22315,0
22316,0
22317,0
22318,0
22319,1
22320,1
22321,1
22322,0
22323,1
22324,1
22325,0
22326,1
22327,0
22328,1
22329,0
22330,0
22331,0
22332,0
22333,1
22334,1
22335,0
22336,0
22337,1
22338,0
22339,1
22340,0
22341,0
22342,0
22343,1
22344,1
22345,2
22346,1
22347,0
22348,0
22349,0
22350,0
22351,0
22352,1
22353,0
22354,0
22355,1
22356,1
22357,1
22358,0
22359,2
22360,1
22361,0
22362,0
22363,1
22364,1
22365,1
22366,0
22367,0
22368,0
22369,1
22370,1
22371,0
22372,0
22373,1
22374,2
22375,1
22376,2
22377,0
22378,2
22379,0
22380,0
22381,0
22382,1
22383,0
22384,0
22385,1
22386,0
22387,1
22388,1
22389,0
22390,1
22391,1
22392,1
22393,0
22394,1
22395,0
22396,1
22397,1
22398,0
22399,0
22400,1
22401,0
22402,0
22403,0
22404,0
22405,1
22406,0
22407,0
22408,1
22409,1
22410,1
22411,1
22412,1
22413,0
22414,1
22415,1
22416,0
22417,1
22418,0
22419,2
22420,1
22421,0
22422,1
22423,1
22424,0
22425,0
22426,0
22427,1
22428,1
22429,0
22430,1
22431,0
22432,0
22433,0
22434,0
22435,1
22436,0
22437,1
22438,0
22439,0
22440,1
22441,1
22442,1
22443,0
22444,0
22445,0
22446,0
22447,0
22448,0
22449,1
22450,0
22451,1
22452,0
22453,0
22454,1
22455,0
22456,1
22457,2
22458,1
22459,1
22460,0
22461,0
22462,0
22463,0
22464,1
22465,0
22466,0
22467,1
22468,0
22469,0
22470,0
22471,1
22472,1
22473,0
22474,0
22475,1
22476,0
22477,0
22478,0
22479,0
22480,0
22481,0
22482,1
22483,1
22484,0
22485,0
22486,1
22487,0
22488,1
22489,0
22490,0
22491,0
22492,2
22493,1
22494,0
22495,1
22496,1
22497,0
22498,1
22499,0
22500,0
22501,0
22502,0
22503,1
22504,1
22505,1
22506,1
22507,1
22508,0
22509,1
22510,0
22511,1
22512,0
22513,0
22514,0
22515,1
22516,1
22517,1
22518,0
22519,0
22520,0
22521,1
22522,0
22523,1
22524,0
22525,1
22526,0
22527,0
22528,0
22529,1
22530,0
22531,1
22532,0
22533,1
22534,1
22535,0
22536,1
22537,0
22538,1
22539,1
22540,0
22541,1
22542,0
22543,0
22544,0
22545,1
22546,1
22547,1
22548,1
22549,0
22550,0
22551,1
22552,1
22553,0
22554,0
22555,0
22556,1
22557,0
22558,1
22559,1
22560,1
22561,0
22562,1
22563,1
22564,0
22565,0
22566,1
22567,0
22568,0
22569,1
22570,1
22571,1
22572,0
22573,1
22574,0
22575,1
22576,0
22577,1
22578,0
22579,0
22580,0
22581,0
22582,0
22583,1
22584,0
22585,1
22586,0
22587,2
22588,1
22589,0
22590,1
22591,1
22592,0
22593,1
22594,0
22595,0
22596,1
22597,1
22598,1
22599,0
22600,0
22601,1
22602,0
22603,0
22604,1
22605,0
22606,1
22607,0
22608,0
22609,0
22610,0
22611,0
22612,0
22613,0
22614,0
22615,0
22616,0
22617,0
22618,0
22619,0
22620,0
22621,0
22622,1
22623,1
22624,0
22625,1
22626,0
22627,0
22628,1
22629,0
22630,0
22631,1
22632,0
22633,0
22634,0
22635,2
22636,0
22637,1
22638,0
22639,1
22640,0
22641,1
22642,0
22643,1
22644,1
22645,0
22646,0
22647,1
22648,1
22649,1
22650,2
22651,0
22652,1
22653,1
22654,2
22655,1
22656,0
22657,0
22658,1
22659,0
22660,1
22661,1
22662,1
22663,0
22664,1
22665,0
22666,1
22667,0
22668,1
22669,0
22670,0
22671,0
22672,1
22673,0
22674,0
22675,0
22676,0
22677,0
22678,0
22679,0
22680,1
22681,1
22682,0
22683,0
22684,2
22685,0
22686,2
22687,0
22688,1
22689,0
22690,0
22691,1
22692,0
22693,0
22694,0
22695,0
22696,1
22697,0
22698,0
22699,1
22700,0
22701,0
22702,1
22703,1
22704,2
22705,1
22706,0
22707,0
22708,2
22709,0
22710,1
22711,0
22712,1
22713,0
22714,0
22715,2
22716,0
22717,0
22718,0
22719,0
22720,0
22721,1
22722,0
22723,1
22724,1
22725,1
22726,1
22727,2
22728,1
22729,0
22730,0
22731,1
22732,1
22733,0
22734,1
22735,0
22736,2
22737,0
22738,0
22739,1
22740,0
22741,1
22742,0
22743,0
22744,0
22745,0
22746,1
22747,0
22748,1
22749,1
22750,1
22751,0
22752,0
22753,1
22754,0
22755,2
22756,0
22757,0
22758,1
22759,1
22760,0
22761,0
22762,1
22763,0
22764,0
22765,0
22766,2
22767,2
22768,1
22769,2
22770,1
22771,0
22772,0
22773,0
22774,1
22775,0
22776,0
22777,0
22778,0
22779,1
22780,0
22781,0
22782,0
22783,0
22784,0
22785,0
22786,0
22787,1
22788,0
22789,0
22790,0
22791,0
22792,0
22793,1
22794,0
22795,1
22796,1
22797,0
22798,1
22799,0
22800,1
22801,1
22802,0
22803,0
22804,1
22805,0
22806,0
22807,1
22808,0
22809,0
22810,0
22811,1
22812,1
22813,1
22814,0
22815,0
22816,0
22817,1
22818,0
22819,0
22820,1
22821,0
22822,0
22823,0
22824,0
22825,0
22826,1
22827,0
22828,0
22829,1
22830,0
22831,1
22832,0
22833,0
22834,0
22835,0
22836,2
22837,0
22838,0
22839,0
22840,1
22841,0
22842,1
22843,0
22844,0
22845,0
22846,0
22847,0
22848,0
22849,1
22850,1
22851,0
22852,1
22853,0
22854,0
22855,0
22856,0
22857,0
22858,2
22859,0
22860,1
22861,0
22862,0
22863,1
22864,1
22865,0
22866,0
22867,0
22868,0
22869,0
22870,1
22871,0
22872,1
22873,0
22874,0
22875,1
22876,1
22877,0
22878,1
22879,1
22880,0
22881,1
22882,0
22883,0
22884,0
22885,0
22886,1
22887,1
22888,0
22889,0
22890,0
22891,1
22892,1
22893,1
22894,2
22895,1
22896,1
22897,0
22898,0
22899,1
22900,1
22901,0
22902,0
22903,0
22904,0
22905,0
22906,1
22907,1
22908,0
22909,1
22910,2
22911,1
22912,0
22913,1
22914,1
22915,1
22916,1
22917,0
22918,1
22919,0
22920,1
22921,1
22922,0
22923,1
22924,0
22925,0
22926,1
22927,0
22928,0
22929,1
22930,0
22931,1
22932,0
22933,0
22934,0
22935,0
22936,0
22937,1
22938,0
22939,1
22940,0
22941,1
22942,0
22943,1
22944,1
22945,2
22946,1
22947,0
22948,0
22949,1
22950,0
22951,1
22952,0
22953,1
22954,1
22955,1
22956,1
22957,0
22958,1
22959,0
22960,0
22961,1
22962,0
22963,0
22964,1
22965,0
22966,1
22967,0
22968,1
22969,1
22970,1
22971,0
22972,0
22973,0
22974,0
22975,1
22976,0
22977,2
22978,0
22979,1
22980,1
22981,0
22982,1
22983,0
22984,1
22985,2
22986,1
22987,1
22988,1
22989,2
22990,1
22991,1
22992,0
22993,1
22994,0
22995,0
22996,0
22997,0
22998,1
22999,1
23000,2
23001,1
23002,1
23003,1
23004,1
23005,0
23006,0
23007,0
23008,1
23009,1
23010,0
23011,1
23012,1
23013,0
23014,1
23015,1
23016,2
23017,2
23018,0
23019,1
23020,1
23021,0
23022,0
23023,2
23024,0
23025,0
23026,0
23027,0
23028,1
23029,0
23030,1
23031,0
23032,1
23033,1
23034,1
23035,0
23036,1
23037,1
23038,1
23039,1
23040,0
23041,0
23042,0
23043,0
23044,2
23045,1
23046,2
23047,0
23048,1
23049,0
23050,1
23051,1
23052,0
23053,0
23054,1
23055,0
23056,1
23057,0
23058,0
23059,2
23060,0
23061,0
23062,0
23063,0
23064,0
23065,1
23066,0
23067,0
23068,0
23069,0
23070,0
23071,0
23072,1
23073,0
23074,1
23075,1
23076,0
23077,1
23078,1
23079,0
23080,0
23081,1
23082,1
23083,1
23084,0
23085,0
23086,0
23087,0
23088,1
23089,0
23090,0
23091,1
23092,0
23093,0
23094,0
23095,1
23096,0
23097,2
23098,0
23099,0
23100,0
23101,1
23102,2
23103,0
23104,1
23105,1
23106,1
23107,1
23108,1
23109,1
23110,0
23111,0
23112,0
23113,1
23114,1
23115,2
23116,1
23117,1
23118,1
23119,1
23120,1
23121,0
23122,0
23123,0
23124,0
23125,1
23126,1
23127,2
23128,0
23129,0
23130,0
23131,0
23132,0
23133,1
23134,0
23135,1
23136,0
23137,1
23138,0
23139,1
23140,2
23141,0
23142,0
23143,0
23144,0
23145,0
23146,0
23147,0
23148,0
23149,1
23150,0
23151,0
23152,1
23153,1
23154,1
23155,0
23156,0
23157,0
23158,1
23159,1
23160,2
23161,0
23162,0
23163,0
23164,1
23165,0
23166,0
23167,1
23168,1
23169,0
23170,0
23171,1
23172,0
23173,0
23174,0
23175,0
23176,1
23177,0
23178,0
23179,1
23180,0
23181,2
23182,1
23183,1
23184,0
23185,0
23186,0
23187,1
23188,0
23189,2
23190,1
23191,1
23192,0
23193,0
23194,1
23195,1
23196,0
23197,0
23198,1
23199,0
23200,2
23201,0
23202,1
23203,1
23204,1
23205,0
23206,1
23207,0
23208,0
23209,0
23210,1
23211,1
23212,1
23213,1
23214,1
23215,0
23216,1
23217,2
23218,0
23219,1
23220,0
23221,0
23222,0
23223,0
23224,0
23225,1
23226,1
23227,0
23228,0
23229,0
23230,0
23231,0
23232,0
23233,0
23234,1
23235,0
23236,1
23237,0
23238,0
23239,0
23240,1
23241,0
23242,0
23243,0
23244,0
23245,1
23246,0
23247,1
23248,0
23249,0
23250,0
23251,0
23252,1
23253,1
23254,0
23255,1
23256,2
23257,0
23258,1
23259,0
23260,0
23261,0
23262,0
23263,2
23264,0
23265,0
23266,1
23267,0
23268,0
23269,0
23270,0
23271,0
23272,2
23273,0
23274,0
23275,0
23276,2
23277,2
23278,0
23279,0
23280,0
23281,0
23282,1
23283,0
23284,2
23285,0
23286,1
23287,1
23288,1
23289,0
23290,0
23291,1
23292,1
23293,0
23294,0
23295,0
23296,1
23297,0
23298,0
23299,0
23300,1
23301,0
23302,1
23303,0
23304,0
23305,1
23306,0
23307,1
23308,0
23309,1
23310,1
23311,1
23312,0
23313,0
23314,1
23315,0
23316,2
23317,0
23318,0
23319,0
23320,0
23321,0
23322,0
23323,0
23324,2
23325,0
23326,0
23327,1
23328,1
23329,1
23330,1
23331,0
23332,0
23333,1
23334,1
23335,0
23336,1
23337,1
23338,2
23339,0
23340,1
23341,0
23342,0
23343,1
23344,0
23345,1
23346,1
23347,0
23348,1
23349,0
23350,1
23351,1
23352,1
23353,0
23354,1
23355,0
23356,0
23357,0
23358,1
23359,0
23360,1
23361,1
23362,2
23363,0
23364,0
23365,1
23366,0
23367,1
23368,0
23369,0
23370,0
23371,0
23372,1
23373,1
23374,1
23375,1
23376,2
23377,0
23378,0
23379,0
23380,1
23381,0
23382,0
23383,1
23384,0
23385,0
23386,1
23387,0
23388,1
23389,1
23390,1
23391,1
23392,1
23393,0
23394,0
23395,0
23396,1
23397,0
23398,1
23399,1
23400,1
23401,0
23402,1
23403,1
23404,1
23405,1
23406,1
23407,0
23408,1
23409,1
23410,1
23411,0
23412,0
23413,1
23414,1
23415,0
23416,0
23417,0
23418,1
23419,0
23420,1
23421,2
23422,0
23423,1
23424,1
23425,0
23426,1
23427,0
23428,0
23429,0
23430,0
23431,0
23432,0
23433,0
23434,0
23435,0
23436,0
23437,1
23438,0
23439,1
23440,0
23441,0
23442,0
23443,0
23444,0
23445,2
23446,1
23447,0
23448,1
23449,1
23450,1
23451,0
23452,0
23453,1
23454,1
23455,0
23456,1
23457,0
23458,1
23459,1
23460,0
23461,0
23462,0
23463,0
23464,1
23465,0
23466,0
23467,1
23468,1
23469,1
23470,1
23471,1
23472,0
23473,0
23474,0
23475,1
23476,1
23477,1
23478,1
